timestamp	phase	step	addend1	operator	addend2	target	predicted	confidence	used_finger_counting	loss	confidence_criterion	learning_rate	finger_phase
2025-09-09 10:06:55.889	finger_counting	0	1	->		2	10	0.000001	True	2.488776	0.900000	0.005000	
2025-09-09 10:06:55.889	finger_counting	1	2	->		3	8	0.000001	True	2.482161	0.900000	0.005000	
2025-09-09 10:06:55.889	finger_counting	2	1	->		2	10	0.000001	True	2.488605	0.900000	0.005000	
2025-09-09 10:06:55.889	finger_counting	3	2	->		3	3	0.000001	True	2.482054	0.900000	0.005000	
2025-09-09 10:06:55.890	finger_counting	4	1	->		2	10	0.000001	True	2.488434	0.900000	0.005000	
2025-09-09 10:06:55.890	finger_counting	5	2	->		3	3	0.000001	True	2.481948	0.900000	0.005000	
2025-09-09 10:06:55.890	finger_counting	6	3	->		4	8	0.000001	True	2.486436	0.900000	0.005000	
2025-09-09 10:06:55.890	finger_counting	7	1	->		2	10	0.000001	True	2.488291	0.900000	0.005000	
2025-09-09 10:06:55.891	finger_counting	8	2	->		3	3	0.000001	True	2.481855	0.900000	0.005000	
2025-09-09 10:06:55.891	finger_counting	9	3	->		4	8	0.000001	True	2.486253	0.900000	0.005000	
2025-09-09 10:06:55.891	finger_counting	10	1	->		2	10	0.000001	True	2.488149	0.900000	0.005000	
2025-09-09 10:06:55.891	finger_counting	11	2	->		3	3	0.000001	True	2.481759	0.900000	0.005000	
2025-09-09 10:06:55.891	finger_counting	12	3	->		4	8	0.000001	True	2.486072	0.900000	0.005000	
2025-09-09 10:06:55.892	finger_counting	13	4	->		5	8	0.000001	True	2.482012	0.900000	0.005000	
2025-09-09 10:06:55.892	finger_counting	14	1	->		2	10	0.000001	True	2.488022	0.900000	0.005000	
2025-09-09 10:06:55.892	finger_counting	15	2	->		3	3	0.000001	True	2.481657	0.900000	0.005000	
2025-09-09 10:06:55.892	finger_counting	16	3	->		4	8	0.000000	True	2.485966	0.900000	0.005000	
2025-09-09 10:06:55.892	finger_counting	17	4	->		5	8	0.000001	True	2.481914	0.900000	0.005000	
2025-09-09 10:06:55.893	finger_counting	18	1	->		2	10	0.000001	True	2.487895	0.900000	0.005000	
2025-09-09 10:06:55.893	finger_counting	19	2	->		3	3	0.000001	True	2.481555	0.900000	0.005000	
2025-09-09 10:06:55.893	finger_counting	20	3	->		4	8	0.000000	True	2.485883	0.900000	0.005000	
2025-09-09 10:06:55.893	finger_counting	21	4	->		5	8	0.000001	True	2.481811	0.900000	0.005000	
2025-09-09 10:06:55.894	finger_counting	22	1	->		2	10	0.000001	True	2.487768	0.900000	0.005000	
2025-09-09 10:06:55.894	finger_counting	23	2	->		3	3	0.000001	True	2.481446	0.900000	0.005000	
2025-09-09 10:06:55.894	finger_counting	24	3	->		4	8	0.000000	True	2.485800	0.900000	0.005000	
2025-09-09 10:06:55.894	finger_counting	25	4	->		5	8	0.000001	True	2.481701	0.900000	0.005000	
2025-09-09 10:06:55.894	finger_counting	26	1	->		2	10	0.000001	True	2.487641	0.900000	0.005000	
2025-09-09 10:06:55.895	finger_counting	27	2	->		3	3	0.000001	True	2.481340	0.900000	0.005000	
2025-09-09 10:06:55.895	finger_counting	28	3	->		4	8	0.000000	True	2.485718	0.900000	0.005000	
2025-09-09 10:06:55.895	finger_counting	29	4	->		5	8	0.000001	True	2.481597	0.900000	0.005000	
2025-09-09 10:06:55.895	finger_counting	30	1	->		2	10	0.000001	True	2.487512	0.900000	0.005000	
2025-09-09 10:06:55.896	finger_counting	31	2	->		3	3	0.000001	True	2.481236	0.900000	0.005000	
2025-09-09 10:06:55.896	finger_counting	32	3	->		4	8	0.000000	True	2.485636	0.900000	0.005000	
2025-09-09 10:06:55.896	finger_counting	33	4	->		5	8	0.000002	True	2.481494	0.900000	0.005000	
2025-09-09 10:06:55.896	continuous	34	1	->		2	10	0.000001	False	2.487387	0.900000	0.005000	
2025-09-09 10:06:55.896	continuous	35	1	->		2	10	0.000001	False	2.487197	0.899910	0.005000	
2025-09-09 10:06:55.897	continuous	36	1	->		2	10	0.000001	False	2.487007	0.899820	0.004999	
2025-09-09 10:06:55.897	continuous	37	2	->		3	3	0.000001	False	2.481176	0.899730	0.004999	
2025-09-09 10:06:55.897	continuous	38	1	->	2	3	10	0.000001	False	2.486849	0.899640	0.004998	
2025-09-09 10:06:55.897	continuous	39	1	->		2	10	0.000001	False	2.486907	0.899550	0.004998	
2025-09-09 10:06:55.897	continuous	40	1	->		2	10	0.000001	False	2.486715	0.899460	0.004997	
2025-09-09 10:06:55.898	continuous	41	1	->		2	10	0.000001	False	2.486526	0.899370	0.004997	
2025-09-09 10:06:55.898	continuous	42	2	->		3	3	0.000001	False	2.481050	0.899280	0.004996	
2025-09-09 10:06:55.898	continuous	43	1	->		2	10	0.000001	False	2.486358	0.899190	0.004996	
2025-09-09 10:06:55.898	continuous	44	2	->		3	3	0.000001	False	2.480940	0.899100	0.004995	
2025-09-09 10:06:55.898	continuous	45	2	->		3	3	0.000001	False	2.480807	0.899010	0.004995	
2025-09-09 10:06:55.898	continuous	46	1	->	2	3	10	0.000001	False	2.486748	0.898921	0.004994	
2025-09-09 10:06:55.899	continuous	47	2	->		3	3	0.000001	False	2.480613	0.898831	0.004994	
2025-09-09 10:06:55.899	continuous	48	1	->	2	3	10	0.000001	False	2.486500	0.898741	0.004993	
2025-09-09 10:06:55.899	continuous	49	1	->		2	10	0.000001	False	2.486377	0.898651	0.004993	
2025-09-09 10:06:55.899	continuous	50	1	->	2	3	10	0.000001	False	2.486381	0.898561	0.004992	
2025-09-09 10:06:55.899	continuous	51	2	->		3	3	0.000001	False	2.480381	0.898471	0.004992	
2025-09-09 10:06:55.899	continuous	52	1	->	2	3	10	0.000001	False	2.486132	0.898381	0.004991	
2025-09-09 10:06:55.900	continuous	53	1	->	2	3	10	0.000001	False	2.485946	0.898292	0.004991	
2025-09-09 10:06:55.900	continuous	54	1	->		2	10	0.000001	False	2.486411	0.898202	0.004990	
2025-09-09 10:06:55.900	continuous	55	1	->		2	10	0.000001	False	2.486217	0.898112	0.004990	
2025-09-09 10:06:55.900	continuous	56	1	->		2	10	0.000001	False	2.486023	0.898022	0.004989	
2025-09-09 10:06:55.900	continuous	57	2	->		3	3	0.000002	False	2.480199	0.897932	0.004989	
2025-09-09 10:06:55.900	continuous	58	1	->	2	3	10	0.000001	False	2.485899	0.897842	0.004988	
2025-09-09 10:06:55.901	continuous	59	2	->		3	3	0.000002	False	2.480003	0.897753	0.004988	
2025-09-09 10:06:55.901	continuous	60	3	->		4	8	0.000000	False	2.486253	0.897663	0.004987	
2025-09-09 10:06:55.901	continuous	61	3	->		4	8	0.000000	False	2.486033	0.897573	0.004987	
2025-09-09 10:06:55.901	continuous	62	2	->	3	4	3	0.000004	False	2.489213	0.897483	0.004986	
2025-09-09 10:06:55.901	continuous	63	1	->		2	10	0.000001	False	2.486019	0.897394	0.004986	
2025-09-09 10:06:55.901	continuous	64	1	->		2	10	0.000001	False	2.485830	0.897304	0.004985	
2025-09-09 10:06:55.902	continuous	65	1	->	2	3	10	0.000001	False	2.485836	0.897214	0.004985	
2025-09-09 10:06:55.902	continuous	66	4	->		5	8	0.000002	False	2.481772	0.897124	0.004984	
2025-09-09 10:06:55.902	continuous	67	1	->		2	10	0.000001	False	2.485713	0.897035	0.004984	
2025-09-09 10:06:55.902	continuous	68	1	->	2	3	10	0.000001	False	2.485740	0.896945	0.004983	
2025-09-09 10:06:55.902	continuous	69	1	->	2	3	10	0.000001	False	2.485553	0.896855	0.004983	
2025-09-09 10:06:55.902	continuous	70	2	->		3	3	0.000002	False	2.479904	0.896766	0.004982	
2025-09-09 10:06:55.903	continuous	71	1	->	2	3	10	0.000001	False	2.485307	0.896676	0.004982	
2025-09-09 10:06:55.903	continuous	72	1	->	2	3	10	0.000001	False	2.485123	0.896586	0.004981	
2025-09-09 10:06:55.903	continuous	73	2	->		3	3	0.000002	False	2.479649	0.896497	0.004981	
2025-09-09 10:06:55.903	continuous	74	2	->		3	3	0.000002	False	2.479515	0.896407	0.004980	
2025-09-09 10:06:55.903	continuous	75	2	->		3	3	0.000002	False	2.479381	0.896317	0.004980	
2025-09-09 10:06:55.903	continuous	76	2	->		3	3	0.000002	False	2.479246	0.896228	0.004979	
2025-09-09 10:06:55.904	continuous	77	1	->		2	10	0.000001	False	2.485916	0.896138	0.004979	
2025-09-09 10:06:55.904	continuous	78	2	->		3	3	0.000002	False	2.479136	0.896049	0.004978	
2025-09-09 10:06:55.904	continuous	79	2	->		3	3	0.000002	False	2.479001	0.895959	0.004978	
2025-09-09 10:06:55.904	continuous	80	1	->		2	10	0.000001	False	2.485773	0.895869	0.004977	
2025-09-09 10:06:55.904	continuous	81	2	->		3	3	0.000002	False	2.478890	0.895780	0.004977	
2025-09-09 10:06:55.904	continuous	82	2	->		3	3	0.000002	False	2.478754	0.895690	0.004976	
2025-09-09 10:06:55.905	continuous	83	1	->	2	3	10	0.000001	False	2.484534	0.895601	0.004976	
2025-09-09 10:06:55.905	continuous	84	2	->		3	3	0.000002	False	2.478528	0.895511	0.004975	
2025-09-09 10:06:55.905	continuous	85	2	->		3	3	0.000002	False	2.478392	0.895421	0.004975	
2025-09-09 10:06:55.905	continuous	86	2	->		3	3	0.000002	False	2.478255	0.895332	0.004974	
2025-09-09 10:06:55.905	continuous	87	1	->	2	3	10	0.000001	False	2.484047	0.895242	0.004974	
2025-09-09 10:06:55.905	continuous	88	2	->		3	3	0.000002	False	2.478027	0.895153	0.004973	
2025-09-09 10:06:55.906	continuous	89	2	->		3	3	0.000003	False	2.477892	0.895063	0.004973	
2025-09-09 10:06:55.906	continuous	90	2	->		3	3	0.000003	False	2.477758	0.894974	0.004972	
2025-09-09 10:06:55.906	continuous	91	2	->		3	3	0.000003	False	2.477631	0.894884	0.004972	
2025-09-09 10:06:55.906	continuous	92	1	->		2	10	0.000001	False	2.485972	0.894795	0.004971	
2025-09-09 10:06:55.906	continuous	93	1	->	2	3	10	0.000001	False	2.483548	0.894705	0.004971	
2025-09-09 10:06:55.906	continuous	94	2	->		3	3	0.000003	False	2.477446	0.894616	0.004970	
2025-09-09 10:06:55.906	continuous	95	2	->		3	3	0.000003	False	2.477320	0.894526	0.004970	
2025-09-09 10:06:55.907	continuous	96	2	->		3	3	0.000003	False	2.477194	0.894437	0.004969	
2025-09-09 10:06:55.907	continuous	97	1	->		2	10	0.000001	False	2.485941	0.894348	0.004969	
2025-09-09 10:06:55.907	continuous	98	1	->	2	3	10	0.000001	False	2.483133	0.894258	0.004968	
2025-09-09 10:06:55.907	continuous	99	1	->	2	3	10	0.000001	False	2.482914	0.894169	0.004968	
2025-09-09 10:06:55.907	continuous	100	1	->	2	3	10	0.000001	False	2.482694	0.894079	0.004967	
2025-09-09 10:06:55.907	continuous	101	1	->		2	3	0.000002	False	2.485965	0.893990	0.004967	
2025-09-09 10:06:55.908	continuous	102	2	->		3	3	0.000003	False	2.476857	0.893900	0.004966	
2025-09-09 10:06:55.908	continuous	103	1	->		2	3	0.000002	False	2.485801	0.893811	0.004966	
2025-09-09 10:06:55.908	continuous	104	2	->		3	3	0.000003	False	2.476759	0.893722	0.004965	
2025-09-09 10:06:55.908	continuous	105	2	->		3	3	0.000003	False	2.476631	0.893632	0.004965	
2025-09-09 10:06:55.908	continuous	106	2	->		3	3	0.000003	False	2.476502	0.893543	0.004964	
2025-09-09 10:06:55.908	continuous	107	1	->		2	3	0.000002	False	2.485697	0.893454	0.004964	
2025-09-09 10:06:55.909	continuous	108	3	->		4	3	0.000001	False	2.488208	0.893364	0.004963	
2025-09-09 10:06:55.909	continuous	109	1	->		2	3	0.000002	False	2.485534	0.893275	0.004963	
2025-09-09 10:06:55.909	continuous	110	1	->	2	3	10	0.000001	False	2.482467	0.893186	0.004962	
2025-09-09 10:06:55.909	continuous	111	1	->	2	3	10	0.000001	False	2.482245	0.893096	0.004962	
2025-09-09 10:06:55.909	continuous	112	1	->	2	3	10	0.000001	False	2.482024	0.893007	0.004961	
2025-09-09 10:06:55.910	continuous	113	1	->	2	3	10	0.000001	False	2.481802	0.892918	0.004961	
2025-09-09 10:06:55.910	continuous	114	2	->		3	3	0.000004	False	2.476144	0.892828	0.004960	
2025-09-09 10:06:55.910	continuous	115	1	->	2	3	10	0.000001	False	2.481486	0.892739	0.004960	
2025-09-09 10:06:55.910	continuous	116	1	->		2	3	0.000002	False	2.485744	0.892650	0.004959	
2025-09-09 10:06:55.910	continuous	117	1	->	2	3	10	0.000001	False	2.481338	0.892561	0.004959	
2025-09-09 10:06:55.910	continuous	118	1	->		2	3	0.000002	False	2.485627	0.892471	0.004958	
2025-09-09 10:06:55.910	continuous	119	2	->		3	3	0.000004	False	2.475885	0.892382	0.004958	
2025-09-09 10:06:55.911	continuous	120	2	->		3	3	0.000004	False	2.475754	0.892293	0.004957	
2025-09-09 10:06:55.911	continuous	121	1	->		2	3	0.000002	False	2.485496	0.892204	0.004957	
2025-09-09 10:06:55.911	continuous	122	2	->	3	4	3	0.000007	False	2.491637	0.892114	0.004956	
2025-09-09 10:06:55.911	continuous	123	1	->		2	3	0.000002	False	2.485317	0.892025	0.004956	
2025-09-09 10:06:55.911	continuous	124	1	->	2	3	10	0.000001	False	2.481195	0.891936	0.004955	
2025-09-09 10:06:55.912	continuous	125	3	->		4	3	0.000001	False	2.488516	0.891847	0.004955	
2025-09-09 10:06:55.912	continuous	126	1	->	2	3	10	0.000001	False	2.481038	0.891758	0.004954	
2025-09-09 10:06:55.912	continuous	127	1	->	2	3	10	0.000001	False	2.480814	0.891668	0.004954	
2025-09-09 10:06:55.912	continuous	128	1	->	2	3	10	0.000002	False	2.480589	0.891579	0.004953	
2025-09-09 10:06:55.912	continuous	129	3	->		4	3	0.000001	False	2.488402	0.891490	0.004953	
2025-09-09 10:06:55.912	continuous	130	1	->	2	3	10	0.000002	False	2.480432	0.891401	0.004952	
2025-09-09 10:06:55.913	continuous	131	2	->		3	3	0.000004	False	2.475460	0.891312	0.004952	
2025-09-09 10:06:55.913	continuous	132	2	->		3	3	0.000004	False	2.475333	0.891223	0.004951	
2025-09-09 10:06:55.913	continuous	133	1	->		2	3	0.000002	False	2.485591	0.891134	0.004951	
2025-09-09 10:06:55.913	continuous	134	2	->		3	3	0.000004	False	2.475231	0.891044	0.004950	
2025-09-09 10:06:55.913	continuous	135	1	->		2	3	0.000002	False	2.485434	0.890955	0.004950	
2025-09-09 10:06:55.913	continuous	136	2	->		3	3	0.000004	False	2.475139	0.890866	0.004949	
2025-09-09 10:06:55.914	continuous	137	2	->	3	4	3	0.000008	False	2.491399	0.890777	0.004949	
2025-09-09 10:06:55.914	continuous	138	1	->	2	3	10	0.000002	False	2.480036	0.890688	0.004948	
2025-09-09 10:06:55.914	continuous	139	1	->	2	3	10	0.000002	False	2.479805	0.890599	0.004948	
2025-09-09 10:06:55.914	continuous	140	2	->		3	3	0.000004	False	2.474901	0.890510	0.004947	
2025-09-09 10:06:55.914	continuous	141	2	->		3	3	0.000004	False	2.474776	0.890421	0.004947	
2025-09-09 10:06:55.914	continuous	142	1	->		2	3	0.000003	False	2.485501	0.890332	0.004946	
2025-09-09 10:06:55.915	continuous	143	1	->		2	3	0.000003	False	2.485301	0.890243	0.004946	
2025-09-09 10:06:55.915	continuous	144	2	->		3	3	0.000004	False	2.474715	0.890154	0.004945	
2025-09-09 10:06:55.915	continuous	145	2	->		3	3	0.000004	False	2.474581	0.890065	0.004945	
2025-09-09 10:06:55.915	continuous	146	1	->	2	3	10	0.000002	False	2.479351	0.889976	0.004944	
2025-09-09 10:06:55.915	continuous	147	1	->	2	3	3	0.000002	False	2.479117	0.889887	0.004944	
2025-09-09 10:06:55.915	continuous	148	2	->		3	3	0.000005	False	2.474261	0.889798	0.004943	
2025-09-09 10:06:55.916	continuous	149	1	->	2	3	3	0.000002	False	2.478790	0.889709	0.004943	
2025-09-09 10:06:55.916	continuous	150	2	->		3	3	0.000005	False	2.474039	0.889620	0.004942	
2025-09-09 10:06:55.916	continuous	151	1	->		2	3	0.000003	False	2.485472	0.889531	0.004942	
2025-09-09 10:06:55.916	continuous	152	1	->	2	3	3	0.000002	False	2.478540	0.889442	0.004941	
2025-09-09 10:06:55.916	continuous	153	1	->	2	3	3	0.000002	False	2.478304	0.889353	0.004941	
2025-09-09 10:06:55.916	continuous	154	2	->		3	3	0.000005	False	2.473747	0.889264	0.004940	
2025-09-09 10:06:55.917	continuous	155	1	->	2	3	3	0.000002	False	2.477972	0.889175	0.004940	
2025-09-09 10:06:55.917	continuous	156	1	->	2	3	3	0.000003	False	2.477734	0.889086	0.004939	
2025-09-09 10:06:55.917	continuous	157	2	->		3	3	0.000005	False	2.473425	0.888997	0.004939	
2025-09-09 10:06:55.917	continuous	158	1	->	2	3	3	0.000003	False	2.477400	0.888908	0.004938	
2025-09-09 10:06:55.917	continuous	159	1	->		2	3	0.000004	False	2.485721	0.888819	0.004938	
2025-09-09 10:06:55.917	continuous	160	1	->		2	3	0.000004	False	2.485517	0.888731	0.004937	
2025-09-09 10:06:55.918	continuous	161	1	->		2	3	0.000004	False	2.485313	0.888642	0.004937	
2025-09-09 10:06:55.918	continuous	162	1	->	2	3	3	0.000003	False	2.477401	0.888553	0.004936	
2025-09-09 10:06:55.918	continuous	163	1	->		2	3	0.000004	False	2.485189	0.888464	0.004936	
2025-09-09 10:06:55.918	continuous	164	1	->	2	3	3	0.000003	False	2.477239	0.888375	0.004935	
2025-09-09 10:06:55.918	continuous	165	2	->		3	3	0.000006	False	2.473100	0.888286	0.004935	
2025-09-09 10:06:55.918	continuous	166	1	->	2	3	3	0.000003	False	2.476875	0.888197	0.004934	
2025-09-09 10:06:55.918	continuous	167	1	->	2	3	3	0.000003	False	2.476633	0.888109	0.004934	
2025-09-09 10:06:55.919	continuous	168	2	->		3	3	0.000006	False	2.472691	0.888020	0.004933	
2025-09-09 10:06:55.919	continuous	169	2	->		3	3	0.000006	False	2.472530	0.887931	0.004933	
2025-09-09 10:06:55.919	continuous	170	1	->		2	3	0.000004	False	2.485359	0.887842	0.004932	
2025-09-09 10:06:55.919	continuous	171	1	->	2	3	3	0.000003	False	2.476219	0.887753	0.004932	
2025-09-09 10:06:55.920	continuous	172	1	->	2	3	3	0.000003	False	2.475975	0.887665	0.004931	
2025-09-09 10:06:55.920	continuous	173	3	->		4	3	0.000003	False	2.490536	0.887576	0.004931	
2025-09-09 10:06:55.920	continuous	174	1	->		2	3	0.000004	False	2.485348	0.887487	0.004930	
2025-09-09 10:06:55.920	continuous	175	1	->	2	3	3	0.000004	False	2.475869	0.887398	0.004930	
2025-09-09 10:06:55.920	continuous	176	2	->	3	4	3	0.000011	False	2.492865	0.887310	0.004929	
2025-09-09 10:06:55.920	continuous	177	2	->		3	3	0.000006	False	2.472253	0.887221	0.004929	
2025-09-09 10:06:55.921	continuous	178	2	->		3	3	0.000007	False	2.472089	0.887132	0.004929	
2025-09-09 10:06:55.921	continuous	179	2	->		3	3	0.000007	False	2.471925	0.887044	0.004928	
2025-09-09 10:06:55.921	continuous	180	3	->		4	3	0.000004	False	2.490349	0.886955	0.004928	
2025-09-09 10:06:55.921	continuous	181	2	->		3	3	0.000007	False	2.471848	0.886866	0.004927	
2025-09-09 10:06:55.921	continuous	182	3	->		4	3	0.000004	False	2.490127	0.886777	0.004927	
2025-09-09 10:06:55.921	continuous	183	1	->	2	3	3	0.000004	False	2.475287	0.886689	0.004926	
2025-09-09 10:06:55.921	continuous	184	1	->		2	3	0.000005	False	2.485566	0.886600	0.004926	
2025-09-09 10:06:55.922	continuous	185	1	->	2	3	3	0.000004	False	2.475119	0.886511	0.004925	
2025-09-09 10:06:55.922	continuous	186	2	->		3	3	0.000007	False	2.471555	0.886423	0.004925	
2025-09-09 10:06:55.922	continuous	187	1	->	2	3	3	0.000004	False	2.474739	0.886334	0.004924	
2025-09-09 10:06:55.922	continuous	188	2	->		3	3	0.000007	False	2.471257	0.886245	0.004924	
2025-09-09 10:06:55.922	continuous	189	1	->	2	3	3	0.000004	False	2.474358	0.886157	0.004923	
2025-09-09 10:06:55.922	continuous	190	2	->		3	3	0.000007	False	2.470941	0.886068	0.004923	
2025-09-09 10:06:55.923	continuous	191	2	->		3	3	0.000008	False	2.470753	0.885980	0.004922	
2025-09-09 10:06:55.923	continuous	192	1	->	2	3	3	0.000005	False	2.473806	0.885891	0.004922	
2025-09-09 10:06:55.923	continuous	193	3	->		4	3	0.000005	False	2.490539	0.885802	0.004921	
2025-09-09 10:06:55.923	continuous	194	2	->		3	3	0.000008	False	2.470508	0.885714	0.004921	
2025-09-09 10:06:55.923	continuous	195	2	->	3	4	3	0.000013	False	2.492925	0.885625	0.004920	
2025-09-09 10:06:55.923	continuous	196	1	->		2	3	0.000006	False	2.485989	0.885537	0.004920	
2025-09-09 10:06:55.924	continuous	197	1	->		2	3	0.000006	False	2.485786	0.885448	0.004919	
2025-09-09 10:06:55.924	continuous	198	1	->		2	3	0.000006	False	2.485584	0.885360	0.004919	
2025-09-09 10:06:55.924	continuous	199	3	->		4	3	0.000004	False	2.490190	0.885271	0.004918	
2025-09-09 10:06:55.924	continuous	200	2	->		3	3	0.000008	False	2.470657	0.885183	0.004918	
2025-09-09 10:06:55.924	continuous	201	2	->		3	3	0.000008	False	2.470466	0.885094	0.004917	
2025-09-09 10:06:55.924	continuous	202	1	->	2	3	3	0.000005	False	2.473533	0.885006	0.004917	
2025-09-09 10:06:55.925	continuous	203	1	->	2	3	3	0.000005	False	2.473277	0.884917	0.004916	
2025-09-09 10:06:55.925	continuous	204	2	->		3	3	0.000008	False	2.469971	0.884829	0.004916	
2025-09-09 10:06:55.925	continuous	205	2	->		3	3	0.000009	False	2.469784	0.884740	0.004915	
2025-09-09 10:06:55.925	continuous	206	2	->		3	3	0.000009	False	2.469596	0.884652	0.004915	
2025-09-09 10:06:55.925	continuous	207	1	->	2	3	3	0.000006	False	2.472552	0.884563	0.004914	
2025-09-09 10:06:55.925	continuous	208	2	->		3	3	0.000009	False	2.469246	0.884475	0.004914	
2025-09-09 10:06:55.926	continuous	209	2	->		3	3	0.000009	False	2.469050	0.884386	0.004913	
2025-09-09 10:06:55.926	continuous	210	1	->	2	3	3	0.000006	False	2.471962	0.884298	0.004913	
2025-09-09 10:06:55.926	continuous	211	2	->		3	3	0.000010	False	2.468688	0.884209	0.004912	
2025-09-09 10:06:55.926	continuous	212	1	->		2	3	0.000008	False	2.486171	0.884121	0.004912	
2025-09-09 10:06:55.926	continuous	213	1	->		2	3	0.000008	False	2.485964	0.884033	0.004911	
2025-09-09 10:06:55.926	continuous	214	2	->		3	3	0.000010	False	2.468597	0.883944	0.004911	
2025-09-09 10:06:55.926	continuous	215	1	->		2	3	0.000008	False	2.485824	0.883856	0.004910	
2025-09-09 10:06:55.927	continuous	216	1	->	2	3	3	0.000006	False	2.471631	0.883767	0.004910	
2025-09-09 10:06:55.927	continuous	217	1	->	2	3	3	0.000007	False	2.471365	0.883679	0.004909	
2025-09-09 10:06:55.927	continuous	218	1	->		2	3	0.000008	False	2.485833	0.883591	0.004909	
2025-09-09 10:06:55.927	continuous	219	1	->		2	3	0.000008	False	2.485659	0.883502	0.004908	
2025-09-09 10:06:55.927	continuous	220	1	->		2	3	0.000008	False	2.485485	0.883414	0.004908	
2025-09-09 10:06:55.928	continuous	221	2	->		3	3	0.000010	False	2.468295	0.883326	0.004907	
2025-09-09 10:06:55.928	continuous	222	1	->	2	3	3	0.000007	False	2.471198	0.883237	0.004907	
2025-09-09 10:06:55.928	continuous	223	1	->		2	3	0.000008	False	2.485471	0.883149	0.004906	
2025-09-09 10:06:55.928	continuous	224	1	->		2	3	0.000008	False	2.485297	0.883061	0.004906	
2025-09-09 10:06:55.928	continuous	225	2	->		3	3	0.000010	False	2.468040	0.882972	0.004905	
2025-09-09 10:06:55.928	continuous	226	1	->		2	3	0.000008	False	2.485190	0.882884	0.004905	
2025-09-09 10:06:55.929	continuous	227	1	->		2	3	0.000008	False	2.485016	0.882796	0.004904	
2025-09-09 10:06:55.929	continuous	228	1	->		2	3	0.000008	False	2.484842	0.882707	0.004904	
2025-09-09 10:06:55.929	continuous	229	3	->		4	3	0.000006	False	2.491607	0.882619	0.004903	
2025-09-09 10:06:55.929	continuous	230	2	->		3	3	0.000010	False	2.468120	0.882531	0.004903	
2025-09-09 10:06:55.929	continuous	231	2	->		3	3	0.000010	False	2.467908	0.882443	0.004902	
2025-09-09 10:06:55.929	continuous	232	1	->	2	3	3	0.000007	False	2.470913	0.882354	0.004902	
2025-09-09 10:06:55.930	continuous	233	1	->	2	3	3	0.000007	False	2.470641	0.882266	0.004901	
2025-09-09 10:06:55.930	continuous	234	2	->	3	4	3	0.000015	False	2.494037	0.882178	0.004901	
2025-09-09 10:06:55.930	continuous	235	3	->		4	3	0.000007	False	2.491371	0.882090	0.004900	
2025-09-09 10:06:55.930	continuous	236	1	->	2	3	3	0.000007	False	2.470496	0.882001	0.004900	
2025-09-09 10:06:55.930	continuous	237	1	->		2	3	0.000009	False	2.485134	0.881913	0.004900	
2025-09-09 10:06:55.930	continuous	238	1	->	2	3	3	0.000007	False	2.470314	0.881825	0.004899	
2025-09-09 10:06:55.931	continuous	239	2	->		3	3	0.000011	False	2.467213	0.881737	0.004899	
2025-09-09 10:06:55.931	continuous	240	1	->		2	3	0.000009	False	2.485114	0.881649	0.004898	
2025-09-09 10:06:55.931	continuous	241	1	->		2	3	0.000009	False	2.484938	0.881561	0.004898	
2025-09-09 10:06:55.931	continuous	242	1	->	2	3	3	0.000008	False	2.470038	0.881472	0.004897	
2025-09-09 10:06:55.931	continuous	243	1	->		2	3	0.000009	False	2.484854	0.881384	0.004897	
2025-09-09 10:06:55.931	continuous	244	1	->		2	3	0.000009	False	2.484677	0.881296	0.004896	
2025-09-09 10:06:55.932	continuous	245	1	->	2	3	3	0.000008	False	2.469945	0.881208	0.004896	
2025-09-09 10:06:55.932	continuous	246	2	->		3	3	0.000011	False	2.466892	0.881120	0.004895	
2025-09-09 10:06:55.932	continuous	247	2	->		3	3	0.000012	False	2.466672	0.881032	0.004895	
2025-09-09 10:06:55.932	continuous	248	1	->		2	3	0.000009	False	2.484724	0.880944	0.004894	
2025-09-09 10:06:55.932	continuous	249	1	->	2	3	3	0.000008	False	2.469385	0.880856	0.004894	
2025-09-09 10:06:55.932	continuous	250	1	->	2	3	3	0.000009	False	2.469106	0.880767	0.004893	
2025-09-09 10:06:55.932	continuous	251	2	->		3	3	0.000012	False	2.466141	0.880679	0.004893	
2025-09-09 10:06:55.933	continuous	252	2	->	3	4	3	0.000016	False	2.494277	0.880591	0.004892	
2025-09-09 10:06:55.933	continuous	253	2	->		3	3	0.000012	False	2.466004	0.880503	0.004892	
2025-09-09 10:06:55.933	continuous	254	1	->	2	3	3	0.000009	False	2.468506	0.880415	0.004891	
2025-09-09 10:06:55.933	continuous	255	2	->		3	3	0.000013	False	2.465586	0.880327	0.004891	
2025-09-09 10:06:55.933	continuous	256	1	->		2	3	0.000011	False	2.485044	0.880239	0.004890	
2025-09-09 10:06:55.934	continuous	257	1	->		2	3	0.000011	False	2.484860	0.880151	0.004890	
2025-09-09 10:06:55.934	continuous	258	1	->	2	3	3	0.000009	False	2.468212	0.880063	0.004889	
2025-09-09 10:06:55.934	continuous	259	2	->		3	3	0.000013	False	2.465300	0.879975	0.004889	
2025-09-09 10:06:55.934	continuous	260	1	->	2	3	3	0.000010	False	2.467730	0.879887	0.004888	
2025-09-09 10:06:55.934	continuous	261	1	->		2	3	0.000011	False	2.484931	0.879799	0.004888	
2025-09-09 10:06:55.934	continuous	262	2	->		3	3	0.000014	False	2.464943	0.879711	0.004887	
2025-09-09 10:06:55.935	continuous	263	2	->		3	3	0.000014	False	2.464712	0.879623	0.004887	
2025-09-09 10:06:55.935	continuous	264	1	->	2	3	3	0.000011	False	2.467137	0.879535	0.004886	
2025-09-09 10:06:55.935	continuous	265	2	->		3	3	0.000015	False	2.464290	0.879447	0.004886	
2025-09-09 10:06:55.935	continuous	266	1	->		2	3	0.000012	False	2.485025	0.879359	0.004885	
2025-09-09 10:06:55.935	continuous	267	2	->		3	3	0.000015	False	2.464123	0.879271	0.004885	
2025-09-09 10:06:55.936	continuous	268	1	->	2	3	3	0.000011	False	2.466543	0.879183	0.004884	
2025-09-09 10:06:55.936	continuous	269	1	->	2	3	3	0.000012	False	2.466247	0.879096	0.004884	
2025-09-09 10:06:55.936	continuous	270	1	->	2	3	3	0.000012	False	2.465948	0.879008	0.004883	
2025-09-09 10:06:55.936	continuous	271	2	->		3	3	0.000016	False	2.463317	0.878920	0.004883	
2025-09-09 10:06:55.936	continuous	272	1	->	2	3	3	0.000012	False	2.465454	0.878832	0.004882	
2025-09-09 10:06:55.937	continuous	273	2	->		3	3	0.000017	False	2.462893	0.878744	0.004882	
2025-09-09 10:06:55.937	continuous	274	1	->	2	3	3	0.000013	False	2.464954	0.878656	0.004881	
2025-09-09 10:06:55.937	continuous	275	1	->		2	3	0.000014	False	2.485479	0.878568	0.004881	
2025-09-09 10:06:55.938	continuous	276	2	->		3	3	0.000017	False	2.462513	0.878480	0.004880	
2025-09-09 10:06:55.938	continuous	277	2	->		3	3	0.000017	False	2.462280	0.878393	0.004880	
2025-09-09 10:06:55.938	continuous	278	1	->	2	3	3	0.000014	False	2.464354	0.878305	0.004879	
2025-09-09 10:06:55.938	continuous	279	2	->		3	3	0.000018	False	2.461845	0.878217	0.004879	
2025-09-09 10:06:55.938	continuous	280	1	->		2	3	0.000015	False	2.485528	0.878129	0.004878	
2025-09-09 10:06:55.939	continuous	281	1	->	2	3	3	0.000014	False	2.463947	0.878041	0.004878	
2025-09-09 10:06:55.939	continuous	282	1	->	2	3	3	0.000015	False	2.463634	0.877953	0.004878	
2025-09-09 10:06:55.939	continuous	283	1	->	2	3	3	0.000015	False	2.463320	0.877866	0.004877	
2025-09-09 10:06:55.940	continuous	284	1	->	2	3	3	0.000015	False	2.463003	0.877778	0.004877	
2025-09-09 10:06:55.940	continuous	285	1	->	2	3	3	0.000016	False	2.462695	0.877690	0.004876	
2025-09-09 10:06:55.940	continuous	286	1	->		2	3	0.000017	False	2.485852	0.877602	0.004876	
2025-09-09 10:06:55.940	continuous	287	1	->	2	3	3	0.000016	False	2.462504	0.877515	0.004875	
2025-09-09 10:06:55.941	continuous	288	1	->		2	3	0.000017	False	2.485748	0.877427	0.004875	
2025-09-09 10:06:55.941	continuous	289	1	->		2	3	0.000017	False	2.485539	0.877339	0.004874	
2025-09-09 10:06:55.942	continuous	290	2	->		3	3	0.000020	False	2.460562	0.877251	0.004874	
2025-09-09 10:06:55.942	continuous	291	1	->	2	3	3	0.000017	False	2.462204	0.877164	0.004873	
2025-09-09 10:06:55.942	continuous	292	1	->	2	3	3	0.000017	False	2.461904	0.877076	0.004873	
2025-09-09 10:06:55.942	continuous	293	1	->		2	3	0.000018	False	2.485592	0.876988	0.004872	
2025-09-09 10:06:55.943	continuous	294	2	->		3	3	0.000021	False	2.459939	0.876900	0.004872	
2025-09-09 10:06:55.943	continuous	295	1	->	2	3	3	0.000017	False	2.461492	0.876813	0.004871	
2025-09-09 10:06:55.943	continuous	296	1	->	2	3	3	0.000018	False	2.461187	0.876725	0.004871	
2025-09-09 10:06:55.943	continuous	297	2	->		3	3	0.000022	False	2.459253	0.876637	0.004870	
2025-09-09 10:06:55.943	continuous	298	1	->	2	3	3	0.000019	False	2.460660	0.876550	0.004870	
2025-09-09 10:06:55.944	continuous	299	2	->		3	3	0.000023	False	2.458771	0.876462	0.004869	
2025-09-09 10:06:55.944	continuous	300	2	->		3	3	0.000023	False	2.458501	0.876374	0.004869	
2025-09-09 10:06:55.944	continuous	301	2	->		3	3	0.000024	False	2.458229	0.876287	0.004868	
2025-09-09 10:06:55.944	continuous	302	1	->	2	3	3	0.000020	False	2.459641	0.876199	0.004868	
2025-09-09 10:06:55.944	continuous	303	2	->		3	3	0.000025	False	2.457716	0.876112	0.004867	
2025-09-09 10:06:55.945	continuous	304	1	->		2	3	0.000022	False	2.486141	0.876024	0.004867	
2025-09-09 10:06:55.945	continuous	305	2	->		3	3	0.000025	False	2.457498	0.875936	0.004866	
2025-09-09 10:06:55.945	continuous	306	1	->	2	3	3	0.000021	False	2.458947	0.875849	0.004866	
2025-09-09 10:06:55.945	continuous	307	2	->		3	3	0.000026	False	2.456975	0.875761	0.004865	
2025-09-09 10:06:55.945	continuous	308	2	->	3	4	3	0.000031	False	2.498045	0.875674	0.004865	
2025-09-09 10:06:55.946	continuous	309	1	->	2	3	3	0.000022	False	2.458468	0.875586	0.004864	
2025-09-09 10:06:55.946	continuous	310	1	->	2	3	3	0.000022	False	2.458142	0.875498	0.004864	
2025-09-09 10:06:55.946	continuous	311	1	->		2	3	0.000024	False	2.486378	0.875411	0.004863	
2025-09-09 10:06:55.946	continuous	312	2	->		3	3	0.000027	False	2.456371	0.875323	0.004863	
2025-09-09 10:06:55.946	continuous	313	2	->		3	3	0.000027	False	2.456082	0.875236	0.004862	
2025-09-09 10:06:55.947	continuous	314	1	->		2	3	0.000025	False	2.486274	0.875148	0.004862	
2025-09-09 10:06:55.947	continuous	315	1	->		2	3	0.000024	False	2.486052	0.875061	0.004861	
2025-09-09 10:06:55.947	continuous	316	2	->		3	3	0.000028	False	2.455913	0.874973	0.004861	
2025-09-09 10:06:55.947	continuous	317	1	->	2	3	3	0.000024	False	2.457384	0.874886	0.004860	
2025-09-09 10:06:55.947	continuous	318	2	->		3	3	0.000029	False	2.455369	0.874798	0.004860	
2025-09-09 10:06:55.948	continuous	319	1	->	2	3	3	0.000025	False	2.456793	0.874711	0.004860	
2025-09-09 10:06:55.948	continuous	320	1	->		2	3	0.000026	False	2.486165	0.874623	0.004859	
2025-09-09 10:06:55.948	continuous	321	2	->		3	3	0.000029	False	2.454877	0.874536	0.004859	
2025-09-09 10:06:55.948	continuous	322	1	->	2	3	3	0.000025	False	2.456303	0.874448	0.004858	
2025-09-09 10:06:55.948	continuous	323	1	->		2	3	0.000027	False	2.486108	0.874361	0.004858	
2025-09-09 10:06:55.949	continuous	324	1	->	2	3	3	0.000026	False	2.456069	0.874274	0.004857	
2025-09-09 10:06:55.949	continuous	325	1	->		2	3	0.000027	False	2.485990	0.874186	0.004857	
2025-09-09 10:06:55.949	continuous	326	2	->		3	3	0.000031	False	2.454175	0.874099	0.004856	
2025-09-09 10:06:55.949	continuous	327	1	->	2	3	3	0.000026	False	2.455568	0.874011	0.004856	
2025-09-09 10:06:55.949	continuous	328	1	->	2	3	3	0.000027	False	2.455220	0.873924	0.004855	
2025-09-09 10:06:55.949	continuous	329	2	->		3	3	0.000032	False	2.453339	0.873837	0.004855	
2025-09-09 10:06:55.950	continuous	330	3	->	4	5	3	0.000019	False	2.480595	0.873749	0.004854	
2025-09-09 10:06:55.950	continuous	331	2	->		3	3	0.000033	False	2.453008	0.873662	0.004854	
2025-09-09 10:06:55.950	continuous	332	2	->		3	3	0.000034	False	2.452696	0.873574	0.004853	
2025-09-09 10:06:55.950	continuous	333	1	->		2	3	0.000030	False	2.486221	0.873487	0.004853	
2025-09-09 10:06:55.950	continuous	334	1	->	2	3	3	0.000029	False	2.454174	0.873400	0.004852	
2025-09-09 10:06:55.951	continuous	335	2	->		3	3	0.000035	False	2.452169	0.873312	0.004852	
2025-09-09 10:06:55.951	continuous	336	2	->		3	3	0.000035	False	2.451851	0.873225	0.004851	
2025-09-09 10:06:55.951	continuous	337	4	->		5	3	0.000024	False	2.482121	0.873138	0.004851	
2025-09-09 10:06:55.951	continuous	338	1	->	2	3	3	0.000031	False	2.453262	0.873050	0.004850	
2025-09-09 10:06:55.951	continuous	339	1	->		2	3	0.000032	False	2.486332	0.872963	0.004850	
2025-09-09 10:06:55.952	continuous	340	1	->		2	3	0.000032	False	2.486097	0.872876	0.004849	
2025-09-09 10:06:55.952	continuous	341	1	->	2	3	3	0.000031	False	2.453116	0.872788	0.004849	
2025-09-09 10:06:55.952	continuous	342	1	->		2	3	0.000032	False	2.485972	0.872701	0.004848	
2025-09-09 10:06:55.952	continuous	343	2	->		3	3	0.000037	False	2.451128	0.872614	0.004848	
2025-09-09 10:06:55.953	continuous	344	1	->	2	3	3	0.000032	False	2.452567	0.872527	0.004847	
2025-09-09 10:06:55.953	continuous	345	2	->		3	3	0.000038	False	2.450502	0.872439	0.004847	
2025-09-09 10:06:55.953	continuous	346	1	->		2	3	0.000034	False	2.485968	0.872352	0.004846	
2025-09-09 10:06:55.953	continuous	347	1	->		2	3	0.000034	False	2.485732	0.872265	0.004846	
2025-09-09 10:06:55.953	continuous	348	2	->		3	3	0.000038	False	2.450288	0.872178	0.004845	
2025-09-09 10:06:55.953	continuous	349	1	->	2	3	3	0.000033	False	2.451823	0.872090	0.004845	
2025-09-09 10:06:55.954	continuous	350	1	->		2	3	0.000035	False	2.485666	0.872003	0.004844	
2025-09-09 10:06:55.954	continuous	351	2	->		3	3	0.000040	False	2.449717	0.871916	0.004844	
2025-09-09 10:06:55.954	continuous	352	2	->		3	3	0.000040	False	2.449375	0.871829	0.004843	
2025-09-09 10:06:55.954	continuous	353	1	->	2	3	3	0.000035	False	2.450939	0.871742	0.004843	
2025-09-09 10:06:55.954	continuous	354	2	->	3	4	3	0.000047	False	2.501433	0.871655	0.004843	
2025-09-09 10:06:55.955	continuous	355	1	->		2	3	0.000036	False	2.485692	0.871567	0.004842	
2025-09-09 10:06:55.955	continuous	356	1	->		2	3	0.000036	False	2.485450	0.871480	0.004842	
2025-09-09 10:06:55.955	continuous	357	2	->		3	3	0.000041	False	2.449003	0.871393	0.004841	
2025-09-09 10:06:55.955	continuous	358	2	->		3	3	0.000042	False	2.448649	0.871306	0.004841	
2025-09-09 10:06:55.955	continuous	359	2	->		3	3	0.000042	False	2.448301	0.871219	0.004840	
2025-09-09 10:06:55.955	continuous	360	1	->	2	3	3	0.000037	False	2.449931	0.871132	0.004840	
2025-09-09 10:06:55.956	continuous	361	2	->		3	3	0.000044	False	2.447642	0.871045	0.004839	
2025-09-09 10:06:55.956	continuous	362	1	->		2	3	0.000039	False	2.485592	0.870957	0.004839	
2025-09-09 10:06:55.956	continuous	363	2	->		3	3	0.000044	False	2.447352	0.870870	0.004838	
2025-09-09 10:06:55.956	continuous	364	1	->	2	3	3	0.000038	False	2.449017	0.870783	0.004838	
2025-09-09 10:06:55.956	continuous	365	1	->	2	3	3	0.000039	False	2.448617	0.870696	0.004837	
2025-09-09 10:06:55.956	continuous	366	2	->		3	3	0.000047	False	2.446358	0.870609	0.004837	
2025-09-09 10:06:55.957	continuous	367	1	->		2	3	0.000041	False	2.485689	0.870522	0.004836	
2025-09-09 10:06:55.957	continuous	368	2	->		3	3	0.000047	False	2.446059	0.870435	0.004836	
2025-09-09 10:06:55.957	continuous	369	2	->		3	3	0.000048	False	2.445696	0.870348	0.004835	
2025-09-09 10:06:55.957	continuous	370	1	->		2	3	0.000043	False	2.485561	0.870261	0.004835	
2025-09-09 10:06:55.957	continuous	371	1	->	2	3	3	0.000041	False	2.447457	0.870174	0.004834	
2025-09-09 10:06:55.958	continuous	372	1	->	2	3	3	0.000042	False	2.447044	0.870087	0.004834	
2025-09-09 10:06:55.958	continuous	373	2	->		3	3	0.000050	False	2.444729	0.870000	0.004833	
2025-09-09 10:06:55.958	continuous	374	1	->	2	3	3	0.000044	False	2.446296	0.869913	0.004833	
2025-09-09 10:06:55.958	continuous	375	1	->		2	3	0.000046	False	2.485700	0.869826	0.004832	
2025-09-09 10:06:55.958	continuous	376	1	->	2	3	3	0.000045	False	2.445985	0.869739	0.004832	
2025-09-09 10:06:55.958	continuous	377	1	->		2	3	0.000046	False	2.485551	0.869652	0.004831	
2025-09-09 10:06:55.959	continuous	378	1	->		2	3	0.000046	False	2.485294	0.869565	0.004831	
2025-09-09 10:06:55.959	continuous	379	2	->		3	3	0.000052	False	2.443887	0.869478	0.004830	
2025-09-09 10:06:55.959	continuous	380	1	->	2	3	3	0.000046	False	2.445426	0.869391	0.004830	
2025-09-09 10:06:55.959	continuous	381	3	->		4	3	0.000042	False	2.501198	0.869304	0.004829	
2025-09-09 10:06:55.959	continuous	382	1	->	2	3	3	0.000046	False	2.445100	0.869217	0.004829	
2025-09-09 10:06:55.959	continuous	383	1	->		2	3	0.000048	False	2.485367	0.869130	0.004829	
2025-09-09 10:06:55.960	continuous	384	2	->		3	3	0.000054	False	2.442991	0.869043	0.004828	
2025-09-09 10:06:55.960	continuous	385	1	->	2	3	3	0.000048	False	2.444430	0.868956	0.004828	
2025-09-09 10:06:55.960	continuous	386	2	->		3	3	0.000056	False	2.442253	0.868870	0.004827	
2025-09-09 10:06:55.960	continuous	387	2	->		3	3	0.000057	False	2.441864	0.868783	0.004827	
2025-09-09 10:06:55.960	continuous	388	2	->	3	4	3	0.000064	False	2.503726	0.868696	0.004826	
2025-09-09 10:06:55.960	continuous	389	2	->		3	3	0.000057	False	2.441625	0.868609	0.004826	
2025-09-09 10:06:55.961	continuous	390	1	->		2	3	0.000051	False	2.485488	0.868522	0.004825	
2025-09-09 10:06:55.961	continuous	391	1	->		2	3	0.000051	False	2.485221	0.868435	0.004825	
2025-09-09 10:06:55.961	continuous	392	1	->	2	3	3	0.000050	False	2.443261	0.868348	0.004824	
2025-09-09 10:06:55.961	continuous	393	1	->		2	3	0.000052	False	2.485064	0.868262	0.004824	
2025-09-09 10:06:55.961	continuous	394	1	->	2	3	3	0.000051	False	2.442925	0.868175	0.004823	
2025-09-09 10:06:55.961	continuous	395	1	->	2	3	3	0.000052	False	2.442475	0.868088	0.004823	
2025-09-09 10:06:55.962	continuous	396	1	->		2	3	0.000054	False	2.485017	0.868001	0.004822	
2025-09-09 10:06:55.962	continuous	397	1	->	2	3	3	0.000053	False	2.442136	0.867914	0.004822	
2025-09-09 10:06:55.962	continuous	398	1	->	2	3	3	0.000054	False	2.441679	0.867827	0.004821	
2025-09-09 10:06:55.962	continuous	399	2	->		3	3	0.000062	False	2.439649	0.867741	0.004821	
2025-09-09 10:06:55.962	continuous	400	2	->		3	3	0.000063	False	2.439238	0.867654	0.004820	
2025-09-09 10:06:55.962	continuous	401	2	->		3	3	0.000064	False	2.438825	0.867567	0.004820	
2025-09-09 10:06:55.963	continuous	402	1	->	2	3	3	0.000058	False	2.440094	0.867480	0.004819	
2025-09-09 10:06:55.963	continuous	403	2	->		3	3	0.000066	False	2.438019	0.867394	0.004819	
2025-09-09 10:06:55.963	continuous	404	2	->		3	3	0.000067	False	2.437584	0.867307	0.004818	
2025-09-09 10:06:55.963	continuous	405	1	->	2	3	3	0.000061	False	2.438826	0.867220	0.004818	
2025-09-09 10:06:55.963	continuous	406	2	->		3	3	0.000070	False	2.436743	0.867133	0.004817	
2025-09-09 10:06:55.963	continuous	407	2	->		3	3	0.000071	False	2.436297	0.867047	0.004817	
2025-09-09 10:06:55.964	continuous	408	1	->		2	3	0.000064	False	2.485678	0.866960	0.004816	
2025-09-09 10:06:55.964	continuous	409	1	->	2	3	3	0.000064	False	2.437642	0.866873	0.004816	
2025-09-09 10:06:55.964	continuous	410	1	->	2	3	3	0.000065	False	2.437150	0.866787	0.004815	
2025-09-09 10:06:55.964	continuous	411	1	->	2	3	3	0.000066	False	2.436654	0.866700	0.004815	
2025-09-09 10:06:55.964	continuous	412	1	->		2	3	0.000068	False	2.485722	0.866613	0.004815	
2025-09-09 10:06:55.964	continuous	413	2	->		3	3	0.000075	False	2.434756	0.866527	0.004814	
2025-09-09 10:06:55.965	continuous	414	1	->	2	3	3	0.000068	False	2.435845	0.866440	0.004814	
2025-09-09 10:06:55.965	continuous	415	2	->		3	3	0.000077	False	2.433870	0.866353	0.004813	
2025-09-09 10:06:55.965	continuous	416	1	->		2	3	0.000071	False	2.485696	0.866267	0.004813	
2025-09-09 10:06:55.965	continuous	417	1	->	2	3	3	0.000070	False	2.435021	0.866180	0.004812	
2025-09-09 10:06:55.965	continuous	418	1	->		2	3	0.000072	False	2.485513	0.866093	0.004812	
2025-09-09 10:06:55.965	continuous	419	1	->	2	3	3	0.000071	False	2.434618	0.866007	0.004811	
2025-09-09 10:06:55.965	continuous	420	1	->	2	3	3	0.000073	False	2.434101	0.865920	0.004811	
2025-09-09 10:06:55.966	continuous	421	1	->	2	3	3	0.000074	False	2.433581	0.865834	0.004810	
2025-09-09 10:06:55.966	continuous	422	1	->	2	3	3	0.000076	False	2.433056	0.865747	0.004810	
2025-09-09 10:06:55.966	continuous	423	2	->		3	3	0.000084	False	2.431366	0.865661	0.004809	
2025-09-09 10:06:55.966	continuous	424	1	->	2	3	3	0.000078	False	2.432078	0.865574	0.004809	
2025-09-09 10:06:55.966	continuous	425	1	->	2	3	3	0.000080	False	2.431541	0.865487	0.004808	
2025-09-09 10:06:55.966	continuous	426	1	->	2	3	3	0.000081	False	2.431000	0.865401	0.004808	
2025-09-09 10:06:55.967	continuous	427	1	->	2	3	3	0.000083	False	2.430455	0.865314	0.004807	
2025-09-09 10:06:55.967	continuous	428	1	->		2	3	0.000083	False	2.486193	0.865228	0.004807	
2025-09-09 10:06:55.967	continuous	429	2	->		3	3	0.000091	False	2.429124	0.865141	0.004806	
2025-09-09 10:06:55.967	continuous	430	2	->		3	3	0.000092	False	2.428615	0.865055	0.004806	
2025-09-09 10:06:55.967	continuous	431	1	->	2	3	3	0.000087	False	2.429081	0.864968	0.004805	
2025-09-09 10:06:55.967	continuous	432	1	->		2	3	0.000087	False	2.486154	0.864882	0.004805	
2025-09-09 10:06:55.968	continuous	433	2	->		3	3	0.000095	False	2.427708	0.864795	0.004804	
2025-09-09 10:06:55.968	continuous	434	1	->		2	3	0.000088	False	2.485912	0.864709	0.004804	
2025-09-09 10:06:55.968	continuous	435	1	->	2	3	3	0.000089	False	2.428277	0.864622	0.004803	
2025-09-09 10:06:55.968	continuous	436	1	->	2	3	3	0.000091	False	2.427719	0.864536	0.004803	
2025-09-09 10:06:55.968	continuous	437	1	->	2	3	3	0.000093	False	2.427157	0.864449	0.004802	
2025-09-09 10:06:55.969	continuous	438	2	->		3	3	0.000101	False	2.425810	0.864363	0.004802	
2025-09-09 10:06:55.969	continuous	439	1	->	2	3	3	0.000096	False	2.426095	0.864276	0.004802	
2025-09-09 10:06:55.969	continuous	440	3	->		4	3	0.000086	False	2.506614	0.864190	0.004801	
2025-09-09 10:06:55.969	continuous	441	1	->		2	3	0.000095	False	2.486163	0.864104	0.004801	
2025-09-09 10:06:55.969	continuous	442	2	->		3	3	0.000103	False	2.425023	0.864017	0.004800	
2025-09-09 10:06:55.969	continuous	443	2	->		3	3	0.000105	False	2.424480	0.863931	0.004800	
2025-09-09 10:06:55.969	continuous	444	1	->	2	3	3	0.000100	False	2.424760	0.863844	0.004799	
2025-09-09 10:06:55.970	continuous	445	1	->		2	3	0.000099	False	2.486108	0.863758	0.004799	
2025-09-09 10:06:55.970	continuous	446	1	->	2	3	3	0.000101	False	2.424288	0.863672	0.004798	
2025-09-09 10:06:55.970	continuous	447	1	->	2	3	3	0.000103	False	2.423696	0.863585	0.004798	
2025-09-09 10:06:55.970	continuous	448	1	->		2	3	0.000103	False	2.486003	0.863499	0.004797	
2025-09-09 10:06:55.970	continuous	449	2	->		3	3	0.000111	False	2.422557	0.863413	0.004797	
2025-09-09 10:06:55.970	continuous	450	1	->	2	3	3	0.000106	False	2.422693	0.863326	0.004796	
2025-09-09 10:06:55.971	continuous	451	2	->		3	3	0.000115	False	2.421466	0.863240	0.004796	
2025-09-09 10:06:55.971	continuous	452	2	->		3	3	0.000117	False	2.420896	0.863154	0.004795	
2025-09-09 10:06:55.971	continuous	453	3	->		4	3	0.000098	False	2.507748	0.863067	0.004795	
2025-09-09 10:06:55.971	continuous	454	2	->		3	3	0.000118	False	2.420509	0.862981	0.004794	
2025-09-09 10:06:55.971	continuous	455	1	->	2	3	3	0.000113	False	2.420634	0.862895	0.004794	
2025-09-09 10:06:55.971	continuous	456	1	->	2	3	3	0.000115	False	2.420009	0.862808	0.004793	
2025-09-09 10:06:55.972	continuous	457	1	->	2	3	3	0.000117	False	2.419379	0.862722	0.004793	
2025-09-09 10:06:55.972	continuous	458	1	->		2	3	0.000116	False	2.486502	0.862636	0.004792	
2025-09-09 10:06:55.972	continuous	459	2	->		3	3	0.000125	False	2.418373	0.862550	0.004792	
2025-09-09 10:06:55.972	continuous	460	2	->		3	3	0.000127	False	2.417775	0.862463	0.004791	
2025-09-09 10:06:55.972	continuous	461	1	->		2	3	0.000119	False	2.486315	0.862377	0.004791	
2025-09-09 10:06:55.972	continuous	462	2	->		3	3	0.000129	False	2.417259	0.862291	0.004791	
2025-09-09 10:06:55.973	continuous	463	1	->	2	3	3	0.000124	False	2.417299	0.862205	0.004790	
2025-09-09 10:06:55.973	continuous	464	1	->	2	3	3	0.000126	False	2.416645	0.862118	0.004790	
2025-09-09 10:06:55.973	continuous	465	2	->		3	3	0.000135	False	2.415505	0.862032	0.004789	
2025-09-09 10:06:55.973	continuous	466	2	->		3	3	0.000137	False	2.414883	0.861946	0.004789	
2025-09-09 10:06:55.973	continuous	467	1	->		2	3	0.000129	False	2.486452	0.861860	0.004788	
2025-09-09 10:06:55.973	continuous	468	1	->	2	3	3	0.000132	False	2.414939	0.861774	0.004788	
2025-09-09 10:06:55.974	continuous	469	1	->	2	3	3	0.000134	False	2.414263	0.861687	0.004787	
2025-09-09 10:06:55.974	continuous	470	2	->		3	3	0.000144	False	2.413159	0.861601	0.004787	
2025-09-09 10:06:55.974	continuous	471	2	->		3	3	0.000146	False	2.412516	0.861515	0.004786	
2025-09-09 10:06:55.974	continuous	472	1	->		2	3	0.000137	False	2.486497	0.861429	0.004786	
2025-09-09 10:06:55.974	continuous	473	1	->	2	3	3	0.000141	False	2.412496	0.861343	0.004785	
2025-09-09 10:06:55.974	continuous	474	1	->	2	3	3	0.000143	False	2.411798	0.861257	0.004785	
2025-09-09 10:06:55.974	continuous	475	1	->		2	3	0.000142	False	2.486360	0.861171	0.004784	
2025-09-09 10:06:55.975	continuous	476	2	->		3	3	0.000152	False	2.410818	0.861084	0.004784	
2025-09-09 10:06:55.975	continuous	477	1	->	2	3	3	0.000148	False	2.410596	0.860998	0.004783	
2025-09-09 10:06:55.975	continuous	478	1	->	2	3	3	0.000151	False	2.409880	0.860912	0.004783	
2025-09-09 10:06:55.975	continuous	479	2	->		3	3	0.000160	False	2.408898	0.860826	0.004782	
2025-09-09 10:06:55.975	continuous	480	1	->		2	3	0.000151	False	2.486394	0.860740	0.004782	
2025-09-09 10:06:55.975	continuous	481	2	->		3	3	0.000162	False	2.408307	0.860654	0.004781	
2025-09-09 10:06:55.976	continuous	482	2	->	3	4	3	0.000174	False	2.514132	0.860568	0.004781	
2025-09-09 10:06:55.976	continuous	483	1	->	2	3	3	0.000157	False	2.408176	0.860482	0.004780	
2025-09-09 10:06:55.976	continuous	484	1	->	2	3	3	0.000160	False	2.407438	0.860396	0.004780	
2025-09-09 10:06:55.976	continuous	485	1	->		2	3	0.000157	False	2.486364	0.860310	0.004779	
2025-09-09 10:06:55.976	continuous	486	2	->		3	3	0.000168	False	2.406638	0.860224	0.004779	
2025-09-09 10:06:55.976	continuous	487	2	->		3	3	0.000171	False	2.405934	0.860138	0.004779	
2025-09-09 10:06:55.977	continuous	488	1	->	2	3	3	0.000167	False	2.405499	0.860052	0.004778	
2025-09-09 10:06:55.977	continuous	489	2	->		3	3	0.000177	False	2.404558	0.859966	0.004778	
2025-09-09 10:06:55.977	continuous	490	1	->		2	3	0.000167	False	2.486356	0.859880	0.004777	
2025-09-09 10:06:55.977	continuous	491	1	->	2	3	3	0.000172	False	2.404196	0.859794	0.004777	
2025-09-09 10:06:55.977	continuous	492	1	->		2	3	0.000170	False	2.486067	0.859708	0.004776	
2025-09-09 10:06:55.977	continuous	493	1	->	2	3	3	0.000175	False	2.403555	0.859622	0.004776	
2025-09-09 10:06:55.978	continuous	494	1	->		2	3	0.000172	False	2.485774	0.859536	0.004775	
2025-09-09 10:06:55.978	continuous	495	1	->		2	3	0.000172	False	2.485356	0.859450	0.004775	
2025-09-09 10:06:55.978	continuous	496	1	->		2	3	0.000171	False	2.484939	0.859364	0.004774	
2025-09-09 10:06:55.978	continuous	497	3	->		4	3	0.000157	False	2.512701	0.859278	0.004774	
2025-09-09 10:06:55.978	continuous	498	1	->		2	3	0.000170	False	2.484568	0.859192	0.004773	
2025-09-09 10:06:55.978	continuous	499	2	->		3	3	0.000182	False	2.403227	0.859106	0.004773	
2025-09-09 10:06:55.979	continuous	500	1	->		2	3	0.000172	False	2.484237	0.859020	0.004772	
2025-09-09 10:06:55.979	continuous	501	1	->	2	3	3	0.000177	False	2.402881	0.858934	0.004772	
2025-09-09 10:06:55.979	continuous	502	2	->		3	3	0.000187	False	2.401884	0.858848	0.004771	
2025-09-09 10:06:55.979	continuous	503	2	->		3	3	0.000191	False	2.401140	0.858763	0.004771	
2025-09-09 10:06:55.979	continuous	504	1	->	2	3	3	0.000186	False	2.400693	0.858677	0.004770	
2025-09-09 10:06:55.979	continuous	505	1	->		2	3	0.000183	False	2.484227	0.858591	0.004770	
2025-09-09 10:06:55.980	continuous	506	2	->		3	3	0.000196	False	2.399762	0.858505	0.004769	
2025-09-09 10:06:55.980	continuous	507	1	->	2	3	3	0.000192	False	2.399295	0.858419	0.004769	
2025-09-09 10:06:55.980	continuous	508	1	->	2	3	3	0.000196	False	2.398481	0.858333	0.004769	
2025-09-09 10:06:55.980	continuous	509	2	->		3	3	0.000206	False	2.397543	0.858247	0.004768	
2025-09-09 10:06:55.980	continuous	510	2	->		3	3	0.000210	False	2.396760	0.858162	0.004768	
2025-09-09 10:06:55.980	continuous	511	1	->	2	3	3	0.000206	False	2.396177	0.858076	0.004767	
2025-09-09 10:06:55.980	continuous	512	1	->		2	3	0.000202	False	2.484418	0.857990	0.004767	
2025-09-09 10:06:55.981	continuous	513	1	->		2	3	0.000202	False	2.483970	0.857904	0.004766	
2025-09-09 10:06:55.981	continuous	514	1	->		2	3	0.000201	False	2.483523	0.857818	0.004766	
2025-09-09 10:06:55.981	continuous	515	1	->	2	3	3	0.000208	False	2.395698	0.857733	0.004765	
2025-09-09 10:06:55.981	continuous	516	1	->	2	3	3	0.000212	False	2.394849	0.857647	0.004765	
2025-09-09 10:06:55.981	continuous	517	2	->		3	3	0.000222	False	2.393958	0.857561	0.004764	
2025-09-09 10:06:55.981	continuous	518	3	->		4	3	0.000195	False	2.515314	0.857475	0.004764	
2025-09-09 10:06:55.982	continuous	519	1	->	2	3	3	0.000218	False	2.393420	0.857390	0.004763	
2025-09-09 10:06:55.982	continuous	520	1	->	2	3	3	0.000222	False	2.392552	0.857304	0.004763	
2025-09-09 10:06:55.982	continuous	521	1	->	2	3	3	0.000226	False	2.391677	0.857218	0.004762	
2025-09-09 10:06:55.982	continuous	522	1	->	2	3	3	0.000230	False	2.390793	0.857132	0.004762	
2025-09-09 10:06:55.982	continuous	523	1	->		2	3	0.000225	False	2.483940	0.857047	0.004761	
2025-09-09 10:06:55.982	continuous	524	1	->	2	3	3	0.000233	False	2.390027	0.856961	0.004761	
2025-09-09 10:06:55.983	continuous	525	1	->	2	3	3	0.000238	False	2.389128	0.856875	0.004760	
2025-09-09 10:06:55.983	continuous	526	2	->		3	3	0.000246	False	2.388703	0.856790	0.004760	
2025-09-09 10:06:55.983	continuous	527	2	->		3	3	0.000251	False	2.387834	0.856704	0.004759	
2025-09-09 10:06:55.983	continuous	528	2	->	3	4	3	0.000266	False	2.519172	0.856618	0.004759	
2025-09-09 10:06:55.983	continuous	529	1	->	2	3	3	0.000248	False	2.386786	0.856533	0.004759	
2025-09-09 10:06:55.983	continuous	530	1	->	2	3	3	0.000253	False	2.385859	0.856447	0.004758	
2025-09-09 10:06:55.984	continuous	531	2	->	3	4	3	0.000273	False	2.518870	0.856361	0.004758	
2025-09-09 10:06:55.984	continuous	532	1	->	2	3	3	0.000256	False	2.385135	0.856276	0.004757	
2025-09-09 10:06:55.984	continuous	533	1	->	2	3	3	0.000261	False	2.384193	0.856190	0.004757	
2025-09-09 10:06:55.984	continuous	534	1	->	2	3	3	0.000265	False	2.383243	0.856104	0.004756	
2025-09-09 10:06:55.984	continuous	535	2	->		3	3	0.000272	False	2.383250	0.856019	0.004756	
2025-09-09 10:06:55.984	continuous	536	1	->	2	3	3	0.000275	False	2.381412	0.855933	0.004755	
2025-09-09 10:06:55.985	continuous	537	2	->		3	3	0.000281	False	2.381440	0.855848	0.004755	
2025-09-09 10:06:55.985	continuous	538	1	->		2	3	0.000273	False	2.484935	0.855762	0.004754	
2025-09-09 10:06:55.985	continuous	539	1	->		2	3	0.000272	False	2.484419	0.855676	0.004754	
2025-09-09 10:06:55.985	continuous	540	1	->	2	3	3	0.000283	False	2.379807	0.855591	0.004753	
2025-09-09 10:06:55.985	continuous	541	2	->		3	3	0.000290	False	2.379797	0.855505	0.004753	
2025-09-09 10:06:55.985	continuous	542	1	->	2	3	3	0.000293	False	2.377908	0.855420	0.004752	
2025-09-09 10:06:55.986	continuous	543	1	->	2	3	3	0.000298	False	2.376895	0.855334	0.004752	
2025-09-09 10:06:55.986	continuous	544	1	->		2	3	0.000291	False	2.484386	0.855249	0.004751	
2025-09-09 10:06:55.986	continuous	545	2	->		3	3	0.000304	False	2.377107	0.855163	0.004751	
2025-09-09 10:06:55.986	continuous	546	1	->	2	3	3	0.000308	False	2.375075	0.855078	0.004750	
2025-09-09 10:06:55.986	continuous	547	2	->		3	3	0.000314	False	2.375192	0.854992	0.004750	
2025-09-09 10:06:55.986	continuous	548	2	->		3	3	0.000320	False	2.374196	0.854907	0.004749	
2025-09-09 10:06:55.987	continuous	549	2	->		3	3	0.000325	False	2.373191	0.854821	0.004749	
2025-09-09 10:06:55.987	continuous	550	1	->		2	3	0.000316	False	2.484373	0.854736	0.004749	
2025-09-09 10:06:55.987	continuous	551	2	->	3	4	3	0.000344	False	2.522040	0.854650	0.004748	
2025-09-09 10:06:55.987	continuous	552	2	->		3	3	0.000328	False	2.372564	0.854565	0.004748	
2025-09-09 10:06:55.987	continuous	553	1	->		2	3	0.000319	False	2.483972	0.854479	0.004747	
2025-09-09 10:06:55.987	continuous	554	1	->	2	3	3	0.000331	False	2.370694	0.854394	0.004747	
2025-09-09 10:06:55.988	continuous	555	2	->		3	3	0.000339	False	2.370661	0.854308	0.004746	
2025-09-09 10:06:55.988	continuous	556	1	->	2	3	3	0.000343	False	2.368622	0.854223	0.004746	
2025-09-09 10:06:55.988	continuous	557	4	->	5	6	3	0.000260	False	2.524898	0.854137	0.004745	
2025-09-09 10:06:55.988	continuous	558	1	->	2	3	3	0.000347	False	2.367833	0.854052	0.004745	
2025-09-09 10:06:55.988	continuous	559	1	->		2	3	0.000339	False	2.483867	0.853967	0.004744	
2025-09-09 10:06:55.988	continuous	560	1	->	2	3	3	0.000352	False	2.366861	0.853881	0.004744	
2025-09-09 10:06:55.988	continuous	561	1	->	2	3	3	0.000359	False	2.365747	0.853796	0.004743	
2025-09-09 10:06:55.989	continuous	562	2	->		3	3	0.000365	False	2.365980	0.853710	0.004743	
2025-09-09 10:06:55.989	continuous	563	1	->		2	3	0.000356	False	2.483664	0.853625	0.004742	
2025-09-09 10:06:55.989	continuous	564	1	->	2	3	3	0.000371	False	2.363719	0.853540	0.004742	
2025-09-09 10:06:55.989	continuous	565	2	->		3	3	0.000378	False	2.363943	0.853454	0.004741	
2025-09-09 10:06:55.989	continuous	566	2	->		3	3	0.000384	False	2.362838	0.853369	0.004741	
2025-09-09 10:06:55.989	continuous	567	1	->	2	3	3	0.000390	False	2.360449	0.853284	0.004740	
2025-09-09 10:06:55.990	continuous	568	1	->		2	3	0.000381	False	2.483549	0.853198	0.004740	
2025-09-09 10:06:55.990	continuous	569	2	->		3	3	0.000397	False	2.360749	0.853113	0.004740	
2025-09-09 10:06:55.990	continuous	570	1	->	2	3	3	0.000404	False	2.358317	0.853028	0.004739	
2025-09-09 10:06:55.990	continuous	571	1	->	2	3	3	0.000411	False	2.357115	0.852942	0.004739	
2025-09-09 10:06:55.990	continuous	572	2	->		3	3	0.000418	False	2.357402	0.852857	0.004738	
2025-09-09 10:06:55.990	continuous	573	1	->	2	3	3	0.000426	False	2.354782	0.852772	0.004738	
2025-09-09 10:06:55.991	continuous	574	2	->		3	3	0.000432	False	2.355102	0.852687	0.004737	
2025-09-09 10:06:55.991	continuous	575	1	->		2	3	0.000423	False	2.483669	0.852601	0.004737	
2025-09-09 10:06:55.991	continuous	576	2	->		3	3	0.000440	False	2.354015	0.852516	0.004736	
2025-09-09 10:06:55.991	continuous	577	1	->	2	3	3	0.000448	False	2.351373	0.852431	0.004736	
2025-09-09 10:06:55.991	continuous	578	1	->	2	3	3	0.000456	False	2.350080	0.852346	0.004735	
2025-09-09 10:06:55.991	continuous	579	2	->	3	4	3	0.000480	False	2.527384	0.852260	0.004735	
2025-09-09 10:06:55.992	continuous	580	1	->		2	3	0.000443	False	2.483483	0.852175	0.004734	
2025-09-09 10:06:55.992	continuous	581	2	->		3	3	0.000459	False	2.350870	0.852090	0.004734	
2025-09-09 10:06:55.992	continuous	582	3	->		4	3	0.000418	False	2.524196	0.852005	0.004733	
2025-09-09 10:06:55.992	continuous	583	3	->		4	3	0.000416	False	2.523372	0.851919	0.004733	
2025-09-09 10:06:55.992	continuous	584	1	->	2	3	3	0.000464	False	2.348612	0.851834	0.004732	
2025-09-09 10:06:55.992	continuous	585	2	->		3	3	0.000470	False	2.349080	0.851749	0.004732	
2025-09-09 10:06:55.993	continuous	586	3	->		4	3	0.000428	False	2.523134	0.851664	0.004731	
2025-09-09 10:06:55.993	continuous	587	1	->		2	3	0.000459	False	2.483407	0.851579	0.004731	
2025-09-09 10:06:55.993	continuous	588	1	->	2	3	3	0.000478	False	2.346516	0.851494	0.004731	
2025-09-09 10:06:55.993	continuous	589	2	->		3	3	0.000483	False	2.347042	0.851408	0.004730	
2025-09-09 10:06:55.993	continuous	590	1	->	2	3	3	0.000495	False	2.343966	0.851323	0.004730	
2025-09-09 10:06:55.993	continuous	591	2	->		3	3	0.000500	False	2.344535	0.851238	0.004729	
2025-09-09 10:06:55.994	continuous	592	2	->		3	3	0.000509	False	2.343235	0.851153	0.004729	
2025-09-09 10:06:55.994	continuous	593	1	->		2	3	0.000501	False	2.483360	0.851068	0.004728	
2025-09-09 10:06:55.994	continuous	594	2	->		3	3	0.000518	False	2.342033	0.850983	0.004728	
2025-09-09 10:06:55.994	continuous	595	2	->		3	3	0.000527	False	2.340708	0.850898	0.004727	
2025-09-09 10:06:55.994	continuous	596	3	->		4	3	0.000481	False	2.524627	0.850813	0.004727	
2025-09-09 10:06:55.994	continuous	597	2	->		3	3	0.000534	False	2.339703	0.850728	0.004726	
2025-09-09 10:06:55.994	continuous	598	2	->		3	3	0.000543	False	2.338354	0.850642	0.004726	
2025-09-09 10:06:55.995	continuous	599	1	->	2	3	3	0.000556	False	2.335323	0.850557	0.004725	
2025-09-09 10:06:55.995	continuous	600	1	->		2	3	0.000544	False	2.483340	0.850472	0.004725	
2025-09-09 10:06:55.995	continuous	601	1	->	2	3	3	0.000566	False	2.333996	0.850387	0.004724	
2025-09-09 10:06:55.995	continuous	602	2	->		3	3	0.000572	False	2.334409	0.850302	0.004724	
2025-09-09 10:06:55.995	continuous	603	1	->		2	3	0.000563	False	2.482884	0.850217	0.004723	
2025-09-09 10:06:55.995	continuous	604	2	->		3	3	0.000582	False	2.333117	0.850132	0.004723	
2025-09-09 10:06:55.996	continuous	605	1	->		2	3	0.000573	False	2.482268	0.850047	0.004722	
2025-09-09 10:06:55.996	continuous	606	1	->	2	3	3	0.000596	False	2.330060	0.849962	0.004722	
2025-09-09 10:06:55.996	continuous	607	1	->	2	3	3	0.000608	False	2.328526	0.849877	0.004722	
2025-09-09 10:06:55.996	continuous	608	1	->	2	3	3	0.000620	False	2.326984	0.849792	0.004721	
2025-09-09 10:06:55.996	continuous	609	2	->		3	3	0.000625	False	2.327561	0.849707	0.004721	
2025-09-09 10:06:55.996	continuous	610	1	->		2	3	0.000617	False	2.482086	0.849622	0.004720	
2025-09-09 10:06:55.997	continuous	611	1	->	2	3	3	0.000642	False	2.324132	0.849537	0.004720	
2025-09-09 10:06:55.997	continuous	612	2	->		3	3	0.000648	False	2.324742	0.849452	0.004719	
2025-09-09 10:06:55.997	continuous	613	1	->	2	3	3	0.000667	False	2.321067	0.849367	0.004719	
2025-09-09 10:06:55.997	continuous	614	2	->		3	3	0.000672	False	2.321747	0.849282	0.004718	
2025-09-09 10:06:55.997	continuous	615	2	->		3	3	0.000684	False	2.320213	0.849198	0.004718	
2025-09-09 10:06:55.997	continuous	616	1	->		2	3	0.000676	False	2.481967	0.849113	0.004717	
2025-09-09 10:06:55.998	continuous	617	2	->		3	3	0.000696	False	2.318781	0.849028	0.004717	
2025-09-09 10:06:55.998	continuous	618	1	->	2	3	3	0.000717	False	2.315040	0.848943	0.004716	
2025-09-09 10:06:55.998	continuous	619	2	->		3	3	0.000722	False	2.315666	0.848858	0.004716	
2025-09-09 10:06:55.998	continuous	620	1	->		2	3	0.000714	False	2.481556	0.848773	0.004715	
2025-09-09 10:06:55.998	continuous	621	1	->		2	3	0.000713	False	2.480740	0.848688	0.004715	
2025-09-09 10:06:55.998	continuous	622	1	->	2	3	3	0.000743	False	2.312084	0.848603	0.004714	
2025-09-09 10:06:55.998	continuous	623	1	->	2	3	3	0.000757	False	2.310368	0.848518	0.004714	
2025-09-09 10:06:55.999	continuous	624	2	->		3	3	0.000762	False	2.311119	0.848434	0.004714	
2025-09-09 10:06:55.999	continuous	625	2	->		3	3	0.000776	False	2.309472	0.848349	0.004713	
2025-09-09 10:06:55.999	continuous	626	1	->	2	3	3	0.000801	False	2.305381	0.848264	0.004713	
2025-09-09 10:06:55.999	continuous	627	2	->		3	3	0.000805	False	2.306158	0.848179	0.004712	
2025-09-09 10:06:55.999	continuous	628	1	->		2	3	0.000798	False	2.480730	0.848094	0.004712	
2025-09-09 10:06:55.999	continuous	629	2	->		3	3	0.000820	False	2.304580	0.848009	0.004711	
2025-09-09 10:06:56.000	continuous	630	2	->		3	3	0.000836	False	2.302865	0.847925	0.004711	
2025-09-09 10:06:56.000	continuous	631	2	->		3	3	0.000851	False	2.301131	0.847840	0.004710	
2025-09-09 10:06:56.000	continuous	632	2	->		3	3	0.000868	False	2.299379	0.847755	0.004710	
2025-09-09 10:06:56.000	continuous	633	1	->	2	3	3	0.000895	False	2.295236	0.847670	0.004709	
2025-09-09 10:06:56.000	continuous	634	1	->		2	3	0.000875	False	2.480510	0.847586	0.004709	
2025-09-09 10:06:56.001	continuous	635	1	->		2	3	0.000874	False	2.479604	0.847501	0.004708	
2025-09-09 10:06:56.001	continuous	636	2	->		3	3	0.000900	False	2.296102	0.847416	0.004708	
2025-09-09 10:06:56.001	continuous	637	2	->		3	3	0.000917	False	2.294295	0.847331	0.004707	
2025-09-09 10:06:56.001	continuous	638	1	->	2	3	3	0.000946	False	2.290066	0.847247	0.004707	
2025-09-09 10:06:56.001	continuous	639	1	->		2	3	0.000925	False	2.479098	0.847162	0.004706	
2025-09-09 10:06:56.001	continuous	640	1	->	2	3	3	0.000964	False	2.288249	0.847077	0.004706	
2025-09-09 10:06:56.002	continuous	641	1	->		2	3	0.000942	False	2.478324	0.846992	0.004706	
2025-09-09 10:06:56.002	continuous	642	1	->	2	3	3	0.000983	False	2.286422	0.846908	0.004705	
2025-09-09 10:06:56.002	continuous	643	1	->	2	3	3	0.001003	False	2.284414	0.846823	0.004705	
2025-09-09 10:06:56.002	continuous	644	1	->	2	3	3	0.001024	False	2.282384	0.846738	0.004704	
2025-09-09 10:06:56.002	continuous	645	1	->		2	3	0.001000	False	2.477854	0.846654	0.004704	
2025-09-09 10:06:56.002	continuous	646	1	->		2	3	0.000999	False	2.476885	0.846569	0.004703	
2025-09-09 10:06:56.003	continuous	647	2	->		3	3	0.001024	False	2.283682	0.846484	0.004703	
2025-09-09 10:06:56.003	continuous	648	3	->		4	3	0.000949	False	2.539412	0.846400	0.004702	
2025-09-09 10:06:56.003	continuous	649	2	->		3	3	0.001038	False	2.282197	0.846315	0.004702	
2025-09-09 10:06:56.003	continuous	650	2	->		3	3	0.001058	False	2.280240	0.846230	0.004701	
2025-09-09 10:06:56.003	continuous	651	2	->		3	3	0.001079	False	2.278261	0.846146	0.004701	
2025-09-09 10:06:56.003	continuous	652	2	->	3	4	3	0.001127	False	2.542922	0.846061	0.004700	
2025-09-09 10:06:56.004	continuous	653	2	->	3	4	3	0.001120	False	2.541606	0.845977	0.004700	
2025-09-09 10:06:56.004	continuous	654	1	->	2	3	3	0.001106	False	2.274323	0.845892	0.004699	
2025-09-09 10:06:56.004	continuous	655	1	->	2	3	3	0.001129	False	2.272161	0.845807	0.004699	
2025-09-09 10:06:56.004	continuous	656	2	->		3	3	0.001129	False	2.273266	0.845723	0.004698	
2025-09-09 10:06:56.004	continuous	657	2	->	3	4	3	0.001179	False	2.541746	0.845638	0.004698	
2025-09-09 10:06:56.004	continuous	658	1	->		2	3	0.001117	False	2.477243	0.845554	0.004698	
2025-09-09 10:06:56.004	continuous	659	1	->	2	3	3	0.001167	False	2.268620	0.845469	0.004697	
2025-09-09 10:06:56.005	continuous	660	1	->	2	3	3	0.001191	False	2.266411	0.845385	0.004697	
2025-09-09 10:06:56.005	continuous	661	2	->		3	3	0.001189	False	2.267709	0.845300	0.004696	
2025-09-09 10:06:56.005	continuous	662	1	->		2	3	0.001186	False	2.476670	0.845215	0.004696	
2025-09-09 10:06:56.005	continuous	663	1	->	2	3	3	0.001239	False	2.262256	0.845131	0.004695	
2025-09-09 10:06:56.005	continuous	664	2	->		3	3	0.001235	False	2.263608	0.845046	0.004695	
2025-09-09 10:06:56.005	continuous	665	2	->		3	3	0.001260	False	2.261446	0.844962	0.004694	
2025-09-09 10:06:56.006	continuous	666	1	->		2	3	0.001257	False	2.476032	0.844877	0.004694	
2025-09-09 10:06:56.006	continuous	667	1	->	2	3	3	0.001313	False	2.255854	0.844793	0.004693	
2025-09-09 10:06:56.006	continuous	668	1	->		2	3	0.001282	False	2.475107	0.844708	0.004693	
2025-09-09 10:06:56.006	continuous	669	1	->		2	3	0.001281	False	2.474007	0.844624	0.004692	
2025-09-09 10:06:56.006	continuous	670	2	->	3	4	3	0.001339	False	2.544445	0.844540	0.004692	
2025-09-09 10:06:56.006	continuous	671	2	->		3	3	0.001301	False	2.257982	0.844455	0.004691	
2025-09-09 10:06:56.007	continuous	672	1	->		2	3	0.001299	False	2.473138	0.844371	0.004691	
2025-09-09 10:06:56.007	continuous	673	2	->		3	3	0.001327	False	2.255875	0.844286	0.004690	
2025-09-09 10:06:56.007	continuous	674	1	->		2	3	0.001324	False	2.472145	0.844202	0.004690	
2025-09-09 10:06:56.007	continuous	675	1	->	2	3	3	0.001383	False	2.250243	0.844117	0.004690	
2025-09-09 10:06:56.007	continuous	676	2	->		3	3	0.001380	False	2.251504	0.844033	0.004689	
2025-09-09 10:06:56.007	continuous	677	2	->		3	3	0.001408	False	2.249206	0.843949	0.004689	
2025-09-09 10:06:56.008	continuous	678	1	->	2	3	3	0.001469	False	2.243257	0.843864	0.004688	
2025-09-09 10:06:56.008	continuous	679	2	->		3	3	0.001465	False	2.244567	0.843780	0.004688	
2025-09-09 10:06:56.008	continuous	680	1	->		2	3	0.001463	False	2.471682	0.843695	0.004687	
2025-09-09 10:06:56.008	continuous	681	1	->		2	3	0.001462	False	2.470505	0.843611	0.004687	
2025-09-09 10:06:56.008	continuous	682	1	->	2	3	3	0.001529	False	2.238723	0.843527	0.004686	
2025-09-09 10:06:56.008	continuous	683	2	->		3	3	0.001524	False	2.240062	0.843442	0.004686	
2025-09-09 10:06:56.009	continuous	684	1	->	2	3	3	0.001593	False	2.233772	0.843358	0.004685	
2025-09-09 10:06:56.009	continuous	685	1	->	2	3	3	0.001627	False	2.231162	0.843274	0.004685	
2025-09-09 10:06:56.009	continuous	686	1	->	2	3	3	0.001662	False	2.228519	0.843189	0.004684	
2025-09-09 10:06:56.009	continuous	687	2	->		3	3	0.001652	False	2.230285	0.843105	0.004684	
2025-09-09 10:06:56.009	continuous	688	2	->		3	3	0.001686	False	2.227742	0.843021	0.004683	
2025-09-09 10:06:56.009	continuous	689	2	->		3	3	0.001720	False	2.225175	0.842936	0.004683	
2025-09-09 10:06:56.010	continuous	690	2	->		3	3	0.001756	False	2.222578	0.842852	0.004683	
2025-09-09 10:06:56.010	continuous	691	2	->		3	3	0.001792	False	2.219950	0.842768	0.004682	
2025-09-09 10:06:56.010	continuous	692	3	->		4	3	0.001676	False	2.549728	0.842684	0.004682	
2025-09-09 10:06:56.010	continuous	693	2	->		3	3	0.001819	False	2.217882	0.842599	0.004681	
2025-09-09 10:06:56.010	continuous	694	1	->	2	3	3	0.001904	False	2.210990	0.842515	0.004681	
2025-09-09 10:06:56.010	continuous	695	4	->		5	3	0.001581	False	2.500234	0.842431	0.004680	
2025-09-09 10:06:56.011	continuous	696	2	->		3	3	0.001893	False	2.212745	0.842347	0.004680	
2025-09-09 10:06:56.011	continuous	697	2	->		3	3	0.001933	False	2.210004	0.842262	0.004679	
2025-09-09 10:06:56.011	continuous	698	2	->		3	3	0.001974	False	2.207232	0.842178	0.004679	
2025-09-09 10:06:56.011	continuous	699	1	->		2	3	0.001975	False	2.471751	0.842094	0.004678	
2025-09-09 10:06:56.011	continuous	700	1	->	2	3	3	0.002065	False	2.200323	0.842010	0.004678	
2025-09-09 10:06:56.011	continuous	701	1	->	2	3	3	0.002111	False	2.197286	0.841925	0.004677	
2025-09-09 10:06:56.012	continuous	702	1	->	2	3	3	0.002158	False	2.194234	0.841841	0.004677	
2025-09-09 10:06:56.012	continuous	703	1	->	2	3	3	0.002207	False	2.191153	0.841757	0.004676	
2025-09-09 10:06:56.012	continuous	704	2	->		3	3	0.002189	False	2.193203	0.841673	0.004676	
2025-09-09 10:06:56.012	continuous	705	1	->	2	3	3	0.002303	False	2.185111	0.841589	0.004675	
2025-09-09 10:06:56.012	continuous	706	2	->		3	3	0.002283	False	2.187267	0.841505	0.004675	
2025-09-09 10:06:56.012	continuous	707	2	->		3	3	0.002332	False	2.184229	0.841420	0.004675	
2025-09-09 10:06:56.012	continuous	708	1	->	2	3	3	0.002455	False	2.175907	0.841336	0.004674	
2025-09-09 10:06:56.013	continuous	709	1	->	2	3	3	0.002510	False	2.172632	0.841252	0.004674	
2025-09-09 10:06:56.013	continuous	710	3	->		4	3	0.002288	False	2.558154	0.841168	0.004673	
2025-09-09 10:06:56.013	continuous	711	2	->		3	3	0.002471	False	2.175676	0.841084	0.004673	
2025-09-09 10:06:56.013	continuous	712	1	->	2	3	3	0.002607	False	2.166889	0.841000	0.004672	
2025-09-09 10:06:56.013	continuous	713	2	->		3	3	0.002579	False	2.169324	0.840916	0.004672	
2025-09-09 10:06:56.013	continuous	714	1	->	2	3	3	0.002723	False	2.160302	0.840832	0.004671	
2025-09-09 10:06:56.014	continuous	715	1	->	2	3	3	0.002785	False	2.156840	0.840747	0.004671	
2025-09-09 10:06:56.014	continuous	716	2	->		3	3	0.002751	False	2.159534	0.840663	0.004670	
2025-09-09 10:06:56.014	continuous	717	2	->	3	4	3	0.002863	False	2.564553	0.840579	0.004670	
2025-09-09 10:06:56.014	continuous	718	2	->		3	3	0.002795	False	2.156944	0.840495	0.004669	
2025-09-09 10:06:56.014	continuous	719	2	->	3	4	3	0.002908	False	2.563286	0.840411	0.004669	
2025-09-09 10:06:56.014	continuous	720	1	->		2	3	0.002803	False	2.474206	0.840327	0.004668	
2025-09-09 10:06:56.015	continuous	721	1	->		2	3	0.002801	False	2.472554	0.840243	0.004668	
2025-09-09 10:06:56.015	continuous	722	2	->		3	3	0.002837	False	2.154737	0.840159	0.004668	
2025-09-09 10:06:56.015	continuous	723	2	->		3	3	0.002900	False	2.151312	0.840075	0.004667	
2025-09-09 10:06:56.015	continuous	724	1	->	2	3	3	0.003064	False	2.141860	0.839991	0.004667	
2025-09-09 10:06:56.015	continuous	725	1	->		2	3	0.002990	False	2.471574	0.839907	0.004666	
2025-09-09 10:06:56.015	continuous	726	2	->		3	3	0.003029	False	2.144604	0.839823	0.004666	
2025-09-09 10:06:56.016	continuous	727	3	->		4	3	0.002853	False	2.561037	0.839739	0.004665	
2025-09-09 10:06:56.016	continuous	728	1	->	2	3	3	0.003185	False	2.135647	0.839655	0.004665	
2025-09-09 10:06:56.016	continuous	729	1	->	2	3	3	0.003259	False	2.131884	0.839571	0.004664	
2025-09-09 10:06:56.016	continuous	730	2	->		3	3	0.003217	False	2.134700	0.839487	0.004664	
2025-09-09 10:06:56.016	continuous	731	1	->		2	3	0.003249	False	2.470934	0.839403	0.004663	
2025-09-09 10:06:56.017	continuous	732	1	->		2	3	0.003247	False	2.469152	0.839319	0.004663	
2025-09-09 10:06:56.017	continuous	733	1	->	2	3	3	0.003404	False	2.124982	0.839235	0.004662	
2025-09-09 10:06:56.017	continuous	734	1	->		2	3	0.003321	False	2.467625	0.839152	0.004662	
2025-09-09 10:06:56.017	continuous	735	1	->	2	3	3	0.003483	False	2.121311	0.839068	0.004661	
2025-09-09 10:06:56.017	continuous	736	2	->	3	4	3	0.003493	False	2.567369	0.838984	0.004661	
2025-09-09 10:06:56.017	continuous	737	1	->		2	3	0.003378	False	2.466247	0.838900	0.004661	
2025-09-09 10:06:56.018	continuous	738	1	->		2	3	0.003376	False	2.464429	0.838816	0.004660	
2025-09-09 10:06:56.018	continuous	739	1	->	2	3	3	0.003543	False	2.118671	0.838732	0.004660	
2025-09-09 10:06:56.018	continuous	740	2	->		3	3	0.003491	False	2.121835	0.838648	0.004659	
2025-09-09 10:06:56.018	continuous	741	1	->	2	3	3	0.003708	False	2.110880	0.838564	0.004659	
2025-09-09 10:06:56.018	continuous	742	1	->	2	3	3	0.003797	False	2.106784	0.838480	0.004658	
2025-09-09 10:06:56.018	continuous	743	2	->		3	3	0.003734	False	2.110304	0.838397	0.004658	
2025-09-09 10:06:56.019	continuous	744	1	->	2	3	3	0.003975	False	2.098744	0.838313	0.004657	
2025-09-09 10:06:56.019	continuous	745	1	->	2	3	3	0.004070	False	2.094524	0.838229	0.004657	
2025-09-09 10:06:56.019	continuous	746	1	->	2	3	3	0.004168	False	2.090252	0.838145	0.004656	
2025-09-09 10:06:56.019	continuous	747	2	->		3	3	0.004090	False	2.094282	0.838061	0.004656	
2025-09-09 10:06:56.019	continuous	748	1	->	2	3	3	0.004366	False	2.081819	0.837977	0.004655	
2025-09-09 10:06:56.019	continuous	749	1	->	2	3	3	0.004472	False	2.077382	0.837894	0.004655	
2025-09-09 10:06:56.019	continuous	750	1	->	2	3	3	0.004581	False	2.072895	0.837810	0.004654	
2025-09-09 10:06:56.020	continuous	751	1	->		2	3	0.004462	False	2.465523	0.837726	0.004654	
2025-09-09 10:06:56.020	continuous	752	2	->		3	3	0.004482	False	2.077726	0.837642	0.004654	
2025-09-09 10:06:56.020	continuous	753	2	->		3	3	0.004589	False	2.073357	0.837559	0.004653	
2025-09-09 10:06:56.020	continuous	754	3	->		4	3	0.004350	False	2.574141	0.837475	0.004653	
2025-09-09 10:06:56.020	continuous	755	2	->	3	4	3	0.004743	False	2.575914	0.837391	0.004652	
2025-09-09 10:06:56.020	continuous	756	2	->		3	3	0.004642	False	2.070883	0.837307	0.004652	
2025-09-09 10:06:56.021	continuous	757	2	->		3	3	0.004753	False	2.066426	0.837224	0.004651	
2025-09-09 10:06:56.021	continuous	758	3	->		4	3	0.004504	False	2.571168	0.837140	0.004651	
2025-09-09 10:06:56.021	continuous	759	2	->		3	3	0.004839	False	2.062869	0.837056	0.004650	
2025-09-09 10:06:56.021	continuous	760	1	->		2	3	0.004920	False	2.465393	0.836972	0.004650	
2025-09-09 10:06:56.021	continuous	761	2	->		3	3	0.004952	False	2.058618	0.836889	0.004649	
2025-09-09 10:06:56.021	continuous	762	1	->		2	3	0.005033	False	2.463465	0.836805	0.004649	
2025-09-09 10:06:56.022	continuous	763	1	->		2	3	0.005030	False	2.461226	0.836721	0.004648	
2025-09-09 10:06:56.022	continuous	764	2	->		3	3	0.005068	False	2.054587	0.836638	0.004648	
2025-09-09 10:06:56.022	continuous	765	2	->		3	3	0.005190	False	2.049937	0.836554	0.004648	
2025-09-09 10:06:56.022	continuous	766	1	->	2	3	3	0.005533	False	2.036743	0.836470	0.004647	
2025-09-09 10:06:56.022	continuous	767	2	->		3	3	0.005443	False	2.040524	0.836387	0.004647	
2025-09-09 10:06:56.022	continuous	768	1	->	2	3	3	0.005808	False	2.026896	0.836303	0.004646	
2025-09-09 10:06:56.023	continuous	769	1	->	2	3	3	0.005957	False	2.021702	0.836219	0.004646	
2025-09-09 10:06:56.023	continuous	770	1	->		2	3	0.005811	False	2.460834	0.836136	0.004645	
2025-09-09 10:06:56.023	continuous	771	1	->	2	3	3	0.006106	False	2.016843	0.836052	0.004645	
2025-09-09 10:06:56.023	continuous	772	1	->		2	3	0.005955	False	2.458776	0.835969	0.004644	
2025-09-09 10:06:56.023	continuous	773	1	->	2	3	3	0.006259	False	2.011907	0.835885	0.004644	
2025-09-09 10:06:56.023	continuous	774	1	->	2	3	3	0.006419	False	2.006574	0.835801	0.004643	
2025-09-09 10:06:56.024	continuous	775	1	->	2	3	3	0.006584	False	2.001191	0.835718	0.004643	
2025-09-09 10:06:56.024	continuous	776	2	->		3	3	0.006436	False	2.006452	0.835634	0.004642	
2025-09-09 10:06:56.024	continuous	777	1	->		2	3	0.006575	False	2.457689	0.835551	0.004642	
2025-09-09 10:06:56.024	continuous	778	2	->		3	3	0.006594	False	2.001528	0.835467	0.004641	
2025-09-09 10:06:56.024	continuous	779	1	->		2	3	0.006732	False	2.455446	0.835384	0.004641	
2025-09-09 10:06:56.024	continuous	780	1	->	2	3	3	0.007078	False	1.986018	0.835300	0.004641	
2025-09-09 10:06:56.025	continuous	781	1	->	2	3	3	0.007263	False	1.980346	0.835217	0.004640	
2025-09-09 10:06:56.025	continuous	782	1	->		2	3	0.007081	False	2.453567	0.835133	0.004640	
2025-09-09 10:06:56.025	continuous	783	2	->		3	3	0.007094	False	1.986174	0.835050	0.004639	
2025-09-09 10:06:56.025	continuous	784	1	->		2	3	0.007252	False	2.451224	0.834966	0.004639	
2025-09-09 10:06:56.025	continuous	785	1	->		2	3	0.007249	False	2.448519	0.834883	0.004638	
2025-09-09 10:06:56.025	continuous	786	2	->	3	4	3	0.007374	False	2.593993	0.834799	0.004638	
2025-09-09 10:06:56.025	continuous	787	2	->		3	3	0.007223	False	1.982612	0.834716	0.004637	
2025-09-09 10:06:56.026	continuous	788	2	->		3	3	0.007406	False	1.977055	0.834632	0.004637	
2025-09-09 10:06:56.026	continuous	789	3	->		4	3	0.007041	False	2.588518	0.834549	0.004636	
2025-09-09 10:06:56.026	continuous	790	1	->		2	3	0.007518	False	2.446959	0.834465	0.004636	
2025-09-09 10:06:56.026	continuous	791	1	->	2	3	3	0.007906	False	1.962130	0.834382	0.004635	
2025-09-09 10:06:56.026	continuous	792	1	->		2	3	0.007713	False	2.444563	0.834298	0.004635	
2025-09-09 10:06:56.026	continuous	793	2	->		3	3	0.007736	False	1.967703	0.834215	0.004635	
2025-09-09 10:06:56.027	continuous	794	3	->		4	3	0.007356	False	2.588441	0.834131	0.004634	
2025-09-09 10:06:56.027	continuous	795	1	->		2	3	0.007857	False	2.442352	0.834048	0.004634	
2025-09-09 10:06:56.027	continuous	796	1	->		2	3	0.007856	False	2.439534	0.833965	0.004633	
2025-09-09 10:06:56.027	continuous	797	1	->		2	3	0.007856	False	2.436716	0.833881	0.004633	
2025-09-09 10:06:56.027	continuous	798	2	->		3	3	0.007888	False	1.964106	0.833798	0.004632	
2025-09-09 10:06:56.027	continuous	799	2	->		3	3	0.008089	False	1.958327	0.833714	0.004632	
2025-09-09 10:06:56.028	continuous	800	2	->		3	3	0.008296	False	1.952475	0.833631	0.004631	
2025-09-09 10:06:56.028	continuous	801	3	->		4	3	0.007881	False	2.589907	0.833548	0.004631	
2025-09-09 10:06:56.028	continuous	802	2	->		3	3	0.008458	False	1.947840	0.833464	0.004630	
2025-09-09 10:06:56.028	continuous	803	3	->		4	3	0.008031	False	2.587944	0.833381	0.004630	
2025-09-09 10:06:56.028	continuous	804	2	->		3	3	0.008624	False	1.943145	0.833298	0.004629	
2025-09-09 10:06:56.028	continuous	805	1	->	2	3	3	0.009241	False	1.926452	0.833214	0.004629	
2025-09-09 10:06:56.029	continuous	806	3	->		4	3	0.008400	False	2.587275	0.833131	0.004629	
2025-09-09 10:06:56.029	continuous	807	1	->	2	3	3	0.009436	False	1.921287	0.833048	0.004628	
2025-09-09 10:06:56.029	continuous	808	1	->		2	3	0.009214	False	2.436993	0.832964	0.004628	
2025-09-09 10:06:56.029	continuous	809	2	->		3	3	0.009252	False	1.926609	0.832881	0.004627	
2025-09-09 10:06:56.029	continuous	810	1	->		2	3	0.009449	False	2.434272	0.832798	0.004627	
2025-09-09 10:06:56.029	continuous	811	2	->		3	3	0.009494	False	1.920707	0.832715	0.004626	
2025-09-09 10:06:56.030	continuous	812	1	->	2	3	3	0.010191	False	1.903094	0.832631	0.004626	
2025-09-09 10:06:56.030	continuous	813	1	->	2	3	3	0.010470	False	1.896320	0.832548	0.004625	
2025-09-09 10:06:56.030	continuous	814	1	->	2	3	3	0.010759	False	1.889468	0.832465	0.004625	
2025-09-09 10:06:56.030	continuous	815	1	->	2	3	3	0.011054	False	1.882571	0.832381	0.004624	
2025-09-09 10:06:56.030	continuous	816	2	->		3	3	0.010803	False	1.888573	0.832298	0.004624	
2025-09-09 10:06:56.030	continuous	817	2	->		3	3	0.011092	False	1.881836	0.832215	0.004623	
2025-09-09 10:06:56.031	continuous	818	1	->	2	3	3	0.011958	False	1.862199	0.832132	0.004623	
2025-09-09 10:06:56.031	continuous	819	2	->		3	3	0.011693	False	1.868208	0.832049	0.004622	
2025-09-09 10:06:56.031	continuous	820	2	->		3	3	0.012009	False	1.861230	0.831965	0.004622	
2025-09-09 10:06:56.031	continuous	821	2	->	3	4	3	0.012497	False	2.607658	0.831882	0.004622	
2025-09-09 10:06:56.031	continuous	822	1	->		2	3	0.012221	False	2.435734	0.831799	0.004621	
2025-09-09 10:06:56.031	continuous	823	1	->		2	3	0.012214	False	2.432199	0.831716	0.004621	
2025-09-09 10:06:56.031	continuous	824	1	->	2	3	3	0.012849	False	1.843775	0.831633	0.004620	
2025-09-09 10:06:56.032	continuous	825	3	->		4	3	0.011661	False	2.600071	0.831549	0.004620	
2025-09-09 10:06:56.032	continuous	826	2	->		3	3	0.012490	False	1.851353	0.831466	0.004619	
2025-09-09 10:06:56.032	continuous	827	2	->		3	3	0.012830	False	1.844165	0.831383	0.004619	
2025-09-09 10:06:56.032	continuous	828	2	->		3	3	0.013181	False	1.836890	0.831300	0.004618	
2025-09-09 10:06:56.032	continuous	829	2	->		3	3	0.013543	False	1.829524	0.831217	0.004618	
2025-09-09 10:06:56.033	continuous	830	1	->	2	3	3	0.014584	False	1.808959	0.831134	0.004617	
2025-09-09 10:06:56.033	continuous	831	3	->		4	3	0.013251	False	2.604314	0.831051	0.004617	
2025-09-09 10:06:56.033	continuous	832	1	->		2	3	0.014163	False	2.432445	0.830968	0.004616	
2025-09-09 10:06:56.033	continuous	833	1	->	2	3	3	0.014895	False	1.803368	0.830884	0.004616	
2025-09-09 10:06:56.033	continuous	834	2	->		3	3	0.014583	False	1.809369	0.830801	0.004616	
2025-09-09 10:06:56.033	continuous	835	2	->		3	3	0.014988	False	1.801667	0.830718	0.004615	
2025-09-09 10:06:56.033	continuous	836	1	->	2	3	3	0.016166	False	1.780047	0.830635	0.004615	
2025-09-09 10:06:56.034	continuous	837	2	->		3	3	0.015834	False	1.786066	0.830552	0.004614	
2025-09-09 10:06:56.034	continuous	838	1	->	2	3	3	0.017090	False	1.763871	0.830469	0.004614	
2025-09-09 10:06:56.034	continuous	839	1	->	2	3	3	0.017588	False	1.755417	0.830386	0.004613	
2025-09-09 10:06:56.034	continuous	840	3	->		4	3	0.015951	False	2.613123	0.830303	0.004613	
2025-09-09 10:06:56.034	continuous	841	2	->		3	3	0.017086	False	1.763902	0.830220	0.004612	
2025-09-09 10:06:56.034	continuous	842	1	->	2	3	3	0.018477	False	1.740650	0.830137	0.004612	
2025-09-09 10:06:56.035	continuous	843	1	->		2	3	0.018052	False	2.435003	0.830054	0.004611	
2025-09-09 10:06:56.035	continuous	844	2	->		3	3	0.018045	False	1.748163	0.829971	0.004611	
2025-09-09 10:06:56.035	continuous	845	2	->		3	3	0.018561	False	1.739717	0.829888	0.004610	
2025-09-09 10:06:56.035	continuous	846	1	->	2	3	3	0.020074	False	1.715883	0.829805	0.004610	
2025-09-09 10:06:56.035	continuous	847	2	->		3	3	0.019638	False	1.722625	0.829722	0.004610	
2025-09-09 10:06:56.035	continuous	848	1	->	2	3	3	0.021254	False	1.698189	0.829639	0.004609	
2025-09-09 10:06:56.036	continuous	849	3	->		4	3	0.019265	False	2.623076	0.829556	0.004609	
2025-09-09 10:06:56.036	continuous	850	1	->		2	3	0.020615	False	2.435204	0.829473	0.004608	
2025-09-09 10:06:56.036	continuous	851	1	->	2	3	3	0.021695	False	1.692101	0.829390	0.004608	
2025-09-09 10:06:56.036	continuous	852	1	->	2	3	3	0.022345	False	1.682772	0.829307	0.004607	
2025-09-09 10:06:56.036	continuous	853	1	->		2	3	0.021821	False	2.432491	0.829224	0.004607	
2025-09-09 10:06:56.036	continuous	854	1	->	2	3	3	0.022978	False	1.674333	0.829141	0.004606	
2025-09-09 10:06:56.037	continuous	855	1	->		2	3	0.022434	False	2.428733	0.829058	0.004606	
2025-09-09 10:06:56.037	continuous	856	2	->		3	3	0.022367	False	1.683318	0.828976	0.004605	
2025-09-09 10:06:56.037	continuous	857	3	->		4	3	0.021352	False	2.627934	0.828893	0.004605	
2025-09-09 10:06:56.037	continuous	858	2	->		3	3	0.022852	False	1.676396	0.828810	0.004604	
2025-09-09 10:06:56.037	continuous	859	1	->	2	3	3	0.024816	False	1.649843	0.828727	0.004604	
2025-09-09 10:06:56.038	continuous	860	2	->		3	3	0.024210	False	1.657819	0.828644	0.004604	
2025-09-09 10:06:56.038	continuous	861	1	->		2	3	0.024933	False	2.428251	0.828561	0.004603	
2025-09-09 10:06:56.038	continuous	862	3	->		4	3	0.023057	False	2.629940	0.828478	0.004603	
2025-09-09 10:06:56.038	continuous	863	3	->	4	5	3	0.021035	False	2.595052	0.828395	0.004602	
2025-09-09 10:06:56.038	continuous	864	1	->	2	3	3	0.025897	False	1.636204	0.828313	0.004602	
2025-09-09 10:06:56.038	continuous	865	1	->		2	3	0.025281	False	2.424964	0.828230	0.004601	
2025-09-09 10:06:56.039	continuous	866	1	->		2	3	0.025231	False	2.419844	0.828147	0.004601	
2025-09-09 10:06:56.039	continuous	867	3	->		4	3	0.023316	False	2.627796	0.828064	0.004600	
2025-09-09 10:06:56.039	continuous	868	2	->		3	3	0.024977	False	1.648887	0.827981	0.004600	
2025-09-09 10:06:56.039	continuous	869	1	->	2	3	3	0.027152	False	1.621360	0.827899	0.004599	
2025-09-09 10:06:56.039	continuous	870	1	->		2	3	0.026502	False	2.417219	0.827816	0.004599	
2025-09-09 10:06:56.039	continuous	871	1	->		2	3	0.026453	False	2.411977	0.827733	0.004599	
2025-09-09 10:06:56.040	continuous	872	1	->	2	3	3	0.027887	False	1.613403	0.827650	0.004598	
2025-09-09 10:06:56.040	continuous	873	1	->		2	3	0.027211	False	2.407824	0.827567	0.004598	
2025-09-09 10:06:56.040	continuous	874	2	->		3	3	0.027122	False	1.623133	0.827485	0.004597	
2025-09-09 10:06:56.040	continuous	875	1	->		2	3	0.027959	False	2.403542	0.827402	0.004597	
2025-09-09 10:06:56.040	continuous	876	1	->	2	3	3	0.029480	False	1.595594	0.827319	0.004596	
2025-09-09 10:06:56.040	continuous	877	2	->		3	3	0.028712	False	1.604425	0.827236	0.004596	
2025-09-09 10:06:56.041	continuous	878	1	->		2	3	0.029608	False	2.400337	0.827154	0.004595	
2025-09-09 10:06:56.041	continuous	879	1	->	2	3	3	0.031224	False	1.576309	0.827071	0.004595	
2025-09-09 10:06:56.041	continuous	880	1	->	2	3	3	0.032189	False	1.565664	0.826988	0.004594	
2025-09-09 10:06:56.041	continuous	881	1	->		2	3	0.031393	False	2.397121	0.826906	0.004594	
2025-09-09 10:06:56.041	continuous	882	2	->		3	3	0.031252	False	1.576357	0.826823	0.004593	
2025-09-09 10:06:56.042	continuous	883	1	->	2	3	3	0.034098	False	1.545876	0.826740	0.004593	
2025-09-09 10:06:56.042	continuous	884	1	->	2	3	3	0.035158	False	1.534933	0.826658	0.004593	
2025-09-09 10:06:56.042	continuous	885	1	->	2	3	3	0.036252	False	1.523896	0.826575	0.004592	
2025-09-09 10:06:56.042	continuous	886	2	->		3	3	0.035179	False	1.534496	0.826492	0.004592	
2025-09-09 10:06:56.042	continuous	887	2	->		3	3	0.036254	False	1.523657	0.826410	0.004591	
2025-09-09 10:06:56.042	continuous	888	3	->		4	3	0.034643	False	2.663285	0.826327	0.004591	
2025-09-09 10:06:56.043	continuous	889	2	->		3	3	0.037026	False	1.515932	0.826244	0.004590	
2025-09-09 10:06:56.043	continuous	890	1	->	2	3	3	0.040453	False	1.483638	0.826162	0.004590	
2025-09-09 10:06:56.043	continuous	891	2	->	3	4	3	0.039808	False	2.673022	0.826079	0.004589	
2025-09-09 10:06:56.043	continuous	892	2	->		3	3	0.038935	False	1.497477	0.825996	0.004589	
2025-09-09 10:06:56.043	continuous	893	2	->		3	3	0.040133	False	1.486294	0.825914	0.004588	
2025-09-09 10:06:56.044	continuous	894	1	->	2	3	3	0.043851	False	1.453347	0.825831	0.004588	
2025-09-09 10:06:56.044	continuous	895	1	->		2	3	0.042783	False	2.408063	0.825749	0.004587	
2025-09-09 10:06:56.044	continuous	896	1	->	2	3	3	0.045098	False	1.443277	0.825666	0.004587	
2025-09-09 10:06:56.044	continuous	897	1	->		2	3	0.043976	False	2.403134	0.825584	0.004587	
2025-09-09 10:06:56.044	continuous	898	3	->		4	3	0.040460	False	2.669459	0.825501	0.004586	
2025-09-09 10:06:56.044	continuous	899	1	->	2	3	3	0.045941	False	1.436745	0.825418	0.004586	
2025-09-09 10:06:56.045	continuous	900	1	->	2	3	3	0.047401	False	1.424731	0.825336	0.004585	
2025-09-09 10:06:56.045	continuous	901	3	->		4	3	0.042583	False	2.668960	0.825253	0.004585	
2025-09-09 10:06:56.045	continuous	902	1	->	2	3	3	0.048442	False	1.416295	0.825171	0.004584	
2025-09-09 10:06:56.045	continuous	903	1	->	2	3	3	0.049984	False	1.404120	0.825088	0.004584	
2025-09-09 10:06:56.045	continuous	904	1	->		2	3	0.048676	False	2.404608	0.825006	0.004583	
2025-09-09 10:06:56.045	continuous	905	1	->	2	3	3	0.051383	False	1.393907	0.824923	0.004583	
2025-09-09 10:06:56.046	continuous	906	2	->		3	3	0.049625	False	1.407206	0.824841	0.004582	
2025-09-09 10:06:56.046	continuous	907	1	->		2	3	0.051542	False	2.401525	0.824758	0.004582	
2025-09-09 10:06:56.046	continuous	908	1	->		2	3	0.051334	False	2.394110	0.824676	0.004582	
2025-09-09 10:06:56.046	continuous	909	2	->	3	4	3	0.051417	False	2.688491	0.824593	0.004581	
2025-09-09 10:06:56.046	continuous	910	2	->		3	3	0.050255	False	1.403473	0.824511	0.004581	
2025-09-09 10:06:56.046	continuous	911	1	->	2	3	3	0.055256	False	1.366325	0.824428	0.004580	
2025-09-09 10:06:56.047	continuous	912	2	->		3	3	0.053412	False	1.379476	0.824346	0.004580	
2025-09-09 10:06:56.047	continuous	913	2	->		3	3	0.055080	False	1.367249	0.824264	0.004579	
2025-09-09 10:06:56.047	continuous	914	2	->		3	3	0.056800	False	1.354937	0.824181	0.004579	
2025-09-09 10:06:56.047	continuous	915	1	->		2	3	0.058881	False	2.398031	0.824099	0.004578	
2025-09-09 10:06:56.047	continuous	916	1	->	2	3	3	0.062098	False	1.319737	0.824016	0.004578	
2025-09-09 10:06:56.047	continuous	917	1	->	2	3	3	0.064091	False	1.306754	0.823934	0.004577	
2025-09-09 10:06:56.048	continuous	918	1	->	2	3	3	0.066141	False	1.293733	0.823852	0.004577	
2025-09-09 10:06:56.048	continuous	919	1	->		2	3	0.064355	False	2.397762	0.823769	0.004576	
2025-09-09 10:06:56.048	continuous	920	1	->		2	3	0.064028	False	2.389397	0.823687	0.004576	
2025-09-09 10:06:56.048	continuous	921	1	->	2	3	3	0.067582	False	1.286082	0.823604	0.004576	
2025-09-09 10:06:56.048	continuous	922	2	->		3	3	0.065224	False	1.300451	0.823522	0.004575	
2025-09-09 10:06:56.048	continuous	923	2	->		3	3	0.067267	False	1.287645	0.823440	0.004575	
2025-09-09 10:06:56.049	continuous	924	1	->		2	3	0.069844	False	2.389167	0.823357	0.004574	
2025-09-09 10:06:56.049	continuous	925	2	->		3	3	0.069014	False	1.277606	0.823275	0.004574	
2025-09-09 10:06:56.049	continuous	926	2	->		3	3	0.071169	False	1.264683	0.823193	0.004573	
2025-09-09 10:06:56.049	continuous	927	2	->		3	3	0.073390	False	1.251684	0.823110	0.004573	
2025-09-09 10:06:56.049	continuous	928	1	->		2	3	0.076036	False	2.389152	0.823028	0.004572	
2025-09-09 10:06:56.049	continuous	929	4	->		5	3	0.066401	False	2.736118	0.822946	0.004572	
2025-09-09 10:06:56.050	continuous	930	1	->	2	3	3	0.079163	False	1.220292	0.822863	0.004571	
2025-09-09 10:06:56.050	continuous	931	1	->		2	3	0.077056	False	2.383167	0.822781	0.004571	
2025-09-09 10:06:56.050	continuous	932	1	->	2	3	3	0.081224	False	1.209895	0.822699	0.004571	
2025-09-09 10:06:56.050	continuous	933	2	->		3	3	0.078559	False	1.223897	0.822617	0.004570	
2025-09-09 10:06:56.050	continuous	934	1	->		2	3	0.081426	False	2.380289	0.822534	0.004570	
2025-09-09 10:06:56.050	continuous	935	1	->		2	3	0.080932	False	2.370772	0.822452	0.004569	
2025-09-09 10:06:56.051	continuous	936	1	->	2	3	3	0.085326	False	1.189913	0.822370	0.004569	
2025-09-09 10:06:56.051	continuous	937	1	->		2	3	0.082986	False	2.364562	0.822288	0.004568	
2025-09-09 10:06:56.051	continuous	938	3	->		4	3	0.076055	False	2.751651	0.822205	0.004568	
2025-09-09 10:06:56.051	continuous	939	1	->		2	3	0.081443	False	2.354969	0.822123	0.004567	
2025-09-09 10:06:56.051	continuous	940	1	->		2	3	0.080996	False	2.345497	0.822041	0.004567	
2025-09-09 10:06:56.051	continuous	941	1	->	2	3	3	0.085481	False	1.191431	0.821959	0.004566	
2025-09-09 10:06:56.052	continuous	942	1	->	2	3	3	0.088176	False	1.177760	0.821877	0.004566	
2025-09-09 10:06:56.052	continuous	943	1	->		2	3	0.085679	False	2.342400	0.821794	0.004566	
2025-09-09 10:06:56.052	continuous	944	1	->		2	3	0.085203	False	2.332667	0.821712	0.004565	
2025-09-09 10:06:56.052	continuous	945	1	->	2	3	3	0.089966	False	1.170564	0.821630	0.004565	
2025-09-09 10:06:56.052	continuous	946	1	->	2	3	3	0.092786	False	1.156816	0.821548	0.004564	
2025-09-09 10:06:56.052	continuous	947	1	->	2	3	3	0.095686	False	1.143036	0.821466	0.004564	
2025-09-09 10:06:56.053	continuous	948	1	->	2	3	3	0.098661	False	1.129256	0.821384	0.004563	
2025-09-09 10:06:56.053	continuous	949	1	->		2	3	0.095776	False	2.336540	0.821301	0.004563	
2025-09-09 10:06:56.053	continuous	950	1	->	2	3	3	0.101101	False	1.119071	0.821219	0.004562	
2025-09-09 10:06:56.053	continuous	951	1	->	2	3	3	0.104225	False	1.105232	0.821137	0.004562	
2025-09-09 10:06:56.053	continuous	952	2	->		3	3	0.100008	False	1.123382	0.821055	0.004561	
2025-09-09 10:06:56.054	continuous	953	1	->	2	3	3	0.110602	False	1.078034	0.820973	0.004561	
2025-09-09 10:06:56.054	continuous	954	1	->		2	3	0.107267	False	2.341360	0.820891	0.004561	
2025-09-09 10:06:56.054	continuous	955	1	->		2	3	0.106499	False	2.330230	0.820809	0.004560	
2025-09-09 10:06:56.054	continuous	956	2	->		3	3	0.104697	False	1.104337	0.820727	0.004560	
2025-09-09 10:06:56.054	continuous	957	1	->	2	3	3	0.115696	False	1.058959	0.820645	0.004559	
2025-09-09 10:06:56.054	continuous	958	1	->	2	3	3	0.119224	False	1.044976	0.820563	0.004559	
2025-09-09 10:06:56.055	continuous	959	2	->	3	4	3	0.115639	False	2.841307	0.820480	0.004558	
2025-09-09 10:06:56.055	continuous	960	1	->		2	3	0.113704	False	2.331004	0.820398	0.004558	
2025-09-09 10:06:56.055	continuous	961	1	->		2	3	0.112862	False	2.319489	0.820316	0.004557	
2025-09-09 10:06:56.055	continuous	962	1	->	2	3	3	0.119131	False	1.047065	0.820234	0.004557	
2025-09-09 10:06:56.055	continuous	963	2	->		3	3	0.114102	False	1.066444	0.820152	0.004556	
2025-09-09 10:06:56.055	continuous	964	1	->		2	3	0.118825	False	2.316529	0.820070	0.004556	
2025-09-09 10:06:56.056	continuous	965	1	->	2	3	3	0.125348	False	1.024127	0.819988	0.004555	
2025-09-09 10:06:56.056	continuous	966	2	->		3	3	0.120058	False	1.043668	0.819906	0.004555	
2025-09-09 10:06:56.056	continuous	967	2	->		3	3	0.123609	False	1.029990	0.819824	0.004555	
2025-09-09 10:06:56.056	continuous	968	1	->	2	3	3	0.136571	False	0.983417	0.819742	0.004554	
2025-09-09 10:06:56.056	continuous	969	1	->	2	3	3	0.140605	False	0.969493	0.819660	0.004554	
2025-09-09 10:06:56.056	continuous	970	2	->		3	3	0.134628	False	0.989574	0.819578	0.004553	
2025-09-09 10:06:56.057	continuous	971	3	->		4	3	0.128846	False	2.862789	0.819496	0.004553	
2025-09-09 10:06:56.057	continuous	972	1	->	2	3	3	0.146330	False	0.950208	0.819415	0.004552	
2025-09-09 10:06:56.057	continuous	973	2	->		3	3	0.140071	False	0.970542	0.819333	0.004552	
2025-09-09 10:06:56.057	continuous	974	1	->	2	3	3	0.154789	False	0.923029	0.819251	0.004551	
2025-09-09 10:06:56.057	continuous	975	2	->		3	3	0.148137	False	0.943642	0.819169	0.004551	
2025-09-09 10:06:56.057	continuous	976	1	->	2	3	3	0.163622	False	0.895997	0.819087	0.004550	
2025-09-09 10:06:56.058	continuous	977	1	->		2	3	0.158355	False	2.359923	0.819005	0.004550	
2025-09-09 10:06:56.058	continuous	978	2	->		3	3	0.154927	False	0.922836	0.818923	0.004550	
2025-09-09 10:06:56.058	continuous	979	2	->		3	3	0.159291	False	0.909328	0.818841	0.004549	
2025-09-09 10:06:56.058	continuous	980	1	->	2	3	3	0.175620	False	0.862086	0.818759	0.004549	
2025-09-09 10:06:56.058	continuous	981	2	->	3	4	3	0.169971	False	2.940628	0.818677	0.004548	
2025-09-09 10:06:56.058	continuous	982	1	->	2	3	3	0.177005	False	0.858115	0.818595	0.004548	
2025-09-09 10:06:56.059	continuous	983	1	->		2	3	0.171218	False	2.367941	0.818514	0.004547	
2025-09-09 10:06:56.059	continuous	984	1	->		2	3	0.169232	False	2.352624	0.818432	0.004547	
2025-09-09 10:06:56.059	continuous	985	2	->		3	3	0.165551	False	0.892157	0.818350	0.004546	
2025-09-09 10:06:56.059	continuous	986	1	->	2	3	3	0.182569	False	0.844513	0.818268	0.004546	
2025-09-09 10:06:56.059	continuous	987	3	->		4	3	0.162524	False	2.914905	0.818186	0.004545	
2025-09-09 10:06:56.059	continuous	988	1	->	2	3	3	0.184124	False	0.840204	0.818104	0.004545	
2025-09-09 10:06:56.060	continuous	989	1	->	2	3	3	0.189141	False	0.826818	0.818023	0.004545	
2025-09-09 10:06:56.060	continuous	990	2	->		3	3	0.180609	False	0.849097	0.817941	0.004544	
2025-09-09 10:06:56.060	continuous	991	2	->		3	3	0.185472	False	0.835911	0.817859	0.004544	
2025-09-09 10:06:56.060	continuous	992	1	->	2	3	3	0.204375	False	0.788022	0.817777	0.004543	
2025-09-09 10:06:56.060	continuous	993	1	->		2	3	0.197523	False	2.382416	0.817695	0.004543	
2025-09-09 10:06:56.060	continuous	994	1	->		2	3	0.194926	False	2.365290	0.817614	0.004542	
2025-09-09 10:06:56.061	continuous	995	2	->	3	4	3	0.192287	False	2.967619	0.817532	0.004542	
2025-09-09 10:06:56.061	continuous	996	2	->		3	3	0.186440	False	0.835005	0.817450	0.004541	
2025-09-09 10:06:56.061	continuous	997	2	->	3	4	3	0.193121	False	2.955003	0.817368	0.004541	
2025-09-09 10:06:56.061	continuous	998	1	->	2	3	3	0.201299	False	0.797219	0.817287	0.004540	
2025-09-09 10:06:56.061	continuous	999	1	->	2	3	3	0.206600	False	0.784118	0.817205	0.004540	
2025-09-09 10:06:56.061	continuous	1000	2	->		3	3	0.197141	False	0.806986	0.817123	0.004540	
2025-09-09 10:06:56.062	continuous	1001	1	->	2	3	3	0.217270	False	0.758645	0.817042	0.004539	
2025-09-09 10:06:56.062	continuous	1002	2	->		3	3	0.207318	False	0.781667	0.816960	0.004539	
2025-09-09 10:06:56.062	continuous	1003	1	->		2	3	0.215056	False	2.386448	0.816878	0.004538	
2025-09-09 10:06:56.062	continuous	1004	1	->		2	3	0.212045	False	2.368103	0.816796	0.004538	
2025-09-09 10:06:56.062	continuous	1005	1	->		2	3	0.209165	False	2.350064	0.816715	0.004537	
2025-09-09 10:06:56.062	continuous	1006	3	->		4	3	0.190155	False	2.940852	0.816633	0.004537	
2025-09-09 10:06:56.063	continuous	1007	1	->		2	3	0.202343	False	2.329294	0.816551	0.004536	
2025-09-09 10:06:56.063	continuous	1008	1	->	2	3	3	0.212351	False	0.773925	0.816470	0.004536	
2025-09-09 10:06:56.063	continuous	1009	1	->		2	3	0.204979	False	2.319352	0.816388	0.004535	
2025-09-09 10:06:56.063	continuous	1010	2	->		3	3	0.200382	False	0.803520	0.816306	0.004535	
2025-09-09 10:06:56.063	continuous	1011	1	->		2	3	0.207493	False	2.309147	0.816225	0.004535	
2025-09-09 10:06:56.063	continuous	1012	3	->		4	3	0.188724	False	2.929690	0.816143	0.004534	
2025-09-09 10:06:56.064	continuous	1013	1	->	2	3	3	0.213589	False	0.772931	0.816062	0.004534	
2025-09-09 10:06:56.064	continuous	1014	2	->		3	3	0.204058	False	0.795238	0.815980	0.004533	
2025-09-09 10:06:56.064	continuous	1015	2	->		3	3	0.209252	False	0.782454	0.815898	0.004533	
2025-09-09 10:06:56.064	continuous	1016	1	->	2	3	3	0.229813	False	0.735380	0.815817	0.004532	
2025-09-09 10:06:56.064	continuous	1017	1	->	2	3	3	0.235491	False	0.722816	0.815735	0.004532	
2025-09-09 10:06:56.065	continuous	1018	2	->		3	3	0.224925	False	0.745531	0.815654	0.004531	
2025-09-09 10:06:56.065	continuous	1019	1	->		2	3	0.232574	False	2.334257	0.815572	0.004531	
2025-09-09 10:06:56.065	continuous	1020	1	->		2	3	0.229332	False	2.314986	0.815491	0.004531	
2025-09-09 10:06:56.065	continuous	1021	1	->	2	3	3	0.240260	False	0.714533	0.815409	0.004530	
2025-09-09 10:06:56.065	continuous	1022	2	->	3	4	3	0.231408	False	3.007040	0.815327	0.004530	
2025-09-09 10:06:56.065	continuous	1023	1	->	2	3	3	0.240762	False	0.713331	0.815246	0.004529	
2025-09-09 10:06:56.066	continuous	1024	1	->	2	3	3	0.246544	False	0.701023	0.815164	0.004529	
2025-09-09 10:06:56.066	continuous	1025	3	->		4	3	0.218883	False	2.966313	0.815083	0.004528	
2025-09-09 10:06:56.066	continuous	1026	2	->		3	3	0.230280	False	0.735247	0.815001	0.004528	
2025-09-09 10:06:56.066	continuous	1027	2	->		3	3	0.235834	False	0.722958	0.814920	0.004527	
2025-09-09 10:06:56.066	continuous	1028	3	->		4	3	0.224499	False	2.962717	0.814838	0.004527	
2025-09-09 10:06:56.066	continuous	1029	2	->		3	3	0.236455	False	0.721513	0.814757	0.004526	
2025-09-09 10:06:56.067	continuous	1030	3	->	4	5	3	0.213443	False	3.107120	0.814675	0.004526	
2025-09-09 10:06:56.067	continuous	1031	2	->		3	3	0.236833	False	0.720454	0.814594	0.004526	
2025-09-09 10:06:56.067	continuous	1032	1	->	2	3	3	0.259537	False	0.673894	0.814512	0.004525	
2025-09-09 10:06:56.067	continuous	1033	1	->		2	3	0.250157	False	2.344407	0.814431	0.004525	
2025-09-09 10:06:56.067	continuous	1034	1	->	2	3	3	0.261694	False	0.670580	0.814350	0.004524	
2025-09-09 10:06:56.067	continuous	1035	1	->	2	3	3	0.267714	False	0.658706	0.814268	0.004524	
2025-09-09 10:06:56.068	continuous	1036	1	->	2	3	3	0.273766	False	0.647021	0.814187	0.004523	
2025-09-09 10:06:56.068	continuous	1037	1	->		2	3	0.263683	False	2.349911	0.814105	0.004523	
2025-09-09 10:06:56.068	continuous	1038	1	->		2	3	0.259635	False	2.328340	0.814024	0.004522	
2025-09-09 10:06:56.068	continuous	1039	1	->		2	3	0.255767	False	2.307189	0.813943	0.004522	
2025-09-09 10:06:56.068	continuous	1040	1	->	2	3	3	0.267730	False	0.661849	0.813861	0.004521	
2025-09-09 10:06:56.068	continuous	1041	1	->		2	3	0.257809	False	2.294980	0.813780	0.004521	
2025-09-09 10:06:56.069	continuous	1042	2	->	3	4	3	0.253569	False	3.019844	0.813698	0.004521	
2025-09-09 10:06:56.069	continuous	1043	1	->	2	3	3	0.263998	False	0.670247	0.813617	0.004520	
2025-09-09 10:06:56.069	continuous	1044	1	->	2	3	3	0.269983	False	0.658438	0.813536	0.004520	
2025-09-09 10:06:56.069	continuous	1045	2	->		3	3	0.257050	False	0.683083	0.813454	0.004519	
2025-09-09 10:06:56.069	continuous	1046	3	->		4	3	0.244428	False	2.985647	0.813373	0.004519	
2025-09-09 10:06:56.070	continuous	1047	1	->	2	3	3	0.276092	False	0.646516	0.813292	0.004518	
2025-09-09 10:06:56.070	continuous	1048	2	->	3	4	3	0.264522	False	3.009232	0.813210	0.004518	
2025-09-09 10:06:56.070	continuous	1049	1	->		2	3	0.259757	False	2.293696	0.813129	0.004517	
2025-09-09 10:06:56.070	continuous	1050	1	->		2	3	0.256017	False	2.272695	0.813048	0.004517	
2025-09-09 10:06:56.070	continuous	1051	1	->		2	3	0.252446	False	2.252071	0.812966	0.004516	
2025-09-09 10:06:56.070	continuous	1052	1	->	2	3	3	0.264747	False	0.672147	0.812885	0.004516	
2025-09-09 10:06:56.070	continuous	1053	2	->		3	3	0.251962	False	0.696921	0.812804	0.004516	
2025-09-09 10:06:56.071	continuous	1054	1	->	2	3	3	0.276587	False	0.648923	0.812722	0.004515	
2025-09-09 10:06:56.071	continuous	1055	2	->		3	3	0.263218	False	0.673845	0.812641	0.004515	
2025-09-09 10:06:56.071	continuous	1056	1	->	2	3	3	0.288591	False	0.626318	0.812560	0.004514	
2025-09-09 10:06:56.071	continuous	1057	2	->		3	3	0.274665	False	0.651310	0.812479	0.004514	
2025-09-09 10:06:56.071	continuous	1058	1	->		2	3	0.283420	False	2.283563	0.812397	0.004513	
2025-09-09 10:06:56.071	continuous	1059	1	->		2	3	0.279133	False	2.260915	0.812316	0.004513	
2025-09-09 10:06:56.072	continuous	1060	1	->	2	3	3	0.292025	False	0.622458	0.812235	0.004512	
2025-09-09 10:06:56.072	continuous	1061	1	->		2	3	0.280904	False	2.247648	0.812154	0.004512	
2025-09-09 10:06:56.072	continuous	1062	2	->		3	3	0.274189	False	0.656017	0.812073	0.004512	
2025-09-09 10:06:56.072	continuous	1063	2	->		3	3	0.280064	False	0.644699	0.811991	0.004511	
2025-09-09 10:06:56.072	continuous	1064	2	->		3	3	0.285980	False	0.633527	0.811910	0.004511	
2025-09-09 10:06:56.072	continuous	1065	1	->		2	3	0.294299	False	2.252359	0.811829	0.004510	
2025-09-09 10:06:56.073	continuous	1066	1	->	2	3	3	0.307428	False	0.597385	0.811748	0.004510	
2025-09-09 10:06:56.073	continuous	1067	3	->		4	3	0.272971	False	3.029487	0.811667	0.004509	
2025-09-09 10:06:56.073	continuous	1068	2	->		3	3	0.286948	False	0.632829	0.811585	0.004509	
2025-09-09 10:06:56.073	continuous	1069	1	->		2	3	0.295184	False	2.241796	0.811504	0.004508	
2025-09-09 10:06:56.073	continuous	1070	1	->		2	3	0.290768	False	2.218516	0.811423	0.004508	
2025-09-09 10:06:56.074	continuous	1071	2	->		3	3	0.284540	False	0.640123	0.811342	0.004507	
2025-09-09 10:06:56.074	continuous	1072	1	->		2	3	0.292371	False	2.204671	0.811261	0.004507	
2025-09-09 10:06:56.074	continuous	1073	1	->	2	3	3	0.305673	False	0.604391	0.811180	0.004507	
2025-09-09 10:06:56.074	continuous	1074	2	->		3	3	0.292058	False	0.627463	0.811099	0.004506	
2025-09-09 10:06:56.074	continuous	1075	1	->		2	3	0.299909	False	2.200021	0.811017	0.004506	
2025-09-09 10:06:56.074	continuous	1076	1	->		2	3	0.295543	False	2.176631	0.810936	0.004505	
2025-09-09 10:06:56.075	continuous	1077	1	->		2	3	0.291380	False	2.153689	0.810855	0.004505	
2025-09-09 10:06:56.075	continuous	1078	2	->		3	3	0.285867	False	0.643776	0.810774	0.004504	
2025-09-09 10:06:56.075	continuous	1079	2	->		3	3	0.291731	False	0.632679	0.810693	0.004504	
2025-09-09 10:06:56.075	continuous	1080	2	->		3	3	0.297636	False	0.621722	0.810612	0.004503	
2025-09-09 10:06:56.075	continuous	1081	1	->		2	3	0.304820	False	2.158152	0.810531	0.004503	
2025-09-09 10:06:56.075	continuous	1082	2	->		3	3	0.299375	False	0.620153	0.810450	0.004502	
2025-09-09 10:06:56.075	continuous	1083	1	->		2	3	0.306334	False	2.143790	0.810369	0.004502	
2025-09-09 10:06:56.076	continuous	1084	2	->		3	3	0.301126	False	0.618618	0.810288	0.004502	
2025-09-09 10:06:56.076	continuous	1085	1	->	2	3	3	0.325944	False	0.576757	0.810207	0.004501	
2025-09-09 10:06:56.076	continuous	1086	2	->		3	3	0.312782	False	0.597653	0.810126	0.004501	
2025-09-09 10:06:56.076	continuous	1087	1	->		2	3	0.319659	False	2.148254	0.810045	0.004500	
2025-09-09 10:06:56.076	continuous	1088	2	->		3	3	0.314248	False	0.596737	0.809964	0.004500	
2025-09-09 10:06:56.076	continuous	1089	1	->		2	3	0.320887	False	2.133152	0.809883	0.004499	
2025-09-09 10:06:56.077	continuous	1090	1	->		2	3	0.316276	False	2.108582	0.809802	0.004499	
2025-09-09 10:06:56.077	continuous	1091	1	->		2	3	0.311883	False	2.084492	0.809721	0.004498	
2025-09-09 10:06:56.077	continuous	1092	1	->	2	3	3	0.325671	False	0.584277	0.809640	0.004498	
2025-09-09 10:06:56.077	continuous	1093	3	->		4	3	0.290978	False	3.085150	0.809559	0.004498	
2025-09-09 10:06:56.077	continuous	1094	2	->		3	3	0.306149	False	0.616218	0.809478	0.004497	
2025-09-09 10:06:56.077	continuous	1095	1	->	2	3	3	0.330681	False	0.575202	0.809397	0.004497	
2025-09-09 10:06:56.078	continuous	1096	1	->		2	3	0.318310	False	2.083564	0.809316	0.004496	
2025-09-09 10:06:56.078	continuous	1097	1	->		2	3	0.313975	False	2.059440	0.809235	0.004496	
2025-09-09 10:06:56.078	continuous	1098	1	->	2	3	3	0.327989	False	0.583661	0.809154	0.004495	
2025-09-09 10:06:56.078	continuous	1099	1	->		2	3	0.315686	False	2.045050	0.809073	0.004495	
2025-09-09 10:06:56.078	continuous	1100	1	->	2	3	3	0.329799	False	0.582549	0.808992	0.004494	
2025-09-09 10:06:56.078	continuous	1101	2	->		3	3	0.316766	False	0.602843	0.808911	0.004494	
2025-09-09 10:06:56.079	continuous	1102	1	->		2	3	0.323159	False	2.039980	0.808831	0.004494	
2025-09-09 10:06:56.079	continuous	1103	1	->		2	3	0.318895	False	2.015727	0.808750	0.004493	
2025-09-09 10:06:56.079	continuous	1104	2	->		3	3	0.314523	False	0.611171	0.808669	0.004493	
2025-09-09 10:06:56.079	continuous	1105	1	->		2	3	0.320586	False	2.001176	0.808588	0.004492	
2025-09-09 10:06:56.079	continuous	1106	2	->		3	3	0.316427	False	0.609954	0.808507	0.004492	
2025-09-09 10:06:56.079	continuous	1107	1	->	2	3	3	0.340779	False	0.570023	0.808426	0.004491	
2025-09-09 10:06:56.080	continuous	1108	2	->		3	3	0.327918	False	0.589343	0.808345	0.004491	
2025-09-09 10:06:56.080	continuous	1109	2	->		3	3	0.333812	False	0.579073	0.808265	0.004490	
2025-09-09 10:06:56.080	continuous	1110	2	->	3	4	3	0.341107	False	3.196605	0.808184	0.004490	
2025-09-09 10:06:56.080	continuous	1111	2	->		3	3	0.331446	False	0.582473	0.808103	0.004489	
2025-09-09 10:06:56.080	continuous	1112	1	->	2	3	3	0.356389	False	0.543350	0.808022	0.004489	
2025-09-09 10:06:56.080	continuous	1113	2	->	3	4	3	0.344196	False	3.182118	0.807941	0.004489	
2025-09-09 10:06:56.081	continuous	1114	2	->	3	4	3	0.335569	False	3.141355	0.807860	0.004488	
2025-09-09 10:06:56.081	continuous	1115	3	->		4	3	0.303714	False	3.052353	0.807780	0.004488	
2025-09-09 10:06:56.081	continuous	1116	1	->	2	3	3	0.338650	False	0.571058	0.807699	0.004487	
2025-09-09 10:06:56.081	continuous	1117	1	->		2	3	0.325855	False	2.020162	0.807618	0.004487	
2025-09-09 10:06:56.081	continuous	1118	2	->		3	3	0.321167	False	0.600821	0.807537	0.004486	
2025-09-09 10:06:56.082	continuous	1119	1	->		2	3	0.327367	False	2.005185	0.807457	0.004486	
2025-09-09 10:06:56.082	continuous	1120	2	->		3	3	0.322916	False	0.599927	0.807376	0.004485	
2025-09-09 10:06:56.082	continuous	1121	1	->	2	3	3	0.347750	False	0.559936	0.807295	0.004485	
2025-09-09 10:06:56.082	continuous	1122	3	->	4	5	3	0.298142	False	3.389130	0.807214	0.004485	
2025-09-09 10:06:56.082	continuous	1123	2	->		3	3	0.326545	False	0.592470	0.807134	0.004484	
2025-09-09 10:06:56.082	continuous	1124	1	->	2	3	3	0.351654	False	0.552505	0.807053	0.004484	
2025-09-09 10:06:56.083	continuous	1125	1	->		2	3	0.338368	False	2.013518	0.806972	0.004483	
2025-09-09 10:06:56.083	continuous	1126	1	->	2	3	3	0.353030	False	0.552392	0.806892	0.004483	
2025-09-09 10:06:56.083	continuous	1127	1	->		2	3	0.339673	False	1.998015	0.806811	0.004482	
2025-09-09 10:06:56.083	continuous	1128	1	->		2	3	0.335194	False	1.972691	0.806730	0.004482	
2025-09-09 10:06:56.083	continuous	1129	1	->		2	3	0.330942	False	1.947838	0.806650	0.004481	
2025-09-09 10:06:56.083	continuous	1130	1	->		2	3	0.326908	False	1.923429	0.806569	0.004481	
2025-09-09 10:06:56.084	continuous	1131	1	->	2	3	3	0.341698	False	0.581346	0.806488	0.004480	
2025-09-09 10:06:56.084	continuous	1132	1	->		2	3	0.328793	False	1.908949	0.806408	0.004480	
2025-09-09 10:06:56.084	continuous	1133	2	->		3	3	0.324807	False	0.610377	0.806327	0.004480	
2025-09-09 10:06:56.084	continuous	1134	2	->		3	3	0.330576	False	0.599818	0.806246	0.004479	
2025-09-09 10:06:56.084	continuous	1135	2	->		3	3	0.336366	False	0.589412	0.806166	0.004479	
2025-09-09 10:06:56.084	continuous	1136	2	->	3	4	3	0.342783	False	3.148605	0.806085	0.004478	
2025-09-09 10:06:56.085	continuous	1137	1	->		2	3	0.334146	False	1.908430	0.806004	0.004478	
2025-09-09 10:06:56.085	continuous	1138	1	->		2	3	0.330220	False	1.883971	0.805924	0.004477	
2025-09-09 10:06:56.085	continuous	1139	1	->	2	3	3	0.345080	False	0.582566	0.805843	0.004477	
2025-09-09 10:06:56.085	continuous	1140	2	->		3	3	0.332120	False	0.601451	0.805763	0.004476	
2025-09-09 10:06:56.085	continuous	1141	1	->	2	3	3	0.356802	False	0.562120	0.805682	0.004476	
2025-09-09 10:06:56.085	continuous	1142	1	->		2	3	0.343477	False	1.889049	0.805602	0.004476	
2025-09-09 10:06:56.086	continuous	1143	1	->	2	3	3	0.358474	False	0.562022	0.805521	0.004475	
2025-09-09 10:06:56.086	continuous	1144	4	->		5	3	0.314292	False	3.448432	0.805440	0.004475	
2025-09-09 10:06:56.086	continuous	1145	2	->	3	4	3	0.337279	False	3.128050	0.805360	0.004474	
2025-09-09 10:06:56.086	continuous	1146	2	->		3	3	0.329125	False	0.607196	0.805279	0.004474	
2025-09-09 10:06:56.086	continuous	1147	1	->	2	3	3	0.354064	False	0.567138	0.805199	0.004473	
2025-09-09 10:06:56.086	continuous	1148	2	->		3	3	0.340406	False	0.586702	0.805118	0.004473	
2025-09-09 10:06:56.087	continuous	1149	1	->	2	3	3	0.365818	False	0.547172	0.805038	0.004472	
2025-09-09 10:06:56.087	continuous	1150	2	->		3	3	0.351742	False	0.566825	0.804957	0.004472	
2025-09-09 10:06:56.087	continuous	1151	1	->	2	3	3	0.377608	False	0.527830	0.804877	0.004472	
2025-09-09 10:06:56.087	continuous	1152	1	->		2	3	0.363368	False	1.924109	0.804796	0.004471	
2025-09-09 10:06:56.087	continuous	1153	2	->	3	4	3	0.358803	False	3.159067	0.804716	0.004471	
2025-09-09 10:06:56.087	continuous	1154	1	->		2	3	0.350413	False	1.891408	0.804635	0.004470	
2025-09-09 10:06:56.088	continuous	1155	1	->	2	3	3	0.365687	False	0.551785	0.804555	0.004470	
2025-09-09 10:06:56.088	continuous	1156	1	->		2	3	0.351859	False	1.875892	0.804474	0.004469	
2025-09-09 10:06:56.088	continuous	1157	1	->	2	3	3	0.367206	False	0.552048	0.804394	0.004469	
2025-09-09 10:06:56.088	continuous	1158	2	->		3	3	0.352841	False	0.571933	0.804314	0.004468	
2025-09-09 10:06:56.089	continuous	1159	1	->		2	3	0.358966	False	1.870578	0.804233	0.004468	
2025-09-09 10:06:56.089	continuous	1160	3	->		4	3	0.330036	False	3.084546	0.804153	0.004468	
2025-09-09 10:06:56.089	continuous	1161	1	->	2	3	3	0.366654	False	0.554760	0.804072	0.004467	
2025-09-09 10:06:56.089	continuous	1162	1	->	2	3	3	0.372522	False	0.544821	0.803992	0.004467	
2025-09-09 10:06:56.089	continuous	1163	2	->		3	3	0.357861	False	0.564880	0.803911	0.004466	
2025-09-09 10:06:56.089	continuous	1164	1	->		2	3	0.364008	False	1.870491	0.803831	0.004466	
2025-09-09 10:06:56.090	continuous	1165	1	->		2	3	0.359544	False	1.843948	0.803751	0.004465	
2025-09-09 10:06:56.090	continuous	1166	2	->		3	3	0.355046	False	0.575786	0.803670	0.004465	
2025-09-09 10:06:56.090	continuous	1167	1	->	2	3	3	0.380853	False	0.536715	0.803590	0.004464	
2025-09-09 10:06:56.090	continuous	1168	1	->	2	3	3	0.386687	False	0.527073	0.803510	0.004464	
2025-09-09 10:06:56.090	continuous	1169	2	->		3	3	0.371724	False	0.546825	0.803429	0.004463	
2025-09-09 10:06:56.090	continuous	1170	2	->		3	3	0.377453	False	0.537251	0.803349	0.004463	
2025-09-09 10:06:56.091	continuous	1171	2	->	3	4	3	0.383320	False	3.192259	0.803269	0.004463	
2025-09-09 10:06:56.091	continuous	1172	1	->		2	3	0.374559	False	1.863721	0.803188	0.004462	
2025-09-09 10:06:56.091	continuous	1173	1	->	2	3	3	0.390111	False	0.523084	0.803108	0.004462	
2025-09-09 10:06:56.091	continuous	1174	2	->		3	3	0.375040	False	0.542811	0.803028	0.004461	
2025-09-09 10:06:56.091	continuous	1175	1	->	2	3	3	0.401694	False	0.504504	0.802947	0.004461	
2025-09-09 10:06:56.092	continuous	1176	2	->		3	3	0.386248	False	0.524272	0.802867	0.004460	
2025-09-09 10:06:56.092	continuous	1177	1	->		2	3	0.392299	False	1.879594	0.802787	0.004460	
2025-09-09 10:06:56.092	continuous	1178	1	->	2	3	3	0.407859	False	0.497627	0.802706	0.004459	
2025-09-09 10:06:56.093	continuous	1179	2	->		3	3	0.392321	False	0.517210	0.802626	0.004459	
2025-09-09 10:06:56.093	continuous	1180	2	->		3	3	0.398025	False	0.508115	0.802546	0.004459	
2025-09-09 10:06:56.093	continuous	1181	3	->		4	3	0.377111	False	3.163718	0.802466	0.004458	
2025-09-09 10:06:56.094	continuous	1182	2	->		3	3	0.394901	False	0.511883	0.802385	0.004458	
2025-09-09 10:06:56.094	continuous	1183	2	->	3	4	3	0.400541	False	3.194332	0.802305	0.004457	
2025-09-09 10:06:56.094	continuous	1184	2	->		3	3	0.391193	False	0.516587	0.802225	0.004457	
2025-09-09 10:06:56.094	continuous	1185	1	->		2	3	0.397015	False	1.890861	0.802145	0.004456	
2025-09-09 10:06:56.094	continuous	1186	2	->	3	4	3	0.391321	False	3.152569	0.802064	0.004456	
2025-09-09 10:06:56.095	continuous	1187	1	->	2	3	3	0.403474	False	0.503544	0.801984	0.004455	
2025-09-09 10:06:56.095	continuous	1188	1	->	2	3	3	0.409293	False	0.494435	0.801904	0.004455	
2025-09-09 10:06:56.096	continuous	1189	2	->		3	3	0.393514	False	0.514327	0.801824	0.004455	
2025-09-09 10:06:56.096	continuous	1190	1	->		2	3	0.399562	False	1.887526	0.801744	0.004454	
2025-09-09 10:06:56.096	continuous	1191	2	->		3	3	0.393899	False	0.516514	0.801664	0.004454	
2025-09-09 10:06:56.096	continuous	1192	1	->		2	3	0.399742	False	1.869084	0.801583	0.004453	
2025-09-09 10:06:56.097	continuous	1193	1	->	2	3	3	0.415369	False	0.490605	0.801503	0.004453	
2025-09-09 10:06:56.097	continuous	1194	2	->		3	3	0.399784	False	0.509874	0.801423	0.004452	
2025-09-09 10:06:56.097	continuous	1195	1	->	2	3	3	0.426822	False	0.473071	0.801343	0.004452	
2025-09-09 10:06:56.097	continuous	1196	2	->		3	3	0.410867	False	0.492396	0.801263	0.004451	
2025-09-09 10:06:56.097	continuous	1197	3	->		4	3	0.389128	False	3.134487	0.801183	0.004451	
2025-09-09 10:06:56.097	continuous	1198	2	->		3	3	0.407527	False	0.496393	0.801103	0.004451	
2025-09-09 10:06:56.098	continuous	1199	1	->		2	3	0.413184	False	1.888451	0.801022	0.004450	
2025-09-09 10:06:56.098	continuous	1200	2	->		3	3	0.407544	False	0.499157	0.800942	0.004450	
2025-09-09 10:06:56.098	continuous	1201	2	->		3	3	0.413200	False	0.490346	0.800862	0.004449	
2025-09-09 10:06:56.098	continuous	1202	1	->		2	3	0.418515	False	1.880643	0.800782	0.004449	
2025-09-09 10:06:56.098	continuous	1203	1	->	2	3	3	0.434037	False	0.466483	0.800702	0.004448	
2025-09-09 10:06:56.098	continuous	1204	1	->		2	3	0.418153	False	1.860992	0.800622	0.004448	
2025-09-09 10:06:56.099	continuous	1205	1	->	2	3	3	0.433753	False	0.469743	0.800542	0.004447	
2025-09-09 10:06:56.099	continuous	1206	2	->		3	3	0.418157	False	0.488206	0.800462	0.004447	
2025-09-09 10:06:56.099	continuous	1207	1	->		2	3	0.423406	False	1.853283	0.800382	0.004447	
2025-09-09 10:06:56.099	continuous	1208	2	->	3	4	3	0.417537	False	3.196579	0.800302	0.004446	
2025-09-09 10:06:56.099	continuous	1209	1	->		2	3	0.408129	False	1.813747	0.800222	0.004446	
2025-09-09 10:06:56.100	continuous	1210	1	->	2	3	3	0.423883	False	0.489498	0.800142	0.004445	
2025-09-09 10:06:56.100	continuous	1211	2	->		3	3	0.408515	False	0.507916	0.800062	0.004445	
2025-09-09 10:06:56.100	continuous	1212	2	->	3	4	3	0.413448	False	3.165725	0.799982	0.004444	
2025-09-09 10:06:56.100	continuous	1213	3	->		4	3	0.377667	False	3.057973	0.799902	0.004444	
2025-09-09 10:06:56.100	continuous	1214	2	->		3	3	0.396313	False	0.524890	0.799822	0.004443	
2025-09-09 10:06:56.101	continuous	1215	1	->		2	3	0.401725	False	1.804493	0.799742	0.004443	
2025-09-09 10:06:56.101	continuous	1216	2	->		3	3	0.396938	False	0.527107	0.799662	0.004443	
2025-09-09 10:06:56.101	continuous	1217	2	->		3	3	0.402529	False	0.517795	0.799582	0.004442	
2025-09-09 10:06:56.101	continuous	1218	2	->		3	3	0.408121	False	0.508638	0.799502	0.004442	
2025-09-09 10:06:56.101	continuous	1219	2	->		3	3	0.413707	False	0.499639	0.799422	0.004441	
2025-09-09 10:06:56.102	continuous	1220	2	->		3	3	0.419276	False	0.490813	0.799342	0.004441	
2025-09-09 10:06:56.102	continuous	1221	1	->	2	3	3	0.445546	False	0.456180	0.799262	0.004440	
2025-09-09 10:06:56.102	continuous	1222	1	->		2	3	0.429464	False	1.845049	0.799182	0.004440	
2025-09-09 10:06:56.103	continuous	1223	1	->		2	3	0.423537	False	1.812983	0.799102	0.004439	
2025-09-09 10:06:56.103	continuous	1224	2	->		3	3	0.418741	False	0.497850	0.799022	0.004439	
2025-09-09 10:06:56.103	continuous	1225	1	->		2	3	0.423345	False	1.793560	0.798942	0.004439	
2025-09-09 10:06:56.103	continuous	1226	1	->		2	3	0.417841	False	1.762426	0.798862	0.004438	
2025-09-09 10:06:56.103	continuous	1227	2	->		3	3	0.413651	False	0.512951	0.798783	0.004438	
2025-09-09 10:06:56.104	continuous	1228	3	->		4	3	0.391351	False	3.090316	0.798703	0.004437	
2025-09-09 10:06:56.104	continuous	1229	1	->		2	3	0.409438	False	1.737525	0.798623	0.004437	
2025-09-09 10:06:56.104	continuous	1230	3	->		4	3	0.378218	False	3.039737	0.798543	0.004436	
2025-09-09 10:06:56.104	continuous	1231	2	->		3	3	0.397618	False	0.540253	0.798463	0.004436	
2025-09-09 10:06:56.104	continuous	1232	2	->		3	3	0.403114	False	0.530672	0.798383	0.004435	
2025-09-09 10:06:56.104	continuous	1233	1	->	2	3	3	0.427985	False	0.495978	0.798303	0.004435	
2025-09-09 10:06:56.105	continuous	1234	2	->	3	4	3	0.412943	False	3.094859	0.798224	0.004435	
2025-09-09 10:06:56.105	continuous	1235	1	->	2	3	3	0.424525	False	0.499746	0.798144	0.004434	
2025-09-09 10:06:56.105	continuous	1236	1	->	2	3	3	0.430125	False	0.490606	0.798064	0.004434	
2025-09-09 10:06:56.105	continuous	1237	1	->		2	3	0.414504	False	1.754971	0.797984	0.004433	
2025-09-09 10:06:56.105	continuous	1238	4	->		5	3	0.377170	False	3.710948	0.797904	0.004433	
2025-09-09 10:06:56.106	continuous	1239	1	->	2	3	3	0.420702	False	0.506934	0.797825	0.004432	
2025-09-09 10:06:56.106	continuous	1240	2	->		3	3	0.406068	False	0.524203	0.797745	0.004432	
2025-09-09 10:06:56.106	continuous	1241	1	->	2	3	3	0.431786	False	0.488704	0.797665	0.004431	
2025-09-09 10:06:56.106	continuous	1242	1	->	2	3	3	0.437336	False	0.479807	0.797585	0.004431	
2025-09-09 10:06:56.106	continuous	1243	3	->		4	3	0.393583	False	3.033776	0.797505	0.004431	
2025-09-09 10:06:56.107	continuous	1244	1	->	2	3	3	0.434220	False	0.483056	0.797426	0.004430	
2025-09-09 10:06:56.107	continuous	1245	1	->		2	3	0.418163	False	1.770812	0.797346	0.004430	
2025-09-09 10:06:56.107	continuous	1246	2	->		3	3	0.413644	False	0.512955	0.797266	0.004429	
2025-09-09 10:06:56.107	continuous	1247	1	->		2	3	0.418272	False	1.752018	0.797187	0.004429	
2025-09-09 10:06:56.107	continuous	1248	2	->		3	3	0.414037	False	0.515850	0.797107	0.004428	
2025-09-09 10:06:56.107	continuous	1249	2	->		3	3	0.419490	False	0.506695	0.797027	0.004428	
2025-09-09 10:06:56.108	continuous	1250	1	->		2	3	0.423796	False	1.745454	0.796947	0.004427	
2025-09-09 10:06:56.108	continuous	1251	1	->	2	3	3	0.439829	False	0.484215	0.796868	0.004427	
2025-09-09 10:06:56.108	continuous	1252	1	->	2	3	3	0.445325	False	0.475345	0.796788	0.004427	
2025-09-09 10:06:56.108	continuous	1253	1	->		2	3	0.429154	False	1.738886	0.796708	0.004426	
2025-09-09 10:06:56.108	continuous	1254	2	->		3	3	0.424843	False	0.504758	0.796629	0.004426	
2025-09-09 10:06:56.108	continuous	1255	2	->		3	3	0.430243	False	0.495765	0.796549	0.004425	
2025-09-09 10:06:56.109	continuous	1256	1	->	2	3	3	0.456022	False	0.461751	0.796469	0.004425	
2025-09-09 10:06:56.109	continuous	1257	1	->	2	3	3	0.461438	False	0.453313	0.796390	0.004424	
2025-09-09 10:06:56.109	continuous	1258	1	->	2	3	3	0.466838	False	0.445038	0.796310	0.004424	
2025-09-09 10:06:56.109	continuous	1259	2	->		3	3	0.451058	False	0.462249	0.796230	0.004424	
2025-09-09 10:06:56.109	continuous	1260	1	->	2	3	3	0.477549	False	0.429005	0.796151	0.004423	
2025-09-09 10:06:56.109	continuous	1261	1	->	2	3	3	0.482884	False	0.421206	0.796071	0.004423	
2025-09-09 10:06:56.110	continuous	1262	2	->	3	4	3	0.465559	False	3.204717	0.795992	0.004422	
2025-09-09 10:06:56.110	continuous	1263	1	->	2	3	3	0.477770	False	0.426793	0.795912	0.004422	
2025-09-09 10:06:56.110	continuous	1264	1	->	2	3	3	0.483117	False	0.419042	0.795832	0.004421	
2025-09-09 10:06:56.110	continuous	1265	4	->		5	3	0.430538	False	3.849479	0.795753	0.004421	
2025-09-09 10:06:56.110	continuous	1266	2	->		3	3	0.455167	False	0.451266	0.795673	0.004420	
2025-09-09 10:06:56.110	continuous	1267	1	->		2	3	0.459911	False	1.823634	0.795594	0.004420	
2025-09-09 10:06:56.111	continuous	1268	2	->	3	4	3	0.452829	False	3.151848	0.795514	0.004420	
2025-09-09 10:06:56.111	continuous	1269	1	->		2	3	0.443490	False	1.779260	0.795435	0.004419	
2025-09-09 10:06:56.111	continuous	1270	1	->		2	3	0.437584	False	1.746192	0.795355	0.004419	
2025-09-09 10:06:56.111	continuous	1271	2	->		3	3	0.432659	False	0.494663	0.795275	0.004418	
2025-09-09 10:06:56.111	continuous	1272	1	->		2	3	0.437262	False	1.726361	0.795196	0.004418	
2025-09-09 10:06:56.111	continuous	1273	2	->		3	3	0.432617	False	0.498398	0.795116	0.004417	
2025-09-09 10:06:56.111	continuous	1274	1	->	2	3	3	0.458902	False	0.463692	0.795037	0.004417	
2025-09-09 10:06:56.112	continuous	1275	2	->		3	3	0.443084	False	0.481017	0.794957	0.004416	
2025-09-09 10:06:56.112	continuous	1276	1	->	2	3	3	0.469618	False	0.446852	0.794878	0.004416	
2025-09-09 10:06:56.112	continuous	1277	1	->		2	3	0.452692	False	1.744827	0.794798	0.004416	
2025-09-09 10:06:56.112	continuous	1278	1	->	2	3	3	0.468798	False	0.451512	0.794719	0.004415	
2025-09-09 10:06:56.112	continuous	1279	2	->		3	3	0.452709	False	0.468846	0.794639	0.004415	
2025-09-09 10:06:56.112	continuous	1280	3	->		4	3	0.428493	False	3.088861	0.794560	0.004414	
2025-09-09 10:06:56.113	continuous	1281	1	->		2	3	0.447924	False	1.728684	0.794481	0.004414	
2025-09-09 10:06:56.113	continuous	1282	1	->	2	3	3	0.464153	False	0.460112	0.794401	0.004413	
2025-09-09 10:06:56.113	continuous	1283	2	->		3	3	0.448223	False	0.477343	0.794322	0.004413	
2025-09-09 10:06:56.113	continuous	1284	1	->		2	3	0.452541	False	1.721186	0.794242	0.004412	
2025-09-09 10:06:56.113	continuous	1285	1	->		2	3	0.446748	False	1.687741	0.794163	0.004412	
2025-09-09 10:06:56.114	continuous	1286	2	->		3	3	0.442339	False	0.494676	0.794083	0.004412	
2025-09-09 10:06:56.114	continuous	1287	1	->		2	3	0.446443	False	1.668009	0.794004	0.004411	
2025-09-09 10:06:56.114	continuous	1288	1	->		2	3	0.441110	False	1.635605	0.793925	0.004411	
2025-09-09 10:06:56.114	continuous	1289	2	->		3	3	0.437297	False	0.511768	0.793845	0.004410	
2025-09-09 10:06:56.114	continuous	1290	1	->	2	3	3	0.462651	False	0.477807	0.793766	0.004410	
2025-09-09 10:06:56.114	continuous	1291	2	->	3	4	3	0.446051	False	3.132901	0.793686	0.004409	
2025-09-09 10:06:56.115	continuous	1292	1	->	2	3	3	0.458545	False	0.481768	0.793607	0.004409	
2025-09-09 10:06:56.115	continuous	1293	1	->	2	3	3	0.463813	False	0.472795	0.793528	0.004408	
2025-09-09 10:06:56.115	continuous	1294	2	->	3	4	3	0.446486	False	3.104792	0.793448	0.004408	
2025-09-09 10:06:56.115	continuous	1295	1	->	2	3	3	0.459698	False	0.476870	0.793369	0.004408	
2025-09-09 10:06:56.115	continuous	1296	1	->	2	3	3	0.464973	False	0.468020	0.793290	0.004407	
2025-09-09 10:06:56.115	continuous	1297	2	->		3	3	0.448755	False	0.485375	0.793210	0.004407	
2025-09-09 10:06:56.116	continuous	1298	2	->		3	3	0.453991	False	0.476631	0.793131	0.004406	
2025-09-09 10:06:56.116	continuous	1299	1	->	2	3	3	0.480687	False	0.442560	0.793052	0.004406	
2025-09-09 10:06:56.116	continuous	1300	1	->		2	3	0.463583	False	1.707290	0.792972	0.004405	
2025-09-09 10:06:56.116	continuous	1301	2	->	3	4	3	0.456515	False	3.107804	0.792893	0.004405	
2025-09-09 10:06:56.116	continuous	1302	2	->		3	3	0.448625	False	0.486667	0.792814	0.004405	
2025-09-09 10:06:56.116	continuous	1303	1	->		2	3	0.453264	False	1.677833	0.792735	0.004404	
2025-09-09 10:06:56.117	continuous	1304	1	->		2	3	0.447708	False	1.644516	0.792655	0.004404	
2025-09-09 10:06:56.117	continuous	1305	4	->		5	3	0.409332	False	3.837027	0.792576	0.004403	
2025-09-09 10:06:56.117	continuous	1306	1	->	2	3	3	0.454141	False	0.491808	0.792497	0.004403	
2025-09-09 10:06:56.117	continuous	1307	1	->	2	3	3	0.459398	False	0.482622	0.792417	0.004402	
2025-09-09 10:06:56.117	continuous	1308	2	->		3	3	0.443270	False	0.499833	0.792338	0.004402	
2025-09-09 10:06:56.118	continuous	1309	2	->		3	3	0.448473	False	0.490803	0.792259	0.004401	
2025-09-09 10:06:56.118	continuous	1310	2	->		3	3	0.453671	False	0.481939	0.792180	0.004401	
2025-09-09 10:06:56.118	continuous	1311	1	->		2	3	0.458027	False	1.670708	0.792101	0.004401	
2025-09-09 10:06:56.118	continuous	1312	1	->	2	3	3	0.474368	False	0.461181	0.792021	0.004400	
2025-09-09 10:06:56.118	continuous	1313	1	->		2	3	0.457438	False	1.650389	0.791942	0.004400	
2025-09-09 10:06:56.119	continuous	1314	4	->		5	3	0.418095	False	3.840253	0.791863	0.004399	
2025-09-09 10:06:56.119	continuous	1315	1	->	2	3	3	0.463762	False	0.479197	0.791784	0.004399	
2025-09-09 10:06:56.119	continuous	1316	1	->		2	3	0.446943	False	1.622841	0.791705	0.004398	
2025-09-09 10:06:56.119	continuous	1317	3	->		4	3	0.414112	False	3.009155	0.791625	0.004398	
2025-09-09 10:06:56.120	continuous	1318	1	->	2	3	3	0.455278	False	0.495315	0.791546	0.004397	
2025-09-09 10:06:56.120	continuous	1319	1	->	2	3	3	0.460493	False	0.486028	0.791467	0.004397	
2025-09-09 10:06:56.120	continuous	1320	1	->	2	3	3	0.465696	False	0.476934	0.791388	0.004397	
2025-09-09 10:06:56.120	continuous	1321	2	->		3	3	0.449263	False	0.494275	0.791309	0.004396	
2025-09-09 10:06:56.120	continuous	1322	1	->		2	3	0.453765	False	1.638165	0.791230	0.004396	
2025-09-09 10:06:56.120	continuous	1323	2	->		3	3	0.449163	False	0.498656	0.791151	0.004395	
2025-09-09 10:06:56.121	continuous	1324	3	->		4	3	0.425045	False	3.014887	0.791071	0.004395	
2025-09-09 10:06:56.121	continuous	1325	1	->		2	3	0.444912	False	1.612247	0.790992	0.004394	
2025-09-09 10:06:56.121	continuous	1326	2	->		3	3	0.440814	False	0.515057	0.790913	0.004394	
2025-09-09 10:06:56.121	continuous	1327	2	->		3	3	0.445948	False	0.505671	0.790834	0.004394	
2025-09-09 10:06:56.121	continuous	1328	2	->		3	3	0.451080	False	0.496466	0.790755	0.004393	
2025-09-09 10:06:56.122	continuous	1329	2	->	3	4	3	0.454195	False	3.063618	0.790676	0.004393	
2025-09-09 10:06:56.122	continuous	1330	1	->	2	3	3	0.467927	False	0.475040	0.790597	0.004392	
2025-09-09 10:06:56.122	continuous	1331	2	->		3	3	0.451828	False	0.491896	0.790518	0.004392	
2025-09-09 10:06:56.122	continuous	1332	1	->		2	3	0.455977	False	1.639782	0.790439	0.004391	
2025-09-09 10:06:56.122	continuous	1333	3	->		4	3	0.422141	False	2.963906	0.790360	0.004391	
2025-09-09 10:06:56.123	continuous	1334	1	->	2	3	3	0.464185	False	0.482753	0.790281	0.004390	
2025-09-09 10:06:56.123	continuous	1335	2	->	3	4	3	0.446012	False	2.991425	0.790202	0.004390	
2025-09-09 10:06:56.123	continuous	1336	1	->	2	3	3	0.460433	False	0.486307	0.790123	0.004390	
2025-09-09 10:06:56.123	continuous	1337	3	->		4	3	0.414631	False	2.891330	0.790044	0.004389	
2025-09-09 10:06:56.123	continuous	1338	1	->	2	3	3	0.457445	False	0.488822	0.789965	0.004389	
2025-09-09 10:06:56.123	continuous	1339	1	->	2	3	3	0.462689	False	0.479651	0.789886	0.004388	
2025-09-09 10:06:56.124	continuous	1340	1	->		2	3	0.445529	False	1.641766	0.789807	0.004388	
2025-09-09 10:06:56.124	continuous	1341	2	->	3	4	3	0.438589	False	2.922939	0.789728	0.004387	
2025-09-09 10:06:56.124	continuous	1342	2	->		3	3	0.432300	False	0.523750	0.789649	0.004387	
2025-09-09 10:06:56.124	continuous	1343	2	->		3	3	0.437505	False	0.514206	0.789570	0.004386	
2025-09-09 10:06:56.124	continuous	1344	2	->		3	3	0.442694	False	0.504858	0.789491	0.004386	
2025-09-09 10:06:56.124	continuous	1345	2	->		3	3	0.447877	False	0.495690	0.789412	0.004386	
2025-09-09 10:06:56.125	continuous	1346	1	->	2	3	3	0.474665	False	0.460512	0.789333	0.004385	
2025-09-09 10:06:56.125	continuous	1347	1	->	2	3	3	0.479868	False	0.451896	0.789254	0.004385	
2025-09-09 10:06:56.125	continuous	1348	1	->	2	3	3	0.485056	False	0.443457	0.789175	0.004384	
2025-09-09 10:06:56.125	continuous	1349	2	->	3	4	3	0.465390	False	2.962587	0.789096	0.004384	
2025-09-09 10:06:56.125	continuous	1350	1	->	2	3	3	0.480779	False	0.447978	0.789017	0.004383	
2025-09-09 10:06:56.126	continuous	1351	1	->	2	3	3	0.485983	False	0.439627	0.788938	0.004383	
2025-09-09 10:06:56.126	continuous	1352	2	->	3	4	3	0.465667	False	2.934354	0.788859	0.004383	
2025-09-09 10:06:56.126	continuous	1353	1	->		2	3	0.458768	False	1.706301	0.788781	0.004382	
2025-09-09 10:06:56.126	continuous	1354	1	->		2	3	0.452915	False	1.671573	0.788702	0.004382	
2025-09-09 10:06:56.126	continuous	1355	1	->	2	3	3	0.469842	False	0.471230	0.788623	0.004381	
2025-09-09 10:06:56.127	continuous	1356	1	->		2	3	0.452467	False	1.651221	0.788544	0.004381	
2025-09-09 10:06:56.127	continuous	1357	1	->		2	3	0.447093	False	1.617626	0.788465	0.004380	
2025-09-09 10:06:56.127	continuous	1358	1	->	2	3	3	0.464126	False	0.489595	0.788386	0.004380	
2025-09-09 10:06:56.127	continuous	1359	2	->		3	3	0.447179	False	0.507489	0.788307	0.004379	
2025-09-09 10:06:56.127	continuous	1360	2	->		3	3	0.452303	False	0.498186	0.788229	0.004379	
2025-09-09 10:06:56.128	continuous	1361	3	->	4	5	3	0.416068	False	3.852271	0.788150	0.004379	
2025-09-09 10:06:56.128	continuous	1362	1	->	2	3	3	0.469608	False	0.475402	0.788071	0.004378	
2025-09-09 10:06:56.128	continuous	1363	1	->		2	3	0.452176	False	1.631466	0.787992	0.004378	
2025-09-09 10:06:56.128	continuous	1364	1	->		2	3	0.446936	False	1.598151	0.787913	0.004377	
2025-09-09 10:06:56.128	continuous	1365	1	->		2	3	0.442032	False	1.565654	0.787835	0.004377	
2025-09-09 10:06:56.129	continuous	1366	2	->		3	3	0.437771	False	0.534454	0.787756	0.004376	
2025-09-09 10:06:56.129	continuous	1367	3	->		4	3	0.413374	False	2.830522	0.787677	0.004376	
2025-09-09 10:06:56.129	continuous	1368	1	->		2	3	0.434705	False	1.543163	0.787598	0.004376	
2025-09-09 10:06:56.129	continuous	1369	2	->		3	3	0.430878	False	0.549869	0.787519	0.004375	
2025-09-09 10:06:56.129	continuous	1370	3	->	4	5	3	0.395159	False	3.784058	0.787441	0.004375	
2025-09-09 10:06:56.130	continuous	1371	1	->	2	3	3	0.447975	False	0.525692	0.787362	0.004374	
2025-09-09 10:06:56.130	continuous	1372	1	->	2	3	3	0.453107	False	0.515623	0.787283	0.004374	
2025-09-09 10:06:56.130	continuous	1373	2	->		3	3	0.436531	False	0.533012	0.787205	0.004373	
2025-09-09 10:06:56.130	continuous	1374	2	->		3	3	0.441613	False	0.523190	0.787126	0.004373	
2025-09-09 10:06:56.130	continuous	1375	2	->	3	4	3	0.443965	False	2.880736	0.787047	0.004372	
2025-09-09 10:06:56.131	continuous	1376	2	->		3	3	0.438177	False	0.526463	0.786968	0.004372	
2025-09-09 10:06:56.131	continuous	1377	2	->	3	4	3	0.440389	False	2.843047	0.786890	0.004372	
2025-09-09 10:06:56.131	continuous	1378	1	->		2	3	0.434493	False	1.577647	0.786811	0.004371	
2025-09-09 10:06:56.131	continuous	1379	1	->	2	3	3	0.451914	False	0.515769	0.786732	0.004371	
2025-09-09 10:06:56.131	continuous	1380	1	->		2	3	0.434993	False	1.559808	0.786654	0.004370	
2025-09-09 10:06:56.132	continuous	1381	2	->	3	4	3	0.427988	False	2.796329	0.786575	0.004370	
2025-09-09 10:06:56.132	continuous	1382	2	->		3	3	0.423076	False	0.559452	0.786496	0.004369	
2025-09-09 10:06:56.132	continuous	1383	2	->		3	3	0.428133	False	0.549146	0.786418	0.004369	
2025-09-09 10:06:56.132	continuous	1384	1	->		2	3	0.432797	False	1.551402	0.786339	0.004369	
2025-09-09 10:06:56.132	continuous	1385	2	->	3	4	3	0.425864	False	2.769292	0.786260	0.004368	
2025-09-09 10:06:56.133	continuous	1386	1	->	2	3	3	0.442439	False	0.537565	0.786182	0.004368	
2025-09-09 10:06:56.133	continuous	1387	1	->	2	3	3	0.447556	False	0.527247	0.786103	0.004367	
2025-09-09 10:06:56.133	continuous	1388	1	->	2	3	3	0.452681	False	0.517131	0.786025	0.004367	
2025-09-09 10:06:56.133	continuous	1389	1	->		2	3	0.435730	False	1.557501	0.785946	0.004366	
2025-09-09 10:06:56.134	continuous	1390	1	->	2	3	3	0.453178	False	0.521013	0.785867	0.004366	
2025-09-09 10:06:56.134	continuous	1391	1	->	2	3	3	0.458270	False	0.510991	0.785789	0.004365	
2025-09-09 10:06:56.134	continuous	1392	2	->		3	3	0.441152	False	0.528956	0.785710	0.004365	
2025-09-09 10:06:56.142	continuous	1393	1	->	2	3	3	0.468448	False	0.491600	0.785632	0.004365	
2025-09-09 10:06:56.143	continuous	1394	1	->	2	3	3	0.473553	False	0.482165	0.785553	0.004364	
2025-09-09 10:06:56.144	continuous	1395	1	->	2	3	3	0.478655	False	0.472925	0.785474	0.004364	
2025-09-09 10:06:56.145	continuous	1396	1	->		2	3	0.460952	False	1.609373	0.785396	0.004363	
2025-09-09 10:06:56.145	continuous	1397	2	->	3	4	3	0.452356	False	2.821402	0.785317	0.004363	
2025-09-09 10:06:56.145	continuous	1398	1	->		2	3	0.447277	False	1.569288	0.785239	0.004362	
2025-09-09 10:06:56.146	continuous	1399	2	->		3	3	0.442330	False	0.532528	0.785160	0.004362	
2025-09-09 10:06:56.147	continuous	1400	1	->	2	3	3	0.469721	False	0.494912	0.785082	0.004362	
2025-09-09 10:06:56.147	continuous	1401	2	->		3	3	0.452180	False	0.513129	0.785003	0.004361	
2025-09-09 10:06:56.147	continuous	1402	2	->		3	3	0.457214	False	0.503592	0.784925	0.004361	
2025-09-09 10:06:56.148	continuous	1403	2	->		3	3	0.462244	False	0.494246	0.784846	0.004360	
2025-09-09 10:06:56.148	continuous	1404	1	->	2	3	3	0.489933	False	0.458002	0.784768	0.004360	
2025-09-09 10:06:56.148	continuous	1405	2	->	3	4	3	0.468787	False	2.841579	0.784689	0.004359	
2025-09-09 10:06:56.148	continuous	1406	2	->		3	3	0.463117	False	0.489501	0.784611	0.004359	
2025-09-09 10:06:56.149	continuous	1407	1	->	2	3	3	0.491104	False	0.453062	0.784532	0.004359	
2025-09-09 10:06:56.149	continuous	1408	2	->		3	3	0.473017	False	0.471805	0.784454	0.004358	
2025-09-09 10:06:56.149	continuous	1409	1	->	2	3	3	0.501219	False	0.435948	0.784376	0.004358	
2025-09-09 10:06:56.149	continuous	1410	2	->		3	3	0.482882	False	0.454811	0.784297	0.004357	
2025-09-09 10:06:56.150	continuous	1411	1	->	2	3	3	0.511275	False	0.419547	0.784219	0.004357	
2025-09-09 10:06:56.150	continuous	1412	2	->		3	3	0.492691	False	0.438507	0.784140	0.004356	
2025-09-09 10:06:56.150	continuous	1413	1	->		2	3	0.497686	False	1.713450	0.784062	0.004356	
2025-09-09 10:06:56.150	continuous	1414	2	->		3	3	0.490960	False	0.444929	0.783983	0.004355	
2025-09-09 10:06:56.151	continuous	1415	2	->		3	3	0.495940	False	0.436736	0.783905	0.004355	
2025-09-09 10:06:56.151	continuous	1416	2	->		3	3	0.500903	False	0.428711	0.783827	0.004355	
2025-09-09 10:06:56.151	continuous	1417	2	->		3	3	0.505847	False	0.420853	0.783748	0.004354	
2025-09-09 10:06:56.152	continuous	1418	1	->	2	3	3	0.533931	False	0.387589	0.783670	0.004354	
2025-09-09 10:06:56.152	continuous	1419	2	->		3	3	0.515441	False	0.405889	0.783591	0.004353	
2025-09-09 10:06:56.152	continuous	1420	2	->	3	4	3	0.516851	False	2.948745	0.783513	0.004353	
2025-09-09 10:06:56.152	continuous	1421	1	->	2	3	3	0.533348	False	0.386199	0.783435	0.004352	
2025-09-09 10:06:56.153	continuous	1422	3	->		4	3	0.482133	False	2.834557	0.783356	0.004352	
2025-09-09 10:06:56.153	continuous	1423	2	->		3	3	0.505223	False	0.417298	0.783278	0.004352	
2025-09-09 10:06:56.153	continuous	1424	2	->		3	3	0.510188	False	0.409688	0.783200	0.004351	
2025-09-09 10:06:56.153	continuous	1425	1	->	2	3	3	0.538626	False	0.376516	0.783121	0.004351	
2025-09-09 10:06:56.153	continuous	1426	2	->		3	3	0.519783	False	0.395242	0.783043	0.004350	
2025-09-09 10:06:56.154	continuous	1427	2	->		3	3	0.524656	False	0.388113	0.782965	0.004350	
2025-09-09 10:06:56.154	continuous	1428	1	->		2	3	0.529012	False	1.824182	0.782887	0.004349	
2025-09-09 10:06:56.154	continuous	1429	1	->	2	3	3	0.544783	False	0.370441	0.782808	0.004349	
2025-09-09 10:06:56.154	continuous	1430	2	->		3	3	0.526101	False	0.388795	0.782730	0.004348	
2025-09-09 10:06:56.154	continuous	1431	1	->		2	3	0.530319	False	1.809074	0.782652	0.004348	
2025-09-09 10:06:56.155	continuous	1432	1	->	2	3	3	0.546066	False	0.371412	0.782573	0.004348	
2025-09-09 10:06:56.155	continuous	1433	1	->	2	3	3	0.550850	False	0.364493	0.782495	0.004347	
2025-09-09 10:06:56.155	continuous	1434	3	->		4	3	0.498984	False	2.866557	0.782417	0.004347	
2025-09-09 10:06:56.155	continuous	1435	2	->		3	3	0.522376	False	0.395199	0.782339	0.004346	
2025-09-09 10:06:56.156	continuous	1436	3	->		4	3	0.493743	False	2.823656	0.782260	0.004346	
2025-09-09 10:06:56.156	continuous	1437	2	->		3	3	0.517629	False	0.400496	0.782182	0.004345	
2025-09-09 10:06:56.156	continuous	1438	1	->	2	3	3	0.545836	False	0.367967	0.782104	0.004345	
2025-09-09 10:06:56.156	continuous	1439	1	->		2	3	0.526459	False	1.813503	0.782026	0.004345	
2025-09-09 10:06:56.156	continuous	1440	1	->	2	3	3	0.542398	False	0.375726	0.781948	0.004344	
2025-09-09 10:06:56.157	continuous	1441	1	->	2	3	3	0.547225	False	0.368701	0.781869	0.004344	
2025-09-09 10:06:56.157	continuous	1442	2	->		3	3	0.528476	False	0.387106	0.781791	0.004343	
2025-09-09 10:06:56.157	continuous	1443	2	->		3	3	0.533281	False	0.380113	0.781713	0.004343	
2025-09-09 10:06:56.157	continuous	1444	2	->		3	3	0.538053	False	0.373271	0.781635	0.004342	
2025-09-09 10:06:56.157	continuous	1445	3	->		4	3	0.508615	False	2.843075	0.781557	0.004342	
2025-09-09 10:06:56.158	continuous	1446	2	->		3	3	0.532842	False	0.379078	0.781479	0.004342	
2025-09-09 10:06:56.158	continuous	1447	1	->		2	3	0.536656	False	1.843633	0.781400	0.004341	
2025-09-09 10:06:56.158	continuous	1448	1	->		2	3	0.528269	False	1.798138	0.781322	0.004341	
2025-09-09 10:06:56.158	continuous	1449	3	->		4	3	0.487680	False	2.774728	0.781244	0.004340	
2025-09-09 10:06:56.159	continuous	1450	2	->		3	3	0.512163	False	0.414211	0.781166	0.004340	
2025-09-09 10:06:56.159	continuous	1451	2	->		3	3	0.517068	False	0.406594	0.781088	0.004339	
2025-09-09 10:06:56.159	continuous	1452	3	->		4	3	0.487717	False	2.746428	0.781010	0.004339	
2025-09-09 10:06:56.160	continuous	1453	2	->		3	3	0.512679	False	0.411572	0.780932	0.004339	
2025-09-09 10:06:56.160	continuous	1454	1	->		2	3	0.516190	False	1.776588	0.780854	0.004338	
2025-09-09 10:06:56.160	continuous	1455	1	->		2	3	0.508618	False	1.733922	0.780776	0.004338	
2025-09-09 10:06:56.160	continuous	1456	2	->	3	4	3	0.499198	False	2.750509	0.780697	0.004337	
2025-09-09 10:06:56.161	continuous	1457	5	->		6	3	0.457292	False	4.511239	0.780619	0.004337	
2025-09-09 10:06:56.161	continuous	1458	1	->	2	3	3	0.503814	False	0.436774	0.780541	0.004336	
2025-09-09 10:06:56.161	continuous	1459	1	->	2	3	3	0.508868	False	0.428354	0.780463	0.004336	
2025-09-09 10:06:56.161	continuous	1460	2	->		3	3	0.491407	False	0.446122	0.780385	0.004335	
2025-09-09 10:06:56.162	continuous	1461	4	->		5	3	0.459943	False	4.042134	0.780307	0.004335	
2025-09-09 10:06:56.162	continuous	1462	1	->	2	3	3	0.508182	False	0.425547	0.780229	0.004335	
2025-09-09 10:06:56.162	continuous	1463	1	->		2	3	0.489161	False	1.716227	0.780151	0.004334	
2025-09-09 10:06:56.162	continuous	1464	1	->		2	3	0.482572	False	1.677240	0.780073	0.004334	
2025-09-09 10:06:56.162	continuous	1465	2	->	3	4	3	0.473842	False	2.678180	0.779995	0.004333	
2025-09-09 10:06:56.163	continuous	1466	2	->		3	3	0.469050	False	0.486012	0.779917	0.004333	
2025-09-09 10:06:56.163	continuous	1467	1	->	2	3	3	0.496236	False	0.450470	0.779839	0.004332	
2025-09-09 10:06:56.163	continuous	1468	2	->		3	3	0.478945	False	0.468215	0.779761	0.004332	
2025-09-09 10:06:56.163	continuous	1469	2	->		3	3	0.483982	False	0.459469	0.779683	0.004332	
2025-09-09 10:06:56.164	continuous	1470	1	->		2	3	0.487527	False	1.690069	0.779605	0.004331	
2025-09-09 10:06:56.164	continuous	1471	2	->		3	3	0.482641	False	0.465567	0.779527	0.004331	
2025-09-09 10:06:56.164	continuous	1472	1	->		2	3	0.486035	False	1.666046	0.779449	0.004330	
2025-09-09 10:06:56.164	continuous	1473	1	->		2	3	0.479820	False	1.627836	0.779371	0.004330	
2025-09-09 10:06:56.165	continuous	1474	3	->		4	3	0.442849	False	2.609539	0.779293	0.004329	
2025-09-09 10:06:56.165	continuous	1475	3	->		4	3	0.435156	False	2.563383	0.779215	0.004329	
2025-09-09 10:06:56.165	continuous	1476	1	->		2	3	0.458821	False	1.580109	0.779138	0.004329	
2025-09-09 10:06:56.165	continuous	1477	2	->		3	3	0.455446	False	0.524849	0.779060	0.004328	
2025-09-09 10:06:56.165	continuous	1478	1	->	2	3	3	0.481339	False	0.489128	0.778982	0.004328	
2025-09-09 10:06:56.166	continuous	1479	1	->		2	3	0.463533	False	1.574708	0.778904	0.004327	
2025-09-09 10:06:56.166	continuous	1480	2	->		3	3	0.460129	False	0.520006	0.778826	0.004327	
2025-09-09 10:06:56.166	continuous	1481	1	->	2	3	3	0.485957	False	0.484592	0.778748	0.004326	
2025-09-09 10:06:56.166	continuous	1482	1	->	2	3	3	0.490970	False	0.474958	0.778670	0.004326	
2025-09-09 10:06:56.166	continuous	1483	2	->		3	3	0.474625	False	0.491172	0.778592	0.004326	
2025-09-09 10:06:56.167	continuous	1484	2	->		3	3	0.479576	False	0.481827	0.778514	0.004325	
2025-09-09 10:06:56.167	continuous	1485	2	->		3	3	0.484524	False	0.472678	0.778437	0.004325	
2025-09-09 10:06:56.167	continuous	1486	1	->		2	3	0.487497	False	1.628890	0.778359	0.004324	
2025-09-09 10:06:56.167	continuous	1487	3	->	4	5	3	0.439137	False	3.982326	0.778281	0.004324	
2025-09-09 10:06:56.167	continuous	1488	2	->		3	3	0.473623	False	0.492190	0.778203	0.004323	
2025-09-09 10:06:56.168	continuous	1489	1	->		2	3	0.476504	False	1.596911	0.778125	0.004323	
2025-09-09 10:06:56.168	continuous	1490	1	->	2	3	3	0.493895	False	0.472687	0.778047	0.004322	
2025-09-09 10:06:56.168	continuous	1491	1	->	2	3	3	0.498876	False	0.463296	0.777970	0.004322	
2025-09-09 10:06:56.168	continuous	1492	1	->	2	3	3	0.503840	False	0.454130	0.777892	0.004322	
2025-09-09 10:06:56.168	continuous	1493	2	->		3	3	0.487277	False	0.470433	0.777814	0.004321	
2025-09-09 10:06:56.169	continuous	1494	1	->	2	3	3	0.513717	False	0.436456	0.777736	0.004321	
2025-09-09 10:06:56.169	continuous	1495	2	->		3	3	0.496928	False	0.452966	0.777658	0.004320	
2025-09-09 10:06:56.169	continuous	1496	2	->		3	3	0.501827	False	0.444410	0.777581	0.004320	
2025-09-09 10:06:56.169	continuous	1497	1	->		2	3	0.504545	False	1.665705	0.777503	0.004319	
2025-09-09 10:06:56.170	continuous	1498	2	->	3	4	3	0.496137	False	2.723117	0.777425	0.004319	
2025-09-09 10:06:56.170	continuous	1499	1	->	2	3	3	0.512438	False	0.439612	0.777347	0.004319	
2025-09-09 10:06:56.170	continuous	1500	2	->		3	3	0.495722	False	0.456055	0.777270	0.004318	
2025-09-09 10:06:56.170	continuous	1501	2	->	3	4	3	0.496531	False	2.693362	0.777192	0.004318	
2025-09-09 10:06:56.170	continuous	1502	2	->	3	4	3	0.487307	False	2.637816	0.777114	0.004317	
2025-09-09 10:06:56.171	continuous	1503	2	->		3	3	0.482721	False	0.474272	0.777037	0.004317	
2025-09-09 10:06:56.171	continuous	1504	2	->	3	4	3	0.483367	False	2.597378	0.776959	0.004316	
2025-09-09 10:06:56.171	continuous	1505	1	->	2	3	3	0.500748	False	0.452659	0.776881	0.004316	
2025-09-09 10:06:56.171	continuous	1506	2	->		3	3	0.483847	False	0.469803	0.776803	0.004316	
2025-09-09 10:06:56.171	continuous	1507	2	->		3	3	0.488832	False	0.460918	0.776726	0.004315	
2025-09-09 10:06:56.172	continuous	1508	1	->	2	3	3	0.515744	False	0.426649	0.776648	0.004315	
2025-09-09 10:06:56.172	continuous	1509	1	->	2	3	3	0.520710	False	0.418359	0.776570	0.004314	
2025-09-09 10:06:56.172	continuous	1510	2	->	3	4	3	0.498847	False	2.610120	0.776493	0.004314	
2025-09-09 10:06:56.173	continuous	1511	2	->		3	3	0.494189	False	0.449404	0.776415	0.004313	
2025-09-09 10:06:56.173	continuous	1512	2	->		3	3	0.499167	False	0.440962	0.776338	0.004313	
2025-09-09 10:06:56.173	continuous	1513	2	->		3	3	0.504125	False	0.432706	0.776260	0.004313	
2025-09-09 10:06:56.174	continuous	1514	1	->	2	3	3	0.531397	False	0.399312	0.776182	0.004312	
2025-09-09 10:06:56.174	continuous	1515	1	->		2	3	0.511940	False	1.763119	0.776105	0.004312	
2025-09-09 10:06:56.174	continuous	1516	2	->		3	3	0.506469	False	0.432030	0.776027	0.004311	
2025-09-09 10:06:56.174	continuous	1517	2	->		3	3	0.511384	False	0.423937	0.775949	0.004311	
2025-09-09 10:06:56.174	continuous	1518	1	->	2	3	3	0.538456	False	0.391180	0.775872	0.004310	
2025-09-09 10:06:56.175	continuous	1519	1	->	2	3	3	0.543309	False	0.383685	0.775794	0.004310	
2025-09-09 10:06:56.175	continuous	1520	2	->	3	4	3	0.520988	False	2.651746	0.775717	0.004310	
2025-09-09 10:06:56.175	continuous	1521	1	->		2	3	0.514020	False	1.768634	0.775639	0.004309	
2025-09-09 10:06:56.175	continuous	1522	1	->	2	3	3	0.530681	False	0.404692	0.775562	0.004309	
2025-09-09 10:06:56.175	continuous	1523	1	->	2	3	3	0.535583	False	0.396863	0.775484	0.004308	
2025-09-09 10:06:56.176	continuous	1524	2	->		3	3	0.517816	False	0.414570	0.775406	0.004308	
2025-09-09 10:06:56.176	continuous	1525	2	->		3	3	0.522679	False	0.406849	0.775329	0.004307	
2025-09-09 10:06:56.176	continuous	1526	2	->		3	3	0.527514	False	0.399300	0.775251	0.004307	
2025-09-09 10:06:56.176	continuous	1527	2	->	3	4	3	0.527628	False	2.650299	0.775174	0.004307	
2025-09-09 10:06:56.177	continuous	1528	3	->		4	3	0.486982	False	2.530610	0.775096	0.004306	
2025-09-09 10:06:56.177	continuous	1529	1	->		2	3	0.511829	False	1.778368	0.775019	0.004306	
2025-09-09 10:06:56.177	continuous	1530	1	->		2	3	0.504415	False	1.734965	0.774941	0.004305	
2025-09-09 10:06:56.177	continuous	1531	2	->		3	3	0.499322	False	0.448595	0.774864	0.004305	
2025-09-09 10:06:56.177	continuous	1532	1	->	2	3	3	0.526139	False	0.414844	0.774786	0.004304	
2025-09-09 10:06:56.178	continuous	1533	2	->		3	3	0.508997	False	0.431973	0.774709	0.004304	
2025-09-09 10:06:56.178	continuous	1534	2	->		3	3	0.513901	False	0.423824	0.774631	0.004304	
2025-09-09 10:06:56.178	continuous	1535	1	->		2	3	0.516664	False	1.753676	0.774554	0.004303	
2025-09-09 10:06:56.178	continuous	1536	1	->	2	3	3	0.533171	False	0.406413	0.774476	0.004303	
2025-09-09 10:06:56.178	continuous	1537	2	->		3	3	0.516116	False	0.423265	0.774399	0.004302	
2025-09-09 10:06:56.179	continuous	1538	2	->		3	3	0.520975	False	0.415282	0.774322	0.004302	
2025-09-09 10:06:56.179	continuous	1539	2	->		3	3	0.525803	False	0.407488	0.774244	0.004301	
2025-09-09 10:06:56.179	continuous	1540	1	->		2	3	0.528251	False	1.771243	0.774167	0.004301	
2025-09-09 10:06:56.179	continuous	1541	1	->		2	3	0.520483	False	1.726082	0.774089	0.004300	
2025-09-09 10:06:56.179	continuous	1542	2	->		3	3	0.515574	False	0.430906	0.774012	0.004300	
2025-09-09 10:06:56.180	continuous	1543	3	->		4	3	0.485417	False	2.545350	0.773934	0.004300	
2025-09-09 10:06:56.180	continuous	1544	1	->	2	3	3	0.533094	False	0.410990	0.773857	0.004299	
2025-09-09 10:06:56.180	continuous	1545	2	->		3	3	0.516582	False	0.427128	0.773780	0.004299	
2025-09-09 10:06:56.180	continuous	1546	1	->	2	3	3	0.542813	False	0.394976	0.773702	0.004298	
2025-09-09 10:06:56.180	continuous	1547	1	->	2	3	3	0.547623	False	0.387266	0.773625	0.004298	
2025-09-09 10:06:56.181	continuous	1548	1	->	2	3	3	0.552399	False	0.379747	0.773548	0.004297	
2025-09-09 10:06:56.181	continuous	1549	1	->		2	3	0.532868	False	1.766319	0.773470	0.004297	
2025-09-09 10:06:56.181	continuous	1550	1	->		2	3	0.525022	False	1.720548	0.773393	0.004297	
2025-09-09 10:06:56.181	continuous	1551	1	->	2	3	3	0.541337	False	0.403713	0.773316	0.004296	
2025-09-09 10:06:56.181	continuous	1552	1	->	2	3	3	0.546142	False	0.395714	0.773238	0.004296	
2025-09-09 10:06:56.182	continuous	1553	2	->		3	3	0.529296	False	0.411953	0.773161	0.004295	
2025-09-09 10:06:56.182	continuous	1554	2	->		3	3	0.534053	False	0.404125	0.773084	0.004295	
2025-09-09 10:06:56.182	continuous	1555	2	->	3	4	3	0.534097	False	2.652298	0.773006	0.004294	
2025-09-09 10:06:56.182	continuous	1556	2	->	3	4	3	0.524134	False	2.591707	0.772929	0.004294	
2025-09-09 10:06:56.182	continuous	1557	1	->		2	3	0.517193	False	1.716189	0.772852	0.004294	
2025-09-09 10:06:56.183	continuous	1558	2	->		3	3	0.512263	False	0.440024	0.772774	0.004293	
2025-09-09 10:06:56.183	continuous	1559	2	->		3	3	0.517111	False	0.431548	0.772697	0.004293	
2025-09-09 10:06:56.183	continuous	1560	3	->		4	3	0.487008	False	2.490530	0.772620	0.004292	
2025-09-09 10:06:56.183	continuous	1561	1	->	2	3	3	0.534804	False	0.411482	0.772543	0.004292	
2025-09-09 10:06:56.183	continuous	1562	3	->		4	3	0.483156	False	2.452312	0.772465	0.004291	
2025-09-09 10:06:56.184	continuous	1563	3	->	4	5	3	0.464153	False	4.116221	0.772388	0.004291	
2025-09-09 10:06:56.184	continuous	1564	1	->		2	3	0.497292	False	1.690054	0.772311	0.004291	
2025-09-09 10:06:56.184	continuous	1565	1	->		2	3	0.490753	False	1.648782	0.772234	0.004290	
2025-09-09 10:06:56.184	continuous	1566	1	->	2	3	3	0.507816	False	0.460146	0.772156	0.004290	
2025-09-09 10:06:56.184	continuous	1567	2	->		3	3	0.491731	False	0.475950	0.772079	0.004289	
2025-09-09 10:06:56.184	continuous	1568	2	->		3	3	0.496644	False	0.466677	0.772002	0.004289	
2025-09-09 10:06:56.185	continuous	1569	1	->		2	3	0.499032	False	1.655583	0.771925	0.004288	
2025-09-09 10:06:56.185	continuous	1570	2	->	3	4	3	0.490371	False	2.454724	0.771848	0.004288	
2025-09-09 10:06:56.185	continuous	1571	3	->		4	3	0.452546	False	2.350639	0.771770	0.004288	
2025-09-09 10:06:56.185	continuous	1572	2	->		3	3	0.479667	False	0.499405	0.771693	0.004287	
2025-09-09 10:06:56.185	continuous	1573	2	->		3	3	0.484599	False	0.489604	0.771616	0.004287	
2025-09-09 10:06:56.186	continuous	1574	1	->	2	3	3	0.510165	False	0.455192	0.771539	0.004286	
2025-09-09 10:06:56.186	continuous	1575	2	->		3	3	0.494295	False	0.470832	0.771462	0.004286	
2025-09-09 10:06:56.186	continuous	1576	1	->	2	3	3	0.520079	False	0.436990	0.771385	0.004285	
2025-09-09 10:06:56.186	continuous	1577	2	->		3	3	0.503963	False	0.452895	0.771307	0.004285	
2025-09-09 10:06:56.186	continuous	1578	2	->		3	3	0.508858	False	0.444135	0.771230	0.004285	
2025-09-09 10:06:56.187	continuous	1579	2	->	3	4	3	0.508716	False	2.449259	0.771153	0.004284	
2025-09-09 10:06:56.187	continuous	1580	3	->	4	5	3	0.458438	False	4.082477	0.771076	0.004284	
2025-09-09 10:06:56.187	continuous	1581	2	->		3	3	0.494827	False	0.463170	0.770999	0.004283	
2025-09-09 10:06:56.187	continuous	1582	2	->		3	3	0.499782	False	0.454238	0.770922	0.004283	
2025-09-09 10:06:56.187	continuous	1583	2	->		3	3	0.504726	False	0.445502	0.770845	0.004282	
2025-09-09 10:06:56.188	continuous	1584	2	->		3	3	0.509638	False	0.436982	0.770768	0.004282	
2025-09-09 10:06:56.188	continuous	1585	2	->		3	3	0.514531	False	0.428657	0.770691	0.004282	
2025-09-09 10:06:56.188	continuous	1586	3	->		4	3	0.482234	False	2.384820	0.770614	0.004281	
2025-09-09 10:06:56.188	continuous	1587	1	->	2	3	3	0.532257	False	0.408883	0.770536	0.004281	
2025-09-09 10:06:56.188	continuous	1588	1	->	2	3	3	0.537178	False	0.400842	0.770459	0.004280	
2025-09-09 10:06:56.188	continuous	1589	1	->		2	3	0.517600	False	1.789872	0.770382	0.004280	
2025-09-09 10:06:56.188	continuous	1590	1	->		2	3	0.510055	False	1.744747	0.770305	0.004279	
2025-09-09 10:06:56.189	continuous	1591	1	->		2	3	0.502931	False	1.701033	0.770228	0.004279	
2025-09-09 10:06:56.189	continuous	1592	1	->		2	3	0.496223	False	1.658657	0.770151	0.004279	
2025-09-09 10:06:56.189	continuous	1593	2	->		3	3	0.493011	False	0.479943	0.770074	0.004278	
2025-09-09 10:06:56.189	continuous	1594	1	->		2	3	0.494716	False	1.633331	0.769997	0.004278	
2025-09-09 10:06:56.189	continuous	1595	2	->		3	3	0.491777	False	0.486428	0.769920	0.004277	
2025-09-09 10:06:56.189	continuous	1596	1	->		2	3	0.493373	False	1.608625	0.769843	0.004277	
2025-09-09 10:06:56.190	continuous	1597	2	->		3	3	0.490700	False	0.492841	0.769766	0.004276	
2025-09-09 10:06:56.190	continuous	1598	1	->		2	3	0.492191	False	1.584522	0.769689	0.004276	
2025-09-09 10:06:56.190	continuous	1599	1	->	2	3	3	0.509122	False	0.475833	0.769612	0.004276	
2025-09-09 10:06:56.190	continuous	1600	1	->		2	3	0.491166	False	1.561163	0.769535	0.004275	
2025-09-09 10:06:56.190	continuous	1601	1	->	2	3	3	0.508129	False	0.482302	0.769458	0.004275	
2025-09-09 10:06:56.190	continuous	1602	3	->		4	3	0.458797	False	2.371478	0.769381	0.004274	
2025-09-09 10:06:56.191	continuous	1603	2	->		3	3	0.486333	False	0.507894	0.769305	0.004274	
2025-09-09 10:06:56.191	continuous	1604	1	->		2	3	0.487838	False	1.550010	0.769228	0.004273	
2025-09-09 10:06:56.191	continuous	1605	2	->		3	3	0.485714	False	0.513979	0.769151	0.004273	
2025-09-09 10:06:56.191	continuous	1606	1	->	2	3	3	0.509628	False	0.480436	0.769074	0.004273	
2025-09-09 10:06:56.191	continuous	1607	1	->	2	3	3	0.514496	False	0.470286	0.768997	0.004272	
2025-09-09 10:06:56.191	continuous	1608	2	->		3	3	0.499797	False	0.483713	0.768920	0.004272	
2025-09-09 10:06:56.192	continuous	1609	2	->		3	3	0.504588	False	0.474001	0.768843	0.004271	
2025-09-09 10:06:56.192	continuous	1610	1	->		2	3	0.505894	False	1.593118	0.768766	0.004271	
2025-09-09 10:06:56.192	continuous	1611	4	->		5	3	0.468061	False	4.153826	0.768689	0.004270	
2025-09-09 10:06:56.192	continuous	1612	1	->	2	3	3	0.513027	False	0.471224	0.768612	0.004270	
2025-09-09 10:06:56.192	continuous	1613	1	->	2	3	3	0.517889	False	0.461350	0.768536	0.004270	
2025-09-09 10:06:56.192	continuous	1614	1	->		2	3	0.499477	False	1.575042	0.768459	0.004269	
2025-09-09 10:06:56.193	continuous	1615	1	->		2	3	0.493619	False	1.534807	0.768382	0.004269	
2025-09-09 10:06:56.193	continuous	1616	1	->		2	3	0.488174	False	1.495776	0.768305	0.004268	
2025-09-09 10:06:56.193	continuous	1617	2	->	3	4	3	0.481717	False	2.434825	0.768228	0.004268	
2025-09-09 10:06:56.193	continuous	1618	2	->	3	4	3	0.474093	False	2.382168	0.768151	0.004268	
2025-09-09 10:06:56.193	continuous	1619	1	->	2	3	3	0.490511	False	0.528012	0.768075	0.004267	
2025-09-09 10:06:56.193	continuous	1620	1	->	2	3	3	0.495308	False	0.516627	0.767998	0.004267	
2025-09-09 10:06:56.194	continuous	1621	1	->		2	3	0.477780	False	1.483886	0.767921	0.004266	
2025-09-09 10:06:56.194	continuous	1622	2	->		3	3	0.476098	False	0.545778	0.767844	0.004266	
2025-09-09 10:06:56.194	continuous	1623	1	->		2	3	0.477686	False	1.463459	0.767767	0.004265	
2025-09-09 10:06:56.194	continuous	1624	2	->		3	3	0.476213	False	0.551161	0.767691	0.004265	
2025-09-09 10:06:56.194	continuous	1625	2	->		3	3	0.480852	False	0.539729	0.767614	0.004265	
2025-09-09 10:06:56.194	continuous	1626	1	->		2	3	0.482263	False	1.460155	0.767537	0.004264	
2025-09-09 10:06:56.195	continuous	1627	2	->		3	3	0.480857	False	0.545347	0.767460	0.004264	
2025-09-09 10:06:56.195	continuous	1628	1	->	2	3	3	0.504135	False	0.511284	0.767384	0.004263	
2025-09-09 10:06:56.195	continuous	1629	1	->		2	3	0.486735	False	1.457022	0.767307	0.004263	
2025-09-09 10:06:56.195	continuous	1630	1	->	2	3	3	0.503850	False	0.517322	0.767230	0.004262	
2025-09-09 10:06:56.195	continuous	1631	2	->		3	3	0.489767	False	0.528684	0.767153	0.004262	
2025-09-09 10:06:56.195	continuous	1632	3	->		4	3	0.460477	False	2.379391	0.767077	0.004262	
2025-09-09 10:06:56.196	continuous	1633	2	->	3	4	3	0.482605	False	2.385279	0.767000	0.004261	
2025-09-09 10:06:56.196	continuous	1634	2	->		3	3	0.480027	False	0.543481	0.766923	0.004261	
2025-09-09 10:06:56.196	continuous	1635	2	->	3	4	3	0.479778	False	2.346237	0.766847	0.004260	
2025-09-09 10:06:56.196	continuous	1636	2	->		3	3	0.477382	False	0.545799	0.766770	0.004260	
2025-09-09 10:06:56.196	continuous	1637	4	->		5	3	0.448137	False	4.099993	0.766693	0.004259	
2025-09-09 10:06:56.196	continuous	1638	2	->	3	4	3	0.468262	False	2.290743	0.766617	0.004259	
2025-09-09 10:06:56.197	continuous	1639	1	->		2	3	0.463157	False	1.467183	0.766540	0.004259	
2025-09-09 10:06:56.197	continuous	1640	3	->		4	3	0.429165	False	2.196245	0.766463	0.004258	
2025-09-09 10:06:56.197	continuous	1641	1	->		2	3	0.453163	False	1.430665	0.766387	0.004258	
2025-09-09 10:06:56.197	continuous	1642	3	->		4	3	0.420236	False	2.153952	0.766310	0.004257	
2025-09-09 10:06:56.197	continuous	1643	1	->	2	3	3	0.465040	False	0.594465	0.766233	0.004257	
2025-09-09 10:06:56.197	continuous	1644	2	->		3	3	0.451516	False	0.604804	0.766157	0.004256	
2025-09-09 10:06:56.198	continuous	1645	1	->		2	3	0.453023	False	1.429289	0.766080	0.004256	
2025-09-09 10:06:56.198	continuous	1646	1	->	2	3	3	0.470480	False	0.585512	0.766003	0.004256	
2025-09-09 10:06:56.198	continuous	1647	1	->	2	3	3	0.475143	False	0.572596	0.765927	0.004255	
2025-09-09 10:06:56.198	continuous	1648	1	->	2	3	3	0.479847	False	0.559999	0.765850	0.004255	
2025-09-09 10:06:56.198	continuous	1649	1	->	2	3	3	0.484586	False	0.547714	0.765774	0.004254	
2025-09-09 10:06:56.198	continuous	1650	1	->		2	3	0.467516	False	1.461866	0.765697	0.004254	
2025-09-09 10:06:56.198	continuous	1651	1	->		2	3	0.463329	False	1.425722	0.765621	0.004253	
2025-09-09 10:06:56.199	continuous	1652	1	->		2	3	0.459517	False	1.390574	0.765544	0.004253	
2025-09-09 10:06:56.199	continuous	1653	2	->		3	3	0.458899	False	0.609600	0.765467	0.004253	
2025-09-09 10:06:56.199	continuous	1654	2	->		3	3	0.463347	False	0.596641	0.765391	0.004252	
2025-09-09 10:06:56.199	continuous	1655	1	->		2	3	0.464805	False	1.390024	0.765314	0.004252	
2025-09-09 10:06:56.199	continuous	1656	1	->		2	3	0.461228	False	1.355368	0.765238	0.004251	
2025-09-09 10:06:56.199	continuous	1657	3	->		4	3	0.429179	False	2.205625	0.765161	0.004251	
2025-09-09 10:06:56.200	continuous	1658	1	->	2	3	3	0.472943	False	0.607586	0.765085	0.004250	
2025-09-09 10:06:56.200	continuous	1659	2	->	3	4	3	0.454783	False	2.216992	0.765008	0.004250	
2025-09-09 10:06:56.200	continuous	1660	2	->		3	3	0.453472	False	0.629268	0.764932	0.004250	
2025-09-09 10:06:56.200	continuous	1661	2	->		3	3	0.457848	False	0.615793	0.764855	0.004249	
2025-09-09 10:06:56.200	continuous	1662	1	->		2	3	0.459297	False	1.373550	0.764779	0.004249	
2025-09-09 10:06:56.200	continuous	1663	1	->	2	3	3	0.476574	False	0.597393	0.764702	0.004248	
2025-09-09 10:06:56.201	continuous	1664	2	->	3	4	3	0.458396	False	2.208185	0.764626	0.004248	
2025-09-09 10:06:56.201	continuous	1665	2	->		3	3	0.457047	False	0.619539	0.764549	0.004247	
2025-09-09 10:06:56.201	continuous	1666	1	->	2	3	3	0.479286	False	0.583645	0.764473	0.004247	
2025-09-09 10:06:56.201	continuous	1667	1	->		2	3	0.462955	False	1.390931	0.764396	0.004247	
2025-09-09 10:06:56.201	continuous	1668	1	->	2	3	3	0.480094	False	0.587872	0.764320	0.004246	
2025-09-09 10:06:56.202	continuous	1669	1	->	2	3	3	0.484645	False	0.574492	0.764244	0.004246	
2025-09-09 10:06:56.202	continuous	1670	1	->	2	3	3	0.489247	False	0.561457	0.764167	0.004245	
2025-09-09 10:06:56.202	continuous	1671	1	->	2	3	3	0.493891	False	0.548761	0.764091	0.004245	
2025-09-09 10:06:56.202	continuous	1672	1	->	2	3	3	0.498573	False	0.536397	0.764014	0.004245	
2025-09-09 10:06:56.203	continuous	1673	2	->		3	3	0.484496	False	0.547742	0.763938	0.004244	
2025-09-09 10:06:56.203	continuous	1674	2	->		3	3	0.489133	False	0.536100	0.763862	0.004244	
2025-09-09 10:06:56.203	continuous	1675	2	->		3	3	0.493794	False	0.524740	0.763785	0.004243	
2025-09-09 10:06:56.203	continuous	1676	2	->		3	3	0.498473	False	0.513663	0.763709	0.004243	
2025-09-09 10:06:56.203	continuous	1677	2	->		3	3	0.503163	False	0.502865	0.763632	0.004242	
2025-09-09 10:06:56.203	continuous	1678	2	->		3	3	0.507865	False	0.492331	0.763556	0.004242	
2025-09-09 10:06:56.204	continuous	1679	1	->	2	3	3	0.531662	False	0.459188	0.763480	0.004242	
2025-09-09 10:06:56.204	continuous	1680	1	->		2	3	0.513797	False	1.564094	0.763403	0.004241	
2025-09-09 10:06:56.204	continuous	1681	1	->	2	3	3	0.530061	False	0.466725	0.763327	0.004241	
2025-09-09 10:06:56.204	continuous	1682	1	->	2	3	3	0.534832	False	0.456483	0.763251	0.004240	
2025-09-09 10:06:56.204	continuous	1683	1	->	2	3	3	0.539601	False	0.446519	0.763174	0.004240	
2025-09-09 10:06:56.204	continuous	1684	2	->	3	4	3	0.519663	False	2.385888	0.763098	0.004239	
2025-09-09 10:06:56.205	continuous	1685	1	->	2	3	3	0.535915	False	0.450938	0.763022	0.004239	
2025-09-09 10:06:56.205	continuous	1686	1	->		2	3	0.517887	False	1.583798	0.762945	0.004239	
2025-09-09 10:06:56.205	continuous	1687	1	->	2	3	3	0.534091	False	0.458685	0.762869	0.004238	
2025-09-09 10:06:56.205	continuous	1688	1	->		2	3	0.516224	False	1.557608	0.762793	0.004238	
2025-09-09 10:06:56.205	continuous	1689	2	->		3	3	0.513234	False	0.489456	0.762717	0.004237	
2025-09-09 10:06:56.205	continuous	1690	3	->		4	3	0.483536	False	2.300787	0.762640	0.004237	
2025-09-09 10:06:56.206	continuous	1691	1	->		2	3	0.507426	False	1.526839	0.762564	0.004236	
2025-09-09 10:06:56.206	continuous	1692	3	->		4	3	0.471176	False	2.246708	0.762488	0.004236	
2025-09-09 10:06:56.206	continuous	1693	1	->		2	3	0.494971	False	1.481487	0.762412	0.004236	
2025-09-09 10:06:56.206	continuous	1694	2	->	3	4	3	0.488026	False	2.244186	0.762335	0.004235	
2025-09-09 10:06:56.206	continuous	1695	2	->		3	3	0.485981	False	0.554390	0.762259	0.004235	
2025-09-09 10:06:56.206	continuous	1696	2	->		3	3	0.490600	False	0.542404	0.762183	0.004234	
2025-09-09 10:06:56.207	continuous	1697	1	->		2	3	0.492110	False	1.473826	0.762107	0.004234	
2025-09-09 10:06:56.207	continuous	1698	3	->	4	5	3	0.447950	False	4.139697	0.762030	0.004234	
2025-09-09 10:06:56.207	continuous	1699	2	->		3	3	0.482107	False	0.561018	0.761954	0.004233	
2025-09-09 10:06:56.207	continuous	1700	2	->	3	4	3	0.481604	False	2.214030	0.761878	0.004233	
2025-09-09 10:06:56.207	continuous	1701	2	->	3	4	3	0.474700	False	2.162837	0.761802	0.004232	
2025-09-09 10:06:56.207	continuous	1702	3	->		4	3	0.440368	False	2.073567	0.761726	0.004232	
2025-09-09 10:06:56.208	continuous	1703	1	->	2	3	3	0.485575	False	0.566541	0.761649	0.004231	
2025-09-09 10:06:56.208	continuous	1704	1	->	2	3	3	0.490319	False	0.553666	0.761573	0.004231	
2025-09-09 10:06:56.208	continuous	1705	1	->	2	3	3	0.495090	False	0.541140	0.761497	0.004231	
2025-09-09 10:06:56.208	continuous	1706	1	->		2	3	0.478281	False	1.492689	0.761421	0.004230	
2025-09-09 10:06:56.208	continuous	1707	1	->		2	3	0.473737	False	1.454029	0.761345	0.004230	
2025-09-09 10:06:56.208	continuous	1708	1	->		2	3	0.469588	False	1.416489	0.761269	0.004229	
2025-09-09 10:06:56.209	continuous	1709	1	->	2	3	3	0.486474	False	0.581807	0.761193	0.004229	
2025-09-09 10:06:56.209	continuous	1710	2	->		3	3	0.472963	False	0.591423	0.761116	0.004228	
2025-09-09 10:06:56.209	continuous	1711	1	->		2	3	0.474635	False	1.415282	0.761040	0.004228	
2025-09-09 10:06:56.209	continuous	1712	1	->		2	3	0.470746	False	1.378364	0.760964	0.004228	
2025-09-09 10:06:56.209	continuous	1713	1	->	2	3	3	0.487644	False	0.591428	0.760888	0.004227	
2025-09-09 10:06:56.209	continuous	1714	1	->	2	3	3	0.492144	False	0.577522	0.760812	0.004227	
2025-09-09 10:06:56.210	continuous	1715	1	->	2	3	3	0.496697	False	0.563998	0.760736	0.004226	
2025-09-09 10:06:56.210	continuous	1716	1	->		2	3	0.480284	False	1.396889	0.760660	0.004226	
2025-09-09 10:06:56.210	continuous	1717	3	->		4	3	0.447013	False	2.128788	0.760584	0.004225	
2025-09-09 10:06:56.210	continuous	1718	2	->		3	3	0.473306	False	0.604322	0.760508	0.004225	
2025-09-09 10:06:56.210	continuous	1719	1	->		2	3	0.474972	False	1.377591	0.760432	0.004225	
2025-09-09 10:06:56.210	continuous	1720	1	->		2	3	0.471381	False	1.341260	0.760356	0.004224	
2025-09-09 10:06:56.211	continuous	1721	1	->	2	3	3	0.488265	False	0.604912	0.760280	0.004224	
2025-09-09 10:06:56.211	continuous	1722	1	->		2	3	0.472370	False	1.324477	0.760204	0.004223	
2025-09-09 10:06:56.211	continuous	1723	2	->		3	3	0.471834	False	0.630821	0.760128	0.004223	
2025-09-09 10:06:56.211	continuous	1724	1	->	2	3	3	0.493536	False	0.594627	0.760052	0.004223	
2025-09-09 10:06:56.211	continuous	1725	1	->	2	3	3	0.497936	False	0.580341	0.759976	0.004222	
2025-09-09 10:06:56.211	continuous	1726	1	->	2	3	3	0.502398	False	0.566461	0.759900	0.004222	
2025-09-09 10:06:56.212	continuous	1727	2	->		3	3	0.488835	False	0.575558	0.759824	0.004221	
2025-09-09 10:06:56.212	continuous	1728	2	->	3	4	3	0.488256	False	2.220670	0.759748	0.004221	
2025-09-09 10:06:56.212	continuous	1729	2	->		3	3	0.486477	False	0.576776	0.759672	0.004220	
2025-09-09 10:06:56.212	continuous	1730	1	->	2	3	3	0.509096	False	0.541145	0.759596	0.004220	
2025-09-09 10:06:56.212	continuous	1731	1	->		2	3	0.492625	False	1.416769	0.759520	0.004220	
2025-09-09 10:06:56.212	continuous	1732	1	->	2	3	3	0.509043	False	0.547044	0.759444	0.004219	
2025-09-09 10:06:56.213	continuous	1733	1	->		2	3	0.492672	False	1.396506	0.759368	0.004219	
2025-09-09 10:06:56.213	continuous	1734	1	->		2	3	0.488470	False	1.357997	0.759292	0.004218	
2025-09-09 10:06:56.213	continuous	1735	1	->		2	3	0.484690	False	1.320681	0.759216	0.004218	
2025-09-09 10:06:56.213	continuous	1736	2	->		3	3	0.483841	False	0.612577	0.759140	0.004217	
2025-09-09 10:06:56.213	continuous	1737	1	->		2	3	0.485429	False	1.303234	0.759064	0.004217	
2025-09-09 10:06:56.213	continuous	1738	1	->	2	3	3	0.502060	False	0.596050	0.758988	0.004217	
2025-09-09 10:06:56.214	continuous	1739	1	->		2	3	0.486283	False	1.286724	0.758912	0.004216	
2025-09-09 10:06:56.214	continuous	1740	1	->	2	3	3	0.502925	False	0.600793	0.758836	0.004216	
2025-09-09 10:06:56.214	continuous	1741	3	->		4	3	0.458596	False	2.196355	0.758761	0.004215	
2025-09-09 10:06:56.214	continuous	1742	1	->	2	3	3	0.501204	False	0.598044	0.758685	0.004215	
2025-09-09 10:06:56.214	continuous	1743	2	->		3	3	0.487949	False	0.604960	0.758609	0.004214	
2025-09-09 10:06:56.214	continuous	1744	1	->	2	3	3	0.509788	False	0.569161	0.758533	0.004214	
2025-09-09 10:06:56.215	continuous	1745	1	->		2	3	0.493821	False	1.328885	0.758457	0.004214	
2025-09-09 10:06:56.215	continuous	1746	2	->		3	3	0.492672	False	0.596283	0.758381	0.004213	
2025-09-09 10:06:56.215	continuous	1747	1	->		2	3	0.494294	False	1.310607	0.758305	0.004213	
2025-09-09 10:06:56.215	continuous	1748	1	->		2	3	0.490772	False	1.273650	0.758230	0.004212	
2025-09-09 10:06:56.215	continuous	1749	2	->		3	3	0.490141	False	0.620931	0.758154	0.004212	
2025-09-09 10:06:56.215	continuous	1750	1	->	2	3	3	0.511398	False	0.585307	0.758078	0.004212	
2025-09-09 10:06:56.216	continuous	1751	1	->		2	3	0.495691	False	1.277036	0.758002	0.004211	
2025-09-09 10:06:56.216	continuous	1752	3	->		4	3	0.464105	False	2.223487	0.757926	0.004211	
2025-09-09 10:06:56.216	continuous	1753	1	->		2	3	0.486562	False	1.241567	0.757851	0.004210	
2025-09-09 10:06:56.216	continuous	1754	1	->		2	3	0.483881	False	1.206823	0.757775	0.004210	
2025-09-09 10:06:56.216	continuous	1755	3	->		4	3	0.453954	False	2.178964	0.757699	0.004209	
2025-09-09 10:06:56.216	continuous	1756	1	->		2	3	0.476188	False	1.175808	0.757623	0.004209	
2025-09-09 10:06:56.217	continuous	1757	1	->		2	3	0.474422	False	1.143503	0.757547	0.004209	
2025-09-09 10:06:56.217	continuous	1758	4	->		5	3	0.446802	False	4.247219	0.757472	0.004208	
2025-09-09 10:06:56.217	continuous	1759	2	->		3	3	0.468312	False	0.723509	0.757396	0.004208	
2025-09-09 10:06:56.217	continuous	1760	1	->		2	3	0.469424	False	1.132797	0.757320	0.004207	
2025-09-09 10:06:56.218	continuous	1761	1	->		2	3	0.468233	False	1.102299	0.757244	0.004207	
2025-09-09 10:06:56.218	continuous	1762	2	->		3	3	0.469467	False	0.744851	0.757169	0.004206	
2025-09-09 10:06:56.218	continuous	1763	2	->	3	4	3	0.467970	False	2.200447	0.757093	0.004206	
2025-09-09 10:06:56.218	continuous	1764	2	->		3	3	0.467092	False	0.738388	0.757017	0.004206	
2025-09-09 10:06:56.219	continuous	1765	1	->		2	3	0.468147	False	1.116167	0.756942	0.004205	
2025-09-09 10:06:56.219	continuous	1766	2	->		3	3	0.469284	False	0.739798	0.756866	0.004205	
2025-09-09 10:06:56.219	continuous	1767	3	->		4	3	0.443130	False	2.134214	0.756790	0.004204	
2025-09-09 10:06:56.219	continuous	1768	3	->		4	3	0.438247	False	2.089474	0.756715	0.004204	
2025-09-09 10:06:56.219	continuous	1769	1	->		2	3	0.460520	False	1.114759	0.756639	0.004204	
2025-09-09 10:06:56.219	continuous	1770	2	->	3	4	3	0.457267	False	2.088774	0.756563	0.004203	
2025-09-09 10:06:56.220	continuous	1771	1	->	2	3	3	0.472779	False	0.757271	0.756488	0.004203	
2025-09-09 10:06:56.220	continuous	1772	1	->	2	3	3	0.475968	False	0.737322	0.756412	0.004202	
2025-09-09 10:06:56.220	continuous	1773	2	->		3	3	0.463134	False	0.736710	0.756336	0.004202	
2025-09-09 10:06:56.220	continuous	1774	1	->		2	3	0.464359	False	1.149680	0.756261	0.004201	
2025-09-09 10:06:56.220	continuous	1775	1	->		2	3	0.463200	False	1.118831	0.756185	0.004201	
2025-09-09 10:06:56.220	continuous	1776	2	->		3	3	0.464376	False	0.757501	0.756109	0.004201	
2025-09-09 10:06:56.221	continuous	1777	2	->		3	3	0.467520	False	0.738771	0.756034	0.004200	
2025-09-09 10:06:56.221	continuous	1778	2	->		3	3	0.470809	False	0.720557	0.755958	0.004200	
2025-09-09 10:06:56.221	continuous	1779	1	->		2	3	0.471953	False	1.147393	0.755883	0.004199	
2025-09-09 10:06:56.221	continuous	1780	2	->		3	3	0.472817	False	0.722502	0.755807	0.004199	
2025-09-09 10:06:56.221	continuous	1781	1	->	2	3	3	0.492226	False	0.686083	0.755731	0.004199	
2025-09-09 10:06:56.221	continuous	1782	1	->		2	3	0.477341	False	1.156062	0.755656	0.004198	
2025-09-09 10:06:56.222	continuous	1783	1	->		2	3	0.475784	False	1.123970	0.755580	0.004198	
2025-09-09 10:06:56.222	continuous	1784	2	->		3	3	0.476738	False	0.726725	0.755505	0.004197	
2025-09-09 10:06:56.222	continuous	1785	1	->		2	3	0.477755	False	1.112874	0.755429	0.004197	
2025-09-09 10:06:56.222	continuous	1786	1	->		2	3	0.476629	False	1.081911	0.755354	0.004196	
2025-09-09 10:06:56.222	continuous	1787	1	->	2	3	3	0.493645	False	0.732182	0.755278	0.004196	
2025-09-09 10:06:56.222	continuous	1788	2	->		3	3	0.480879	False	0.729264	0.755203	0.004196	
2025-09-09 10:06:56.223	continuous	1789	1	->	2	3	3	0.499911	False	0.693093	0.755127	0.004195	
2025-09-09 10:06:56.223	continuous	1790	2	->	3	4	3	0.482697	False	2.217350	0.755052	0.004195	
2025-09-09 10:06:56.223	continuous	1791	1	->		2	3	0.479380	False	1.117908	0.754976	0.004194	
2025-09-09 10:06:56.223	continuous	1792	1	->	2	3	3	0.496086	False	0.707576	0.754901	0.004194	
2025-09-09 10:06:56.223	continuous	1793	2	->		3	3	0.483428	False	0.706321	0.754825	0.004193	
2025-09-09 10:06:56.223	continuous	1794	2	->		3	3	0.486803	False	0.688483	0.754750	0.004193	
2025-09-09 10:06:56.224	continuous	1795	1	->	2	3	3	0.506402	False	0.652466	0.754674	0.004193	
2025-09-09 10:06:56.224	continuous	1796	1	->	2	3	3	0.510156	False	0.634956	0.754599	0.004192	
2025-09-09 10:06:56.224	continuous	1797	3	->		4	3	0.467662	False	2.181225	0.754523	0.004192	
2025-09-09 10:06:56.224	continuous	1798	2	->		3	3	0.491964	False	0.649661	0.754448	0.004191	
2025-09-09 10:06:56.224	continuous	1799	2	->	3	4	3	0.491067	False	2.192901	0.754372	0.004191	
2025-09-09 10:06:56.224	continuous	1800	1	->	2	3	3	0.505998	False	0.627386	0.754297	0.004191	
2025-09-09 10:06:56.225	continuous	1801	1	->		2	3	0.491201	False	1.234231	0.754221	0.004190	
2025-09-09 10:06:56.225	continuous	1802	1	->	2	3	3	0.507142	False	0.631564	0.754146	0.004190	
2025-09-09 10:06:56.225	continuous	1803	1	->		2	3	0.492374	False	1.219298	0.754071	0.004189	
2025-09-09 10:06:56.225	continuous	1804	1	->		2	3	0.489854	False	1.183966	0.753995	0.004189	
2025-09-09 10:06:56.225	continuous	1805	2	->		3	3	0.489862	False	0.675487	0.753920	0.004188	
2025-09-09 10:06:56.225	continuous	1806	2	->		3	3	0.493486	False	0.658480	0.753844	0.004188	
2025-09-09 10:06:56.226	continuous	1807	1	->	2	3	3	0.513454	False	0.622596	0.753769	0.004188	
2025-09-09 10:06:56.226	continuous	1808	2	->		3	3	0.501027	False	0.625759	0.753694	0.004187	
2025-09-09 10:06:56.226	continuous	1809	1	->		2	3	0.502544	False	1.231998	0.753618	0.004187	
2025-09-09 10:06:56.226	continuous	1810	1	->	2	3	3	0.518232	False	0.611358	0.753543	0.004186	
2025-09-09 10:06:56.226	continuous	1811	1	->	2	3	3	0.522248	False	0.595007	0.753467	0.004186	
2025-09-09 10:06:56.227	continuous	1812	1	->	2	3	3	0.526360	False	0.579199	0.753392	0.004186	
2025-09-09 10:06:56.227	continuous	1813	2	->		3	3	0.513765	False	0.584351	0.753317	0.004185	
2025-09-09 10:06:56.227	continuous	1814	1	->		2	3	0.515400	False	1.279135	0.753241	0.004185	
2025-09-09 10:06:56.227	continuous	1815	2	->		3	3	0.514121	False	0.590620	0.753166	0.004184	
2025-09-09 10:06:56.227	continuous	1816	2	->	3	4	3	0.513394	False	2.293069	0.753091	0.004184	
2025-09-09 10:06:56.227	continuous	1817	3	->	4	5	3	0.472257	False	4.330571	0.753016	0.004183	
2025-09-09 10:06:56.228	continuous	1818	3	->		4	3	0.472793	False	2.165001	0.752940	0.004183	
2025-09-09 10:06:56.228	continuous	1819	1	->		2	3	0.495557	False	1.256673	0.752865	0.004183	
2025-09-09 10:06:56.228	continuous	1820	3	->	4	5	3	0.455647	False	4.228709	0.752790	0.004182	
2025-09-09 10:06:56.228	continuous	1821	1	->		2	3	0.485570	False	1.218115	0.752714	0.004182	
2025-09-09 10:06:56.228	continuous	1822	2	->		3	3	0.485472	False	0.665496	0.752639	0.004181	
2025-09-09 10:06:56.228	continuous	1823	2	->		3	3	0.489245	False	0.649148	0.752564	0.004181	
2025-09-09 10:06:56.229	continuous	1824	2	->		3	3	0.493120	False	0.633267	0.752489	0.004180	
2025-09-09 10:06:56.229	continuous	1825	2	->		3	3	0.497087	False	0.617843	0.752413	0.004180	
2025-09-09 10:06:56.229	continuous	1826	1	->		2	3	0.498487	False	1.263153	0.752338	0.004180	
2025-09-09 10:06:56.229	continuous	1827	2	->		3	3	0.497947	False	0.622886	0.752263	0.004179	
2025-09-09 10:06:56.229	continuous	1828	1	->	2	3	3	0.518678	False	0.587313	0.752188	0.004179	
2025-09-09 10:06:56.229	continuous	1829	1	->	2	3	3	0.522897	False	0.572067	0.752112	0.004178	
2025-09-09 10:06:56.230	continuous	1830	1	->	2	3	3	0.527187	False	0.557318	0.752037	0.004178	
2025-09-09 10:06:56.230	continuous	1831	1	->		2	3	0.511517	False	1.307921	0.751962	0.004178	
2025-09-09 10:06:56.230	continuous	1832	1	->	2	3	3	0.527337	False	0.563644	0.751887	0.004177	
2025-09-09 10:06:56.230	continuous	1833	1	->	2	3	3	0.531635	False	0.549076	0.751812	0.004177	
2025-09-09 10:06:56.230	continuous	1834	2	->		3	3	0.518568	False	0.556294	0.751736	0.004176	
2025-09-09 10:06:56.230	continuous	1835	1	->		2	3	0.520084	False	1.330068	0.751661	0.004176	
2025-09-09 10:06:56.231	continuous	1836	2	->	3	4	3	0.513504	False	2.298644	0.751586	0.004175	
2025-09-09 10:06:56.231	continuous	1837	1	->		2	3	0.508893	False	1.287983	0.751511	0.004175	
2025-09-09 10:06:56.231	continuous	1838	2	->		3	3	0.507807	False	0.597630	0.751436	0.004175	
2025-09-09 10:06:56.231	continuous	1839	1	->	2	3	3	0.528896	False	0.562259	0.751361	0.004174	
2025-09-09 10:06:56.231	continuous	1840	1	->		2	3	0.513377	False	1.290516	0.751285	0.004174	
2025-09-09 10:06:56.231	continuous	1841	1	->	2	3	3	0.529113	False	0.568555	0.751210	0.004173	
2025-09-09 10:06:56.232	continuous	1842	1	->		2	3	0.513673	False	1.272428	0.751135	0.004173	
2025-09-09 10:06:56.232	continuous	1843	3	->	4	5	3	0.472095	False	4.259592	0.751060	0.004173	
2025-09-09 10:06:56.232	continuous	1844	1	->		2	3	0.502748	False	1.230476	0.750985	0.004172	
2025-09-09 10:06:56.232	continuous	1845	1	->	2	3	3	0.519129	False	0.606698	0.750910	0.004172	
2025-09-09 10:06:56.232	continuous	1846	1	->	2	3	3	0.523137	False	0.590591	0.750835	0.004171	
2025-09-09 10:06:56.232	continuous	1847	2	->		3	3	0.509995	False	0.595808	0.750760	0.004171	
2025-09-09 10:06:56.233	continuous	1848	1	->		2	3	0.511473	False	1.256443	0.750685	0.004170	
2025-09-09 10:06:56.233	continuous	1849	2	->		3	3	0.510556	False	0.601694	0.750610	0.004170	
2025-09-09 10:06:56.233	continuous	1850	1	->		2	3	0.511948	False	1.239164	0.750535	0.004170	
2025-09-09 10:06:56.233	continuous	1851	4	->		5	3	0.481112	False	4.283079	0.750459	0.004169	
2025-09-09 10:06:56.233	continuous	1852	3	->		4	3	0.471772	False	2.237600	0.750384	0.004169	
2025-09-09 10:06:56.233	continuous	1853	1	->		2	3	0.495477	False	1.200312	0.750309	0.004168	
2025-09-09 10:06:56.234	continuous	1854	1	->	2	3	3	0.512306	False	0.631277	0.750234	0.004168	
2025-09-09 10:06:56.234	continuous	1855	1	->	2	3	3	0.516166	False	0.614431	0.750159	0.004168	
2025-09-09 10:06:56.234	continuous	1856	1	->	2	3	3	0.520131	False	0.598146	0.750084	0.004167	
2025-09-09 10:06:56.234	continuous	1857	1	->	2	3	3	0.524193	False	0.582397	0.750009	0.004167	
2025-09-09 10:06:56.234	continuous	1858	3	->		4	3	0.478177	False	2.237864	0.750000	0.004166	
2025-09-09 10:06:56.235	continuous	1859	1	->	2	3	3	0.522168	False	0.579481	0.750000	0.004166	
2025-09-09 10:06:56.235	continuous	1860	3	->		4	3	0.475947	False	2.200260	0.750000	0.004165	
2025-09-09 10:06:56.235	continuous	1861	1	->		2	3	0.500185	False	1.269817	0.750000	0.004165	
2025-09-09 10:06:56.235	continuous	1862	1	->		2	3	0.496981	False	1.232653	0.750000	0.004165	
2025-09-09 10:06:56.235	continuous	1863	1	->	2	3	3	0.513643	False	0.618319	0.750000	0.004164	
2025-09-09 10:06:56.235	continuous	1864	1	->		2	3	0.498010	False	1.217552	0.750000	0.004164	
2025-09-09 10:06:56.236	continuous	1865	3	->		4	3	0.466017	False	2.166862	0.750000	0.004163	
2025-09-09 10:06:56.236	continuous	1866	1	->		2	3	0.489831	False	1.184138	0.750000	0.004163	
2025-09-09 10:06:56.236	continuous	1867	2	->		3	3	0.489887	False	0.675534	0.750000	0.004163	
2025-09-09 10:06:56.236	continuous	1868	1	->		2	3	0.491241	False	1.170381	0.750000	0.004162	
2025-09-09 10:06:56.236	continuous	1869	2	->	3	4	3	0.486543	False	2.186199	0.750000	0.004162	
2025-09-09 10:06:56.237	continuous	1870	1	->	2	3	3	0.502261	False	0.672526	0.750000	0.004161	
2025-09-09 10:06:56.237	continuous	1871	2	->		3	3	0.489122	False	0.674213	0.750000	0.004161	
2025-09-09 10:06:56.237	continuous	1872	3	->		4	3	0.461497	False	2.109899	0.750000	0.004160	
2025-09-09 10:06:56.237	continuous	1873	1	->		2	3	0.485257	False	1.183899	0.750000	0.004160	
2025-09-09 10:06:56.237	continuous	1874	3	->		4	3	0.454651	False	2.066455	0.750000	0.004160	
2025-09-09 10:06:56.238	continuous	1875	1	->	2	3	3	0.496891	False	0.682036	0.750000	0.004159	
2025-09-09 10:06:56.238	continuous	1876	2	->		3	3	0.483928	False	0.683638	0.750000	0.004159	
2025-09-09 10:06:56.238	continuous	1877	3	->	4	5	3	0.447324	False	4.128809	0.750000	0.004158	
2025-09-09 10:06:56.238	continuous	1878	2	->	3	4	3	0.476047	False	2.075795	0.750000	0.004158	
2025-09-09 10:06:56.238	continuous	1879	2	->	3	4	3	0.470557	False	2.024879	0.750000	0.004158	
2025-09-09 10:06:56.238	continuous	1880	4	->		5	3	0.441259	False	4.097972	0.750000	0.004157	
2025-09-09 10:06:56.239	continuous	1881	1	->		2	3	0.461819	False	1.200661	0.750000	0.004157	
2025-09-09 10:06:56.239	continuous	1882	2	->		3	3	0.462333	False	0.733641	0.750000	0.004156	
2025-09-09 10:06:56.239	continuous	1883	2	->		3	3	0.465840	False	0.715795	0.750000	0.004156	
2025-09-09 10:06:56.239	continuous	1884	2	->		3	3	0.469471	False	0.698430	0.750000	0.004155	
2025-09-09 10:06:56.239	continuous	1885	2	->		3	3	0.473217	False	0.681536	0.750000	0.004155	
2025-09-09 10:06:56.239	continuous	1886	2	->		3	3	0.477070	False	0.665101	0.750000	0.004155	
2025-09-09 10:06:56.240	continuous	1887	2	->		3	3	0.481021	False	0.649117	0.750000	0.004154	
2025-09-09 10:06:56.240	continuous	1888	2	->		3	3	0.485058	False	0.633580	0.750000	0.004154	
2025-09-09 10:06:56.240	continuous	1889	2	->		3	3	0.489176	False	0.618479	0.750000	0.004153	
2025-09-09 10:06:56.240	continuous	1890	1	->	2	3	3	0.510857	False	0.581682	0.750000	0.004153	
2025-09-09 10:06:56.240	continuous	1891	4	->		5	3	0.465583	False	4.122994	0.750000	0.004153	
2025-09-09 10:06:56.240	continuous	1892	2	->		3	3	0.490242	False	0.601347	0.750000	0.004152	
2025-09-09 10:06:56.241	continuous	1893	1	->	2	3	3	0.512521	False	0.564542	0.750000	0.004152	
2025-09-09 10:06:56.241	continuous	1894	3	->		4	3	0.464174	False	2.058718	0.750000	0.004151	
2025-09-09 10:06:56.241	continuous	1895	1	->		2	3	0.490116	False	1.375370	0.750000	0.004151	
2025-09-09 10:06:56.241	continuous	1896	3	->		4	3	0.455274	False	2.013459	0.750000	0.004150	
2025-09-09 10:06:56.242	continuous	1897	2	->		3	3	0.483810	False	0.618819	0.750000	0.004150	
2025-09-09 10:06:56.242	continuous	1898	1	->	2	3	3	0.505787	False	0.581676	0.750000	0.004150	
2025-09-09 10:06:56.242	continuous	1899	3	->	4	5	3	0.447983	False	3.995589	0.750000	0.004149	
2025-09-09 10:06:56.242	continuous	1900	2	->		3	3	0.485282	False	0.601740	0.750000	0.004149	
2025-09-09 10:06:56.242	continuous	1901	1	->	2	3	3	0.507855	False	0.564546	0.750000	0.004148	
2025-09-09 10:06:56.243	continuous	1902	4	->		5	3	0.460442	False	4.014614	0.750000	0.004148	
2025-09-09 10:06:56.243	continuous	1903	3	->		4	3	0.450934	False	1.997535	0.750000	0.004148	
2025-09-09 10:06:56.243	continuous	1904	3	->		4	3	0.445764	False	1.954507	0.750000	0.004147	
2025-09-09 10:06:56.243	continuous	1905	1	->		2	3	0.472905	False	1.403929	0.750000	0.004147	
2025-09-09 10:06:56.243	continuous	1906	1	->		2	3	0.469399	False	1.366292	0.750000	0.004146	
2025-09-09 10:06:56.243	continuous	1907	1	->	2	3	3	0.486854	False	0.626332	0.750000	0.004146	
2025-09-09 10:06:56.244	continuous	1908	1	->	2	3	3	0.491226	False	0.610842	0.750000	0.004146	
2025-09-09 10:06:56.244	continuous	1909	1	->	2	3	3	0.495672	False	0.595800	0.750000	0.004145	
2025-09-09 10:06:56.244	continuous	1910	1	->	2	3	3	0.500183	False	0.581194	0.750000	0.004145	
2025-09-09 10:06:56.244	continuous	1911	1	->	2	3	3	0.504752	False	0.567014	0.750000	0.004144	
2025-09-09 10:06:56.244	continuous	1912	1	->		2	3	0.487595	False	1.423648	0.750000	0.004144	
2025-09-09 10:06:56.244	continuous	1913	1	->	2	3	3	0.504929	False	0.572155	0.750000	0.004143	
2025-09-09 10:06:56.245	continuous	1914	1	->	2	3	3	0.509507	False	0.558158	0.750000	0.004143	
2025-09-09 10:06:56.245	continuous	1915	3	->		4	3	0.459335	False	2.007702	0.750000	0.004143	
2025-09-09 10:06:56.245	continuous	1916	2	->		3	3	0.489461	False	0.582347	0.750000	0.004142	
2025-09-09 10:06:56.245	continuous	1917	3	->		4	3	0.458061	False	1.976907	0.750000	0.004142	
2025-09-09 10:06:56.245	continuous	1918	2	->	3	4	3	0.482767	False	1.974180	0.750000	0.004141	
2025-09-09 10:06:56.245	continuous	1919	1	->	2	3	3	0.500909	False	0.573406	0.750000	0.004141	
2025-09-09 10:06:56.246	continuous	1920	1	->		2	3	0.483942	False	1.457733	0.750000	0.004141	
2025-09-09 10:06:56.246	continuous	1921	1	->	2	3	3	0.501068	False	0.578138	0.750000	0.004140	
2025-09-09 10:06:56.246	continuous	1922	2	->	3	4	3	0.481402	False	1.954601	0.750000	0.004140	
2025-09-09 10:06:56.246	continuous	1923	2	->		3	3	0.481084	False	0.603730	0.750000	0.004139	
2025-09-09 10:06:56.246	continuous	1924	1	->		2	3	0.482749	False	1.454335	0.750000	0.004139	
2025-09-09 10:06:56.246	continuous	1925	1	->		2	3	0.478680	False	1.414353	0.750000	0.004138	
2025-09-09 10:06:56.247	continuous	1926	3	->		4	3	0.443551	False	1.885244	0.750000	0.004138	
2025-09-09 10:06:56.247	continuous	1927	1	->		2	3	0.470219	False	1.377466	0.750000	0.004138	
2025-09-09 10:06:56.247	continuous	1928	2	->	3	4	3	0.464331	False	1.879061	0.750000	0.004137	
2025-09-09 10:06:56.247	continuous	1929	2	->		3	3	0.464681	False	0.673314	0.750000	0.004137	
2025-09-09 10:06:56.247	continuous	1930	2	->		3	3	0.468813	False	0.657499	0.750000	0.004136	
2025-09-09 10:06:56.247	continuous	1931	1	->		2	3	0.470328	False	1.379409	0.750000	0.004136	
2025-09-09 10:06:56.248	continuous	1932	3	->		4	3	0.436621	False	1.832775	0.750000	0.004136	
2025-09-09 10:06:56.248	continuous	1933	1	->		2	3	0.462845	False	1.345059	0.750000	0.004135	
2025-09-09 10:06:56.248	continuous	1934	2	->	3	4	3	0.457520	False	1.824925	0.750000	0.004135	
2025-09-09 10:06:56.248	continuous	1935	2	->		3	3	0.458198	False	0.707117	0.750000	0.004134	
2025-09-09 10:06:56.248	continuous	1936	1	->		2	3	0.459618	False	1.331133	0.750000	0.004134	
2025-09-09 10:06:56.248	continuous	1937	1	->	2	3	3	0.476506	False	0.687041	0.750000	0.004134	
2025-09-09 10:06:56.248	continuous	1938	1	->		2	3	0.461106	False	1.314575	0.750000	0.004133	
2025-09-09 10:06:56.249	continuous	1939	3	->		4	3	0.429254	False	1.789548	0.750000	0.004133	
2025-09-09 10:06:56.249	continuous	1940	2	->		3	3	0.457259	False	0.723178	0.750000	0.004132	
2025-09-09 10:06:56.249	continuous	1941	2	->		3	3	0.461078	False	0.705803	0.750000	0.004132	
2025-09-09 10:06:56.249	continuous	1942	1	->		2	3	0.462441	False	1.320772	0.750000	0.004131	
2025-09-09 10:06:56.249	continuous	1943	2	->		3	3	0.462565	False	0.707498	0.750000	0.004131	
2025-09-09 10:06:56.250	continuous	1944	1	->		2	3	0.463862	False	1.303742	0.750000	0.004131	
2025-09-09 10:06:56.250	continuous	1945	1	->		2	3	0.461596	False	1.268336	0.750000	0.004130	
2025-09-09 10:06:56.250	continuous	1946	1	->		2	3	0.459691	False	1.233955	0.750000	0.004130	
2025-09-09 10:06:56.250	continuous	1947	1	->	2	3	3	0.476700	False	0.727431	0.750000	0.004129	
2025-09-09 10:06:56.251	continuous	1948	1	->		2	3	0.461614	False	1.220351	0.750000	0.004129	
2025-09-09 10:06:56.251	continuous	1949	3	->		4	3	0.431248	False	1.826657	0.750000	0.004129	
2025-09-09 10:06:56.251	continuous	1950	3	->		4	3	0.427587	False	1.786840	0.750000	0.004128	
2025-09-09 10:06:56.251	continuous	1951	1	->		2	3	0.452567	False	1.198862	0.750000	0.004128	
2025-09-09 10:06:56.251	continuous	1952	1	->		2	3	0.451580	False	1.166800	0.750000	0.004127	
2025-09-09 10:06:56.252	continuous	1953	3	->		4	3	0.422848	False	1.761196	0.750000	0.004127	
2025-09-09 10:06:56.252	continuous	1954	1	->		2	3	0.447536	False	1.142909	0.750000	0.004126	
2025-09-09 10:06:56.252	continuous	1955	1	->	2	3	3	0.464692	False	0.825099	0.750000	0.004126	
2025-09-09 10:06:56.252	continuous	1956	2	->		3	3	0.451917	False	0.819998	0.750000	0.004126	
2025-09-09 10:06:56.252	continuous	1957	2	->		3	3	0.454888	False	0.799332	0.750000	0.004125	
2025-09-09 10:06:56.252	continuous	1958	1	->		2	3	0.455865	False	1.170774	0.750000	0.004125	
2025-09-09 10:06:56.253	continuous	1959	2	->		3	3	0.457130	False	0.798533	0.750000	0.004124	
2025-09-09 10:06:56.253	continuous	1960	1	->		2	3	0.458057	False	1.158444	0.750000	0.004124	
2025-09-09 10:06:56.253	continuous	1961	1	->	2	3	3	0.475038	False	0.780207	0.750000	0.004124	
2025-09-09 10:06:56.253	continuous	1962	2	->	3	4	3	0.457564	False	1.834510	0.750000	0.004123	
2025-09-09 10:06:56.253	continuous	1963	2	->		3	3	0.458267	False	0.790690	0.750000	0.004123	
2025-09-09 10:06:56.253	continuous	1964	2	->		3	3	0.461444	False	0.770681	0.750000	0.004122	
2025-09-09 10:06:56.254	continuous	1965	2	->		3	3	0.464772	False	0.751231	0.750000	0.004122	
2025-09-09 10:06:56.254	continuous	1966	1	->	2	3	3	0.484143	False	0.712818	0.750000	0.004122	
2025-09-09 10:06:56.254	continuous	1967	2	->		3	3	0.471841	False	0.713566	0.750000	0.004121	
2025-09-09 10:06:56.254	continuous	1968	1	->	2	3	3	0.491743	False	0.675339	0.750000	0.004121	
2025-09-09 10:06:56.254	continuous	1969	1	->	2	3	3	0.495774	False	0.657231	0.750000	0.004120	
2025-09-09 10:06:56.254	continuous	1970	1	->		2	3	0.480736	False	1.292568	0.750000	0.004120	
2025-09-09 10:06:56.255	continuous	1971	2	->		3	3	0.480659	False	0.680766	0.750000	0.004119	
2025-09-09 10:06:56.255	continuous	1972	2	->		3	3	0.484556	False	0.663793	0.750000	0.004119	
2025-09-09 10:06:56.255	continuous	1973	1	->	2	3	3	0.505114	False	0.626058	0.750000	0.004119	
2025-09-09 10:06:56.255	continuous	1974	1	->		2	3	0.489866	False	1.315525	0.750000	0.004118	
2025-09-09 10:06:56.255	continuous	1975	1	->	2	3	3	0.506003	False	0.629967	0.750000	0.004118	
2025-09-09 10:06:56.256	continuous	1976	2	->	3	4	3	0.488332	False	1.954954	0.750000	0.004117	
2025-09-09 10:06:56.256	continuous	1977	2	->		3	3	0.487943	False	0.649775	0.750000	0.004117	
2025-09-09 10:06:56.256	continuous	1978	1	->	2	3	3	0.508739	False	0.612048	0.750000	0.004117	
2025-09-09 10:06:56.256	continuous	1979	3	->		4	3	0.463163	False	1.893900	0.750000	0.004116	
2025-09-09 10:06:56.256	continuous	1980	1	->		2	3	0.488390	False	1.341845	0.750000	0.004116	
2025-09-09 10:06:56.256	continuous	1981	1	->		2	3	0.485196	False	1.302726	0.750000	0.004115	
2025-09-09 10:06:56.257	continuous	1982	2	->		3	3	0.484974	False	0.671546	0.750000	0.004115	
2025-09-09 10:06:56.257	continuous	1983	2	->		3	3	0.488923	False	0.654687	0.750000	0.004115	
2025-09-09 10:06:56.257	continuous	1984	1	->	2	3	3	0.509449	False	0.617078	0.750000	0.004114	
2025-09-09 10:06:56.257	continuous	1985	1	->		2	3	0.494290	False	1.325434	0.750000	0.004114	
2025-09-09 10:06:56.257	continuous	1986	2	->		3	3	0.493755	False	0.642365	0.750000	0.004113	
2025-09-09 10:06:56.257	continuous	1987	1	->	2	3	3	0.514383	False	0.604990	0.750000	0.004113	
2025-09-09 10:06:56.258	continuous	1988	2	->	3	4	3	0.496760	False	1.969378	0.750000	0.004112	
2025-09-09 10:06:56.258	continuous	1989	2	->	3	4	3	0.490929	False	1.916438	0.750000	0.004112	
2025-09-09 10:06:56.258	continuous	1990	2	->	3	4	3	0.485405	False	1.865008	0.750000	0.004112	
2025-09-09 10:06:56.258	continuous	1991	2	->		3	3	0.485322	False	0.657433	0.750000	0.004111	
2025-09-09 10:06:56.258	continuous	1992	2	->		3	3	0.489448	False	0.641081	0.750000	0.004111	
2025-09-09 10:06:56.258	continuous	1993	2	->		3	3	0.493659	False	0.625205	0.750000	0.004110	
2025-09-09 10:06:56.259	continuous	1994	1	->		2	3	0.495071	False	1.391478	0.750000	0.004110	
2025-09-09 10:06:56.259	continuous	1995	2	->		3	3	0.494153	False	0.629575	0.750000	0.004110	
2025-09-09 10:06:56.259	continuous	1996	1	->	2	3	3	0.514912	False	0.592260	0.750000	0.004109	
2025-09-09 10:06:56.259	continuous	1997	2	->		3	3	0.502695	False	0.598621	0.750000	0.004109	
2025-09-09 10:06:56.259	continuous	1998	1	->	2	3	3	0.523931	False	0.561760	0.750000	0.004108	
2025-09-09 10:06:56.259	continuous	1999	1	->	2	3	3	0.528570	False	0.547099	0.750000	0.004108	
2025-09-09 10:06:56.260	continuous	2000	2	->		3	3	0.515949	False	0.555609	0.750000	0.004108	
2025-09-09 10:06:56.260	continuous	2001	1	->		2	3	0.517289	False	1.470467	0.750000	0.004107	
2025-09-09 10:06:56.260	continuous	2002	2	->		3	3	0.515415	False	0.562120	0.750000	0.004107	
2025-09-09 10:06:56.260	continuous	2003	1	->		2	3	0.516675	False	1.445125	0.750000	0.004106	
2025-09-09 10:06:56.260	continuous	2004	1	->	2	3	3	0.531912	False	0.546538	0.750000	0.004106	
2025-09-09 10:06:56.260	continuous	2005	2	->		3	3	0.519441	False	0.554505	0.750000	0.004106	
2025-09-09 10:06:56.261	continuous	2006	1	->	2	3	3	0.541156	False	0.518636	0.750000	0.004105	
2025-09-09 10:06:56.261	continuous	2007	2	->		3	3	0.528420	False	0.527829	0.750000	0.004105	
2025-09-09 10:06:56.261	continuous	2008	1	->		2	3	0.529586	False	1.481669	0.750000	0.004104	
2025-09-09 10:06:56.261	continuous	2009	3	->		4	3	0.492862	False	1.984000	0.750000	0.004104	
2025-09-09 10:06:56.261	continuous	2010	1	->	2	3	3	0.538291	False	0.527704	0.750000	0.004103	
2025-09-09 10:06:56.261	continuous	2011	1	->	2	3	3	0.542994	False	0.513999	0.750000	0.004103	
2025-09-09 10:06:56.262	continuous	2012	1	->	2	3	3	0.547726	False	0.500756	0.750000	0.004103	
2025-09-09 10:06:56.262	continuous	2013	3	->		4	3	0.499504	False	1.978974	0.750000	0.004102	
2025-09-09 10:06:56.262	continuous	2014	2	->		3	3	0.528314	False	0.525641	0.750000	0.004102	
2025-09-09 10:06:56.262	continuous	2015	2	->		3	3	0.532915	False	0.513019	0.750000	0.004101	
2025-09-09 10:06:56.262	continuous	2016	1	->		2	3	0.534056	False	1.531610	0.750000	0.004101	
2025-09-09 10:06:56.262	continuous	2017	2	->		3	3	0.531575	False	0.520779	0.750000	0.004101	
2025-09-09 10:06:56.263	continuous	2018	1	->	2	3	3	0.553647	False	0.485702	0.750000	0.004100	
2025-09-09 10:06:56.263	continuous	2019	1	->		2	3	0.537188	False	1.523229	0.750000	0.004100	
2025-09-09 10:06:56.263	continuous	2020	1	->	2	3	3	0.552054	False	0.493843	0.750000	0.004099	
2025-09-09 10:06:56.263	continuous	2021	2	->		3	3	0.539242	False	0.503750	0.750000	0.004099	
2025-09-09 10:06:56.264	continuous	2022	1	->	2	3	3	0.561510	False	0.469114	0.750000	0.004099	
2025-09-09 10:06:56.264	continuous	2023	3	->	4	5	3	0.502356	False	4.256588	0.750000	0.004098	
2025-09-09 10:06:56.264	continuous	2024	2	->		3	3	0.540396	False	0.492678	0.750000	0.004098	
2025-09-09 10:06:56.264	continuous	2025	1	->	2	3	3	0.563223	False	0.458043	0.750000	0.004097	
2025-09-09 10:06:56.264	continuous	2026	1	->	2	3	3	0.567999	False	0.446727	0.750000	0.004097	
2025-09-09 10:06:56.265	continuous	2027	1	->	2	3	3	0.572769	False	0.435785	0.750000	0.004096	
2025-09-09 10:06:56.265	continuous	2028	3	->		4	3	0.520736	False	2.067780	0.750000	0.004096	
2025-09-09 10:06:56.265	continuous	2029	1	->		2	3	0.547600	False	1.596901	0.750000	0.004096	
2025-09-09 10:06:56.265	continuous	2030	1	->		2	3	0.540859	False	1.545486	0.750000	0.004095	
2025-09-09 10:06:56.265	continuous	2031	1	->		2	3	0.534629	False	1.495948	0.750000	0.004095	
2025-09-09 10:06:56.265	continuous	2032	2	->	3	4	3	0.526822	False	2.056729	0.750000	0.004094	
2025-09-09 10:06:56.266	continuous	2033	2	->	3	4	3	0.519760	False	1.998442	0.750000	0.004094	
2025-09-09 10:06:56.266	continuous	2034	1	->	2	3	3	0.535815	False	0.533356	0.750000	0.004094	
2025-09-09 10:06:56.266	continuous	2035	2	->		3	3	0.523077	False	0.542377	0.750000	0.004093	
2025-09-09 10:06:56.266	continuous	2036	2	->		3	3	0.527637	False	0.529218	0.750000	0.004093	
2025-09-09 10:06:56.267	continuous	2037	1	->		2	3	0.528725	False	1.503304	0.750000	0.004092	
2025-09-09 10:06:56.267	continuous	2038	1	->	2	3	3	0.543956	False	0.513911	0.750000	0.004092	
2025-09-09 10:06:56.267	continuous	2039	2	->		3	3	0.531127	False	0.523458	0.750000	0.004092	
2025-09-09 10:06:56.267	continuous	2040	1	->		2	3	0.532156	False	1.496434	0.750000	0.004091	
2025-09-09 10:06:56.267	continuous	2041	2	->	3	4	3	0.524412	False	2.017436	0.750000	0.004091	
2025-09-09 10:06:56.268	continuous	2042	1	->	2	3	3	0.540290	False	0.525000	0.750000	0.004090	
2025-09-09 10:06:56.268	continuous	2043	1	->	2	3	3	0.545018	False	0.511301	0.750000	0.004090	
2025-09-09 10:06:56.268	continuous	2044	1	->	2	3	3	0.549770	False	0.498074	0.750000	0.004090	
2025-09-09 10:06:56.268	continuous	2045	2	->		3	3	0.536693	False	0.508451	0.750000	0.004089	
2025-09-09 10:06:56.268	continuous	2046	2	->		3	3	0.541303	False	0.496269	0.750000	0.004089	
2025-09-09 10:06:56.268	continuous	2047	1	->		2	3	0.542303	False	1.547509	0.750000	0.004088	
2025-09-09 10:06:56.269	continuous	2048	1	->	2	3	3	0.557326	False	0.481728	0.750000	0.004088	
2025-09-09 10:06:56.269	continuous	2049	3	->	4	5	3	0.497929	False	4.222305	0.750000	0.004087	
2025-09-09 10:06:56.269	continuous	2050	1	->	2	3	3	0.554556	False	0.481583	0.750000	0.004087	
2025-09-09 10:06:56.269	continuous	2051	1	->	2	3	3	0.559331	False	0.469446	0.750000	0.004087	
2025-09-09 10:06:56.269	continuous	2052	2	->	3	4	3	0.539583	False	2.068854	0.750000	0.004086	
2025-09-09 10:06:56.269	continuous	2053	1	->		2	3	0.534362	False	1.541808	0.750000	0.004086	
2025-09-09 10:06:56.270	continuous	2054	1	->	2	3	3	0.549874	False	0.494424	0.750000	0.004085	
2025-09-09 10:06:56.270	continuous	2055	2	->	3	4	3	0.530496	False	2.021005	0.750000	0.004085	
2025-09-09 10:06:56.270	continuous	2056	3	->		4	3	0.493039	False	1.914627	0.750000	0.004085	
2025-09-09 10:06:56.270	continuous	2057	2	->	3	4	3	0.517185	False	1.911238	0.750000	0.004084	
2025-09-09 10:06:56.270	continuous	2058	1	->		2	3	0.513250	False	1.505041	0.750000	0.004084	
2025-09-09 10:06:56.271	continuous	2059	1	->	2	3	3	0.528716	False	0.550643	0.750000	0.004083	
2025-09-09 10:06:56.271	continuous	2060	1	->		2	3	0.512730	False	1.479190	0.750000	0.004083	
2025-09-09 10:06:56.271	continuous	2061	1	->	2	3	3	0.528238	False	0.556509	0.750000	0.004083	
2025-09-09 10:06:56.271	continuous	2062	1	->	2	3	3	0.532920	False	0.541829	0.750000	0.004082	
2025-09-09 10:06:56.271	continuous	2063	1	->	2	3	3	0.537643	False	0.527644	0.750000	0.004082	
2025-09-09 10:06:56.271	continuous	2064	3	->		4	3	0.488982	False	1.876477	0.750000	0.004081	
2025-09-09 10:06:56.272	continuous	2065	1	->	2	3	3	0.536285	False	0.529194	0.750000	0.004081	
2025-09-09 10:06:56.272	continuous	2066	1	->	2	3	3	0.541066	False	0.515457	0.750000	0.004081	
2025-09-09 10:06:56.272	continuous	2067	1	->		2	3	0.524531	False	1.533638	0.750000	0.004080	
2025-09-09 10:06:56.272	continuous	2068	2	->		3	3	0.522076	False	0.546158	0.750000	0.004080	
2025-09-09 10:06:56.272	continuous	2069	2	->		3	3	0.526652	False	0.532857	0.750000	0.004079	
2025-09-09 10:06:56.272	continuous	2070	3	->		4	3	0.495307	False	1.888760	0.750000	0.004079	
2025-09-09 10:06:56.273	continuous	2071	3	->	4	5	3	0.479557	False	4.144080	0.750000	0.004078	
2025-09-09 10:06:56.273	continuous	2072	2	->		3	3	0.517941	False	0.547421	0.750000	0.004078	
2025-09-09 10:06:56.273	continuous	2073	1	->	2	3	3	0.540771	False	0.510082	0.750000	0.004078	
2025-09-09 10:06:56.273	continuous	2074	3	->		4	3	0.490256	False	1.859130	0.750000	0.004077	
2025-09-09 10:06:56.273	continuous	2075	1	->		2	3	0.517832	False	1.551285	0.750000	0.004077	
2025-09-09 10:06:56.273	continuous	2076	1	->	2	3	3	0.533530	False	0.532297	0.750000	0.004076	
2025-09-09 10:06:56.274	continuous	2077	2	->	3	4	3	0.514331	False	1.869127	0.750000	0.004076	
2025-09-09 10:06:56.274	continuous	2078	1	->	2	3	3	0.531723	False	0.535795	0.750000	0.004076	
2025-09-09 10:06:56.274	continuous	2079	2	->		3	3	0.518381	False	0.546261	0.750000	0.004075	
2025-09-09 10:06:56.274	continuous	2080	3	->		4	3	0.486588	False	1.808558	0.750000	0.004075	
2025-09-09 10:06:56.274	continuous	2081	2	->		3	3	0.517248	False	0.548691	0.750000	0.004074	
2025-09-09 10:06:56.274	continuous	2082	1	->		2	3	0.518571	False	1.578657	0.750000	0.004074	
2025-09-09 10:06:56.275	continuous	2083	1	->		2	3	0.513039	False	1.530353	0.750000	0.004074	
2025-09-09 10:06:56.275	continuous	2084	1	->		2	3	0.507964	False	1.483670	0.750000	0.004073	
2025-09-09 10:06:56.275	continuous	2085	1	->	2	3	3	0.523600	False	0.570942	0.750000	0.004073	
2025-09-09 10:06:56.275	continuous	2086	1	->	2	3	3	0.528274	False	0.555746	0.750000	0.004072	
2025-09-09 10:06:56.275	continuous	2087	1	->	2	3	3	0.532991	False	0.541071	0.750000	0.004072	
2025-09-09 10:06:56.275	continuous	2088	1	->	2	3	3	0.537747	False	0.526890	0.750000	0.004072	
2025-09-09 10:06:56.276	continuous	2089	1	->	2	3	3	0.542535	False	0.513187	0.750000	0.004071	
2025-09-09 10:06:56.276	continuous	2090	2	->		3	3	0.528992	False	0.524333	0.750000	0.004071	
2025-09-09 10:06:56.276	continuous	2091	2	->		3	3	0.533628	False	0.511732	0.750000	0.004070	
2025-09-09 10:06:56.276	continuous	2092	1	->	2	3	3	0.556893	False	0.475107	0.750000	0.004070	
2025-09-09 10:06:56.276	continuous	2093	2	->	3	4	3	0.536782	False	1.951819	0.750000	0.004070	
2025-09-09 10:06:56.276	continuous	2094	1	->	2	3	3	0.554153	False	0.480463	0.750000	0.004069	
2025-09-09 10:06:56.277	continuous	2095	2	->		3	3	0.540153	False	0.493062	0.750000	0.004069	
2025-09-09 10:06:56.277	continuous	2096	1	->	2	3	3	0.563826	False	0.456738	0.750000	0.004068	
2025-09-09 10:06:56.277	continuous	2097	1	->		2	3	0.546014	False	1.651881	0.750000	0.004068	
2025-09-09 10:06:56.277	continuous	2098	2	->	3	4	3	0.536465	False	1.939948	0.750000	0.004067	
2025-09-09 10:06:56.277	continuous	2099	4	->		5	3	0.501982	False	4.237668	0.750000	0.004067	
2025-09-09 10:06:56.277	continuous	2100	1	->	2	3	3	0.546335	False	0.495138	0.750000	0.004067	
2025-09-09 10:06:56.278	continuous	2101	1	->	2	3	3	0.551198	False	0.482627	0.750000	0.004066	
2025-09-09 10:06:56.278	continuous	2102	1	->	2	3	3	0.556064	False	0.470534	0.750000	0.004066	
2025-09-09 10:06:56.278	continuous	2103	1	->		2	3	0.538085	False	1.640356	0.750000	0.004065	
2025-09-09 10:06:56.278	continuous	2104	1	->		2	3	0.531537	False	1.588722	0.750000	0.004065	
2025-09-09 10:06:56.278	continuous	2105	1	->		2	3	0.525473	False	1.538895	0.750000	0.004065	
2025-09-09 10:06:56.278	continuous	2106	2	->	3	4	3	0.517114	False	1.906948	0.750000	0.004064	
2025-09-09 10:06:56.279	continuous	2107	1	->	2	3	3	0.534740	False	0.535434	0.750000	0.004064	
2025-09-09 10:06:56.279	continuous	2108	1	->	2	3	3	0.539518	False	0.521438	0.750000	0.004063	
2025-09-09 10:06:56.279	continuous	2109	2	->		3	3	0.525717	False	0.532791	0.750000	0.004063	
2025-09-09 10:06:56.279	continuous	2110	3	->		4	3	0.493568	False	1.857515	0.750000	0.004063	
2025-09-09 10:06:56.279	continuous	2111	1	->		2	3	0.521103	False	1.546759	0.750000	0.004062	
2025-09-09 10:06:56.280	continuous	2112	2	->		3	3	0.518793	False	0.555065	0.750000	0.004062	
2025-09-09 10:06:56.280	continuous	2113	1	->		2	3	0.520135	False	1.518516	0.750000	0.004061	
2025-09-09 10:06:56.280	continuous	2114	1	->	2	3	3	0.535976	False	0.537227	0.750000	0.004061	
2025-09-09 10:06:56.280	continuous	2115	2	->		3	3	0.522560	False	0.547496	0.750000	0.004061	
2025-09-09 10:06:56.280	continuous	2116	2	->		3	3	0.527129	False	0.534119	0.750000	0.004060	
2025-09-09 10:06:56.281	continuous	2117	1	->		2	3	0.528350	False	1.531353	0.750000	0.004060	
2025-09-09 10:06:56.281	continuous	2118	2	->		3	3	0.526058	False	0.541188	0.750000	0.004059	
2025-09-09 10:06:56.281	continuous	2119	1	->	2	3	3	0.548848	False	0.503692	0.750000	0.004059	
2025-09-09 10:06:56.281	continuous	2120	1	->	2	3	3	0.553644	False	0.490627	0.750000	0.004059	
2025-09-09 10:06:56.281	continuous	2121	2	->		3	3	0.539762	False	0.502605	0.750000	0.004058	
2025-09-09 10:06:56.281	continuous	2122	1	->	2	3	3	0.563220	False	0.465961	0.750000	0.004058	
2025-09-09 10:06:56.282	continuous	2123	2	->		3	3	0.548983	False	0.478912	0.750000	0.004057	
2025-09-09 10:06:56.282	continuous	2124	2	->	3	4	3	0.547325	False	2.015874	0.750000	0.004057	
2025-09-09 10:06:56.282	continuous	2125	1	->		2	3	0.542301	False	1.597133	0.750000	0.004057	
2025-09-09 10:06:56.282	continuous	2126	1	->		2	3	0.535871	False	1.545580	0.750000	0.004056	
2025-09-09 10:06:56.282	continuous	2127	2	->		3	3	0.533356	False	0.524905	0.750000	0.004056	
2025-09-09 10:06:56.282	continuous	2128	1	->		2	3	0.534435	False	1.516080	0.750000	0.004055	
2025-09-09 10:06:56.283	continuous	2129	1	->	2	3	3	0.550124	False	0.508559	0.750000	0.004055	
2025-09-09 10:06:56.283	continuous	2130	1	->		2	3	0.533229	False	1.487989	0.750000	0.004055	
2025-09-09 10:06:56.283	continuous	2131	1	->	2	3	3	0.548950	False	0.516131	0.750000	0.004054	
2025-09-09 10:06:56.284	continuous	2132	4	->		5	3	0.502723	False	4.234885	0.750000	0.004054	
2025-09-09 10:06:56.284	continuous	2133	1	->	2	3	3	0.546506	False	0.514640	0.750000	0.004053	
2025-09-09 10:06:56.284	continuous	2134	3	->		4	3	0.495940	False	1.938009	0.750000	0.004053	
2025-09-09 10:06:56.284	continuous	2135	4	->		5	3	0.493148	False	4.147996	0.750000	0.004052	
2025-09-09 10:06:56.284	continuous	2136	1	->		2	3	0.515950	False	1.461673	0.750000	0.004052	
2025-09-09 10:06:56.285	continuous	2137	2	->		3	3	0.514447	False	0.572929	0.750000	0.004052	
2025-09-09 10:06:56.285	continuous	2138	2	->	3	4	3	0.512835	False	1.937914	0.750000	0.004051	
2025-09-09 10:06:56.285	continuous	2139	3	->		4	3	0.476653	False	1.840596	0.750000	0.004051	
2025-09-09 10:06:56.285	continuous	2140	2	->		3	3	0.507214	False	0.590229	0.750000	0.004050	
2025-09-09 10:06:56.285	continuous	2141	2	->	3	4	3	0.505642	False	1.851425	0.750000	0.004050	
2025-09-09 10:06:56.285	continuous	2142	3	->		4	3	0.470364	False	1.762609	0.750000	0.004050	
2025-09-09 10:06:56.286	continuous	2143	2	->		3	3	0.500795	False	0.607805	0.750000	0.004049	
2025-09-09 10:06:56.286	continuous	2144	3	->		4	3	0.469828	False	1.734832	0.750000	0.004049	
2025-09-09 10:06:56.286	continuous	2145	2	->		3	3	0.500346	False	0.608186	0.750000	0.004048	
2025-09-09 10:06:56.286	continuous	2146	3	->		4	3	0.469402	False	1.707753	0.750000	0.004048	
2025-09-09 10:06:56.286	continuous	2147	2	->		3	3	0.499998	False	0.608769	0.750000	0.004048	
2025-09-09 10:06:56.286	continuous	2148	1	->	2	3	3	0.521982	False	0.569681	0.750000	0.004047	
2025-09-09 10:06:56.287	continuous	2149	2	->		3	3	0.508925	False	0.578900	0.750000	0.004047	
2025-09-09 10:06:56.287	continuous	2150	2	->	3	4	3	0.507407	False	1.748219	0.750000	0.004046	
2025-09-09 10:06:56.287	continuous	2151	1	->	2	3	3	0.525411	False	0.558356	0.750000	0.004046	
2025-09-09 10:06:56.287	continuous	2152	1	->	2	3	3	0.530193	False	0.543653	0.750000	0.004046	
2025-09-09 10:06:56.287	continuous	2153	1	->		2	3	0.513315	False	1.594439	0.750000	0.004045	
2025-09-09 10:06:56.287	continuous	2154	2	->		3	3	0.511425	False	0.573290	0.750000	0.004045	
2025-09-09 10:06:56.288	continuous	2155	1	->	2	3	3	0.533984	False	0.534733	0.750000	0.004044	
2025-09-09 10:06:56.288	continuous	2156	1	->		2	3	0.516984	False	1.584742	0.750000	0.004044	
2025-09-09 10:06:56.288	continuous	2157	1	->		2	3	0.511567	False	1.536202	0.750000	0.004044	
2025-09-09 10:06:56.288	continuous	2158	2	->		3	3	0.510037	False	0.584369	0.750000	0.004043	
2025-09-09 10:06:56.288	continuous	2159	2	->	3	4	3	0.508512	False	1.783755	0.750000	0.004043	
2025-09-09 10:06:56.289	continuous	2160	2	->		3	3	0.508721	False	0.587501	0.750000	0.004042	
2025-09-09 10:06:56.289	continuous	2161	2	->		3	3	0.513223	False	0.572923	0.750000	0.004042	
2025-09-09 10:06:56.289	continuous	2162	2	->		3	3	0.517773	False	0.558787	0.750000	0.004042	
2025-09-09 10:06:56.289	continuous	2163	1	->		2	3	0.518605	False	1.566741	0.750000	0.004041	
2025-09-09 10:06:56.289	continuous	2164	2	->		3	3	0.516921	False	0.564642	0.750000	0.004041	
2025-09-09 10:06:56.289	continuous	2165	1	->	2	3	3	0.539196	False	0.526677	0.750000	0.004040	
2025-09-09 10:06:56.290	continuous	2166	2	->		3	3	0.526057	False	0.537126	0.750000	0.004040	
2025-09-09 10:06:56.290	continuous	2167	2	->		3	3	0.530683	False	0.524047	0.750000	0.004040	
2025-09-09 10:06:56.290	continuous	2168	2	->		3	3	0.535334	False	0.511369	0.750000	0.004039	
2025-09-09 10:06:56.290	continuous	2169	2	->	3	4	3	0.533649	False	1.871945	0.750000	0.004039	
2025-09-09 10:06:56.290	continuous	2170	1	->	2	3	3	0.551116	False	0.492644	0.750000	0.004038	
2025-09-09 10:06:56.291	continuous	2171	1	->		2	3	0.533590	False	1.631765	0.750000	0.004038	
2025-09-09 10:06:56.291	continuous	2172	2	->	3	4	3	0.525095	False	1.829740	0.750000	0.004038	
2025-09-09 10:06:56.291	continuous	2173	1	->		2	3	0.520933	False	1.577533	0.750000	0.004037	
2025-09-09 10:06:56.291	continuous	2174	1	->	2	3	3	0.536633	False	0.537745	0.750000	0.004037	
2025-09-09 10:06:56.291	continuous	2175	3	->		4	3	0.487585	False	1.751966	0.750000	0.004036	
2025-09-09 10:06:56.292	continuous	2176	2	->	3	4	3	0.512275	False	1.742538	0.750000	0.004036	
2025-09-09 10:06:56.292	continuous	2177	1	->		2	3	0.508923	False	1.547563	0.750000	0.004035	
2025-09-09 10:06:56.292	continuous	2178	1	->	2	3	3	0.524460	False	0.577938	0.750000	0.004035	
2025-09-09 10:06:56.292	continuous	2179	1	->	2	3	3	0.529169	False	0.562251	0.750000	0.004035	
2025-09-09 10:06:56.292	continuous	2180	1	->	2	3	3	0.533927	False	0.547105	0.750000	0.004034	
2025-09-09 10:06:56.292	continuous	2181	1	->	2	3	3	0.538727	False	0.532479	0.750000	0.004034	
2025-09-09 10:06:56.293	continuous	2182	2	->		3	3	0.525723	False	0.542703	0.750000	0.004033	
2025-09-09 10:06:56.293	continuous	2183	2	->		3	3	0.530351	False	0.529356	0.750000	0.004033	
2025-09-09 10:06:56.293	continuous	2184	1	->	2	3	3	0.553140	False	0.491970	0.750000	0.004033	
2025-09-09 10:06:56.293	continuous	2185	1	->	2	3	3	0.558029	False	0.479236	0.750000	0.004032	
2025-09-09 10:06:56.293	continuous	2186	1	->	2	3	3	0.562921	False	0.466937	0.750000	0.004032	
2025-09-09 10:06:56.293	continuous	2187	2	->		3	3	0.548946	False	0.479966	0.750000	0.004031	
2025-09-09 10:06:56.294	continuous	2188	2	->		3	3	0.553647	False	0.468571	0.750000	0.004031	
2025-09-09 10:06:56.294	continuous	2189	1	->		2	3	0.554187	False	1.716092	0.750000	0.004031	
2025-09-09 10:06:56.294	continuous	2190	2	->	3	4	3	0.544558	False	1.884346	0.750000	0.004030	
2025-09-09 10:06:56.294	continuous	2191	1	->	2	3	3	0.562072	False	0.470465	0.750000	0.004030	
2025-09-09 10:06:56.294	continuous	2192	1	->	2	3	3	0.566969	False	0.458429	0.750000	0.004029	
2025-09-09 10:06:56.295	continuous	2193	3	->	4	5	3	0.503939	False	4.157800	0.750000	0.004029	
2025-09-09 10:06:56.295	continuous	2194	2	->		3	3	0.545252	False	0.484201	0.750000	0.004029	
2025-09-09 10:06:56.295	continuous	2195	2	->		3	3	0.549956	False	0.472770	0.750000	0.004028	
2025-09-09 10:06:56.295	continuous	2196	2	->		3	3	0.554659	False	0.461689	0.750000	0.004028	
2025-09-09 10:06:56.295	continuous	2197	2	->		3	3	0.559357	False	0.450948	0.750000	0.004027	
2025-09-09 10:06:56.295	continuous	2198	2	->		3	3	0.564043	False	0.440538	0.750000	0.004027	
2025-09-09 10:06:56.296	continuous	2199	2	->		3	3	0.568715	False	0.430445	0.750000	0.004027	
2025-09-09 10:06:56.296	continuous	2200	2	->		3	3	0.573371	False	0.420659	0.750000	0.004026	
2025-09-09 10:06:56.296	continuous	2201	1	->	2	3	3	0.597932	False	0.386494	0.750000	0.004026	
2025-09-09 10:06:56.296	continuous	2202	3	->		4	3	0.540607	False	1.927340	0.750000	0.004025	
2025-09-09 10:06:56.296	continuous	2203	1	->	2	3	3	0.594516	False	0.393237	0.750000	0.004025	
2025-09-09 10:06:56.296	continuous	2204	1	->	2	3	3	0.599264	False	0.383913	0.750000	0.004025	
2025-09-09 10:06:56.297	continuous	2205	2	->	3	4	3	0.576654	False	1.967145	0.750000	0.004024	
2025-09-09 10:06:56.297	continuous	2206	1	->	2	3	3	0.594855	False	0.392801	0.750000	0.004024	
2025-09-09 10:06:56.297	continuous	2207	2	->		3	3	0.579373	False	0.408512	0.750000	0.004023	
2025-09-09 10:06:56.297	continuous	2208	2	->		3	3	0.583984	False	0.399383	0.750000	0.004023	
2025-09-09 10:06:56.297	continuous	2209	2	->		3	3	0.588565	False	0.390533	0.750000	0.004023	
2025-09-09 10:06:56.297	continuous	2210	2	->		3	3	0.593114	False	0.381949	0.750000	0.004022	
2025-09-09 10:06:56.298	continuous	2211	3	->		4	3	0.554707	False	1.928148	0.750000	0.004022	
2025-09-09 10:06:56.298	continuous	2212	2	->	3	4	3	0.582138	False	1.933681	0.750000	0.004021	
2025-09-09 10:06:56.298	continuous	2213	3	->		4	3	0.538564	False	1.815537	0.750000	0.004021	
2025-09-09 10:06:56.298	continuous	2214	3	->		4	3	0.531543	False	1.764417	0.750000	0.004021	
2025-09-09 10:06:56.298	continuous	2215	2	->	3	4	3	0.558585	False	1.760372	0.750000	0.004020	
2025-09-09 10:06:56.298	continuous	2216	2	->	3	4	3	0.550967	False	1.703054	0.750000	0.004020	
2025-09-09 10:06:56.299	continuous	2217	2	->		3	3	0.550548	False	0.480420	0.750000	0.004019	
2025-09-09 10:06:56.299	continuous	2218	1	->		2	3	0.550947	False	1.903300	0.750000	0.004019	
2025-09-09 10:06:56.299	continuous	2219	2	->	3	4	3	0.541009	False	1.661399	0.750000	0.004019	
2025-09-09 10:06:56.299	continuous	2220	2	->		3	3	0.541001	False	0.506706	0.750000	0.004018	
2025-09-09 10:06:56.299	continuous	2221	1	->	2	3	3	0.564040	False	0.470074	0.750000	0.004018	
2025-09-09 10:06:56.300	continuous	2222	1	->	2	3	3	0.568924	False	0.457952	0.750000	0.004017	
2025-09-09 10:06:56.300	continuous	2223	3	->		4	3	0.515699	False	1.630033	0.750000	0.004017	
2025-09-09 10:06:56.300	continuous	2224	2	->		3	3	0.548789	False	0.488511	0.750000	0.004017	
2025-09-09 10:06:56.300	continuous	2225	2	->	3	4	3	0.546745	False	1.637747	0.750000	0.004016	
2025-09-09 10:06:56.300	continuous	2226	1	->		2	3	0.542526	False	1.901205	0.750000	0.004016	
2025-09-09 10:06:56.301	continuous	2227	2	->		3	3	0.539542	False	0.514635	0.750000	0.004015	
2025-09-09 10:06:56.301	continuous	2228	2	->	3	4	3	0.537621	False	1.600005	0.750000	0.004015	
2025-09-09 10:06:56.301	continuous	2229	2	->	3	4	3	0.531478	False	1.548254	0.750000	0.004015	
2025-09-09 10:06:56.302	continuous	2230	2	->	3	4	3	0.525828	False	1.498334	0.750000	0.004014	
2025-09-09 10:06:56.302	continuous	2231	1	->		2	3	0.523043	False	1.852528	0.750000	0.004014	
2025-09-09 10:06:56.302	continuous	2232	1	->		2	3	0.516941	False	1.796818	0.750000	0.004013	
2025-09-09 10:06:56.302	continuous	2233	1	->	2	3	3	0.531559	False	0.575914	0.750000	0.004013	
2025-09-09 10:06:56.303	continuous	2234	1	->		2	3	0.515586	False	1.760910	0.750000	0.004013	
2025-09-09 10:06:56.303	continuous	2235	1	->		2	3	0.509986	False	1.707797	0.750000	0.004012	
2025-09-09 10:06:56.303	continuous	2236	1	->	2	3	3	0.524703	False	0.596598	0.750000	0.004012	
2025-09-09 10:06:56.303	continuous	2237	2	->		3	3	0.512847	False	0.602644	0.750000	0.004011	
2025-09-09 10:06:56.303	continuous	2238	2	->		3	3	0.517280	False	0.587066	0.750000	0.004011	
2025-09-09 10:06:56.303	continuous	2239	2	->		3	3	0.521773	False	0.571986	0.750000	0.004011	
2025-09-09 10:06:56.304	continuous	2240	1	->	2	3	3	0.543297	False	0.534064	0.750000	0.004010	
2025-09-09 10:06:56.304	continuous	2241	1	->		2	3	0.526777	False	1.748646	0.750000	0.004010	
2025-09-09 10:06:56.304	continuous	2242	2	->		3	3	0.524774	False	0.561752	0.750000	0.004009	
2025-09-09 10:06:56.304	continuous	2243	2	->		3	3	0.529358	False	0.547486	0.750000	0.004009	
2025-09-09 10:06:56.304	continuous	2244	2	->		3	3	0.533980	False	0.533676	0.750000	0.004009	
2025-09-09 10:06:56.304	continuous	2245	1	->	2	3	3	0.556004	False	0.496664	0.750000	0.004008	
2025-09-09 10:06:56.305	continuous	2246	1	->		2	3	0.538856	False	1.769343	0.750000	0.004008	
2025-09-09 10:06:56.305	continuous	2247	4	->		5	3	0.503119	False	4.234092	0.750000	0.004007	
2025-09-09 10:06:56.305	continuous	2248	1	->	2	3	3	0.546941	False	0.514870	0.750000	0.004007	
2025-09-09 10:06:56.305	continuous	2249	1	->	2	3	3	0.551826	False	0.501198	0.750000	0.004007	
2025-09-09 10:06:56.305	continuous	2250	3	->		4	3	0.500694	False	1.640499	0.750000	0.004006	
2025-09-09 10:06:56.305	continuous	2251	2	->		3	3	0.533166	False	0.529638	0.750000	0.004006	
2025-09-09 10:06:56.306	continuous	2252	4	->		5	3	0.503157	False	4.175793	0.750000	0.004005	
2025-09-09 10:06:56.306	continuous	2253	3	->		4	3	0.492408	False	1.604173	0.750000	0.004005	
2025-09-09 10:06:56.306	continuous	2254	1	->	2	3	3	0.543066	False	0.522284	0.750000	0.004005	
2025-09-09 10:06:56.306	continuous	2255	2	->		3	3	0.529976	False	0.532780	0.750000	0.004004	
2025-09-09 10:06:56.306	continuous	2256	1	->		2	3	0.530061	False	1.775451	0.750000	0.004004	
2025-09-09 10:06:56.306	continuous	2257	2	->		3	3	0.528152	False	0.538092	0.750000	0.004003	
2025-09-09 10:06:56.307	continuous	2258	1	->	2	3	3	0.550689	False	0.500587	0.750000	0.004003	
2025-09-09 10:06:56.307	continuous	2259	2	->		3	3	0.537443	False	0.511937	0.750000	0.004003	
2025-09-09 10:06:56.307	continuous	2260	2	->	3	4	3	0.535363	False	1.683832	0.750000	0.004002	
2025-09-09 10:06:56.307	continuous	2261	2	->		3	3	0.535596	False	0.518880	0.750000	0.004002	
2025-09-09 10:06:56.307	continuous	2262	1	->	2	3	3	0.558390	False	0.481897	0.750000	0.004001	
2025-09-09 10:06:56.307	continuous	2263	2	->	3	4	3	0.538111	False	1.669678	0.750000	0.004001	
2025-09-09 10:06:56.308	continuous	2264	1	->	2	3	3	0.556386	False	0.489195	0.750000	0.004001	
2025-09-09 10:06:56.308	continuous	2265	1	->	2	3	3	0.561268	False	0.476433	0.750000	0.004000	
2025-09-09 10:06:56.308	continuous	2266	2	->		3	3	0.547618	False	0.488693	0.750000	0.004000	
2025-09-09 10:06:56.308	continuous	2267	2	->		3	3	0.552311	False	0.476922	0.750000	0.003999	
2025-09-09 10:06:56.308	continuous	2268	1	->		2	3	0.552087	False	1.877590	0.750000	0.003999	
2025-09-09 10:06:56.308	continuous	2269	3	->	4	5	3	0.499035	False	4.074929	0.750000	0.003999	
2025-09-09 10:06:56.309	continuous	2270	1	->		2	3	0.537219	False	1.802998	0.750000	0.003998	
2025-09-09 10:06:56.309	continuous	2271	1	->	2	3	3	0.553497	False	0.489729	0.750000	0.003998	
2025-09-09 10:06:56.309	continuous	2272	1	->	2	3	3	0.558401	False	0.477083	0.750000	0.003997	
2025-09-09 10:06:56.309	continuous	2273	1	->	2	3	3	0.563305	False	0.464873	0.750000	0.003997	
2025-09-09 10:06:56.309	continuous	2274	1	->	2	3	3	0.568200	False	0.453086	0.750000	0.003997	
2025-09-09 10:06:56.309	continuous	2275	1	->	2	3	3	0.573086	False	0.441701	0.750000	0.003996	
2025-09-09 10:06:56.310	continuous	2276	2	->	3	4	3	0.551294	False	1.767701	0.750000	0.003996	
2025-09-09 10:06:56.310	continuous	2277	1	->		2	3	0.546181	False	1.832900	0.750000	0.003995	
2025-09-09 10:06:56.310	continuous	2278	1	->	2	3	3	0.562527	False	0.468303	0.750000	0.003995	
2025-09-09 10:06:56.310	continuous	2279	3	->		4	3	0.508009	False	1.683918	0.750000	0.003995	
2025-09-09 10:06:56.310	continuous	2280	2	->		3	3	0.542296	False	0.498631	0.750000	0.003994	
2025-09-09 10:06:56.310	continuous	2281	1	->	2	3	3	0.565850	False	0.461549	0.750000	0.003994	
2025-09-09 10:06:56.311	continuous	2282	1	->	2	3	3	0.570740	False	0.449814	0.750000	0.003993	
2025-09-09 10:06:56.311	continuous	2283	1	->		2	3	0.551382	False	1.845523	0.750000	0.003993	
2025-09-09 10:06:56.311	continuous	2284	1	->		2	3	0.543921	False	1.787187	0.750000	0.003993	
2025-09-09 10:06:56.311	continuous	2285	2	->	3	4	3	0.534813	False	1.721434	0.750000	0.003992	
2025-09-09 10:06:56.311	continuous	2286	1	->		2	3	0.530433	False	1.727008	0.750000	0.003992	
2025-09-09 10:06:56.311	continuous	2287	1	->		2	3	0.524157	False	1.673363	0.750000	0.003991	
2025-09-09 10:06:56.312	continuous	2288	1	->	2	3	3	0.540373	False	0.533480	0.750000	0.003991	
2025-09-09 10:06:56.312	continuous	2289	4	->		5	3	0.492724	False	4.079136	0.750000	0.003991	
2025-09-09 10:06:56.312	continuous	2290	2	->	3	4	3	0.513918	False	1.671533	0.750000	0.003990	
2025-09-09 10:06:56.312	continuous	2291	1	->	2	3	3	0.532651	False	0.550155	0.750000	0.003990	
2025-09-09 10:06:56.312	continuous	2292	1	->	2	3	3	0.537463	False	0.535421	0.750000	0.003989	
2025-09-09 10:06:56.312	continuous	2293	1	->		2	3	0.519545	False	1.666720	0.750000	0.003989	
2025-09-09 10:06:56.313	continuous	2294	1	->	2	3	3	0.536182	False	0.540360	0.750000	0.003989	
2025-09-09 10:06:56.313	continuous	2295	2	->		3	3	0.522883	False	0.551072	0.750000	0.003988	
2025-09-09 10:06:56.313	continuous	2296	3	->		4	3	0.488802	False	1.660073	0.750000	0.003988	
2025-09-09 10:06:56.313	continuous	2297	2	->	3	4	3	0.515552	False	1.648481	0.750000	0.003987	
2025-09-09 10:06:56.313	continuous	2298	2	->	3	4	3	0.510062	False	1.598340	0.750000	0.003987	
2025-09-09 10:06:56.313	continuous	2299	3	->		4	3	0.474712	False	1.526852	0.750000	0.003987	
2025-09-09 10:06:56.314	continuous	2300	2	->		3	3	0.507280	False	0.609792	0.750000	0.003986	
2025-09-09 10:06:56.314	continuous	2301	1	->		2	3	0.507398	False	1.672565	0.750000	0.003986	
2025-09-09 10:06:56.314	continuous	2302	3	->		4	3	0.470452	False	1.506828	0.750000	0.003985	
2025-09-09 10:06:56.314	continuous	2303	2	->		3	3	0.502619	False	0.629938	0.750000	0.003985	
2025-09-09 10:06:56.314	continuous	2304	3	->		4	3	0.470956	False	1.485558	0.750000	0.003985	
2025-09-09 10:06:56.314	continuous	2305	1	->	2	3	3	0.519804	False	0.608187	0.750000	0.003984	
2025-09-09 10:06:56.315	continuous	2306	2	->	3	4	3	0.501203	False	1.483428	0.750000	0.003984	
2025-09-09 10:06:56.315	continuous	2307	1	->	2	3	3	0.519890	False	0.611605	0.750000	0.003983	
2025-09-09 10:06:56.315	continuous	2308	1	->	2	3	3	0.524437	False	0.594416	0.750000	0.003983	
2025-09-09 10:06:56.315	continuous	2309	1	->	2	3	3	0.529058	False	0.577835	0.750000	0.003983	
2025-09-09 10:06:56.315	continuous	2310	1	->	2	3	3	0.533743	False	0.561841	0.750000	0.003982	
2025-09-09 10:06:56.316	continuous	2311	3	->		4	3	0.483670	False	1.497312	0.750000	0.003982	
2025-09-09 10:06:56.316	continuous	2312	2	->		3	3	0.516484	False	0.588777	0.750000	0.003981	
2025-09-09 10:06:56.316	continuous	2313	2	->		3	3	0.520939	False	0.573700	0.750000	0.003981	
2025-09-09 10:06:56.316	continuous	2314	2	->	3	4	3	0.518876	False	1.517031	0.750000	0.003981	
2025-09-09 10:06:56.316	continuous	2315	2	->		3	3	0.520349	False	0.579417	0.750000	0.003980	
2025-09-09 10:06:56.316	continuous	2316	2	->		3	3	0.524821	False	0.564581	0.750000	0.003980	
2025-09-09 10:06:56.317	continuous	2317	1	->	2	3	3	0.547061	False	0.526021	0.750000	0.003979	
2025-09-09 10:06:56.317	continuous	2318	3	->		4	3	0.495679	False	1.504767	0.750000	0.003979	
2025-09-09 10:06:56.317	continuous	2319	1	->	2	3	3	0.546734	False	0.530391	0.750000	0.003979	
2025-09-09 10:06:56.317	continuous	2320	2	->		3	3	0.533594	False	0.540246	0.750000	0.003978	
2025-09-09 10:06:56.317	continuous	2321	3	->		4	3	0.499671	False	1.500762	0.750000	0.003978	
2025-09-09 10:06:56.317	continuous	2322	1	->	2	3	3	0.550981	False	0.520971	0.750000	0.003977	
2025-09-09 10:06:56.318	continuous	2323	1	->		2	3	0.533138	False	1.880756	0.750000	0.003977	
2025-09-09 10:06:56.318	continuous	2324	2	->	3	4	3	0.524559	False	1.501016	0.750000	0.003977	
2025-09-09 10:06:56.318	continuous	2325	2	->		3	3	0.525950	False	0.569471	0.750000	0.003976	
2025-09-09 10:06:56.318	continuous	2326	2	->	3	4	3	0.523881	False	1.473553	0.750000	0.003976	
2025-09-09 10:06:56.318	continuous	2327	1	->	2	3	3	0.542636	False	0.552317	0.750000	0.003975	
2025-09-09 10:06:56.318	continuous	2328	2	->		3	3	0.529843	False	0.560615	0.750000	0.003975	
2025-09-09 10:06:56.319	continuous	2329	3	->		4	3	0.496697	False	1.446688	0.750000	0.003975	
2025-09-09 10:06:56.319	continuous	2330	2	->		3	3	0.529825	False	0.565016	0.750000	0.003974	
2025-09-09 10:06:56.319	continuous	2331	1	->	2	3	3	0.551769	False	0.526785	0.750000	0.003974	
2025-09-09 10:06:56.319	continuous	2332	2	->		3	3	0.538759	False	0.536091	0.750000	0.003973	
2025-09-09 10:06:56.319	continuous	2333	1	->	2	3	3	0.561195	False	0.498433	0.750000	0.003973	
2025-09-09 10:06:56.319	continuous	2334	2	->	3	4	3	0.541056	False	1.509762	0.750000	0.003973	
2025-09-09 10:06:56.320	continuous	2335	2	->	3	4	3	0.535338	False	1.459491	0.750000	0.003972	
2025-09-09 10:06:56.320	continuous	2336	2	->		3	3	0.536633	False	0.551631	0.750000	0.003972	
2025-09-09 10:06:56.320	continuous	2337	2	->		3	3	0.541078	False	0.537307	0.750000	0.003971	
2025-09-09 10:06:56.320	continuous	2338	1	->	2	3	3	0.563361	False	0.499809	0.750000	0.003971	
2025-09-09 10:06:56.320	continuous	2339	1	->		2	3	0.545325	False	1.989342	0.750000	0.003971	
2025-09-09 10:06:56.320	continuous	2340	3	->		4	3	0.504909	False	1.448741	0.750000	0.003970	
2025-09-09 10:06:56.321	continuous	2341	2	->		3	3	0.538178	False	0.546371	0.750000	0.003970	
2025-09-09 10:06:56.321	continuous	2342	2	->		3	3	0.542653	False	0.532216	0.750000	0.003969	
2025-09-09 10:06:56.321	continuous	2343	1	->	2	3	3	0.564885	False	0.494916	0.750000	0.003969	
2025-09-09 10:06:56.321	continuous	2344	2	->		3	3	0.551694	False	0.505224	0.750000	0.003969	
2025-09-09 10:06:56.321	continuous	2345	2	->	3	4	3	0.549415	False	1.513148	0.750000	0.003968	
2025-09-09 10:06:56.321	continuous	2346	1	->		2	3	0.545261	False	1.991773	0.750000	0.003968	
2025-09-09 10:06:56.322	continuous	2347	1	->		2	3	0.538205	False	1.930378	0.750000	0.003967	
2025-09-09 10:06:56.322	continuous	2348	1	->	2	3	3	0.553440	False	0.525314	0.750000	0.003967	
2025-09-09 10:06:56.322	continuous	2349	1	->	2	3	3	0.558206	False	0.510687	0.750000	0.003967	
2025-09-09 10:06:56.322	continuous	2350	1	->	2	3	3	0.563002	False	0.496604	0.750000	0.003966	
2025-09-09 10:06:56.322	continuous	2351	2	->	3	4	3	0.543143	False	1.520964	0.750000	0.003966	
2025-09-09 10:06:56.322	continuous	2352	2	->		3	3	0.543963	False	0.528316	0.750000	0.003965	
2025-09-09 10:06:56.323	continuous	2353	2	->	3	4	3	0.541793	False	1.491168	0.750000	0.003965	
2025-09-09 10:06:56.323	continuous	2354	1	->	2	3	3	0.560156	False	0.512761	0.750000	0.003965	
2025-09-09 10:06:56.323	continuous	2355	3	->		4	3	0.509351	False	1.439333	0.750000	0.003964	
2025-09-09 10:06:56.323	continuous	2356	1	->	2	3	3	0.559735	False	0.518243	0.750000	0.003964	
2025-09-09 10:06:56.323	continuous	2357	3	->		4	3	0.509206	False	1.418055	0.750000	0.003963	
2025-09-09 10:06:56.323	continuous	2358	1	->	2	3	3	0.559429	False	0.523670	0.750000	0.003963	
2025-09-09 10:06:56.324	continuous	2359	1	->	2	3	3	0.564103	False	0.508811	0.750000	0.003963	
2025-09-09 10:06:56.324	continuous	2360	2	->	3	4	3	0.544454	False	1.440288	0.750000	0.003962	
2025-09-09 10:06:56.324	continuous	2361	3	->		4	3	0.508484	False	1.372619	0.750000	0.003962	
2025-09-09 10:06:56.324	continuous	2362	2	->		3	3	0.541243	False	0.560030	0.750000	0.003962	
2025-09-09 10:06:56.324	continuous	2363	3	->		4	3	0.508670	False	1.353054	0.750000	0.003961	
2025-09-09 10:06:56.324	continuous	2364	2	->		3	3	0.541364	False	0.565163	0.750000	0.003961	
2025-09-09 10:06:56.325	continuous	2365	1	->		2	3	0.541115	False	2.031995	0.750000	0.003960	
2025-09-09 10:06:56.325	continuous	2366	2	->		3	3	0.538953	False	0.566579	0.750000	0.003960	
2025-09-09 10:06:56.325	continuous	2367	2	->		3	3	0.543282	False	0.551357	0.750000	0.003960	
2025-09-09 10:06:56.325	continuous	2368	2	->	3	4	3	0.541191	False	1.393301	0.750000	0.003959	
2025-09-09 10:06:56.325	continuous	2369	2	->		3	3	0.542635	False	0.559050	0.750000	0.003959	
2025-09-09 10:06:56.325	continuous	2370	1	->	2	3	3	0.563923	False	0.521595	0.750000	0.003958	
2025-09-09 10:06:56.326	continuous	2371	1	->		2	3	0.546585	False	2.035292	0.750000	0.003958	
2025-09-09 10:06:56.326	continuous	2372	2	->		3	3	0.544395	False	0.546280	0.750000	0.003958	
2025-09-09 10:06:56.326	continuous	2373	2	->		3	3	0.548820	False	0.531772	0.750000	0.003957	
2025-09-09 10:06:56.326	continuous	2374	2	->		3	3	0.553287	False	0.517774	0.750000	0.003957	
2025-09-09 10:06:56.326	continuous	2375	3	->		4	3	0.519581	False	1.429592	0.750000	0.003956	
2025-09-09 10:06:56.326	continuous	2376	2	->	3	4	3	0.546155	False	1.408666	0.750000	0.003956	
2025-09-09 10:06:56.327	continuous	2377	2	->		3	3	0.547380	False	0.546460	0.750000	0.003956	
2025-09-09 10:06:56.327	continuous	2378	3	->		4	3	0.514581	False	1.363188	0.750000	0.003955	
2025-09-09 10:06:56.327	continuous	2379	3	->		4	3	0.510807	False	1.323119	0.750000	0.003955	
2025-09-09 10:06:56.327	continuous	2380	1	->		2	3	0.538597	False	2.035483	0.750000	0.003954	
2025-09-09 10:06:56.327	continuous	2381	1	->	2	3	3	0.552843	False	0.568011	0.750000	0.003954	
2025-09-09 10:06:56.327	continuous	2382	1	->	2	3	3	0.557291	False	0.551022	0.750000	0.003954	
2025-09-09 10:06:56.328	continuous	2383	3	->		4	3	0.509021	False	1.327788	0.750000	0.003953	
2025-09-09 10:06:56.328	continuous	2384	2	->	3	4	3	0.535175	False	1.300896	0.750000	0.003953	
2025-09-09 10:06:56.328	continuous	2385	1	->	2	3	3	0.553205	False	0.579712	0.750000	0.003952	
2025-09-09 10:06:56.328	continuous	2386	1	->	2	3	3	0.557526	False	0.562058	0.750000	0.003952	
2025-09-09 10:06:56.328	continuous	2387	1	->	2	3	3	0.561936	False	0.545125	0.750000	0.003952	
2025-09-09 10:06:56.328	continuous	2388	4	->		5	3	0.516512	False	4.270320	0.750000	0.003951	
2025-09-09 10:06:56.329	continuous	2389	2	->		3	3	0.543277	False	0.562192	0.750000	0.003951	
2025-09-09 10:06:56.329	continuous	2390	1	->	2	3	3	0.564554	False	0.524727	0.750000	0.003950	
2025-09-09 10:06:56.329	continuous	2391	1	->	2	3	3	0.569126	False	0.509534	0.750000	0.003950	
2025-09-09 10:06:56.329	continuous	2392	3	->	4	5	3	0.507499	False	4.122321	0.750000	0.003950	
2025-09-09 10:06:56.329	continuous	2393	5	->		6	3	0.516355	False	5.593679	0.750000	0.003949	
2025-09-09 10:06:56.329	continuous	2394	1	->	2	3	3	0.559610	False	0.519938	0.750000	0.003949	
2025-09-09 10:06:56.330	continuous	2395	1	->	2	3	3	0.564199	False	0.505433	0.750000	0.003948	
2025-09-09 10:06:56.330	continuous	2396	1	->		2	3	0.545154	False	2.075892	0.750000	0.003948	
2025-09-09 10:06:56.330	continuous	2397	1	->		2	3	0.538041	False	2.013891	0.750000	0.003948	
2025-09-09 10:06:56.330	continuous	2398	2	->		3	3	0.536423	False	0.548662	0.750000	0.003947	
2025-09-09 10:06:56.330	continuous	2399	1	->	2	3	3	0.558908	False	0.510552	0.750000	0.003947	
2025-09-09 10:06:56.330	continuous	2400	1	->	2	3	3	0.563610	False	0.496557	0.750000	0.003946	
2025-09-09 10:06:56.331	continuous	2401	1	->	2	3	3	0.568337	False	0.483080	0.750000	0.003946	
2025-09-09 10:06:56.331	continuous	2402	1	->		2	3	0.548840	False	2.021246	0.750000	0.003946	
2025-09-09 10:06:56.331	continuous	2403	2	->		3	3	0.546959	False	0.511917	0.750000	0.003945	
2025-09-09 10:06:56.331	continuous	2404	2	->	3	4	3	0.544383	False	1.513977	0.750000	0.003945	
2025-09-09 10:06:56.331	continuous	2405	1	->	2	3	3	0.563797	False	0.495710	0.750000	0.003945	
2025-09-09 10:06:56.331	continuous	2406	1	->	2	3	3	0.568539	False	0.482260	0.750000	0.003944	
2025-09-09 10:06:56.332	continuous	2407	2	->		3	3	0.554518	False	0.494120	0.750000	0.003944	
2025-09-09 10:06:56.332	continuous	2408	2	->		3	3	0.559073	False	0.481855	0.750000	0.003943	
2025-09-09 10:06:56.332	continuous	2409	2	->		3	3	0.563640	False	0.469993	0.750000	0.003943	
2025-09-09 10:06:56.332	continuous	2410	3	->		4	3	0.525985	False	1.533233	0.750000	0.003943	
2025-09-09 10:06:56.332	continuous	2411	1	->		2	3	0.556519	False	2.053314	0.750000	0.003942	
2025-09-09 10:06:56.332	continuous	2412	3	->	4	5	3	0.502200	False	4.034632	0.750000	0.003942	
2025-09-09 10:06:56.333	continuous	2413	1	->	2	3	3	0.566374	False	0.480854	0.750000	0.003941	
2025-09-09 10:06:56.333	continuous	2414	4	->		5	3	0.513766	False	4.061694	0.750000	0.003941	
2025-09-09 10:06:56.333	continuous	2415	2	->		3	3	0.544903	False	0.505349	0.750000	0.003941	
2025-09-09 10:06:56.333	continuous	2416	1	->		2	3	0.543591	False	1.988304	0.750000	0.003940	
2025-09-09 10:06:56.333	continuous	2417	2	->		3	3	0.542216	False	0.510088	0.750000	0.003940	
2025-09-09 10:06:56.333	continuous	2418	2	->		3	3	0.546796	False	0.497626	0.750000	0.003939	
2025-09-09 10:06:56.334	continuous	2419	2	->		3	3	0.551391	False	0.485560	0.750000	0.003939	
2025-09-09 10:06:56.334	continuous	2420	2	->	3	4	3	0.548427	False	1.592604	0.750000	0.003939	
2025-09-09 10:06:56.334	continuous	2421	4	->		5	3	0.510058	False	3.999236	0.750000	0.003938	
2025-09-09 10:06:56.334	continuous	2422	2	->		3	3	0.542143	False	0.506176	0.750000	0.003938	
2025-09-09 10:06:56.334	continuous	2423	1	->	2	3	3	0.566098	False	0.468422	0.750000	0.003937	
2025-09-09 10:06:56.334	continuous	2424	1	->		2	3	0.545029	False	1.990767	0.750000	0.003937	
2025-09-09 10:06:56.335	continuous	2425	2	->	3	4	3	0.536343	False	1.565894	0.750000	0.003937	
2025-09-09 10:06:56.335	continuous	2426	2	->	3	4	3	0.530398	False	1.515889	0.750000	0.003936	
2025-09-09 10:06:56.335	continuous	2427	1	->	2	3	3	0.550779	False	0.514562	0.750000	0.003936	
2025-09-09 10:06:56.335	continuous	2428	3	->		4	3	0.494708	False	1.464127	0.750000	0.003935	
2025-09-09 10:06:56.335	continuous	2429	2	->	3	4	3	0.524778	False	1.445358	0.750000	0.003935	
2025-09-09 10:06:56.335	continuous	2430	1	->		2	3	0.521378	False	1.938955	0.750000	0.003935	
2025-09-09 10:06:56.336	continuous	2431	3	->		4	3	0.480893	False	1.383985	0.750000	0.003934	
2025-09-09 10:06:56.336	continuous	2432	2	->		3	3	0.517109	False	0.600008	0.750000	0.003934	
2025-09-09 10:06:56.336	continuous	2433	3	->		4	3	0.481624	False	1.366193	0.750000	0.003933	
2025-09-09 10:06:56.336	continuous	2434	1	->		2	3	0.512336	False	1.902383	0.750000	0.003933	
2025-09-09 10:06:56.336	continuous	2435	1	->	2	3	3	0.529318	False	0.596387	0.750000	0.003933	
2025-09-09 10:06:56.336	continuous	2436	4	->		5	3	0.479833	False	3.892604	0.750000	0.003932	
2025-09-09 10:06:56.336	continuous	2437	3	->		4	3	0.470884	False	1.349094	0.750000	0.003932	
2025-09-09 10:06:56.337	continuous	2438	1	->		2	3	0.501725	False	1.854191	0.750000	0.003932	
2025-09-09 10:06:56.337	continuous	2439	3	->		4	3	0.463605	False	1.317872	0.750000	0.003931	
2025-09-09 10:06:56.337	continuous	2440	1	->	2	3	3	0.516162	False	0.644648	0.750000	0.003931	
2025-09-09 10:06:56.337	continuous	2441	1	->	2	3	3	0.520345	False	0.626173	0.750000	0.003930	
2025-09-09 10:06:56.337	continuous	2442	2	->	3	4	3	0.500541	False	1.330648	0.750000	0.003930	
2025-09-09 10:06:56.338	continuous	2443	2	->		3	3	0.503924	False	0.652581	0.750000	0.003930	
2025-09-09 10:06:56.338	continuous	2444	2	->		3	3	0.507907	False	0.635410	0.750000	0.003929	
2025-09-09 10:06:56.338	continuous	2445	1	->		2	3	0.506472	False	1.873100	0.750000	0.003929	
2025-09-09 10:06:56.338	continuous	2446	1	->		2	3	0.501049	False	1.819866	0.750000	0.003928	
2025-09-09 10:06:56.338	continuous	2447	2	->		3	3	0.501338	False	0.651425	0.750000	0.003928	
2025-09-09 10:06:56.338	continuous	2448	3	->	4	5	3	0.455478	False	3.744749	0.750000	0.003928	
2025-09-09 10:06:56.339	continuous	2449	1	->	2	3	3	0.517191	False	0.620952	0.750000	0.003927	
2025-09-09 10:06:56.339	continuous	2450	2	->		3	3	0.504056	False	0.627454	0.750000	0.003927	
2025-09-09 10:06:56.339	continuous	2451	2	->	3	4	3	0.501369	False	1.395576	0.750000	0.003926	
2025-09-09 10:06:56.339	continuous	2452	2	->	3	4	3	0.497692	False	1.353161	0.750000	0.003926	
2025-09-09 10:06:56.339	continuous	2453	4	->		5	3	0.464820	False	3.772654	0.750000	0.003926	
2025-09-09 10:06:56.339	continuous	2454	1	->	2	3	3	0.512818	False	0.639449	0.750000	0.003925	
2025-09-09 10:06:56.340	continuous	2455	1	->		2	3	0.493879	False	1.817368	0.750000	0.003925	
2025-09-09 10:06:56.340	continuous	2456	2	->		3	3	0.494447	False	0.661137	0.750000	0.003924	
2025-09-09 10:06:56.340	continuous	2457	2	->	3	4	3	0.491716	False	1.354467	0.750000	0.003924	
2025-09-09 10:06:56.340	continuous	2458	1	->		2	3	0.489723	False	1.786274	0.750000	0.003924	
2025-09-09 10:06:56.340	continuous	2459	2	->		3	3	0.490494	False	0.680502	0.750000	0.003923	
2025-09-09 10:06:56.340	continuous	2460	2	->		3	3	0.494429	False	0.662855	0.750000	0.003923	
2025-09-09 10:06:56.341	continuous	2461	1	->		2	3	0.492706	False	1.769244	0.750000	0.003922	
2025-09-09 10:06:56.341	continuous	2462	2	->		3	3	0.493588	False	0.662254	0.750000	0.003922	
2025-09-09 10:06:56.341	continuous	2463	3	->		4	3	0.458477	False	1.371950	0.750000	0.003922	
2025-09-09 10:06:56.341	continuous	2464	2	->		3	3	0.494800	False	0.663004	0.750000	0.003921	
2025-09-09 10:06:56.341	continuous	2465	2	->	3	4	3	0.492138	False	1.364237	0.750000	0.003921	
2025-09-09 10:06:56.341	continuous	2466	2	->	3	4	3	0.489013	False	1.323430	0.750000	0.003921	
2025-09-09 10:06:56.342	continuous	2467	1	->		2	3	0.487154	False	1.764029	0.750000	0.003920	
2025-09-09 10:06:56.342	continuous	2468	3	->		4	3	0.450787	False	1.287924	0.750000	0.003920	
2025-09-09 10:06:56.342	continuous	2469	2	->	3	4	3	0.480028	False	1.254061	0.750000	0.003919	
2025-09-09 10:06:56.342	continuous	2470	3	->		4	3	0.447858	False	1.222359	0.750000	0.003919	
2025-09-09 10:06:56.342	continuous	2471	2	->		3	3	0.483036	False	0.759999	0.750000	0.003919	
2025-09-09 10:06:56.342	continuous	2472	2	->	3	4	3	0.480223	False	1.205257	0.750000	0.003918	
2025-09-09 10:06:56.342	continuous	2473	3	->		4	3	0.448757	False	1.178282	0.750000	0.003918	
2025-09-09 10:06:56.343	continuous	2474	3	->		4	3	0.448230	False	1.149132	0.750000	0.003917	
2025-09-09 10:06:56.343	continuous	2475	1	->	2	3	3	0.498907	False	0.781446	0.750000	0.003917	
2025-09-09 10:06:56.343	continuous	2476	1	->	2	3	3	0.501927	False	0.757571	0.750000	0.003917	
2025-09-09 10:06:56.343	continuous	2477	2	->		3	3	0.489247	False	0.753305	0.750000	0.003916	
2025-09-09 10:06:56.343	continuous	2478	2	->	3	4	3	0.486402	False	1.173541	0.750000	0.003916	
2025-09-09 10:06:56.343	continuous	2479	3	->		4	3	0.454964	False	1.147990	0.750000	0.003915	
2025-09-09 10:06:56.344	continuous	2480	1	->		2	3	0.485100	False	1.828901	0.750000	0.003915	
2025-09-09 10:06:56.344	continuous	2481	2	->		3	3	0.485922	False	0.787662	0.750000	0.003915	
2025-09-09 10:06:56.344	continuous	2482	3	->		4	3	0.453179	False	1.146434	0.750000	0.003914	
2025-09-09 10:06:56.344	continuous	2483	1	->	2	3	3	0.503696	False	0.768058	0.750000	0.003914	
2025-09-09 10:06:56.344	continuous	2484	1	->		2	3	0.485879	False	1.814968	0.750000	0.003913	
2025-09-09 10:06:56.344	continuous	2485	1	->		2	3	0.481620	False	1.764781	0.750000	0.003913	
2025-09-09 10:06:56.345	continuous	2486	1	->	2	3	3	0.498004	False	0.773953	0.750000	0.003913	
2025-09-09 10:06:56.345	continuous	2487	3	->		4	3	0.450492	False	1.173932	0.750000	0.003912	
2025-09-09 10:06:56.345	continuous	2488	2	->		3	3	0.484919	False	0.787787	0.750000	0.003912	
2025-09-09 10:06:56.345	continuous	2489	1	->	2	3	3	0.503343	False	0.747721	0.750000	0.003912	
2025-09-09 10:06:56.345	continuous	2490	2	->	3	4	3	0.485210	False	1.177324	0.750000	0.003911	
2025-09-09 10:06:56.345	continuous	2491	2	->		3	3	0.489760	False	0.765454	0.750000	0.003911	
2025-09-09 10:06:56.346	continuous	2492	1	->		2	3	0.487553	False	1.790498	0.750000	0.003910	
2025-09-09 10:06:56.346	continuous	2493	1	->	2	3	3	0.503915	False	0.740746	0.750000	0.003910	
2025-09-09 10:06:56.346	continuous	2494	1	->	2	3	3	0.507374	False	0.718299	0.750000	0.003910	
2025-09-09 10:06:56.346	continuous	2495	2	->		3	3	0.495313	False	0.716551	0.750000	0.003909	
2025-09-09 10:06:56.346	continuous	2496	2	->	3	4	3	0.492778	False	1.236443	0.750000	0.003909	
2025-09-09 10:06:56.346	continuous	2497	2	->		3	3	0.496738	False	0.718467	0.750000	0.003908	
2025-09-09 10:06:56.347	continuous	2498	3	->		4	3	0.463698	False	1.221926	0.750000	0.003908	
2025-09-09 10:06:56.347	continuous	2499	1	->		2	3	0.493022	False	1.813943	0.750000	0.003908	
2025-09-09 10:06:56.347	continuous	2500	1	->	2	3	3	0.509361	False	0.714347	0.750000	0.003907	
2025-09-09 10:06:56.347	continuous	2501	1	->		2	3	0.491892	False	1.778443	0.750000	0.003907	
2025-09-09 10:06:56.347	continuous	2502	1	->	2	3	3	0.508318	False	0.708733	0.750000	0.003906	
2025-09-09 10:06:56.347	continuous	2503	2	->	3	4	3	0.490534	False	1.242481	0.750000	0.003906	
2025-09-09 10:06:56.348	continuous	2504	2	->		3	3	0.494462	False	0.729049	0.750000	0.003906	
2025-09-09 10:06:56.348	continuous	2505	2	->	3	4	3	0.491975	False	1.225975	0.750000	0.003905	
2025-09-09 10:06:56.348	continuous	2506	1	->	2	3	3	0.511284	False	0.711544	0.750000	0.003905	
2025-09-09 10:06:56.348	continuous	2507	2	->		3	3	0.499435	False	0.709642	0.750000	0.003904	
2025-09-09 10:06:56.348	continuous	2508	2	->		3	3	0.503022	False	0.690042	0.750000	0.003904	
2025-09-09 10:06:56.348	continuous	2509	1	->		2	3	0.500881	False	1.818781	0.750000	0.003904	
2025-09-09 10:06:56.349	continuous	2510	2	->	3	4	3	0.495784	False	1.258796	0.750000	0.003903	
2025-09-09 10:06:56.349	continuous	2511	1	->		2	3	0.493786	False	1.771672	0.750000	0.003903	
2025-09-09 10:06:56.349	continuous	2512	1	->		2	3	0.489369	False	1.721001	0.750000	0.003903	
2025-09-09 10:06:56.349	continuous	2513	2	->		3	3	0.490757	False	0.740763	0.750000	0.003902	
2025-09-09 10:06:56.349	continuous	2514	2	->		3	3	0.494249	False	0.720284	0.750000	0.003902	
2025-09-09 10:06:56.349	continuous	2515	1	->		2	3	0.492085	False	1.704417	0.750000	0.003901	
2025-09-09 10:06:56.350	continuous	2516	2	->	3	4	3	0.487728	False	1.280186	0.750000	0.003901	
2025-09-09 10:06:56.350	continuous	2517	1	->		2	3	0.485798	False	1.661545	0.750000	0.003901	
2025-09-09 10:06:56.350	continuous	2518	1	->	2	3	3	0.502016	False	0.736049	0.750000	0.003900	
2025-09-09 10:06:56.350	continuous	2519	3	->		4	3	0.456074	False	1.269912	0.750000	0.003900	
2025-09-09 10:06:56.350	continuous	2520	2	->		3	3	0.489301	False	0.751844	0.750000	0.003899	
2025-09-09 10:06:56.350	continuous	2521	2	->	3	4	3	0.486998	False	1.255702	0.750000	0.003899	
2025-09-09 10:06:56.351	continuous	2522	2	->	3	4	3	0.485168	False	1.217360	0.750000	0.003899	
2025-09-09 10:06:56.351	continuous	2523	3	->		4	3	0.455169	False	1.187400	0.750000	0.003898	
2025-09-09 10:06:56.351	continuous	2524	1	->	2	3	3	0.502601	False	0.776332	0.750000	0.003898	
2025-09-09 10:06:56.351	continuous	2525	3	->		4	3	0.457233	False	1.177462	0.750000	0.003897	
2025-09-09 10:06:56.351	continuous	2526	2	->		3	3	0.490424	False	0.789042	0.750000	0.003897	
2025-09-09 10:06:56.351	continuous	2527	2	->		3	3	0.493421	False	0.766456	0.750000	0.003897	
2025-09-09 10:06:56.352	continuous	2528	4	->		5	3	0.463576	False	3.862572	0.750000	0.003896	
2025-09-09 10:06:56.352	continuous	2529	3	->		4	3	0.456758	False	1.188384	0.750000	0.003896	
2025-09-09 10:06:56.352	continuous	2530	1	->		2	3	0.485132	False	1.730173	0.750000	0.003896	
2025-09-09 10:06:56.352	continuous	2531	1	->	2	3	3	0.501169	False	0.770863	0.750000	0.003895	
2025-09-09 10:06:56.352	continuous	2532	2	->		3	3	0.489793	False	0.764820	0.750000	0.003895	
2025-09-09 10:06:56.352	continuous	2533	2	->		3	3	0.493041	False	0.743349	0.750000	0.003894	
2025-09-09 10:06:56.352	continuous	2534	1	->		2	3	0.490593	False	1.728283	0.750000	0.003894	
2025-09-09 10:06:56.353	continuous	2535	2	->		3	3	0.492204	False	0.738692	0.750000	0.003894	
2025-09-09 10:06:56.353	continuous	2536	1	->		2	3	0.489777	False	1.694921	0.750000	0.003893	
2025-09-09 10:06:56.353	continuous	2537	1	->	2	3	3	0.506100	False	0.715750	0.750000	0.003893	
2025-09-09 10:06:56.353	continuous	2538	2	->		3	3	0.495166	False	0.713803	0.750000	0.003892	
2025-09-09 10:06:56.353	continuous	2539	1	->		2	3	0.492789	False	1.679845	0.750000	0.003892	
2025-09-09 10:06:56.353	continuous	2540	3	->		4	3	0.459177	False	1.301621	0.750000	0.003892	
2025-09-09 10:06:56.354	continuous	2541	1	->	2	3	3	0.507066	False	0.710790	0.750000	0.003891	
2025-09-09 10:06:56.354	continuous	2542	2	->		3	3	0.496239	False	0.709101	0.750000	0.003891	
2025-09-09 10:06:56.354	continuous	2543	2	->		3	3	0.499995	False	0.689607	0.750000	0.003890	
2025-09-09 10:06:56.354	continuous	2544	1	->	2	3	3	0.518876	False	0.650126	0.750000	0.003890	
2025-09-09 10:06:56.354	continuous	2545	2	->	3	4	3	0.501777	False	1.354315	0.750000	0.003890	
2025-09-09 10:06:56.354	continuous	2546	3	->	4	5	3	0.457098	False	3.762193	0.750000	0.003889	
2025-09-09 10:06:56.355	continuous	2547	2	->		3	3	0.499628	False	0.682710	0.750000	0.003889	
2025-09-09 10:06:56.355	continuous	2548	1	->	2	3	3	0.518917	False	0.643137	0.750000	0.003889	
2025-09-09 10:06:56.355	continuous	2549	1	->	2	3	3	0.523204	False	0.624382	0.750000	0.003888	
2025-09-09 10:06:56.355	continuous	2550	2	->		3	3	0.511737	False	0.628402	0.750000	0.003888	
2025-09-09 10:06:56.355	continuous	2551	2	->	3	4	3	0.509467	False	1.395099	0.750000	0.003887	
2025-09-09 10:06:56.355	continuous	2552	2	->	3	4	3	0.505701	False	1.350941	0.750000	0.003887	
2025-09-09 10:06:56.356	continuous	2553	2	->		3	3	0.508583	False	0.654190	0.750000	0.003887	
2025-09-09 10:06:56.356	continuous	2554	3	->		4	3	0.474425	False	1.321089	0.750000	0.003886	
2025-09-09 10:06:56.356	continuous	2555	3	->		4	3	0.472182	False	1.286190	0.750000	0.003886	
2025-09-09 10:06:56.356	continuous	2556	1	->	2	3	3	0.522508	False	0.654796	0.750000	0.003885	
2025-09-09 10:06:56.356	continuous	2557	1	->	2	3	3	0.526594	False	0.635209	0.750000	0.003885	
2025-09-09 10:06:56.356	continuous	2558	1	->	2	3	3	0.530801	False	0.616369	0.750000	0.003885	
2025-09-09 10:06:56.357	continuous	2559	3	->		4	3	0.480683	False	1.312477	0.750000	0.003884	
2025-09-09 10:06:56.357	continuous	2560	1	->	2	3	3	0.531885	False	0.618302	0.750000	0.003884	
2025-09-09 10:06:56.357	continuous	2561	1	->		2	3	0.513640	False	1.869888	0.750000	0.003883	
2025-09-09 10:06:56.357	continuous	2562	2	->	3	4	3	0.508521	False	1.308472	0.750000	0.003883	
2025-09-09 10:06:56.357	continuous	2563	2	->		3	3	0.511561	False	0.659950	0.750000	0.003883	
2025-09-09 10:06:56.357	continuous	2564	2	->		3	3	0.515477	False	0.641800	0.750000	0.003882	
2025-09-09 10:06:56.358	continuous	2565	2	->	3	4	3	0.513196	False	1.310463	0.750000	0.003882	
2025-09-09 10:06:56.358	continuous	2566	1	->	2	3	3	0.531545	False	0.625699	0.750000	0.003882	
2025-09-09 10:06:56.358	continuous	2567	2	->		3	3	0.520098	False	0.628174	0.750000	0.003881	
2025-09-09 10:06:56.358	continuous	2568	3	->	4	5	3	0.473764	False	3.788713	0.750000	0.003881	
2025-09-09 10:06:56.358	continuous	2569	1	->	2	3	3	0.534707	False	0.599226	0.750000	0.003880	
2025-09-09 10:06:56.358	continuous	2570	1	->		2	3	0.515885	False	1.890180	0.750000	0.003880	
2025-09-09 10:06:56.359	continuous	2571	1	->		2	3	0.510255	False	1.834786	0.750000	0.003880	
2025-09-09 10:06:56.359	continuous	2572	3	->		4	3	0.473143	False	1.327381	0.750000	0.003879	
2025-09-09 10:06:56.359	continuous	2573	3	->		4	3	0.470893	False	1.292505	0.750000	0.003879	
2025-09-09 10:06:56.359	continuous	2574	1	->		2	3	0.499880	False	1.789699	0.750000	0.003878	
2025-09-09 10:06:56.359	continuous	2575	1	->	2	3	3	0.516621	False	0.671660	0.750000	0.003878	
2025-09-09 10:06:56.359	continuous	2576	3	->		4	3	0.468020	False	1.283739	0.750000	0.003878	
2025-09-09 10:06:56.360	continuous	2577	3	->		4	3	0.466266	False	1.250236	0.750000	0.003877	
2025-09-09 10:06:56.360	continuous	2578	1	->	2	3	3	0.516054	False	0.691609	0.750000	0.003877	
2025-09-09 10:06:56.360	continuous	2579	2	->		3	3	0.504795	False	0.690454	0.750000	0.003876	
2025-09-09 10:06:56.360	continuous	2580	2	->	3	4	3	0.502446	False	1.260166	0.750000	0.003876	
2025-09-09 10:06:56.360	continuous	2581	2	->		3	3	0.505946	False	0.693320	0.750000	0.003876	
2025-09-09 10:06:56.360	continuous	2582	1	->	2	3	3	0.524801	False	0.653895	0.750000	0.003875	
2025-09-09 10:06:56.361	continuous	2583	3	->		4	3	0.475732	False	1.261142	0.750000	0.003875	
2025-09-09 10:06:56.361	continuous	2584	2	->		3	3	0.511091	False	0.674514	0.750000	0.003875	
2025-09-09 10:06:56.361	continuous	2585	2	->		3	3	0.514867	False	0.655703	0.750000	0.003874	
2025-09-09 10:06:56.361	continuous	2586	3	->		4	3	0.480574	False	1.267093	0.750000	0.003874	
2025-09-09 10:06:56.361	continuous	2587	2	->		3	3	0.516157	False	0.657383	0.750000	0.003873	
2025-09-09 10:06:56.361	continuous	2588	2	->		3	3	0.520008	False	0.639070	0.750000	0.003873	
2025-09-09 10:06:56.361	continuous	2589	2	->		3	3	0.523973	False	0.621398	0.750000	0.003873	
2025-09-09 10:06:56.362	continuous	2590	3	->		4	3	0.488903	False	1.292591	0.750000	0.003872	
2025-09-09 10:06:56.362	continuous	2591	3	->		4	3	0.486441	False	1.257132	0.750000	0.003872	
2025-09-09 10:06:56.362	continuous	2592	2	->		3	3	0.522207	False	0.644410	0.750000	0.003871	
2025-09-09 10:06:56.362	continuous	2593	2	->		3	3	0.526074	False	0.626350	0.750000	0.003871	
2025-09-09 10:06:56.362	continuous	2594	4	->		5	3	0.493057	False	3.886319	0.750000	0.003871	
2025-09-09 10:06:56.362	continuous	2595	1	->	2	3	3	0.540039	False	0.598476	0.750000	0.003870	
2025-09-09 10:06:56.363	continuous	2596	3	->		4	3	0.488605	False	1.282072	0.750000	0.003870	
2025-09-09 10:06:56.363	continuous	2597	2	->		3	3	0.525306	False	0.621863	0.750000	0.003869	
2025-09-09 10:06:56.363	continuous	2598	2	->		3	3	0.529302	False	0.604745	0.750000	0.003869	
2025-09-09 10:06:56.363	continuous	2599	1	->		2	3	0.525981	False	1.996733	0.750000	0.003869	
2025-09-09 10:06:56.363	continuous	2600	3	->		4	3	0.487656	False	1.288976	0.750000	0.003868	
2025-09-09 10:06:56.363	continuous	2601	1	->	2	3	3	0.539701	False	0.603744	0.750000	0.003868	
2025-09-09 10:06:56.364	continuous	2602	1	->	2	3	3	0.543953	False	0.585732	0.750000	0.003868	
2025-09-09 10:06:56.364	continuous	2603	3	->		4	3	0.492358	False	1.294962	0.750000	0.003867	
2025-09-09 10:06:56.364	continuous	2604	1	->	2	3	3	0.544760	False	0.589016	0.750000	0.003867	
2025-09-09 10:06:56.364	continuous	2605	2	->	3	4	3	0.526629	False	1.290309	0.750000	0.003866	
2025-09-09 10:06:56.364	continuous	2606	1	->	2	3	3	0.545060	False	0.594935	0.750000	0.003866	
2025-09-09 10:06:56.364	continuous	2607	3	->		4	3	0.493826	False	1.261884	0.750000	0.003866	
2025-09-09 10:06:56.365	continuous	2608	2	->		3	3	0.530367	False	0.618272	0.750000	0.003865	
2025-09-09 10:06:56.365	continuous	2609	1	->	2	3	3	0.550082	False	0.580466	0.750000	0.003865	
2025-09-09 10:06:56.365	continuous	2610	3	->		4	3	0.498424	False	1.268262	0.750000	0.003864	
2025-09-09 10:06:56.365	continuous	2611	2	->		3	3	0.535110	False	0.604496	0.750000	0.003864	
2025-09-09 10:06:56.365	continuous	2612	1	->		2	3	0.531783	False	2.058804	0.750000	0.003864	
2025-09-09 10:06:56.365	continuous	2613	1	->	2	3	3	0.548507	False	0.582772	0.750000	0.003863	
2025-09-09 10:06:56.366	continuous	2614	1	->		2	3	0.529557	False	2.013998	0.750000	0.003863	
2025-09-09 10:06:56.366	continuous	2615	1	->		2	3	0.523430	False	1.954323	0.750000	0.003863	
2025-09-09 10:06:56.366	continuous	2616	1	->	2	3	3	0.540245	False	0.597890	0.750000	0.003862	
2025-09-09 10:06:56.366	continuous	2617	2	->	3	4	3	0.522543	False	1.312412	0.750000	0.003862	
2025-09-09 10:06:56.366	continuous	2618	4	->		5	3	0.488314	False	3.851905	0.750000	0.003861	
2025-09-09 10:06:56.366	continuous	2619	1	->	2	3	3	0.535238	False	0.613227	0.750000	0.003861	
2025-09-09 10:06:56.367	continuous	2620	2	->		3	3	0.523703	False	0.616196	0.750000	0.003861	
2025-09-09 10:06:56.367	continuous	2621	1	->	2	3	3	0.543738	False	0.577883	0.750000	0.003860	
2025-09-09 10:06:56.367	continuous	2622	1	->		2	3	0.524396	False	1.949533	0.750000	0.003860	
2025-09-09 10:06:56.367	continuous	2623	1	->	2	3	3	0.541839	False	0.577636	0.750000	0.003859	
2025-09-09 10:06:56.367	continuous	2624	3	->		4	3	0.489735	False	1.342527	0.750000	0.003859	
2025-09-09 10:06:56.367	continuous	2625	2	->		3	3	0.526617	False	0.602499	0.750000	0.003859	
2025-09-09 10:06:56.368	continuous	2626	3	->		4	3	0.490516	False	1.325443	0.750000	0.003858	
2025-09-09 10:06:56.368	continuous	2627	1	->	2	3	3	0.543118	False	0.584559	0.750000	0.003858	
2025-09-09 10:06:56.368	continuous	2628	1	->		2	3	0.523945	False	1.945288	0.750000	0.003858	
2025-09-09 10:06:56.368	continuous	2629	1	->	2	3	3	0.541251	False	0.583956	0.750000	0.003857	
2025-09-09 10:06:56.368	continuous	2630	2	->		3	3	0.529723	False	0.588835	0.750000	0.003857	
2025-09-09 10:06:56.368	continuous	2631	1	->	2	3	3	0.550139	False	0.550819	0.750000	0.003856	
2025-09-09 10:06:56.369	continuous	2632	1	->	2	3	3	0.554731	False	0.535006	0.750000	0.003856	
2025-09-09 10:06:56.369	continuous	2633	1	->	2	3	3	0.559375	False	0.519800	0.750000	0.003856	
2025-09-09 10:06:56.369	continuous	2634	3	->	4	5	3	0.492268	False	3.769827	0.750000	0.003855	
2025-09-09 10:06:56.369	continuous	2635	3	->		4	3	0.498238	False	1.405310	0.750000	0.003855	
2025-09-09 10:06:56.369	continuous	2636	1	->	2	3	3	0.553411	False	0.535164	0.750000	0.003854	
2025-09-09 10:06:56.369	continuous	2637	2	->		3	3	0.541029	False	0.543310	0.750000	0.003854	
2025-09-09 10:06:56.370	continuous	2638	2	->	3	4	3	0.538326	False	1.429132	0.750000	0.003854	
2025-09-09 10:06:56.370	continuous	2639	2	->		3	3	0.540228	False	0.550994	0.750000	0.003853	
2025-09-09 10:06:56.370	continuous	2640	3	->	4	5	3	0.488899	False	3.717185	0.750000	0.003853	
2025-09-09 10:06:56.370	continuous	2641	1	->		2	3	0.530368	False	1.988584	0.750000	0.003853	
2025-09-09 10:06:56.370	continuous	2642	1	->	2	3	3	0.548887	False	0.540425	0.750000	0.003852	
2025-09-09 10:06:56.370	continuous	2643	2	->		3	3	0.536389	False	0.548843	0.750000	0.003852	
2025-09-09 10:06:56.371	continuous	2644	1	->	2	3	3	0.558131	False	0.510996	0.750000	0.003851	
2025-09-09 10:06:56.371	continuous	2645	1	->		2	3	0.536860	False	1.980221	0.750000	0.003851	
2025-09-09 10:06:56.371	continuous	2646	2	->	3	4	3	0.531234	False	1.457981	0.750000	0.003851	
2025-09-09 10:06:56.371	continuous	2647	3	->		4	3	0.490570	False	1.390320	0.750000	0.003850	
2025-09-09 10:06:56.371	continuous	2648	1	->		2	3	0.521302	False	1.920119	0.750000	0.003850	
2025-09-09 10:06:56.371	continuous	2649	1	->		2	3	0.515357	False	1.863650	0.750000	0.003849	
2025-09-09 10:06:56.371	continuous	2650	1	->	2	3	3	0.533546	False	0.589116	0.750000	0.003849	
2025-09-09 10:06:56.372	continuous	2651	2	->		3	3	0.521780	False	0.595145	0.750000	0.003849	
2025-09-09 10:06:56.372	continuous	2652	3	->	4	5	3	0.471372	False	3.632500	0.750000	0.003848	
2025-09-09 10:06:56.372	continuous	2653	1	->		2	3	0.512387	False	1.831247	0.750000	0.003848	
2025-09-09 10:06:56.372	continuous	2654	3	->		4	3	0.473139	False	1.393428	0.750000	0.003848	
2025-09-09 10:06:56.372	continuous	2655	3	->	4	5	3	0.457457	False	3.551159	0.750000	0.003847	
2025-09-09 10:06:56.372	continuous	2656	3	->		4	3	0.464659	False	1.355776	0.750000	0.003847	
2025-09-09 10:06:56.373	continuous	2657	1	->	2	3	3	0.519209	False	0.630900	0.750000	0.003846	
2025-09-09 10:06:56.373	continuous	2658	3	->		4	3	0.465910	False	1.340374	0.750000	0.003846	
2025-09-09 10:06:56.373	continuous	2659	2	->		3	3	0.504447	False	0.653929	0.750000	0.003846	
2025-09-09 10:06:56.373	continuous	2660	2	->	3	4	3	0.501756	False	1.333428	0.750000	0.003845	
2025-09-09 10:06:56.373	continuous	2661	2	->	3	4	3	0.498615	False	1.291822	0.750000	0.003845	
2025-09-09 10:06:56.373	continuous	2662	2	->		3	3	0.502337	False	0.679285	0.750000	0.003844	
2025-09-09 10:06:56.374	continuous	2663	3	->		4	3	0.465650	False	1.270013	0.750000	0.003844	
2025-09-09 10:06:56.374	continuous	2664	2	->	3	4	3	0.497470	False	1.237260	0.750000	0.003844	
2025-09-09 10:06:56.374	continuous	2665	1	->		2	3	0.494214	False	1.843486	0.750000	0.003843	
2025-09-09 10:06:56.374	continuous	2666	2	->		3	3	0.496799	False	0.717120	0.750000	0.003843	
2025-09-09 10:06:56.374	continuous	2667	3	->		4	3	0.461010	False	1.227761	0.750000	0.003843	
2025-09-09 10:06:56.374	continuous	2668	1	->	2	3	3	0.513770	False	0.697195	0.750000	0.003842	
2025-09-09 10:06:56.375	continuous	2669	2	->	3	4	3	0.495892	False	1.214314	0.750000	0.003842	
2025-09-09 10:06:56.375	continuous	2670	2	->		3	3	0.500111	False	0.718123	0.750000	0.003841	
2025-09-09 10:06:56.375	continuous	2671	1	->	2	3	3	0.518868	False	0.678296	0.750000	0.003841	
2025-09-09 10:06:56.375	continuous	2672	1	->		2	3	0.499706	False	1.864492	0.750000	0.003841	
2025-09-09 10:06:56.375	continuous	2673	2	->		3	3	0.502245	False	0.693674	0.750000	0.003840	
2025-09-09 10:06:56.375	continuous	2674	3	->		4	3	0.466176	False	1.246922	0.750000	0.003840	
2025-09-09 10:06:56.376	continuous	2675	3	->	4	5	3	0.451796	False	3.532454	0.750000	0.003839	
2025-09-09 10:06:56.376	continuous	2676	1	->	2	3	3	0.514481	False	0.682331	0.750000	0.003839	
2025-09-09 10:06:56.376	continuous	2677	1	->		2	3	0.495121	False	1.838249	0.750000	0.003839	
2025-09-09 10:06:56.376	continuous	2678	2	->		3	3	0.497899	False	0.698254	0.750000	0.003838	
2025-09-09 10:06:56.376	continuous	2679	2	->		3	3	0.501619	False	0.679179	0.750000	0.003838	
2025-09-09 10:06:56.376	continuous	2680	4	->		5	3	0.466766	False	3.570105	0.750000	0.003838	
2025-09-09 10:06:56.376	continuous	2681	1	->	2	3	3	0.516052	False	0.648835	0.750000	0.003837	
2025-09-09 10:06:56.377	continuous	2682	1	->	2	3	3	0.520233	False	0.629969	0.750000	0.003837	
2025-09-09 10:06:56.377	continuous	2683	1	->		2	3	0.500058	False	1.840238	0.750000	0.003836	
2025-09-09 10:06:56.377	continuous	2684	2	->		3	3	0.503002	False	0.650690	0.750000	0.003836	
2025-09-09 10:06:56.377	continuous	2685	1	->		2	3	0.498846	False	1.804461	0.750000	0.003836	
2025-09-09 10:06:56.377	continuous	2686	2	->	3	4	3	0.495235	False	1.352171	0.750000	0.003835	
2025-09-09 10:06:56.377	continuous	2687	1	->		2	3	0.490813	False	1.756653	0.750000	0.003835	
2025-09-09 10:06:56.378	continuous	2688	2	->	3	4	3	0.487631	False	1.315029	0.750000	0.003834	
2025-09-09 10:06:56.378	continuous	2689	3	->		4	3	0.451835	False	1.275074	0.750000	0.003834	
2025-09-09 10:06:56.378	continuous	2690	2	->		3	3	0.489637	False	0.726774	0.750000	0.003834	
2025-09-09 10:06:56.378	continuous	2691	1	->		2	3	0.485550	False	1.734104	0.750000	0.003833	
2025-09-09 10:06:56.378	continuous	2692	1	->	2	3	3	0.503859	False	0.702884	0.750000	0.003833	
2025-09-09 10:06:56.378	continuous	2693	3	->		4	3	0.453010	False	1.287238	0.750000	0.003833	
2025-09-09 10:06:56.379	continuous	2694	1	->		2	3	0.483126	False	1.707975	0.750000	0.003832	
2025-09-09 10:06:56.379	continuous	2695	2	->		3	3	0.486566	False	0.737537	0.750000	0.003832	
2025-09-09 10:06:56.379	continuous	2696	3	->		4	3	0.451068	False	1.280097	0.750000	0.003831	
2025-09-09 10:06:56.379	continuous	2697	2	->		3	3	0.488353	False	0.735797	0.750000	0.003831	
2025-09-09 10:06:56.379	continuous	2698	1	->	2	3	3	0.506770	False	0.695475	0.750000	0.003831	
2025-09-09 10:06:56.379	continuous	2699	2	->		3	3	0.495654	False	0.695566	0.750000	0.003830	
2025-09-09 10:06:56.380	continuous	2700	2	->		3	3	0.499484	False	0.676697	0.750000	0.003830	
2025-09-09 10:06:56.380	continuous	2701	1	->		2	3	0.495289	False	1.748539	0.750000	0.003829	
2025-09-09 10:06:56.380	continuous	2702	3	->		4	3	0.458537	False	1.327736	0.750000	0.003829	
2025-09-09 10:06:56.380	continuous	2703	2	->		3	3	0.496264	False	0.693656	0.750000	0.003829	
2025-09-09 10:06:56.380	continuous	2704	2	->	3	4	3	0.493679	False	1.318593	0.750000	0.003828	
2025-09-09 10:06:56.380	continuous	2705	2	->		3	3	0.497310	False	0.696013	0.750000	0.003828	
2025-09-09 10:06:56.381	continuous	2706	2	->		3	3	0.501119	False	0.677001	0.750000	0.003828	
2025-09-09 10:06:56.381	continuous	2707	2	->	3	4	3	0.498534	False	1.320365	0.750000	0.003827	
2025-09-09 10:06:56.381	continuous	2708	2	->		3	3	0.502043	False	0.680045	0.750000	0.003827	
2025-09-09 10:06:56.381	continuous	2709	1	->	2	3	3	0.521027	False	0.640548	0.750000	0.003826	
2025-09-09 10:06:56.381	continuous	2710	1	->	2	3	3	0.525288	False	0.621693	0.750000	0.003826	
2025-09-09 10:06:56.381	continuous	2711	2	->	3	4	3	0.507356	False	1.344866	0.750000	0.003826	
2025-09-09 10:06:56.381	continuous	2712	1	->	2	3	3	0.525874	False	0.625806	0.750000	0.003825	
2025-09-09 10:06:56.382	continuous	2713	1	->		2	3	0.506213	False	1.831229	0.750000	0.003825	
2025-09-09 10:06:56.382	continuous	2714	2	->	3	4	3	0.502770	False	1.327196	0.750000	0.003824	
2025-09-09 10:06:56.382	continuous	2715	2	->		3	3	0.506136	False	0.667390	0.750000	0.003824	
2025-09-09 10:06:56.382	continuous	2716	1	->	2	3	3	0.525292	False	0.627930	0.750000	0.003824	
2025-09-09 10:06:56.382	continuous	2717	2	->	3	4	3	0.507514	False	1.329202	0.750000	0.003823	
2025-09-09 10:06:56.382	continuous	2718	2	->	3	4	3	0.504287	False	1.286717	0.750000	0.003823	
2025-09-09 10:06:56.383	continuous	2719	2	->		3	3	0.507837	False	0.674917	0.750000	0.003823	
2025-09-09 10:06:56.383	continuous	2720	1	->		2	3	0.503471	False	1.837634	0.750000	0.003822	
2025-09-09 10:06:56.383	continuous	2721	1	->		2	3	0.498497	False	1.784475	0.750000	0.003822	
2025-09-09 10:06:56.383	continuous	2722	3	->		4	3	0.462505	False	1.273951	0.750000	0.003821	
2025-09-09 10:06:56.383	continuous	2723	2	->	3	4	3	0.493624	False	1.240267	0.750000	0.003821	
2025-09-09 10:06:56.383	continuous	2724	2	->		3	3	0.497632	False	0.729856	0.750000	0.003821	
2025-09-09 10:06:56.384	continuous	2725	1	->		2	3	0.493289	False	1.760521	0.750000	0.003820	
2025-09-09 10:06:56.384	continuous	2726	1	->	2	3	3	0.510842	False	0.706431	0.750000	0.003820	
2025-09-09 10:06:56.384	continuous	2727	1	->	2	3	3	0.514673	False	0.684839	0.750000	0.003820	
2025-09-09 10:06:56.384	continuous	2728	3	->	4	5	3	0.452011	False	3.522771	0.750000	0.003819	
2025-09-09 10:06:56.384	continuous	2729	2	->		3	3	0.499307	False	0.693105	0.750000	0.003819	
2025-09-09 10:06:56.384	continuous	2730	1	->		2	3	0.494904	False	1.750871	0.750000	0.003818	
2025-09-09 10:06:56.385	continuous	2731	3	->		4	3	0.458742	False	1.296319	0.750000	0.003818	
2025-09-09 10:06:56.385	continuous	2732	1	->		2	3	0.488398	False	1.706230	0.750000	0.003818	
2025-09-09 10:06:56.385	continuous	2733	3	->		4	3	0.453498	False	1.269837	0.750000	0.003817	
2025-09-09 10:06:56.385	continuous	2734	3	->		4	3	0.452292	False	1.237927	0.750000	0.003817	
2025-09-09 10:06:56.385	continuous	2735	1	->	2	3	3	0.502984	False	0.745511	0.750000	0.003816	
2025-09-09 10:06:56.385	continuous	2736	3	->		4	3	0.454221	False	1.226657	0.750000	0.003816	
2025-09-09 10:06:56.386	continuous	2737	2	->		3	3	0.491012	False	0.760389	0.750000	0.003816	
2025-09-09 10:06:56.386	continuous	2738	3	->		4	3	0.456127	False	1.214882	0.750000	0.003815	
2025-09-09 10:06:56.386	continuous	2739	2	->	3	4	3	0.487148	False	1.176426	0.750000	0.003815	
2025-09-09 10:06:56.386	continuous	2740	2	->		3	3	0.491711	False	0.780183	0.750000	0.003815	
2025-09-09 10:06:56.386	continuous	2741	2	->	3	4	3	0.488957	False	1.162241	0.750000	0.003814	
2025-09-09 10:06:56.386	continuous	2742	2	->	3	4	3	0.487872	False	1.126173	0.750000	0.003814	
2025-09-09 10:06:56.387	continuous	2743	2	->		3	3	0.492753	False	0.802455	0.750000	0.003813	
2025-09-09 10:06:56.387	continuous	2744	1	->	2	3	3	0.509392	False	0.762636	0.750000	0.003813	
2025-09-09 10:06:56.387	continuous	2745	3	->		4	3	0.460702	False	1.147352	0.750000	0.003813	
2025-09-09 10:06:56.387	continuous	2746	1	->		2	3	0.490181	False	1.794708	0.750000	0.003812	
2025-09-09 10:06:56.387	continuous	2747	3	->		4	3	0.456491	False	1.126286	0.750000	0.003812	
2025-09-09 10:06:56.387	continuous	2748	2	->	3	4	3	0.487503	False	1.081949	0.750000	0.003812	
2025-09-09 10:06:56.388	continuous	2749	1	->	2	3	3	0.506263	False	0.818934	0.750000	0.003811	
2025-09-09 10:06:56.388	continuous	2750	2	->		3	3	0.495158	False	0.807237	0.750000	0.003811	
2025-09-09 10:06:56.388	continuous	2751	3	->		4	3	0.460717	False	1.108849	0.750000	0.003810	
2025-09-09 10:06:56.388	continuous	2752	1	->	2	3	3	0.511102	False	0.788808	0.750000	0.003810	
2025-09-09 10:06:56.388	continuous	2753	2	->		3	3	0.500112	False	0.778969	0.750000	0.003810	
2025-09-09 10:06:56.388	continuous	2754	3	->		4	3	0.465388	False	1.122276	0.750000	0.003809	
2025-09-09 10:06:56.389	continuous	2755	1	->		2	3	0.494739	False	1.835203	0.750000	0.003809	
2025-09-09 10:06:56.389	continuous	2756	2	->	3	4	3	0.492349	False	1.087462	0.750000	0.003808	
2025-09-09 10:06:56.389	continuous	2757	2	->		3	3	0.497347	False	0.813722	0.750000	0.003808	
2025-09-09 10:06:56.389	continuous	2758	3	->		4	3	0.463082	False	1.091130	0.750000	0.003808	
2025-09-09 10:06:56.389	continuous	2759	2	->	3	4	3	0.494212	False	1.045652	0.750000	0.003807	
2025-09-09 10:06:56.389	continuous	2760	2	->		3	3	0.499487	False	0.833338	0.750000	0.003807	
2025-09-09 10:06:56.390	continuous	2761	1	->		2	3	0.494343	False	1.836729	0.750000	0.003807	
2025-09-09 10:06:56.390	continuous	2762	2	->		3	3	0.497450	False	0.821608	0.750000	0.003806	
2025-09-09 10:06:56.390	continuous	2763	3	->		4	3	0.463406	False	1.083930	0.750000	0.003806	
2025-09-09 10:06:56.390	continuous	2764	3	->		4	3	0.463519	False	1.055851	0.750000	0.003805	
2025-09-09 10:06:56.390	continuous	2765	3	->		4	3	0.463891	False	1.028563	0.750000	0.003805	
2025-09-09 10:06:56.390	continuous	2766	1	->		2	3	0.493041	False	1.826823	0.750000	0.003805	
2025-09-09 10:06:56.391	continuous	2767	1	->	2	3	3	0.509208	False	0.860768	0.750000	0.003804	
2025-09-09 10:06:56.391	continuous	2768	1	->	2	3	3	0.511230	False	0.831719	0.750000	0.003804	
2025-09-09 10:06:56.391	continuous	2769	3	->		4	3	0.464300	False	1.056610	0.750000	0.003804	
2025-09-09 10:06:56.391	continuous	2770	1	->	2	3	3	0.513621	False	0.825854	0.750000	0.003803	
2025-09-09 10:06:56.391	continuous	2771	2	->		3	3	0.502603	False	0.811863	0.750000	0.003803	
2025-09-09 10:06:56.391	continuous	2772	1	->		2	3	0.497586	False	1.838105	0.750000	0.003802	
2025-09-09 10:06:56.391	continuous	2773	2	->		3	3	0.500690	False	0.801214	0.750000	0.003802	
2025-09-09 10:06:56.392	continuous	2774	3	->		4	3	0.466997	False	1.102015	0.750000	0.003802	
2025-09-09 10:06:56.392	continuous	2775	1	->	2	3	3	0.516135	False	0.783550	0.750000	0.003801	
2025-09-09 10:06:56.392	continuous	2776	3	->	4	5	3	0.456562	False	3.586228	0.750000	0.003801	
2025-09-09 10:06:56.392	continuous	2777	2	->		3	3	0.501242	False	0.779875	0.750000	0.003800	
2025-09-09 10:06:56.392	continuous	2778	1	->	2	3	3	0.517769	False	0.740443	0.750000	0.003800	
2025-09-09 10:06:56.392	continuous	2779	2	->		3	3	0.507225	False	0.733652	0.750000	0.003800	
2025-09-09 10:06:56.393	continuous	2780	1	->	2	3	3	0.524414	False	0.694454	0.750000	0.003799	
2025-09-09 10:06:56.393	continuous	2781	2	->	3	4	3	0.508014	False	1.179634	0.750000	0.003799	
2025-09-09 10:06:56.393	continuous	2782	2	->	3	4	3	0.506151	False	1.141062	0.750000	0.003799	
2025-09-09 10:06:56.393	continuous	2783	3	->		4	3	0.472483	False	1.114052	0.750000	0.003798	
2025-09-09 10:06:56.393	continuous	2784	1	->	2	3	3	0.523214	False	0.742975	0.750000	0.003798	
2025-09-09 10:06:56.393	continuous	2785	1	->	2	3	3	0.526300	False	0.718575	0.750000	0.003797	
2025-09-09 10:06:56.394	continuous	2786	2	->		3	3	0.515628	False	0.712458	0.750000	0.003797	
2025-09-09 10:06:56.394	continuous	2787	2	->		3	3	0.518939	False	0.691391	0.750000	0.003797	
2025-09-09 10:06:56.394	continuous	2788	2	->		3	3	0.522416	False	0.671111	0.750000	0.003796	
2025-09-09 10:06:56.394	continuous	2789	1	->	2	3	3	0.540389	False	0.632717	0.750000	0.003796	
2025-09-09 10:06:56.394	continuous	2790	2	->	3	4	3	0.523609	False	1.216295	0.750000	0.003796	
2025-09-09 10:06:56.394	continuous	2791	3	->		4	3	0.487153	False	1.175513	0.750000	0.003795	
2025-09-09 10:06:56.395	continuous	2792	2	->		3	3	0.524931	False	0.677072	0.750000	0.003795	
2025-09-09 10:06:56.395	continuous	2793	2	->		3	3	0.528435	False	0.657100	0.750000	0.003794	
2025-09-09 10:06:56.395	continuous	2794	2	->		3	3	0.532086	False	0.637890	0.750000	0.003794	
2025-09-09 10:06:56.395	continuous	2795	1	->	2	3	3	0.550402	False	0.600182	0.750000	0.003794	
2025-09-09 10:06:56.395	continuous	2796	1	->	2	3	3	0.554544	False	0.581513	0.750000	0.003793	
2025-09-09 10:06:56.395	continuous	2797	2	->		3	3	0.543824	False	0.583816	0.750000	0.003793	
2025-09-09 10:06:56.395	continuous	2798	2	->		3	3	0.547927	False	0.567380	0.750000	0.003792	
2025-09-09 10:06:56.396	continuous	2799	2	->		3	3	0.552110	False	0.551559	0.750000	0.003792	
2025-09-09 10:06:56.396	continuous	2800	4	->		5	3	0.514837	False	3.772660	0.750000	0.003792	
2025-09-09 10:06:56.396	continuous	2801	3	->		4	3	0.506301	False	1.307282	0.750000	0.003791	
2025-09-09 10:06:56.396	continuous	2802	2	->		3	3	0.546318	False	0.567415	0.750000	0.003791	
2025-09-09 10:06:56.396	continuous	2803	2	->	3	4	3	0.543683	False	1.306486	0.750000	0.003791	
2025-09-09 10:06:56.396	continuous	2804	1	->		2	3	0.536591	False	2.108529	0.750000	0.003790	
2025-09-09 10:06:56.397	continuous	2805	2	->		3	3	0.539609	False	0.590739	0.750000	0.003790	
2025-09-09 10:06:56.397	continuous	2806	1	->	2	3	3	0.558791	False	0.553777	0.750000	0.003789	
2025-09-09 10:06:56.397	continuous	2807	1	->	2	3	3	0.563208	False	0.537213	0.750000	0.003789	
2025-09-09 10:06:56.397	continuous	2808	1	->	2	3	3	0.567695	False	0.521325	0.750000	0.003789	
2025-09-09 10:06:56.397	continuous	2809	1	->		2	3	0.546501	False	2.109671	0.750000	0.003788	
2025-09-09 10:06:56.397	continuous	2810	3	->		4	3	0.505562	False	1.333247	0.750000	0.003788	
2025-09-09 10:06:56.398	continuous	2811	1	->	2	3	3	0.560682	False	0.542985	0.750000	0.003788	
2025-09-09 10:06:56.398	continuous	2812	1	->	2	3	3	0.565180	False	0.526898	0.750000	0.003787	
2025-09-09 10:06:56.398	continuous	2813	2	->		3	3	0.554005	False	0.533054	0.750000	0.003787	
2025-09-09 10:06:56.398	continuous	2814	2	->		3	3	0.558373	False	0.518683	0.750000	0.003786	
2025-09-09 10:06:56.398	continuous	2815	1	->		2	3	0.552518	False	2.111166	0.750000	0.003786	
2025-09-09 10:06:56.398	continuous	2816	1	->	2	3	3	0.571306	False	0.499556	0.750000	0.003786	
2025-09-09 10:06:56.399	continuous	2817	1	->	2	3	3	0.575989	False	0.485324	0.750000	0.003785	
2025-09-09 10:06:56.399	continuous	2818	3	->		4	3	0.518529	False	1.414699	0.750000	0.003785	
2025-09-09 10:06:56.399	continuous	2819	1	->	2	3	3	0.575275	False	0.491656	0.750000	0.003785	
2025-09-09 10:06:56.399	continuous	2820	2	->		3	3	0.563771	False	0.499834	0.750000	0.003784	
2025-09-09 10:06:56.399	continuous	2821	1	->		2	3	0.557762	False	2.110781	0.750000	0.003784	
2025-09-09 10:06:56.399	continuous	2822	2	->		3	3	0.560737	False	0.503478	0.750000	0.003783	
2025-09-09 10:06:56.400	continuous	2823	2	->		3	3	0.565241	False	0.490286	0.750000	0.003783	
2025-09-09 10:06:56.400	continuous	2824	2	->		3	3	0.569767	False	0.477563	0.750000	0.003783	
2025-09-09 10:06:56.400	continuous	2825	1	->	2	3	3	0.590817	False	0.442905	0.750000	0.003782	
2025-09-09 10:06:56.400	continuous	2826	1	->		2	3	0.567799	False	2.113020	0.750000	0.003782	
2025-09-09 10:06:56.400	continuous	2827	2	->		3	3	0.570814	False	0.470547	0.750000	0.003782	
2025-09-09 10:06:56.400	continuous	2828	2	->	3	4	3	0.567809	False	1.543803	0.750000	0.003781	
2025-09-09 10:06:56.400	continuous	2829	2	->		3	3	0.568469	False	0.480519	0.750000	0.003781	
2025-09-09 10:06:56.401	continuous	2830	1	->		2	3	0.562064	False	2.074216	0.750000	0.003780	
2025-09-09 10:06:56.401	continuous	2831	3	->	4	5	3	0.504810	False	3.666985	0.750000	0.003780	
2025-09-09 10:06:56.401	continuous	2832	1	->	2	3	3	0.575170	False	0.473610	0.750000	0.003780	
2025-09-09 10:06:56.401	continuous	2833	1	->		2	3	0.552480	False	2.009704	0.750000	0.003779	
2025-09-09 10:06:56.401	continuous	2834	1	->	2	3	3	0.572235	False	0.478082	0.750000	0.003779	
2025-09-09 10:06:56.401	continuous	2835	1	->		2	3	0.549640	False	1.964738	0.750000	0.003778	
2025-09-09 10:06:56.402	continuous	2836	3	->		4	3	0.507018	False	1.494188	0.750000	0.003778	
2025-09-09 10:06:56.402	continuous	2837	3	->		4	3	0.502741	False	1.452642	0.750000	0.003778	
2025-09-09 10:06:56.402	continuous	2838	2	->	3	4	3	0.536406	False	1.438431	0.750000	0.003777	
2025-09-09 10:06:56.402	continuous	2839	2	->		3	3	0.538321	False	0.565229	0.750000	0.003777	
2025-09-09 10:06:56.402	continuous	2840	1	->	2	3	3	0.558020	False	0.528146	0.750000	0.003777	
2025-09-09 10:06:56.402	continuous	2841	2	->	3	4	3	0.540087	False	1.434132	0.750000	0.003776	
2025-09-09 10:06:56.403	continuous	2842	1	->		2	3	0.531779	False	1.932922	0.750000	0.003776	
2025-09-09 10:06:56.403	continuous	2843	1	->		2	3	0.525588	False	1.874130	0.750000	0.003775	
2025-09-09 10:06:56.403	continuous	2844	3	->		4	3	0.487142	False	1.366445	0.750000	0.003775	
2025-09-09 10:06:56.403	continuous	2845	3	->		4	3	0.484327	False	1.329361	0.750000	0.003775	
2025-09-09 10:06:56.403	continuous	2846	1	->	2	3	3	0.536988	False	0.610614	0.750000	0.003774	
2025-09-09 10:06:56.403	continuous	2847	1	->		2	3	0.517384	False	1.840083	0.750000	0.003774	
2025-09-09 10:06:56.404	continuous	2848	1	->	2	3	3	0.535588	False	0.609483	0.750000	0.003774	
2025-09-09 10:06:56.404	continuous	2849	1	->	2	3	3	0.540036	False	0.591133	0.750000	0.003773	
2025-09-09 10:06:56.404	continuous	2850	1	->		2	3	0.520173	False	1.819674	0.750000	0.003773	
2025-09-09 10:06:56.404	continuous	2851	1	->		2	3	0.514677	False	1.764252	0.750000	0.003772	
2025-09-09 10:06:56.404	continuous	2852	3	->		4	3	0.478213	False	1.362966	0.750000	0.003772	
2025-09-09 10:06:56.404	continuous	2853	2	->	3	4	3	0.509613	False	1.338037	0.750000	0.003772	
2025-09-09 10:06:56.405	continuous	2854	2	->		3	3	0.512549	False	0.671437	0.750000	0.003771	
2025-09-09 10:06:56.405	continuous	2855	2	->		3	3	0.516500	False	0.652390	0.750000	0.003771	
2025-09-09 10:06:56.405	continuous	2856	1	->	2	3	3	0.534479	False	0.613691	0.750000	0.003771	
2025-09-09 10:06:56.405	continuous	2857	2	->		3	3	0.524767	False	0.615965	0.750000	0.003770	
2025-09-09 10:06:56.405	continuous	2858	4	->		5	3	0.489127	False	3.673104	0.750000	0.003770	
2025-09-09 10:06:56.405	continuous	2859	2	->	3	4	3	0.516988	False	1.379194	0.750000	0.003769	
2025-09-09 10:06:56.406	continuous	2860	2	->		3	3	0.519627	False	0.631404	0.750000	0.003769	
2025-09-09 10:06:56.406	continuous	2861	2	->	3	4	3	0.517245	False	1.355762	0.750000	0.003769	
2025-09-09 10:06:56.406	continuous	2862	2	->		3	3	0.519996	False	0.636192	0.750000	0.003768	
2025-09-09 10:06:56.406	continuous	2863	3	->		4	3	0.482357	False	1.320478	0.750000	0.003768	
2025-09-09 10:06:56.406	continuous	2864	3	->		4	3	0.480004	False	1.284885	0.750000	0.003768	
2025-09-09 10:06:56.406	continuous	2865	3	->		4	3	0.477982	False	1.250341	0.750000	0.003767	
2025-09-09 10:06:56.407	continuous	2866	2	->		3	3	0.516028	False	0.677908	0.750000	0.003767	
2025-09-09 10:06:56.407	continuous	2867	1	->	2	3	3	0.533559	False	0.639263	0.750000	0.003766	
2025-09-09 10:06:56.407	continuous	2868	1	->	2	3	3	0.537713	False	0.619437	0.750000	0.003766	
2025-09-09 10:06:56.407	continuous	2869	4	->		5	3	0.487829	False	3.639408	0.750000	0.003766	
2025-09-09 10:06:56.407	continuous	2870	3	->		4	3	0.480616	False	1.277336	0.750000	0.003765	
2025-09-09 10:06:56.407	continuous	2871	1	->		2	3	0.510153	False	1.869572	0.750000	0.003765	
2025-09-09 10:06:56.407	continuous	2872	1	->	2	3	3	0.528409	False	0.647180	0.750000	0.003765	
2025-09-09 10:06:56.408	continuous	2873	2	->		3	3	0.518415	False	0.647283	0.750000	0.003764	
2025-09-09 10:06:56.408	continuous	2874	1	->	2	3	3	0.536728	False	0.608728	0.750000	0.003764	
2025-09-09 10:06:56.408	continuous	2875	1	->	2	3	3	0.541106	False	0.590378	0.750000	0.003763	
2025-09-09 10:06:56.408	continuous	2876	1	->	2	3	3	0.545579	False	0.572756	0.750000	0.003763	
2025-09-09 10:06:56.408	continuous	2877	1	->		2	3	0.524786	False	1.898457	0.750000	0.003763	
2025-09-09 10:06:56.408	continuous	2878	1	->		2	3	0.518916	False	1.841176	0.750000	0.003762	
2025-09-09 10:06:56.409	continuous	2879	3	->		4	3	0.481167	False	1.352816	0.750000	0.003762	
2025-09-09 10:06:56.409	continuous	2880	1	->		2	3	0.510323	False	1.788971	0.750000	0.003762	
2025-09-09 10:06:56.409	continuous	2881	3	->		4	3	0.474109	False	1.320643	0.750000	0.003761	
2025-09-09 10:06:56.409	continuous	2882	2	->		3	3	0.512176	False	0.667636	0.750000	0.003761	
2025-09-09 10:06:56.409	continuous	2883	1	->		2	3	0.506508	False	1.757130	0.750000	0.003760	
2025-09-09 10:06:56.409	continuous	2884	1	->	2	3	3	0.524850	False	0.646240	0.750000	0.003760	
2025-09-09 10:06:56.410	continuous	2885	1	->		2	3	0.505625	False	1.722274	0.750000	0.003760	
2025-09-09 10:06:56.410	continuous	2886	2	->		3	3	0.510422	False	0.664634	0.750000	0.003759	
2025-09-09 10:06:56.410	continuous	2887	4	->		5	3	0.475216	False	3.575448	0.750000	0.003759	
2025-09-09 10:06:56.410	continuous	2888	2	->	3	4	3	0.503097	False	1.363940	0.750000	0.003759	
2025-09-09 10:06:56.410	continuous	2889	2	->	3	4	3	0.499944	False	1.320189	0.750000	0.003758	
2025-09-09 10:06:56.410	continuous	2890	1	->		2	3	0.493990	False	1.688652	0.750000	0.003758	
2025-09-09 10:06:56.411	continuous	2891	4	->		5	3	0.461102	False	3.494690	0.750000	0.003757	
2025-09-09 10:06:56.411	continuous	2892	2	->	3	4	3	0.488465	False	1.283272	0.750000	0.003757	
2025-09-09 10:06:56.411	continuous	2893	1	->	2	3	3	0.505500	False	0.728676	0.750000	0.003757	
2025-09-09 10:06:56.411	continuous	2894	2	->	3	4	3	0.489864	False	1.265680	0.750000	0.003756	
2025-09-09 10:06:56.411	continuous	2895	2	->	3	4	3	0.487918	False	1.226039	0.750000	0.003756	
2025-09-09 10:06:56.411	continuous	2896	1	->		2	3	0.483235	False	1.669976	0.750000	0.003756	
2025-09-09 10:06:56.411	continuous	2897	3	->		4	3	0.450660	False	1.203384	0.750000	0.003755	
2025-09-09 10:06:56.412	continuous	2898	1	->	2	3	3	0.500189	False	0.787922	0.750000	0.003755	
2025-09-09 10:06:56.412	continuous	2899	2	->		3	3	0.490450	False	0.779771	0.750000	0.003754	
2025-09-09 10:06:56.412	continuous	2900	2	->		3	3	0.493655	False	0.757204	0.750000	0.003754	
2025-09-09 10:06:56.412	continuous	2901	1	->		2	3	0.487907	False	1.679233	0.750000	0.003754	
2025-09-09 10:06:56.412	continuous	2902	2	->		3	3	0.493047	False	0.751989	0.750000	0.003753	
2025-09-09 10:06:56.412	continuous	2903	2	->		3	3	0.496516	False	0.730461	0.750000	0.003753	
2025-09-09 10:06:56.413	continuous	2904	1	->	2	3	3	0.513439	False	0.690744	0.750000	0.003753	
2025-09-09 10:06:56.413	continuous	2905	2	->		3	3	0.503953	False	0.689118	0.750000	0.003752	
2025-09-09 10:06:56.413	continuous	2906	1	->		2	3	0.498065	False	1.698683	0.750000	0.003752	
2025-09-09 10:06:56.413	continuous	2907	2	->		3	3	0.503311	False	0.687214	0.750000	0.003751	
2025-09-09 10:06:56.413	continuous	2908	3	->		4	3	0.466621	False	1.339777	0.750000	0.003751	
2025-09-09 10:06:56.413	continuous	2909	2	->	3	4	3	0.498519	False	1.311746	0.750000	0.003751	
2025-09-09 10:06:56.414	continuous	2910	1	->		2	3	0.492489	False	1.676747	0.750000	0.003750	
2025-09-09 10:06:56.414	continuous	2911	1	->	2	3	3	0.510711	False	0.707368	0.750000	0.003750	
2025-09-09 10:06:56.414	continuous	2912	3	->		4	3	0.462144	False	1.293754	0.750000	0.003750	
2025-09-09 10:06:56.414	continuous	2913	4	->		5	3	0.461435	False	3.486375	0.750000	0.003749	
2025-09-09 10:06:56.414	continuous	2914	2	->		3	3	0.494908	False	0.732218	0.750000	0.003749	
2025-09-09 10:06:56.414	continuous	2915	1	->	2	3	3	0.511843	False	0.692493	0.750000	0.003748	
2025-09-09 10:06:56.415	continuous	2916	1	->	2	3	3	0.515885	False	0.671323	0.750000	0.003748	
2025-09-09 10:06:56.415	continuous	2917	2	->		3	3	0.506288	False	0.671144	0.750000	0.003748	
2025-09-09 10:06:56.415	continuous	2918	4	->		5	3	0.469541	False	3.456876	0.750000	0.003747	
2025-09-09 10:06:56.415	continuous	2919	2	->	3	4	3	0.498881	False	1.346954	0.750000	0.003747	
2025-09-09 10:06:56.415	continuous	2920	1	->		2	3	0.492246	False	1.709102	0.750000	0.003747	
2025-09-09 10:06:56.415	continuous	2921	2	->		3	3	0.497767	False	0.700789	0.750000	0.003746	
2025-09-09 10:06:56.416	continuous	2922	2	->		3	3	0.501632	False	0.681295	0.750000	0.003746	
2025-09-09 10:06:56.416	continuous	2923	3	->		4	3	0.463923	False	1.341643	0.750000	0.003745	
2025-09-09 10:06:56.416	continuous	2924	3	->	4	5	3	0.448238	False	3.322143	0.750000	0.003745	
2025-09-09 10:06:56.416	continuous	2925	1	->	2	3	3	0.512253	False	0.669844	0.750000	0.003745	
2025-09-09 10:06:56.416	continuous	2926	3	->		4	3	0.460284	False	1.326586	0.750000	0.003744	
2025-09-09 10:06:56.416	continuous	2927	1	->	2	3	3	0.513784	False	0.669092	0.750000	0.003744	
2025-09-09 10:06:56.416	continuous	2928	4	->		5	3	0.462420	False	3.356331	0.750000	0.003744	
2025-09-09 10:06:56.417	continuous	2929	3	->		4	3	0.456675	False	1.312167	0.750000	0.003743	
2025-09-09 10:06:56.417	continuous	2930	2	->	3	4	3	0.490326	False	1.281311	0.750000	0.003743	
2025-09-09 10:06:56.417	continuous	2931	1	->		2	3	0.484388	False	1.733737	0.750000	0.003742	
2025-09-09 10:06:56.417	continuous	2932	2	->	3	4	3	0.483945	False	1.247594	0.750000	0.003742	
2025-09-09 10:06:56.417	continuous	2933	2	->		3	3	0.488179	False	0.756996	0.750000	0.003742	
2025-09-09 10:06:56.418	continuous	2934	3	->		4	3	0.451145	False	1.234573	0.750000	0.003741	
2025-09-09 10:06:56.418	continuous	2935	2	->		3	3	0.490162	False	0.754612	0.750000	0.003741	
2025-09-09 10:06:56.418	continuous	2936	2	->	3	4	3	0.487484	False	1.218549	0.750000	0.003741	
2025-09-09 10:06:56.418	continuous	2937	2	->		3	3	0.491815	False	0.755243	0.750000	0.003740	
2025-09-09 10:06:56.418	continuous	2938	3	->		4	3	0.454654	False	1.208171	0.750000	0.003740	
2025-09-09 10:06:56.418	continuous	2939	3	->		4	3	0.453850	False	1.177700	0.750000	0.003739	
2025-09-09 10:06:56.418	continuous	2940	1	->	2	3	3	0.506129	False	0.756153	0.750000	0.003739	
2025-09-09 10:06:56.419	continuous	2941	1	->		2	3	0.486333	False	1.782511	0.750000	0.003739	
2025-09-09 10:06:56.419	continuous	2942	1	->	2	3	3	0.504981	False	0.747758	0.750000	0.003738	
2025-09-09 10:06:56.419	continuous	2943	3	->		4	3	0.454983	False	1.196547	0.750000	0.003738	
2025-09-09 10:06:56.419	continuous	2944	2	->		3	3	0.493853	False	0.761736	0.750000	0.003738	
2025-09-09 10:06:56.419	continuous	2945	2	->		3	3	0.497087	False	0.739748	0.750000	0.003737	
2025-09-09 10:06:56.419	continuous	2946	3	->	4	5	3	0.445783	False	3.270096	0.750000	0.003737	
2025-09-09 10:06:56.420	continuous	2947	1	->		2	3	0.486072	False	1.777881	0.750000	0.003736	
2025-09-09 10:06:56.420	continuous	2948	3	->	4	5	3	0.437065	False	3.203671	0.750000	0.003736	
2025-09-09 10:06:56.420	continuous	2949	1	->		2	3	0.477552	False	1.720979	0.750000	0.003736	
2025-09-09 10:06:56.420	continuous	2950	1	->	2	3	3	0.496856	False	0.747766	0.750000	0.003735	
2025-09-09 10:06:56.420	continuous	2951	3	->	4	5	3	0.431682	False	3.148213	0.750000	0.003735	
2025-09-09 10:06:56.421	continuous	2952	1	->	2	3	3	0.496370	False	0.732737	0.750000	0.003735	
2025-09-09 10:06:56.421	continuous	2953	3	->		4	3	0.444347	False	1.265013	0.750000	0.003734	
2025-09-09 10:06:56.421	continuous	2954	3	->		4	3	0.443321	False	1.234097	0.750000	0.003734	
2025-09-09 10:06:56.421	continuous	2955	2	->	3	4	3	0.477361	False	1.194802	0.750000	0.003733	
2025-09-09 10:06:56.421	continuous	2956	1	->	2	3	3	0.495638	False	0.771898	0.750000	0.003733	
2025-09-09 10:06:56.421	continuous	2957	1	->		2	3	0.475483	False	1.736696	0.750000	0.003733	
2025-09-09 10:06:56.421	continuous	2958	1	->		2	3	0.471692	False	1.688522	0.750000	0.003732	
2025-09-09 10:06:56.422	continuous	2959	1	->	2	3	3	0.490935	False	0.779538	0.750000	0.003732	
2025-09-09 10:06:56.422	continuous	2960	3	->		4	3	0.440560	False	1.226600	0.750000	0.003732	
2025-09-09 10:06:56.422	continuous	2961	3	->		4	3	0.439974	False	1.196776	0.750000	0.003731	
2025-09-09 10:06:56.422	continuous	2962	1	->	2	3	3	0.492332	False	0.794586	0.750000	0.003731	
2025-09-09 10:06:56.422	continuous	2963	2	->	3	4	3	0.476256	False	1.176403	0.750000	0.003730	
2025-09-09 10:06:56.422	continuous	2964	2	->		3	3	0.481124	False	0.808958	0.750000	0.003730	
2025-09-09 10:06:56.423	continuous	2965	2	->	3	4	3	0.478225	False	1.162556	0.750000	0.003730	
2025-09-09 10:06:56.423	continuous	2966	2	->		3	3	0.483141	False	0.807746	0.750000	0.003729	
2025-09-09 10:06:56.423	continuous	2967	4	->		5	3	0.446170	False	3.215743	0.750000	0.003729	
2025-09-09 10:06:56.423	continuous	2968	1	->	2	3	3	0.495227	False	0.775076	0.750000	0.003729	
2025-09-09 10:06:56.423	continuous	2969	2	->		3	3	0.484862	False	0.768977	0.750000	0.003728	
2025-09-09 10:06:56.423	continuous	2970	4	->		5	3	0.446863	False	3.171742	0.750000	0.003728	
2025-09-09 10:06:56.424	continuous	2971	2	->	3	4	3	0.477515	False	1.198138	0.750000	0.003727	
2025-09-09 10:06:56.424	continuous	2972	1	->	2	3	3	0.496029	False	0.759532	0.750000	0.003727	
2025-09-09 10:06:56.424	continuous	2973	1	->	2	3	3	0.499443	False	0.736231	0.750000	0.003727	
2025-09-09 10:06:56.424	continuous	2974	3	->		4	3	0.446667	False	1.214115	0.750000	0.003726	
2025-09-09 10:06:56.424	continuous	2975	1	->	2	3	3	0.501631	False	0.733622	0.750000	0.003726	
2025-09-09 10:06:56.424	continuous	2976	3	->		4	3	0.448746	False	1.204194	0.750000	0.003726	
2025-09-09 10:06:56.425	continuous	2977	1	->	2	3	3	0.503819	False	0.731171	0.750000	0.003725	
2025-09-09 10:06:56.425	continuous	2978	3	->		4	3	0.450825	False	1.194562	0.750000	0.003725	
2025-09-09 10:06:56.425	continuous	2979	2	->	3	4	3	0.485801	False	1.153968	0.750000	0.003724	
2025-09-09 10:06:56.425	continuous	2980	1	->	2	3	3	0.504643	False	0.752291	0.750000	0.003724	
2025-09-09 10:06:56.425	continuous	2981	1	->	2	3	3	0.507926	False	0.728706	0.750000	0.003724	
2025-09-09 10:06:56.425	continuous	2982	1	->	2	3	3	0.511414	False	0.706043	0.750000	0.003723	
2025-09-09 10:06:56.426	continuous	2983	3	->		4	3	0.457640	False	1.194403	0.750000	0.003723	
2025-09-09 10:06:56.426	continuous	2984	1	->	2	3	3	0.513465	False	0.704741	0.750000	0.003723	
2025-09-09 10:06:56.426	continuous	2985	2	->		3	3	0.502589	False	0.702439	0.750000	0.003722	
2025-09-09 10:06:56.426	continuous	2986	1	->	2	3	3	0.520821	False	0.662557	0.750000	0.003722	
2025-09-09 10:06:56.426	continuous	2987	1	->		2	3	0.499058	False	1.942267	0.750000	0.003721	
2025-09-09 10:06:56.426	continuous	2988	1	->	2	3	3	0.519303	False	0.657806	0.750000	0.003721	
2025-09-09 10:06:56.426	continuous	2989	1	->	2	3	3	0.523374	False	0.637936	0.750000	0.003721	
2025-09-09 10:06:56.427	continuous	2990	1	->		2	3	0.501397	False	1.919080	0.750000	0.003720	
2025-09-09 10:06:56.427	continuous	2991	2	->	3	4	3	0.500417	False	1.277946	0.750000	0.003720	
2025-09-09 10:06:56.427	continuous	2992	3	->		4	3	0.460867	False	1.237506	0.750000	0.003720	
2025-09-09 10:06:56.427	continuous	2993	1	->	2	3	3	0.516734	False	0.678041	0.750000	0.003719	
2025-09-09 10:06:56.427	continuous	2994	1	->	2	3	3	0.520655	False	0.657269	0.750000	0.003719	
2025-09-09 10:06:56.427	continuous	2995	1	->	2	3	3	0.524719	False	0.637319	0.750000	0.003719	
2025-09-09 10:06:56.428	continuous	2996	2	->	3	4	3	0.507045	False	1.271797	0.750000	0.003718	
2025-09-09 10:06:56.428	continuous	2997	2	->		3	3	0.510786	False	0.662365	0.750000	0.003718	
2025-09-09 10:06:56.428	continuous	2998	2	->		3	3	0.514654	False	0.643883	0.750000	0.003717	
2025-09-09 10:06:56.428	continuous	2999	2	->		3	3	0.518637	False	0.626054	0.750000	0.003717	
2025-09-09 10:06:56.428	continuous	3000	1	->	2	3	3	0.538049	False	0.586908	0.750000	0.003717	
2025-09-09 10:06:56.429	continuous	3001	2	->	3	4	3	0.519807	False	1.321337	0.750000	0.003716	
2025-09-09 10:06:56.429	continuous	3002	1	->	2	3	3	0.538298	False	0.592869	0.750000	0.003716	
2025-09-09 10:06:56.429	continuous	3003	3	->		4	3	0.481043	False	1.289906	0.750000	0.003716	
2025-09-09 10:06:56.429	continuous	3004	2	->	3	4	3	0.517178	False	1.262160	0.750000	0.003715	
2025-09-09 10:06:56.429	continuous	3005	3	->		4	3	0.476285	False	1.218283	0.750000	0.003715	
2025-09-09 10:06:56.429	continuous	3006	1	->	2	3	3	0.533263	False	0.640251	0.750000	0.003714	
2025-09-09 10:06:56.430	continuous	3007	1	->		2	3	0.511303	False	2.026397	0.750000	0.003714	
2025-09-09 10:06:56.430	continuous	3008	3	->		4	3	0.472796	False	1.211191	0.750000	0.003714	
2025-09-09 10:06:56.430	continuous	3009	1	->		2	3	0.503910	False	1.973410	0.750000	0.003713	
2025-09-09 10:06:56.430	continuous	3010	2	->		3	3	0.509276	False	0.691088	0.750000	0.003713	
2025-09-09 10:06:56.430	continuous	3011	1	->	2	3	3	0.527388	False	0.651217	0.750000	0.003713	
2025-09-09 10:06:56.430	continuous	3012	1	->	2	3	3	0.531410	False	0.631101	0.750000	0.003712	
2025-09-09 10:06:56.431	continuous	3013	2	->		3	3	0.520608	False	0.633039	0.750000	0.003712	
2025-09-09 10:06:56.431	continuous	3014	1	->	2	3	3	0.539735	False	0.593782	0.750000	0.003711	
2025-09-09 10:06:56.431	continuous	3015	1	->	2	3	3	0.544105	False	0.575996	0.750000	0.003711	
2025-09-09 10:06:56.431	continuous	3016	2	->	3	4	3	0.525817	False	1.320671	0.750000	0.003711	
2025-09-09 10:06:56.431	continuous	3017	1	->	2	3	3	0.544190	False	0.582447	0.750000	0.003710	
2025-09-09 10:06:56.431	continuous	3018	1	->	2	3	3	0.548589	False	0.565001	0.750000	0.003710	
2025-09-09 10:06:56.432	continuous	3019	2	->		3	3	0.537245	False	0.570901	0.750000	0.003710	
2025-09-09 10:06:56.432	continuous	3020	1	->	2	3	3	0.557527	False	0.532565	0.750000	0.003709	
2025-09-09 10:06:56.432	continuous	3021	3	->		4	3	0.497913	False	1.347529	0.750000	0.003709	
2025-09-09 10:06:56.432	continuous	3022	1	->		2	3	0.530016	False	2.074936	0.750000	0.003708	
2025-09-09 10:06:56.432	continuous	3023	3	->		4	3	0.488901	False	1.311273	0.750000	0.003708	
2025-09-09 10:06:56.432	continuous	3024	2	->	3	4	3	0.524847	False	1.286432	0.750000	0.003708	
2025-09-09 10:06:56.432	continuous	3025	2	->	3	4	3	0.521319	False	1.242736	0.750000	0.003707	
2025-09-09 10:06:56.433	continuous	3026	3	->		4	3	0.481054	False	1.199676	0.750000	0.003707	
2025-09-09 10:06:56.433	continuous	3027	1	->	2	3	3	0.537303	False	0.643179	0.750000	0.003707	
2025-09-09 10:06:56.433	continuous	3028	2	->	3	4	3	0.519818	False	1.189369	0.750000	0.003706	
2025-09-09 10:06:56.433	continuous	3029	1	->	2	3	3	0.538339	False	0.647571	0.750000	0.003706	
2025-09-09 10:06:56.433	continuous	3030	3	->		4	3	0.483769	False	1.174891	0.750000	0.003706	
2025-09-09 10:06:56.433	continuous	3031	2	->		3	3	0.525337	False	0.667945	0.750000	0.003705	
2025-09-09 10:06:56.434	continuous	3032	2	->	3	4	3	0.522385	False	1.162642	0.750000	0.003705	
2025-09-09 10:06:56.434	continuous	3033	3	->		4	3	0.483628	False	1.128879	0.750000	0.003704	
2025-09-09 10:06:56.434	continuous	3034	2	->		3	3	0.524888	False	0.693821	0.750000	0.003704	
2025-09-09 10:06:56.434	continuous	3035	2	->		3	3	0.528149	False	0.672916	0.750000	0.003704	
2025-09-09 10:06:56.434	continuous	3036	2	->		3	3	0.531581	False	0.652826	0.750000	0.003703	
2025-09-09 10:06:56.434	continuous	3037	1	->	2	3	3	0.549869	False	0.613887	0.750000	0.003703	
2025-09-09 10:06:56.435	continuous	3038	4	->		5	3	0.494633	False	3.399645	0.750000	0.003703	
2025-09-09 10:06:56.435	continuous	3039	1	->		2	3	0.522425	False	2.124517	0.750000	0.003702	
2025-09-09 10:06:56.435	continuous	3040	1	->	2	3	3	0.542477	False	0.618164	0.750000	0.003702	
2025-09-09 10:06:56.435	continuous	3041	2	->		3	3	0.531452	False	0.619725	0.750000	0.003701	
2025-09-09 10:06:56.435	continuous	3042	4	->		5	3	0.489964	False	3.335774	0.750000	0.003701	
2025-09-09 10:06:56.435	continuous	3043	4	->		5	3	0.484091	False	3.269471	0.750000	0.003701	
2025-09-09 10:06:56.436	continuous	3044	2	->		3	3	0.524606	False	0.621323	0.750000	0.003700	
2025-09-09 10:06:56.436	continuous	3045	1	->	2	3	3	0.544191	False	0.582122	0.750000	0.003700	
2025-09-09 10:06:56.436	continuous	3046	3	->		4	3	0.485542	False	1.270245	0.750000	0.003700	
2025-09-09 10:06:56.436	continuous	3047	1	->	2	3	3	0.545132	False	0.585298	0.750000	0.003699	
2025-09-09 10:06:56.436	continuous	3048	1	->	2	3	3	0.549422	False	0.567662	0.750000	0.003699	
2025-09-09 10:06:56.437	continuous	3049	1	->		2	3	0.525702	False	2.127953	0.750000	0.003698	
2025-09-09 10:06:56.437	continuous	3050	2	->	3	4	3	0.524164	False	1.289470	0.750000	0.003698	
2025-09-09 10:06:56.437	continuous	3051	3	->		4	3	0.481498	False	1.240141	0.750000	0.003698	
2025-09-09 10:06:56.437	continuous	3052	1	->		2	3	0.513415	False	2.070701	0.750000	0.003697	
2025-09-09 10:06:56.437	continuous	3053	3	->		4	3	0.474356	False	1.210673	0.750000	0.003697	
2025-09-09 10:06:56.437	continuous	3054	1	->	2	3	3	0.531700	False	0.646704	0.750000	0.003697	
2025-09-09 10:06:56.438	continuous	3055	1	->	2	3	3	0.535643	False	0.626528	0.750000	0.003696	
2025-09-09 10:06:56.438	continuous	3056	2	->	3	4	3	0.517630	False	1.224025	0.750000	0.003696	
2025-09-09 10:06:56.438	continuous	3057	1	->	2	3	3	0.536498	False	0.631434	0.750000	0.003696	
2025-09-09 10:06:56.438	continuous	3058	3	->		4	3	0.480229	False	1.205673	0.750000	0.003695	
2025-09-09 10:06:56.438	continuous	3059	2	->		3	3	0.522970	False	0.653413	0.750000	0.003695	
2025-09-09 10:06:56.438	continuous	3060	1	->	2	3	3	0.541832	False	0.613736	0.750000	0.003694	
2025-09-09 10:06:56.439	continuous	3061	2	->		3	3	0.530542	False	0.616110	0.750000	0.003694	
2025-09-09 10:06:56.439	continuous	3062	2	->	3	4	3	0.527485	False	1.242918	0.750000	0.003694	
2025-09-09 10:06:56.439	continuous	3063	1	->	2	3	3	0.546271	False	0.601357	0.750000	0.003693	
2025-09-09 10:06:56.439	continuous	3064	3	->		4	3	0.489001	False	1.219202	0.750000	0.003693	
2025-09-09 10:06:56.439	continuous	3065	1	->	2	3	3	0.547420	False	0.604051	0.750000	0.003693	
2025-09-09 10:06:56.439	continuous	3066	3	->		4	3	0.490287	False	1.207440	0.750000	0.003692	
2025-09-09 10:06:56.440	continuous	3067	1	->		2	3	0.522074	False	2.147205	0.750000	0.003692	
2025-09-09 10:06:56.440	continuous	3068	3	->		4	3	0.482948	False	1.177923	0.750000	0.003691	
2025-09-09 10:06:56.440	continuous	3069	1	->	2	3	3	0.540126	False	0.642810	0.750000	0.003691	
2025-09-09 10:06:56.440	continuous	3070	3	->		4	3	0.484549	False	1.167983	0.750000	0.003691	
2025-09-09 10:06:56.440	continuous	3071	2	->	3	4	3	0.520412	False	1.131622	0.750000	0.003690	
2025-09-09 10:06:56.440	continuous	3072	2	->	3	4	3	0.518492	False	1.093277	0.750000	0.003690	
2025-09-09 10:06:56.441	continuous	3073	3	->		4	3	0.480726	False	1.069330	0.750000	0.003690	
2025-09-09 10:06:56.441	continuous	3074	2	->	3	4	3	0.516338	False	1.024729	0.750000	0.003689	
2025-09-09 10:06:56.441	continuous	3075	2	->	3	4	3	0.515738	False	0.990561	0.750000	0.003689	
2025-09-09 10:06:56.441	continuous	3076	2	->		3	3	0.521291	False	0.784349	0.750000	0.003689	
2025-09-09 10:06:56.441	continuous	3077	1	->	2	3	3	0.537615	False	0.744228	0.750000	0.003688	
2025-09-09 10:06:56.441	continuous	3078	3	->		4	3	0.484015	False	1.026028	0.750000	0.003688	
2025-09-09 10:06:56.442	continuous	3079	4	->		5	3	0.483000	False	3.314287	0.750000	0.003687	
2025-09-09 10:06:56.442	continuous	3080	1	->	2	3	3	0.535118	False	0.748009	0.750000	0.003687	
2025-09-09 10:06:56.442	continuous	3081	1	->	2	3	3	0.537689	False	0.722247	0.750000	0.003687	
2025-09-09 10:06:56.442	continuous	3082	3	->		4	3	0.483242	False	1.049305	0.750000	0.003686	
2025-09-09 10:06:56.442	continuous	3083	1	->		2	3	0.514819	False	2.183910	0.750000	0.003686	
2025-09-09 10:06:56.442	continuous	3084	3	->		4	3	0.477956	False	1.028151	0.750000	0.003686	
2025-09-09 10:06:56.443	continuous	3085	3	->		4	3	0.478072	False	1.000992	0.750000	0.003685	
2025-09-09 10:06:56.443	continuous	3086	2	->		3	3	0.519620	False	0.792792	0.750000	0.003685	
2025-09-09 10:06:56.443	continuous	3087	2	->	3	4	3	0.515934	False	0.976071	0.750000	0.003684	
2025-09-09 10:06:56.443	continuous	3088	2	->		3	3	0.521594	False	0.792754	0.750000	0.003684	
2025-09-09 10:06:56.443	continuous	3089	2	->		3	3	0.523675	False	0.767377	0.750000	0.003684	
2025-09-09 10:06:56.443	continuous	3090	2	->	3	4	3	0.520131	False	0.994298	0.750000	0.003683	
2025-09-09 10:06:56.444	continuous	3091	1	->		2	3	0.515194	False	2.186347	0.750000	0.003683	
2025-09-09 10:06:56.444	continuous	3092	2	->		3	3	0.520202	False	0.779702	0.750000	0.003683	
2025-09-09 10:06:56.444	continuous	3093	3	->		4	3	0.480917	False	1.012414	0.750000	0.003682	
2025-09-09 10:06:56.444	continuous	3094	2	->	3	4	3	0.516628	False	0.963590	0.750000	0.003682	
2025-09-09 10:06:56.444	continuous	3095	1	->	2	3	3	0.536202	False	0.789450	0.750000	0.003682	
2025-09-09 10:06:56.444	continuous	3096	2	->		3	3	0.524285	False	0.775576	0.750000	0.003681	
2025-09-09 10:06:56.445	continuous	3097	1	->	2	3	3	0.540517	False	0.735676	0.750000	0.003681	
2025-09-09 10:06:56.445	continuous	3098	2	->		3	3	0.529054	False	0.726145	0.750000	0.003680	
2025-09-09 10:06:56.445	continuous	3099	2	->	3	4	3	0.525784	False	1.035552	0.750000	0.003680	
2025-09-09 10:06:56.445	continuous	3100	4	->	5	6	3	0.480535	False	5.606056	0.750000	0.003680	
2025-09-09 10:06:56.445	continuous	3101	2	->		3	3	0.525184	False	0.737719	0.750000	0.003679	
2025-09-09 10:06:56.445	continuous	3102	1	->	2	3	3	0.542283	False	0.698119	0.750000	0.003679	
2025-09-09 10:06:56.446	continuous	3103	2	->	3	4	3	0.524503	False	1.052478	0.750000	0.003679	
2025-09-09 10:06:56.446	continuous	3104	1	->	2	3	3	0.543805	False	0.700603	0.750000	0.003678	
2025-09-09 10:06:56.446	continuous	3105	3	->		4	3	0.488538	False	1.055284	0.750000	0.003678	
2025-09-09 10:06:56.446	continuous	3106	3	->	4	5	3	0.472103	False	3.234531	0.750000	0.003677	
2025-09-09 10:06:56.446	continuous	3107	2	->	3	4	3	0.520477	False	1.014146	0.750000	0.003677	
2025-09-09 10:06:56.446	continuous	3108	1	->	2	3	3	0.540285	False	0.732292	0.750000	0.003677	
2025-09-09 10:06:56.447	continuous	3109	1	->	2	3	3	0.542889	False	0.707181	0.750000	0.003676	
2025-09-09 10:06:56.447	continuous	3110	3	->		4	3	0.486945	False	1.046445	0.750000	0.003676	
2025-09-09 10:06:56.447	continuous	3111	1	->	2	3	3	0.544787	False	0.706054	0.750000	0.003676	
2025-09-09 10:06:56.447	continuous	3112	5	->		6	3	0.493932	False	5.674384	0.750000	0.003675	
2025-09-09 10:06:56.447	continuous	3113	2	->		3	3	0.527013	False	0.709066	0.750000	0.003675	
2025-09-09 10:06:56.447	continuous	3114	2	->	3	4	3	0.523489	False	1.052727	0.750000	0.003675	
2025-09-09 10:06:56.448	continuous	3115	2	->		3	3	0.528509	False	0.712209	0.750000	0.003674	
2025-09-09 10:06:56.448	continuous	3116	2	->		3	3	0.531314	False	0.690588	0.750000	0.003674	
2025-09-09 10:06:56.448	continuous	3117	1	->	2	3	3	0.549485	False	0.651373	0.750000	0.003673	
2025-09-09 10:06:56.448	continuous	3118	3	->	4	5	3	0.474549	False	3.196784	0.750000	0.003673	
2025-09-09 10:06:56.448	continuous	3119	1	->	2	3	3	0.548121	False	0.637671	0.750000	0.003673	
2025-09-09 10:06:56.448	continuous	3120	3	->		4	3	0.488696	False	1.123113	0.750000	0.003672	
2025-09-09 10:06:56.449	continuous	3121	1	->		2	3	0.522247	False	2.292484	0.750000	0.003672	
2025-09-09 10:06:56.449	continuous	3122	1	->	2	3	3	0.543634	False	0.651730	0.750000	0.003672	
2025-09-09 10:06:56.449	continuous	3123	3	->		4	3	0.484810	False	1.119204	0.750000	0.003671	
2025-09-09 10:06:56.449	continuous	3124	1	->		2	3	0.518105	False	2.247416	0.750000	0.003671	
2025-09-09 10:06:56.449	continuous	3125	1	->	2	3	3	0.539400	False	0.665313	0.750000	0.003670	
2025-09-09 10:06:56.449	continuous	3126	1	->		2	3	0.515510	False	2.199416	0.750000	0.003670	
2025-09-09 10:06:56.450	continuous	3127	3	->		4	3	0.475925	False	1.120654	0.750000	0.003670	
2025-09-09 10:06:56.450	continuous	3128	1	->		2	3	0.508693	False	2.144689	0.750000	0.003669	
2025-09-09 10:06:56.450	continuous	3129	1	->		2	3	0.503351	False	2.086495	0.750000	0.003669	
2025-09-09 10:06:56.450	continuous	3130	2	->		3	3	0.509779	False	0.723540	0.750000	0.003669	
2025-09-09 10:06:56.450	continuous	3131	1	->		2	3	0.501135	False	2.043120	0.750000	0.003668	
2025-09-09 10:06:56.450	continuous	3132	2	->		3	3	0.507746	False	0.716088	0.750000	0.003668	
2025-09-09 10:06:56.451	continuous	3133	1	->	2	3	3	0.525726	False	0.675712	0.750000	0.003668	
2025-09-09 10:06:56.451	continuous	3134	2	->		3	3	0.514491	False	0.675124	0.750000	0.003667	
2025-09-09 10:06:56.451	continuous	3135	2	->	3	4	3	0.511359	False	1.188136	0.750000	0.003667	
2025-09-09 10:06:56.451	continuous	3136	3	->		4	3	0.470267	False	1.156105	0.750000	0.003666	
2025-09-09 10:06:56.451	continuous	3137	1	->	2	3	3	0.528794	False	0.680162	0.750000	0.003666	
2025-09-09 10:06:56.451	continuous	3138	2	->	3	4	3	0.510978	False	1.140560	0.750000	0.003666	
2025-09-09 10:06:56.452	continuous	3139	1	->		2	3	0.503797	False	2.056505	0.750000	0.003665	
2025-09-09 10:06:56.452	continuous	3140	2	->		3	3	0.510389	False	0.715674	0.750000	0.003665	
2025-09-09 10:06:56.452	continuous	3141	2	->	3	4	3	0.507222	False	1.131844	0.750000	0.003665	
2025-09-09 10:06:56.452	continuous	3142	2	->	3	4	3	0.505706	False	1.095199	0.750000	0.003664	
2025-09-09 10:06:56.452	continuous	3143	2	->		3	3	0.510710	False	0.742039	0.750000	0.003664	
2025-09-09 10:06:56.452	continuous	3144	3	->	4	5	3	0.453191	False	3.142251	0.750000	0.003664	
2025-09-09 10:06:56.453	continuous	3145	1	->		2	3	0.497389	False	2.026924	0.750000	0.003663	
2025-09-09 10:06:56.453	continuous	3146	3	->		4	3	0.460092	False	1.107521	0.750000	0.003663	
2025-09-09 10:06:56.453	continuous	3147	2	->		3	3	0.503492	False	0.760769	0.750000	0.003662	
2025-09-09 10:06:56.453	continuous	3148	3	->	4	5	3	0.445832	False	3.086254	0.750000	0.003662	
2025-09-09 10:06:56.453	continuous	3149	1	->		2	3	0.490212	False	1.982272	0.750000	0.003662	
2025-09-09 10:06:56.453	continuous	3150	3	->		4	3	0.453213	False	1.111087	0.750000	0.003661	
2025-09-09 10:06:56.454	continuous	3151	2	->	3	4	3	0.490659	False	1.063416	0.750000	0.003661	
2025-09-09 10:06:56.454	continuous	3152	2	->		3	3	0.496231	False	0.801823	0.750000	0.003661	
2025-09-09 10:06:56.454	continuous	3153	3	->	4	5	3	0.438651	False	3.036407	0.750000	0.003660	
2025-09-09 10:06:56.454	continuous	3154	2	->	3	4	3	0.488500	False	1.057308	0.750000	0.003660	
2025-09-09 10:06:56.454	continuous	3155	1	->	2	3	3	0.508276	False	0.791612	0.750000	0.003659	
2025-09-09 10:06:56.454	continuous	3156	1	->		2	3	0.485067	False	1.967963	0.750000	0.003659	
2025-09-09 10:06:56.455	continuous	3157	1	->		2	3	0.480590	False	1.915384	0.750000	0.003659	
2025-09-09 10:06:56.455	continuous	3158	2	->		3	3	0.487725	False	0.808843	0.750000	0.003658	
2025-09-09 10:06:56.455	continuous	3159	1	->	2	3	3	0.504309	False	0.767816	0.750000	0.003658	
2025-09-09 10:06:56.455	continuous	3160	3	->		4	3	0.449240	False	1.127698	0.750000	0.003658	
2025-09-09 10:06:56.455	continuous	3161	1	->		2	3	0.481123	False	1.898542	0.750000	0.003657	
2025-09-09 10:06:56.455	continuous	3162	2	->		3	3	0.488349	False	0.795129	0.750000	0.003657	
2025-09-09 10:06:56.456	continuous	3163	1	->	2	3	3	0.505049	False	0.754080	0.750000	0.003657	
2025-09-09 10:06:56.456	continuous	3164	2	->		3	3	0.494243	False	0.749440	0.750000	0.003656	
2025-09-09 10:06:56.456	continuous	3165	3	->		4	3	0.452752	False	1.167598	0.750000	0.003656	
2025-09-09 10:06:56.456	continuous	3166	3	->		4	3	0.452217	False	1.138859	0.750000	0.003655	
2025-09-09 10:06:56.456	continuous	3167	1	->	2	3	3	0.509532	False	0.749463	0.750000	0.003655	
2025-09-09 10:06:56.457	continuous	3168	2	->	3	4	3	0.492451	False	1.116876	0.750000	0.003655	
2025-09-09 10:06:56.457	continuous	3169	2	->		3	3	0.497576	False	0.767420	0.750000	0.003654	
2025-09-09 10:06:56.457	continuous	3170	1	->		2	3	0.488565	False	1.937001	0.750000	0.003654	
2025-09-09 10:06:56.457	continuous	3171	1	->	2	3	3	0.509673	False	0.740553	0.750000	0.003654	
2025-09-09 10:06:56.457	continuous	3172	1	->		2	3	0.486968	False	1.898461	0.750000	0.003653	
2025-09-09 10:06:56.457	continuous	3173	2	->		3	3	0.494369	False	0.750529	0.750000	0.003653	
2025-09-09 10:06:56.458	continuous	3174	2	->		3	3	0.497611	False	0.729120	0.750000	0.003653	
2025-09-09 10:06:56.458	continuous	3175	1	->	2	3	3	0.515087	False	0.688434	0.750000	0.003652	
2025-09-09 10:06:56.458	continuous	3176	2	->		3	3	0.504611	False	0.688018	0.750000	0.003652	
2025-09-09 10:06:56.458	continuous	3177	1	->	2	3	3	0.522766	False	0.647694	0.750000	0.003651	
2025-09-09 10:06:56.458	continuous	3178	1	->		2	3	0.499215	False	1.921131	0.750000	0.003651	
2025-09-09 10:06:56.458	continuous	3179	4	->		5	3	0.459875	False	3.123139	0.750000	0.003651	
2025-09-09 10:06:56.459	continuous	3180	3	->		4	3	0.455863	False	1.258733	0.750000	0.003650	
2025-09-09 10:06:56.459	continuous	3181	2	->	3	4	3	0.493592	False	1.223740	0.750000	0.003650	
2025-09-09 10:06:56.459	continuous	3182	1	->	2	3	3	0.512089	False	0.695505	0.750000	0.003650	
2025-09-09 10:06:56.459	continuous	3183	1	->		2	3	0.489005	False	1.883562	0.750000	0.003649	
2025-09-09 10:06:56.459	continuous	3184	2	->		3	3	0.496789	False	0.710051	0.750000	0.003649	
2025-09-09 10:06:56.459	continuous	3185	2	->	3	4	3	0.493870	False	1.235596	0.750000	0.003649	
2025-09-09 10:06:56.460	continuous	3186	2	->		3	3	0.498191	False	0.712509	0.750000	0.003648	
2025-09-09 10:06:56.460	continuous	3187	3	->		4	3	0.456257	False	1.223016	0.750000	0.003648	
2025-09-09 10:06:56.460	continuous	3188	2	->		3	3	0.500092	False	0.711782	0.750000	0.003647	
2025-09-09 10:06:56.460	continuous	3189	2	->		3	3	0.503637	False	0.691729	0.750000	0.003647	
2025-09-09 10:06:56.460	continuous	3190	1	->	2	3	3	0.521605	False	0.651468	0.750000	0.003647	
2025-09-09 10:06:56.461	continuous	3191	1	->	2	3	3	0.525692	False	0.631837	0.750000	0.003646	
2025-09-09 10:06:56.461	continuous	3192	2	->		3	3	0.515127	False	0.634954	0.750000	0.003646	
2025-09-09 10:06:56.461	continuous	3193	2	->		3	3	0.519170	False	0.617603	0.750000	0.003646	
2025-09-09 10:06:56.461	continuous	3194	3	->		4	3	0.474392	False	1.309121	0.750000	0.003645	
2025-09-09 10:06:56.461	continuous	3195	2	->	3	4	3	0.513226	False	1.282524	0.750000	0.003645	
2025-09-09 10:06:56.461	continuous	3196	2	->	3	4	3	0.510097	False	1.240410	0.750000	0.003645	
2025-09-09 10:06:56.462	continuous	3197	3	->		4	3	0.467708	False	1.202607	0.750000	0.003644	
2025-09-09 10:06:56.462	continuous	3198	2	->	3	4	3	0.505723	False	1.165295	0.750000	0.003644	
2025-09-09 10:06:56.462	continuous	3199	2	->	3	4	3	0.503932	False	1.127451	0.750000	0.003643	
2025-09-09 10:06:56.462	continuous	3200	1	->		2	3	0.496412	False	1.987592	0.750000	0.003643	
2025-09-09 10:06:56.462	continuous	3201	1	->	2	3	3	0.517385	False	0.727869	0.750000	0.003643	
2025-09-09 10:06:56.462	continuous	3202	2	->	3	4	3	0.500752	False	1.121560	0.750000	0.003642	
2025-09-09 10:06:56.463	continuous	3203	1	->	2	3	3	0.519197	False	0.728975	0.750000	0.003642	
2025-09-09 10:06:56.463	continuous	3204	2	->	3	4	3	0.502513	False	1.110042	0.750000	0.003642	
2025-09-09 10:06:56.463	continuous	3205	2	->		3	3	0.507416	False	0.747629	0.750000	0.003641	
2025-09-09 10:06:56.463	continuous	3206	1	->	2	3	3	0.524113	False	0.707235	0.750000	0.003641	
2025-09-09 10:06:56.463	continuous	3207	1	->	2	3	3	0.527502	False	0.684527	0.750000	0.003641	
2025-09-09 10:06:56.463	continuous	3208	1	->		2	3	0.504241	False	2.014067	0.750000	0.003640	
2025-09-09 10:06:56.464	continuous	3209	1	->	2	3	3	0.525639	False	0.677137	0.750000	0.003640	
2025-09-09 10:06:56.464	continuous	3210	1	->		2	3	0.502453	False	1.972649	0.750000	0.003639	
2025-09-09 10:06:56.464	continuous	3211	2	->		3	3	0.510082	False	0.690741	0.750000	0.003639	
2025-09-09 10:06:56.464	continuous	3212	2	->		3	3	0.513689	False	0.671000	0.750000	0.003639	
2025-09-09 10:06:56.464	continuous	3213	1	->	2	3	3	0.531636	False	0.631061	0.750000	0.003638	
2025-09-09 10:06:56.465	continuous	3214	1	->	2	3	3	0.535777	False	0.611822	0.750000	0.003638	
2025-09-09 10:06:56.465	continuous	3215	2	->		3	3	0.525332	False	0.615277	0.750000	0.003638	
2025-09-09 10:06:56.465	continuous	3216	2	->		3	3	0.529417	False	0.598273	0.750000	0.003637	
2025-09-09 10:06:56.465	continuous	3217	1	->		2	3	0.519515	False	2.009497	0.750000	0.003637	
2025-09-09 10:06:56.465	continuous	3218	2	->		3	3	0.527533	False	0.597759	0.750000	0.003637	
2025-09-09 10:06:56.465	continuous	3219	1	->	2	3	3	0.546728	False	0.558937	0.750000	0.003636	
2025-09-09 10:06:56.466	continuous	3220	3	->		4	3	0.486239	False	1.345891	0.750000	0.003636	
2025-09-09 10:06:56.466	continuous	3221	3	->		4	3	0.483474	False	1.310271	0.750000	0.003635	
2025-09-09 10:06:56.466	continuous	3222	1	->		2	3	0.515316	False	1.987380	0.750000	0.003635	
2025-09-09 10:06:56.466	continuous	3223	2	->	3	4	3	0.516407	False	1.286718	0.750000	0.003635	
2025-09-09 10:06:56.466	continuous	3224	4	->		5	3	0.472402	False	3.208880	0.750000	0.003634	
2025-09-09 10:06:56.467	continuous	3225	2	->		3	3	0.514999	False	0.651970	0.750000	0.003634	
2025-09-09 10:06:56.467	continuous	3226	2	->	3	4	3	0.512080	False	1.265899	0.750000	0.003634	
2025-09-09 10:06:56.467	continuous	3227	2	->		3	3	0.515827	False	0.656625	0.750000	0.003633	
2025-09-09 10:06:56.467	continuous	3228	1	->	2	3	3	0.533936	False	0.616942	0.750000	0.003633	
2025-09-09 10:06:56.467	continuous	3229	1	->	2	3	3	0.538177	False	0.598303	0.750000	0.003633	
2025-09-09 10:06:56.467	continuous	3230	3	->	4	5	3	0.462274	False	3.109395	0.750000	0.003632	
2025-09-09 10:06:56.468	continuous	3231	2	->		3	3	0.522807	False	0.611561	0.750000	0.003632	
2025-09-09 10:06:56.468	continuous	3232	4	->	5	6	3	0.468669	False	5.428589	0.750000	0.003631	
2025-09-09 10:06:56.468	continuous	3233	4	->		5	3	0.469200	False	3.102257	0.750000	0.003631	
2025-09-09 10:06:56.468	continuous	3234	2	->		3	3	0.515676	False	0.616435	0.750000	0.003631	
2025-09-09 10:06:56.468	continuous	3235	3	->		4	3	0.468895	False	1.318376	0.750000	0.003630	
2025-09-09 10:06:56.468	continuous	3236	1	->	2	3	3	0.531972	False	0.596049	0.750000	0.003630	
2025-09-09 10:06:56.469	continuous	3237	2	->		3	3	0.520902	False	0.601849	0.750000	0.003630	
2025-09-09 10:06:56.469	continuous	3238	3	->		4	3	0.473601	False	1.323212	0.750000	0.003629	
2025-09-09 10:06:56.469	continuous	3239	2	->		3	3	0.521862	False	0.604591	0.750000	0.003629	
2025-09-09 10:06:56.469	continuous	3240	2	->	3	4	3	0.518527	False	1.320509	0.750000	0.003629	
2025-09-09 10:06:56.469	continuous	3241	3	->		4	3	0.471808	False	1.270588	0.750000	0.003628	
2025-09-09 10:06:56.470	continuous	3242	3	->	4	5	3	0.452109	False	3.010277	0.750000	0.003628	
2025-09-09 10:06:56.470	continuous	3243	2	->		3	3	0.514619	False	0.638440	0.750000	0.003627	
2025-09-09 10:06:56.470	continuous	3244	3	->	4	5	3	0.449975	False	2.965028	0.750000	0.003627	
2025-09-09 10:06:56.470	continuous	3245	3	->		4	3	0.462998	False	1.259524	0.750000	0.003627	
2025-09-09 10:06:56.470	continuous	3246	2	->	3	4	3	0.504187	False	1.226705	0.750000	0.003626	
2025-09-09 10:06:56.470	continuous	3247	4	->		5	3	0.457780	False	2.980806	0.750000	0.003626	
2025-09-09 10:06:56.471	continuous	3248	3	->	4	5	3	0.436499	False	2.861506	0.750000	0.003626	
2025-09-09 10:06:56.471	continuous	3249	2	->		3	3	0.499372	False	0.687971	0.750000	0.003625	
2025-09-09 10:06:56.471	continuous	3250	3	->		4	3	0.452935	False	1.217770	0.750000	0.003625	
2025-09-09 10:06:56.471	continuous	3251	2	->		3	3	0.501239	False	0.688143	0.750000	0.003625	
2025-09-09 10:06:56.471	continuous	3252	1	->		2	3	0.490490	False	2.045687	0.750000	0.003624	
2025-09-09 10:06:56.471	continuous	3253	4	->	5	6	3	0.440340	False	5.231684	0.750000	0.003624	
2025-09-09 10:06:56.472	continuous	3254	2	->		3	3	0.494158	False	0.693918	0.750000	0.003623	
2025-09-09 10:06:56.472	continuous	3255	1	->	2	3	3	0.512909	False	0.653348	0.750000	0.003623	
2025-09-09 10:06:56.472	continuous	3256	3	->		4	3	0.450212	False	1.249719	0.750000	0.003623	
2025-09-09 10:06:56.472	continuous	3257	2	->		3	3	0.499585	False	0.675361	0.750000	0.003622	
2025-09-09 10:06:56.472	continuous	3258	2	->		3	3	0.503327	False	0.657266	0.750000	0.003622	
2025-09-09 10:06:56.472	continuous	3259	1	->	2	3	3	0.522609	False	0.617227	0.750000	0.003622	
2025-09-09 10:06:56.473	continuous	3260	1	->	2	3	3	0.526827	False	0.599569	0.750000	0.003621	
2025-09-09 10:06:56.473	continuous	3261	3	->		4	3	0.461793	False	1.294832	0.750000	0.003621	
2025-09-09 10:06:56.473	continuous	3262	2	->		3	3	0.512428	False	0.624376	0.750000	0.003621	
2025-09-09 10:06:56.473	continuous	3263	1	->	2	3	3	0.532272	False	0.584778	0.750000	0.003620	
2025-09-09 10:06:56.473	continuous	3264	4	->		5	3	0.464426	False	2.932361	0.750000	0.003620	
2025-09-09 10:06:56.473	continuous	3265	1	->		2	3	0.499500	False	2.086481	0.750000	0.003619	
2025-09-09 10:06:56.474	continuous	3266	1	->	2	3	3	0.525274	False	0.592463	0.750000	0.003619	
2025-09-09 10:06:56.474	continuous	3267	2	->	3	4	3	0.505757	False	1.331164	0.750000	0.003619	
2025-09-09 10:06:56.474	continuous	3268	2	->		3	3	0.509895	False	0.621336	0.750000	0.003618	
2025-09-09 10:06:56.474	continuous	3269	4	->		5	3	0.457968	False	2.884600	0.750000	0.003618	
2025-09-09 10:06:56.474	continuous	3270	4	->		5	3	0.452653	False	2.831071	0.750000	0.003618	
2025-09-09 10:06:56.474	continuous	3271	1	->		2	3	0.488013	False	2.041668	0.750000	0.003617	
2025-09-09 10:06:56.475	continuous	3272	1	->	2	3	3	0.513915	False	0.615093	0.750000	0.003617	
2025-09-09 10:06:56.475	continuous	3273	2	->		3	3	0.502350	False	0.622166	0.750000	0.003617	
2025-09-09 10:06:56.475	continuous	3274	2	->		3	3	0.506541	False	0.606287	0.750000	0.003616	
2025-09-09 10:06:56.475	continuous	3275	2	->		3	3	0.510805	False	0.590918	0.750000	0.003616	
2025-09-09 10:06:56.475	continuous	3276	2	->	3	4	3	0.506974	False	1.394923	0.750000	0.003615	
2025-09-09 10:06:56.475	continuous	3277	3	->	4	5	3	0.436537	False	2.748440	0.750000	0.003615	
2025-09-09 10:06:56.476	continuous	3278	2	->		3	3	0.505964	False	0.606139	0.750000	0.003615	
2025-09-09 10:06:56.476	continuous	3279	3	->	4	5	3	0.434845	False	2.709926	0.750000	0.003614	
2025-09-09 10:06:56.476	continuous	3280	2	->	3	4	3	0.497230	False	1.369996	0.750000	0.003614	
2025-09-09 10:06:56.476	continuous	3281	3	->	4	5	3	0.427226	False	2.662365	0.750000	0.003614	
2025-09-09 10:06:56.476	continuous	3282	2	->		3	3	0.496778	False	0.629839	0.750000	0.003613	
2025-09-09 10:06:56.477	continuous	3283	1	->	2	3	3	0.517110	False	0.589395	0.750000	0.003613	
2025-09-09 10:06:56.477	continuous	3284	3	->		4	3	0.449194	False	1.359222	0.750000	0.003613	
2025-09-09 10:06:56.477	continuous	3285	2	->		3	3	0.502172	False	0.615689	0.750000	0.003612	
2025-09-09 10:06:56.477	continuous	3286	4	->		5	3	0.448152	False	2.700450	0.750000	0.003612	
2025-09-09 10:06:56.477	continuous	3287	2	->		3	3	0.501245	False	0.609968	0.750000	0.003611	
2025-09-09 10:06:56.477	continuous	3288	2	->		3	3	0.505521	False	0.594678	0.750000	0.003611	
2025-09-09 10:06:56.478	continuous	3289	3	->		4	3	0.452646	False	1.380142	0.750000	0.003611	
2025-09-09 10:06:56.478	continuous	3290	3	->		4	3	0.450265	False	1.347662	0.750000	0.003610	
2025-09-09 10:06:56.478	continuous	3291	1	->	2	3	3	0.519567	False	0.590749	0.750000	0.003610	
2025-09-09 10:06:56.478	continuous	3292	1	->		2	3	0.491074	False	2.120043	0.750000	0.003610	
2025-09-09 10:06:56.478	continuous	3293	1	->		2	3	0.485399	False	2.065788	0.750000	0.003609	
2025-09-09 10:06:56.478	continuous	3294	2	->	3	4	3	0.488395	False	1.344105	0.750000	0.003609	
2025-09-09 10:06:56.479	continuous	3295	1	->		2	3	0.476978	False	2.014540	0.750000	0.003609	
2025-09-09 10:06:56.479	continuous	3296	2	->	3	4	3	0.480182	False	1.305847	0.750000	0.003608	
2025-09-09 10:06:56.479	continuous	3297	3	->		4	3	0.432980	False	1.272459	0.750000	0.003608	
2025-09-09 10:06:56.479	continuous	3298	2	->		3	3	0.483232	False	0.701993	0.750000	0.003608	
2025-09-09 10:06:56.479	continuous	3299	2	->	3	4	3	0.479634	False	1.255156	0.750000	0.003607	
2025-09-09 10:06:56.480	continuous	3300	2	->		3	3	0.484704	False	0.704782	0.750000	0.003607	
2025-09-09 10:06:56.480	continuous	3301	2	->		3	3	0.488399	False	0.686136	0.750000	0.003606	
2025-09-09 10:06:56.480	continuous	3302	4	->		5	3	0.436893	False	2.686950	0.750000	0.003606	
2025-09-09 10:06:56.480	continuous	3303	1	->		2	3	0.471801	False	2.008571	0.750000	0.003606	
2025-09-09 10:06:56.480	continuous	3304	2	->		3	3	0.482583	False	0.691365	0.750000	0.003605	
2025-09-09 10:06:56.480	continuous	3305	2	->	3	4	3	0.479010	False	1.285622	0.750000	0.003605	
2025-09-09 10:06:56.481	continuous	3306	3	->		4	3	0.432177	False	1.255290	0.750000	0.003605	
2025-09-09 10:06:56.481	continuous	3307	4	->		5	3	0.428368	False	2.644366	0.750000	0.003604	
2025-09-09 10:06:56.481	continuous	3308	1	->	2	3	3	0.492332	False	0.699433	0.750000	0.003604	
2025-09-09 10:06:56.481	continuous	3309	3	->	4	5	3	0.410695	False	2.556812	0.750000	0.003604	
2025-09-09 10:06:56.481	continuous	3310	2	->		3	3	0.477410	False	0.709863	0.750000	0.003603	
2025-09-09 10:06:56.481	continuous	3311	1	->		2	3	0.465435	False	1.995342	0.750000	0.003603	
2025-09-09 10:06:56.482	continuous	3312	2	->		3	3	0.476369	False	0.705427	0.750000	0.003602	
2025-09-09 10:06:56.482	continuous	3313	2	->		3	3	0.480213	False	0.687165	0.750000	0.003602	
2025-09-09 10:06:56.482	continuous	3314	1	->	2	3	3	0.499034	False	0.646370	0.750000	0.003602	
2025-09-09 10:06:56.482	continuous	3315	3	->		4	3	0.434361	False	1.326623	0.750000	0.003601	
2025-09-09 10:06:56.482	continuous	3316	2	->		3	3	0.485926	False	0.669437	0.750000	0.003601	
2025-09-09 10:06:56.482	continuous	3317	1	->		2	3	0.473562	False	2.006483	0.750000	0.003601	
2025-09-09 10:06:56.482	continuous	3318	3	->		4	3	0.431735	False	1.317330	0.750000	0.003600	
2025-09-09 10:06:56.483	continuous	3319	2	->	3	4	3	0.475306	False	1.283078	0.750000	0.003600	
2025-09-09 10:06:56.483	continuous	3320	2	->	3	4	3	0.473099	False	1.245046	0.750000	0.003600	
2025-09-09 10:06:56.483	continuous	3321	1	->	2	3	3	0.492445	False	0.705112	0.750000	0.003599	
2025-09-09 10:06:56.483	continuous	3322	2	->	3	4	3	0.474764	False	1.230223	0.750000	0.003599	
2025-09-09 10:06:56.483	continuous	3323	1	->	2	3	3	0.494183	False	0.706888	0.750000	0.003599	
2025-09-09 10:06:56.484	continuous	3324	2	->		3	3	0.483577	False	0.707977	0.750000	0.003598	
2025-09-09 10:06:56.484	continuous	3325	2	->		3	3	0.487269	False	0.689192	0.750000	0.003598	
2025-09-09 10:06:56.484	continuous	3326	3	->		4	3	0.438217	False	1.263484	0.750000	0.003597	
2025-09-09 10:06:56.484	continuous	3327	3	->	4	5	3	0.417660	False	2.590618	0.750000	0.003597	
2025-09-09 10:06:56.484	continuous	3328	1	->	2	3	3	0.499415	False	0.675549	0.750000	0.003597	
2025-09-09 10:06:56.484	continuous	3329	1	->	2	3	3	0.503437	False	0.656216	0.750000	0.003596	
2025-09-09 10:06:56.485	continuous	3330	2	->		3	3	0.492596	False	0.660456	0.750000	0.003596	
2025-09-09 10:06:56.485	continuous	3331	2	->		3	3	0.496591	False	0.643254	0.750000	0.003596	
2025-09-09 10:06:56.485	continuous	3332	2	->		3	3	0.500682	False	0.626611	0.750000	0.003595	
2025-09-09 10:06:56.485	continuous	3333	4	->		5	3	0.446246	False	2.643052	0.750000	0.003595	
2025-09-09 10:06:56.485	continuous	3334	2	->	3	4	3	0.491887	False	1.334784	0.750000	0.003595	
2025-09-09 10:06:56.486	continuous	3335	3	->		4	3	0.441777	False	1.293680	0.750000	0.003594	
2025-09-09 10:06:56.486	continuous	3336	1	->	2	3	3	0.509013	False	0.636870	0.750000	0.003594	
2025-09-09 10:06:56.486	continuous	3337	2	->		3	3	0.498092	False	0.641881	0.750000	0.003593	
2025-09-09 10:06:56.486	continuous	3338	3	->		4	3	0.446848	False	1.300124	0.750000	0.003593	
2025-09-09 10:06:56.486	continuous	3339	3	->	4	5	3	0.425183	False	2.565621	0.750000	0.003593	
2025-09-09 10:06:56.486	continuous	3340	1	->	2	3	3	0.510150	False	0.629159	0.750000	0.003592	
2025-09-09 10:06:56.487	continuous	3341	1	->	2	3	3	0.514427	False	0.611466	0.750000	0.003592	
2025-09-09 10:06:56.487	continuous	3342	3	->		4	3	0.447331	False	1.308862	0.750000	0.003592	
2025-09-09 10:06:56.487	continuous	3343	2	->	3	4	3	0.492837	False	1.277864	0.750000	0.003591	
2025-09-09 10:06:56.487	continuous	3344	2	->	3	4	3	0.490079	False	1.238380	0.750000	0.003591	
2025-09-09 10:06:56.487	continuous	3345	3	->		4	3	0.441882	False	1.210616	0.750000	0.003591	
2025-09-09 10:06:56.487	continuous	3346	3	->		4	3	0.441031	False	1.182304	0.750000	0.003590	
2025-09-09 10:06:56.488	continuous	3347	1	->	2	3	3	0.506738	False	0.696666	0.750000	0.003590	
2025-09-09 10:06:56.488	continuous	3348	1	->		2	3	0.479843	False	2.169914	0.750000	0.003590	
2025-09-09 10:06:56.488	continuous	3349	1	->	2	3	3	0.504974	False	0.688828	0.750000	0.003589	
2025-09-09 10:06:56.488	continuous	3350	1	->		2	3	0.478103	False	2.128822	0.750000	0.003589	
2025-09-09 10:06:56.488	continuous	3351	2	->		3	3	0.488938	False	0.703281	0.750000	0.003588	
2025-09-09 10:06:56.489	continuous	3352	1	->	2	3	3	0.507154	False	0.662518	0.750000	0.003588	
2025-09-09 10:06:56.489	continuous	3353	4	->		5	3	0.439925	False	2.618967	0.750000	0.003588	
2025-09-09 10:06:56.489	continuous	3354	2	->		3	3	0.491663	False	0.674864	0.750000	0.003587	
2025-09-09 10:06:56.489	continuous	3355	2	->		3	3	0.495532	False	0.657031	0.750000	0.003587	
2025-09-09 10:06:56.489	continuous	3356	1	->		2	3	0.482632	False	2.121674	0.750000	0.003587	
2025-09-09 10:06:56.489	continuous	3357	2	->		3	3	0.494032	False	0.653867	0.750000	0.003586	
2025-09-09 10:06:56.490	continuous	3358	2	->		3	3	0.498084	False	0.636822	0.750000	0.003586	
2025-09-09 10:06:56.490	continuous	3359	3	->		4	3	0.446650	False	1.318564	0.750000	0.003586	
2025-09-09 10:06:56.490	continuous	3360	1	->		2	3	0.482580	False	2.098869	0.750000	0.003585	
2025-09-09 10:06:56.490	continuous	3361	5	->		6	3	0.446378	False	5.313722	0.750000	0.003585	
2025-09-09 10:06:56.490	continuous	3362	2	->		3	3	0.488250	False	0.664324	0.750000	0.003585	
2025-09-09 10:06:56.490	continuous	3363	2	->	3	4	3	0.484464	False	1.307916	0.750000	0.003584	
2025-09-09 10:06:56.491	continuous	3364	2	->	3	4	3	0.481736	False	1.268578	0.750000	0.003584	
2025-09-09 10:06:56.491	continuous	3365	1	->	2	3	3	0.501310	False	0.667569	0.750000	0.003583	
2025-09-09 10:06:56.491	continuous	3366	4	->		5	3	0.433207	False	2.592534	0.750000	0.003583	
2025-09-09 10:06:56.491	continuous	3367	1	->		2	3	0.469231	False	2.054644	0.750000	0.003583	
2025-09-09 10:06:56.491	continuous	3368	2	->	3	4	3	0.473653	False	1.257307	0.750000	0.003582	
2025-09-09 10:06:56.491	continuous	3369	4	->		5	3	0.422981	False	2.540891	0.750000	0.003582	
2025-09-09 10:06:56.492	continuous	3370	2	->		3	3	0.474594	False	0.723809	0.750000	0.003582	
2025-09-09 10:06:56.492	continuous	3371	2	->		3	3	0.478263	False	0.704885	0.750000	0.003581	
2025-09-09 10:06:56.492	continuous	3372	1	->		2	3	0.465192	False	2.028517	0.750000	0.003581	
2025-09-09 10:06:56.492	continuous	3373	3	->		4	3	0.424097	False	1.276313	0.750000	0.003581	
2025-09-09 10:06:56.492	continuous	3374	2	->	3	4	3	0.468405	False	1.235779	0.750000	0.003580	
2025-09-09 10:06:56.492	continuous	3375	3	->	4	5	3	0.402531	False	2.468738	0.750000	0.003580	
2025-09-09 10:06:56.493	continuous	3376	2	->		3	3	0.469867	False	0.746842	0.750000	0.003579	
2025-09-09 10:06:56.493	continuous	3377	1	->	2	3	3	0.487361	False	0.705701	0.750000	0.003579	
2025-09-09 10:06:56.493	continuous	3378	1	->	2	3	3	0.491275	False	0.685699	0.750000	0.003579	
2025-09-09 10:06:56.493	continuous	3379	1	->		2	3	0.464015	False	2.023463	0.750000	0.003578	
2025-09-09 10:06:56.493	continuous	3380	1	->		2	3	0.459377	False	1.973614	0.750000	0.003578	
2025-09-09 10:06:56.494	continuous	3381	1	->		2	3	0.454966	False	1.924991	0.750000	0.003578	
2025-09-09 10:06:56.494	continuous	3382	3	->		4	3	0.415406	False	1.288718	0.750000	0.003577	
2025-09-09 10:06:56.494	continuous	3383	3	->		4	3	0.414673	False	1.260592	0.750000	0.003577	
2025-09-09 10:06:56.494	continuous	3384	2	->	3	4	3	0.457723	False	1.215563	0.750000	0.003577	
2025-09-09 10:06:56.494	continuous	3385	1	->	2	3	3	0.476556	False	0.766156	0.750000	0.003576	
2025-09-09 10:06:56.494	continuous	3386	1	->	2	3	3	0.480076	False	0.744013	0.750000	0.003576	
2025-09-09 10:06:56.495	continuous	3387	2	->		3	3	0.470079	False	0.743972	0.750000	0.003576	
2025-09-09 10:06:56.495	continuous	3388	1	->	2	3	3	0.487517	False	0.702629	0.750000	0.003575	
2025-09-09 10:06:56.495	continuous	3389	1	->		2	3	0.460843	False	1.950295	0.750000	0.003575	
2025-09-09 10:06:56.495	continuous	3390	2	->	3	4	3	0.465702	False	1.270519	0.750000	0.003574	
2025-09-09 10:06:56.495	continuous	3391	2	->		3	3	0.470884	False	0.739944	0.750000	0.003574	
2025-09-09 10:06:56.495	continuous	3392	3	->		4	3	0.422623	False	1.264832	0.750000	0.003574	
2025-09-09 10:06:56.496	continuous	3393	2	->		3	3	0.473141	False	0.737975	0.750000	0.003573	
2025-09-09 10:06:56.496	continuous	3394	1	->		2	3	0.460308	False	1.939654	0.750000	0.003573	
2025-09-09 10:06:56.496	continuous	3395	1	->	2	3	3	0.485815	False	0.711087	0.750000	0.003573	
2025-09-09 10:06:56.496	continuous	3396	3	->	4	5	3	0.404534	False	2.500626	0.750000	0.003572	
2025-09-09 10:06:56.496	continuous	3397	3	->		4	3	0.420067	False	1.281009	0.750000	0.003572	
2025-09-09 10:06:56.496	continuous	3398	2	->	3	4	3	0.463582	False	1.239462	0.750000	0.003572	
2025-09-09 10:06:56.497	continuous	3399	2	->		3	3	0.468939	False	0.759360	0.750000	0.003571	
2025-09-09 10:06:56.497	continuous	3400	1	->		2	3	0.456199	False	1.925220	0.750000	0.003571	
2025-09-09 10:06:56.497	continuous	3401	2	->		3	3	0.468105	False	0.753050	0.750000	0.003571	
2025-09-09 10:06:56.497	continuous	3402	3	->		4	3	0.420323	False	1.262164	0.750000	0.003570	
2025-09-09 10:06:56.497	continuous	3403	2	->		3	3	0.470419	False	0.750620	0.750000	0.003570	
2025-09-09 10:06:56.497	continuous	3404	2	->		3	3	0.473971	False	0.730689	0.750000	0.003569	
2025-09-09 10:06:56.498	continuous	3405	2	->		3	3	0.477662	False	0.711388	0.750000	0.003569	
2025-09-09 10:06:56.498	continuous	3406	2	->		3	3	0.481478	False	0.692701	0.750000	0.003569	
2025-09-09 10:06:56.498	continuous	3407	1	->		2	3	0.468113	False	1.953813	0.750000	0.003568	
2025-09-09 10:06:56.498	continuous	3408	1	->	2	3	3	0.494260	False	0.667148	0.750000	0.003568	
2025-09-09 10:06:56.498	continuous	3409	1	->		2	3	0.467259	False	1.919220	0.750000	0.003568	
2025-09-09 10:06:56.498	continuous	3410	2	->		3	3	0.479805	False	0.685912	0.750000	0.003567	
2025-09-09 10:06:56.499	continuous	3411	2	->		3	3	0.483866	False	0.668178	0.750000	0.003567	
2025-09-09 10:06:56.499	continuous	3412	1	->	2	3	3	0.502071	False	0.628128	0.750000	0.003567	
2025-09-09 10:06:56.499	continuous	3413	2	->		3	3	0.492272	False	0.634154	0.750000	0.003566	
2025-09-09 10:06:56.499	continuous	3414	4	->		5	3	0.437089	False	2.597166	0.750000	0.003566	
2025-09-09 10:06:56.499	continuous	3415	1	->	2	3	3	0.506182	False	0.604484	0.750000	0.003566	
2025-09-09 10:06:56.499	continuous	3416	1	->	2	3	3	0.510841	False	0.588173	0.750000	0.003565	
2025-09-09 10:06:56.500	continuous	3417	1	->		2	3	0.481754	False	1.955430	0.750000	0.003565	
2025-09-09 10:06:56.500	continuous	3418	2	->		3	3	0.495020	False	0.612194	0.750000	0.003564	
2025-09-09 10:06:56.500	continuous	3419	2	->		3	3	0.499494	False	0.596924	0.750000	0.003564	
2025-09-09 10:06:56.500	continuous	3420	2	->	3	4	3	0.495634	False	1.493768	0.750000	0.003564	
2025-09-09 10:06:56.500	continuous	3421	4	->		5	3	0.438837	False	2.580984	0.750000	0.003563	
2025-09-09 10:06:56.500	continuous	3422	2	->		3	3	0.494490	False	0.612492	0.750000	0.003563	
2025-09-09 10:06:56.501	continuous	3423	2	->		3	3	0.498958	False	0.597236	0.750000	0.003563	
2025-09-09 10:06:56.501	continuous	3424	1	->		2	3	0.484136	False	1.959629	0.750000	0.003562	
2025-09-09 10:06:56.501	continuous	3425	1	->	2	3	3	0.512506	False	0.574170	0.750000	0.003562	
2025-09-09 10:06:56.501	continuous	3426	2	->	3	4	3	0.493907	False	1.506966	0.750000	0.003562	
2025-09-09 10:06:56.501	continuous	3427	4	->		5	3	0.436897	False	2.555155	0.750000	0.003561	
2025-09-09 10:06:56.501	continuous	3428	3	->		4	3	0.435740	False	1.442210	0.750000	0.003561	
2025-09-09 10:06:56.502	continuous	3429	2	->		3	3	0.489629	False	0.630154	0.750000	0.003561	
2025-09-09 10:06:56.502	continuous	3430	1	->	2	3	3	0.508547	False	0.590561	0.750000	0.003560	
2025-09-09 10:06:56.502	continuous	3431	2	->	3	4	3	0.490231	False	1.463226	0.750000	0.003560	
2025-09-09 10:06:56.502	continuous	3432	4	->		5	3	0.433985	False	2.528025	0.750000	0.003560	
2025-09-09 10:06:56.502	continuous	3433	2	->	3	4	3	0.481488	False	1.418377	0.750000	0.003559	
2025-09-09 10:06:56.502	continuous	3434	1	->		2	3	0.467687	False	1.945548	0.750000	0.003559	
2025-09-09 10:06:56.503	continuous	3435	2	->		3	3	0.480813	False	0.664729	0.750000	0.003558	
2025-09-09 10:06:56.503	continuous	3436	2	->		3	3	0.485058	False	0.647805	0.750000	0.003558	
2025-09-09 10:06:56.503	continuous	3437	1	->		2	3	0.470844	False	1.926544	0.750000	0.003558	
2025-09-09 10:06:56.503	continuous	3438	1	->	2	3	3	0.498205	False	0.623525	0.750000	0.003557	
2025-09-09 10:06:56.503	continuous	3439	3	->	4	5	3	0.412402	False	2.455332	0.750000	0.003557	
2025-09-09 10:06:56.503	continuous	3440	4	->		5	3	0.424777	False	2.456913	0.750000	0.003557	
2025-09-09 10:06:56.504	continuous	3441	3	->		4	3	0.424139	False	1.428754	0.750000	0.003556	
2025-09-09 10:06:56.504	continuous	3442	3	->		4	3	0.422299	False	1.397260	0.750000	0.003556	
2025-09-09 10:06:56.504	continuous	3443	1	->	2	3	3	0.488106	False	0.659816	0.750000	0.003556	
2025-09-09 10:06:56.504	continuous	3444	3	->		4	3	0.424049	False	1.383630	0.750000	0.003555	
2025-09-09 10:06:56.504	continuous	3445	2	->	3	4	3	0.468851	False	1.354192	0.750000	0.003555	
2025-09-09 10:06:56.504	continuous	3446	3	->		4	3	0.420635	False	1.318542	0.750000	0.003555	
2025-09-09 10:06:56.505	continuous	3447	4	->	5	6	3	0.407506	False	5.048922	0.750000	0.003554	
2025-09-09 10:06:56.505	continuous	3448	3	->		4	3	0.414200	False	1.289854	0.750000	0.003554	
2025-09-09 10:06:56.505	continuous	3449	1	->	2	3	3	0.478767	False	0.725622	0.750000	0.003553	
2025-09-09 10:06:56.505	continuous	3450	3	->		4	3	0.416409	False	1.279644	0.750000	0.003553	
2025-09-09 10:06:56.505	continuous	3451	2	->		3	3	0.467918	False	0.744099	0.750000	0.003553	
2025-09-09 10:06:56.505	continuous	3452	1	->	2	3	3	0.484954	False	0.703048	0.750000	0.003552	
2025-09-09 10:06:56.506	continuous	3453	1	->		2	3	0.457743	False	1.957377	0.750000	0.003552	
2025-09-09 10:06:56.506	continuous	3454	2	->	3	4	3	0.463577	False	1.283243	0.750000	0.003552	
2025-09-09 10:06:56.506	continuous	3455	1	->	2	3	3	0.481996	False	0.718878	0.750000	0.003551	
2025-09-09 10:06:56.506	continuous	3456	1	->	2	3	3	0.485937	False	0.698511	0.750000	0.003551	
2025-09-09 10:06:56.506	continuous	3457	2	->		3	3	0.476314	False	0.701214	0.750000	0.003551	
2025-09-09 10:06:56.506	continuous	3458	3	->	4	5	3	0.405308	False	2.431819	0.750000	0.003550	
2025-09-09 10:06:56.507	continuous	3459	2	->		3	3	0.476170	False	0.691717	0.750000	0.003550	
2025-09-09 10:06:56.507	continuous	3460	1	->	2	3	3	0.494175	False	0.650957	0.750000	0.003550	
2025-09-09 10:06:56.507	continuous	3461	1	->	2	3	3	0.498573	False	0.633071	0.750000	0.003549	
2025-09-09 10:06:56.507	continuous	3462	1	->	2	3	3	0.503062	False	0.615805	0.750000	0.003549	
2025-09-09 10:06:56.507	continuous	3463	1	->	2	3	3	0.507632	False	0.599136	0.750000	0.003548	
2025-09-09 10:06:56.508	continuous	3464	2	->		3	3	0.497160	False	0.607597	0.750000	0.003548	
2025-09-09 10:06:56.508	continuous	3465	1	->		2	3	0.481932	False	2.039735	0.750000	0.003548	
2025-09-09 10:06:56.508	continuous	3466	2	->	3	4	3	0.487575	False	1.435788	0.750000	0.003547	
2025-09-09 10:06:56.508	continuous	3467	1	->		2	3	0.472945	False	1.988186	0.750000	0.003547	
2025-09-09 10:06:56.508	continuous	3468	1	->	2	3	3	0.501077	False	0.618926	0.750000	0.003547	
2025-09-09 10:06:56.508	continuous	3469	3	->		4	3	0.433604	False	1.402327	0.750000	0.003546	
2025-09-09 10:06:56.509	continuous	3470	1	->	2	3	3	0.502575	False	0.619374	0.750000	0.003546	
2025-09-09 10:06:56.509	continuous	3471	1	->	2	3	3	0.507148	False	0.602528	0.750000	0.003546	
2025-09-09 10:06:56.509	continuous	3472	2	->	3	4	3	0.488493	False	1.420021	0.750000	0.003545	
2025-09-09 10:06:56.509	continuous	3473	3	->		4	3	0.435845	False	1.368584	0.750000	0.003545	
2025-09-09 10:06:56.509	continuous	3474	2	->	3	4	3	0.482337	False	1.341305	0.750000	0.003545	
2025-09-09 10:06:56.510	continuous	3475	1	->		2	3	0.469019	False	1.991534	0.750000	0.003544	
2025-09-09 10:06:56.510	continuous	3476	2	->		3	3	0.482174	False	0.683924	0.750000	0.003544	
2025-09-09 10:06:56.510	continuous	3477	2	->		3	3	0.486194	False	0.666157	0.750000	0.003544	
2025-09-09 10:06:56.510	continuous	3478	2	->		3	3	0.490314	False	0.648953	0.750000	0.003543	
2025-09-09 10:06:56.510	continuous	3479	1	->		2	3	0.475661	False	1.985378	0.750000	0.003543	
2025-09-09 10:06:56.510	continuous	3480	1	->	2	3	3	0.503494	False	0.623711	0.750000	0.003542	
2025-09-09 10:06:56.511	continuous	3481	2	->	3	4	3	0.485522	False	1.388914	0.750000	0.003542	
2025-09-09 10:06:56.511	continuous	3482	2	->	3	4	3	0.482215	False	1.346879	0.750000	0.003542	
2025-09-09 10:06:56.511	continuous	3483	3	->	4	5	3	0.411674	False	2.489180	0.750000	0.003541	
2025-09-09 10:06:56.511	continuous	3484	2	->		3	3	0.482753	False	0.680840	0.750000	0.003541	
2025-09-09 10:06:56.511	continuous	3485	2	->	3	4	3	0.479080	False	1.328484	0.750000	0.003541	
2025-09-09 10:06:56.511	continuous	3486	3	->		4	3	0.429342	False	1.293190	0.750000	0.003540	
2025-09-09 10:06:56.512	continuous	3487	1	->		2	3	0.464378	False	1.970223	0.750000	0.003540	
2025-09-09 10:06:56.512	continuous	3488	4	->		5	3	0.420157	False	2.499722	0.750000	0.003540	
2025-09-09 10:06:56.512	continuous	3489	1	->		2	3	0.455873	False	1.915765	0.750000	0.003539	
2025-09-09 10:06:56.512	continuous	3490	1	->		2	3	0.451781	False	1.868168	0.750000	0.003539	
2025-09-09 10:06:56.512	continuous	3491	1	->	2	3	3	0.477666	False	0.731854	0.750000	0.003539	
2025-09-09 10:06:56.512	continuous	3492	1	->	2	3	3	0.481635	False	0.711033	0.750000	0.003538	
2025-09-09 10:06:56.513	continuous	3493	2	->		3	3	0.472384	False	0.713529	0.750000	0.003538	
2025-09-09 10:06:56.513	continuous	3494	1	->	2	3	3	0.489869	False	0.672045	0.750000	0.003538	
2025-09-09 10:06:56.513	continuous	3495	3	->	4	5	3	0.405487	False	2.439470	0.750000	0.003537	
2025-09-09 10:06:56.513	continuous	3496	4	->		5	3	0.417805	False	2.441041	0.750000	0.003537	
2025-09-09 10:06:56.513	continuous	3497	2	->		3	3	0.472104	False	0.694985	0.750000	0.003536	
2025-09-09 10:06:56.513	continuous	3498	2	->		3	3	0.476220	False	0.677215	0.750000	0.003536	
2025-09-09 10:06:56.514	continuous	3499	2	->	3	4	3	0.472599	False	1.398390	0.750000	0.003536	
2025-09-09 10:06:56.514	continuous	3500	1	->	2	3	3	0.491009	False	0.656843	0.750000	0.003535	
2025-09-09 10:06:56.514	continuous	3501	4	->		5	3	0.421457	False	2.427392	0.750000	0.003535	
2025-09-09 10:06:56.514	continuous	3502	3	->		4	3	0.421658	False	1.375374	0.750000	0.003535	
2025-09-09 10:06:56.514	continuous	3503	2	->		3	3	0.474773	False	0.689071	0.750000	0.003534	
2025-09-09 10:06:56.514	continuous	3504	2	->	3	4	3	0.471173	False	1.364625	0.750000	0.003534	
2025-09-09 10:06:56.515	continuous	3505	2	->		3	3	0.475976	False	0.691928	0.750000	0.003534	
2025-09-09 10:06:56.515	continuous	3506	1	->	2	3	3	0.493860	False	0.650700	0.750000	0.003533	
2025-09-09 10:06:56.515	continuous	3507	3	->		4	3	0.428018	False	1.361770	0.750000	0.003533	
2025-09-09 10:06:56.515	continuous	3508	1	->	2	3	3	0.495700	False	0.650226	0.750000	0.003533	
2025-09-09 10:06:56.515	continuous	3509	1	->		2	3	0.467252	False	1.983662	0.750000	0.003532	
2025-09-09 10:06:56.515	continuous	3510	3	->		4	3	0.425655	False	1.352421	0.750000	0.003532	
2025-09-09 10:06:56.516	continuous	3511	1	->	2	3	3	0.492436	False	0.664615	0.750000	0.003531	
2025-09-09 10:06:56.516	continuous	3512	1	->	2	3	3	0.496794	False	0.646035	0.750000	0.003531	
2025-09-09 10:06:56.516	continuous	3513	1	->	2	3	3	0.501251	False	0.628112	0.750000	0.003531	
2025-09-09 10:06:56.516	continuous	3514	1	->	2	3	3	0.505798	False	0.610820	0.750000	0.003530	
2025-09-09 10:06:56.516	continuous	3515	2	->		3	3	0.495615	False	0.618865	0.750000	0.003530	
2025-09-09 10:06:56.516	continuous	3516	1	->	2	3	3	0.515020	False	0.578372	0.750000	0.003530	
2025-09-09 10:06:56.517	continuous	3517	2	->		3	3	0.504472	False	0.587985	0.750000	0.003529	
2025-09-09 10:06:56.517	continuous	3518	2	->		3	3	0.508993	False	0.573334	0.750000	0.003529	
2025-09-09 10:06:56.517	continuous	3519	2	->		3	3	0.513559	False	0.559147	0.750000	0.003529	
2025-09-09 10:06:56.517	continuous	3520	2	->	3	4	3	0.509165	False	1.507874	0.750000	0.003528	
2025-09-09 10:06:56.517	continuous	3521	2	->		3	3	0.512979	False	0.565990	0.750000	0.003528	
2025-09-09 10:06:56.518	continuous	3522	4	->		5	3	0.451173	False	2.522940	0.750000	0.003528	
2025-09-09 10:06:56.518	continuous	3523	3	->		4	3	0.450713	False	1.452948	0.750000	0.003527	
2025-09-09 10:06:56.518	continuous	3524	1	->	2	3	3	0.523691	False	0.554475	0.750000	0.003527	
2025-09-09 10:06:56.518	continuous	3525	2	->	3	4	3	0.504156	False	1.460526	0.750000	0.003527	
2025-09-09 10:06:56.518	continuous	3526	3	->		4	3	0.448217	False	1.397563	0.750000	0.003526	
2025-09-09 10:06:56.518	continuous	3527	1	->		2	3	0.485158	False	2.092529	0.750000	0.003526	
2025-09-09 10:06:56.519	continuous	3528	3	->	4	5	3	0.419800	False	2.432846	0.750000	0.003525	
2025-09-09 10:06:56.519	continuous	3529	2	->	3	4	3	0.486573	False	1.377356	0.750000	0.003525	
2025-09-09 10:06:56.519	continuous	3530	2	->	3	4	3	0.483266	False	1.335249	0.750000	0.003525	
2025-09-09 10:06:56.519	continuous	3531	1	->		2	3	0.469527	False	2.035709	0.750000	0.003524	
2025-09-09 10:06:56.519	continuous	3532	1	->	2	3	3	0.496833	False	0.660309	0.750000	0.003524	
2025-09-09 10:06:56.519	continuous	3533	3	->		4	3	0.431318	False	1.319449	0.750000	0.003524	
2025-09-09 10:06:56.520	continuous	3534	2	->		3	3	0.484998	False	0.682714	0.750000	0.003523	
2025-09-09 10:06:56.520	continuous	3535	3	->		4	3	0.433166	False	1.307237	0.750000	0.003523	
2025-09-09 10:06:56.520	continuous	3536	2	->		3	3	0.486909	False	0.682384	0.750000	0.003523	
2025-09-09 10:06:56.520	continuous	3537	2	->	3	4	3	0.483161	False	1.293139	0.750000	0.003522	
2025-09-09 10:06:56.520	continuous	3538	1	->	2	3	3	0.501805	False	0.663487	0.750000	0.003522	
2025-09-09 10:06:56.520	continuous	3539	2	->		3	3	0.492076	False	0.667306	0.750000	0.003522	
2025-09-09 10:06:56.521	continuous	3540	3	->		4	3	0.439530	False	1.297653	0.750000	0.003521	
2025-09-09 10:06:56.521	continuous	3541	1	->	2	3	3	0.507719	False	0.644927	0.750000	0.003521	
2025-09-09 10:06:56.521	continuous	3542	1	->	2	3	3	0.511978	False	0.626402	0.750000	0.003521	
2025-09-09 10:06:56.521	continuous	3543	1	->		2	3	0.482756	False	2.097863	0.750000	0.003520	
2025-09-09 10:06:56.521	continuous	3544	1	->		2	3	0.477524	False	2.044322	0.750000	0.003520	
2025-09-09 10:06:56.521	continuous	3545	3	->		4	3	0.435523	False	1.311089	0.750000	0.003520	
2025-09-09 10:06:56.522	continuous	3546	3	->		4	3	0.434182	False	1.281181	0.750000	0.003519	
2025-09-09 10:06:56.522	continuous	3547	2	->		3	3	0.487198	False	0.696590	0.750000	0.003519	
2025-09-09 10:06:56.522	continuous	3548	2	->		3	3	0.491043	False	0.677849	0.750000	0.003518	
2025-09-09 10:06:56.522	continuous	3549	3	->	4	5	3	0.418361	False	2.467826	0.750000	0.003518	
2025-09-09 10:06:56.522	continuous	3550	2	->		3	3	0.490764	False	0.668440	0.750000	0.003518	
2025-09-09 10:06:56.522	continuous	3551	3	->		4	3	0.438337	False	1.308426	0.750000	0.003517	
2025-09-09 10:06:56.523	continuous	3552	1	->		2	3	0.473854	False	2.040266	0.750000	0.003517	
2025-09-09 10:06:56.523	continuous	3553	1	->		2	3	0.469035	False	1.988489	0.750000	0.003517	
2025-09-09 10:06:56.523	continuous	3554	3	->	4	5	3	0.408188	False	2.426025	0.750000	0.003516	
2025-09-09 10:06:56.523	continuous	3555	3	->	4	5	3	0.404364	False	2.385500	0.750000	0.003516	
2025-09-09 10:06:56.523	continuous	3556	2	->	3	4	3	0.467468	False	1.285383	0.750000	0.003516	
2025-09-09 10:06:56.523	continuous	3557	2	->		3	3	0.472663	False	0.735445	0.750000	0.003515	
2025-09-09 10:06:56.524	continuous	3558	2	->	3	4	3	0.469131	False	1.268373	0.750000	0.003515	
2025-09-09 10:06:56.524	continuous	3559	2	->		3	3	0.474381	False	0.737116	0.750000	0.003515	
2025-09-09 10:06:56.524	continuous	3560	3	->	4	5	3	0.403842	False	2.368022	0.750000	0.003514	
2025-09-09 10:06:56.524	continuous	3561	1	->	2	3	3	0.487165	False	0.703850	0.750000	0.003514	
2025-09-09 10:06:56.524	continuous	3562	3	->		4	3	0.423678	False	1.285166	0.750000	0.003514	
2025-09-09 10:06:56.524	continuous	3563	1	->	2	3	3	0.489460	False	0.701769	0.750000	0.003513	
2025-09-09 10:06:56.525	continuous	3564	2	->		3	3	0.480231	False	0.703838	0.750000	0.003513	
2025-09-09 10:06:56.525	continuous	3565	2	->	3	4	3	0.476581	False	1.287177	0.750000	0.003512	
2025-09-09 10:06:56.525	continuous	3566	1	->		2	3	0.463425	False	2.011821	0.750000	0.003512	
2025-09-09 10:06:56.525	continuous	3567	1	->	2	3	3	0.489978	False	0.698709	0.750000	0.003512	
2025-09-09 10:06:56.525	continuous	3568	3	->		4	3	0.426375	False	1.282102	0.750000	0.003511	
2025-09-09 10:06:56.526	continuous	3569	2	->		3	3	0.479178	False	0.718663	0.750000	0.003511	
2025-09-09 10:06:56.526	continuous	3570	2	->		3	3	0.482962	False	0.699342	0.750000	0.003511	
2025-09-09 10:06:56.526	continuous	3571	2	->		3	3	0.486872	False	0.680654	0.750000	0.003510	
2025-09-09 10:06:56.526	continuous	3572	1	->	2	3	3	0.504477	False	0.639753	0.750000	0.003510	
2025-09-09 10:06:56.526	continuous	3573	4	->	5	6	3	0.424844	False	5.122715	0.750000	0.003510	
2025-09-09 10:06:56.526	continuous	3574	2	->	3	4	3	0.481840	False	1.324248	0.750000	0.003509	
2025-09-09 10:06:56.527	continuous	3575	2	->		3	3	0.486843	False	0.677022	0.750000	0.003509	
2025-09-09 10:06:56.527	continuous	3576	3	->		4	3	0.433361	False	1.306711	0.750000	0.003509	
2025-09-09 10:06:56.527	continuous	3577	1	->		2	3	0.469532	False	2.043091	0.750000	0.003508	
2025-09-09 10:06:56.527	continuous	3578	1	->	2	3	3	0.497204	False	0.668397	0.750000	0.003508	
2025-09-09 10:06:56.527	continuous	3579	1	->	2	3	3	0.501429	False	0.649370	0.750000	0.003508	
2025-09-09 10:06:56.528	continuous	3580	3	->		4	3	0.434241	False	1.317464	0.750000	0.003507	
2025-09-09 10:06:56.528	continuous	3581	2	->	3	4	3	0.481819	False	1.283561	0.750000	0.003507	
2025-09-09 10:06:56.528	continuous	3582	2	->		3	3	0.486985	False	0.693457	0.750000	0.003507	
2025-09-09 10:06:56.528	continuous	3583	4	->		5	3	0.429420	False	2.467246	0.750000	0.003506	
2025-09-09 10:06:56.528	continuous	3584	2	->		3	3	0.486474	False	0.684145	0.750000	0.003506	
2025-09-09 10:06:56.529	continuous	3585	2	->		3	3	0.490426	False	0.666060	0.750000	0.003505	
2025-09-09 10:06:56.529	continuous	3586	2	->		3	3	0.494485	False	0.648566	0.750000	0.003505	
2025-09-09 10:06:56.529	continuous	3587	2	->	3	4	3	0.490487	False	1.332124	0.750000	0.003505	
2025-09-09 10:06:56.529	continuous	3588	3	->		4	3	0.437508	False	1.292591	0.750000	0.003504	
2025-09-09 10:06:56.529	continuous	3589	3	->		4	3	0.436227	False	1.263124	0.750000	0.003504	
2025-09-09 10:06:56.529	continuous	3590	2	->	3	4	3	0.483824	False	1.223485	0.750000	0.003504	
2025-09-09 10:06:56.530	continuous	3591	2	->		3	3	0.489240	False	0.711108	0.750000	0.003503	
2025-09-09 10:06:56.530	continuous	3592	3	->		4	3	0.436740	False	1.220392	0.750000	0.003503	
2025-09-09 10:06:56.530	continuous	3593	2	->		3	3	0.491390	False	0.710078	0.750000	0.003503	
2025-09-09 10:06:56.530	continuous	3594	2	->	3	4	3	0.487503	False	1.198224	0.750000	0.003502	
2025-09-09 10:06:56.530	continuous	3595	1	->	2	3	3	0.506003	False	0.692688	0.750000	0.003502	
2025-09-09 10:06:56.530	continuous	3596	2	->	3	4	3	0.489077	False	1.184253	0.750000	0.003502	
2025-09-09 10:06:56.531	continuous	3597	2	->		3	3	0.494604	False	0.715450	0.750000	0.003501	
2025-09-09 10:06:56.531	continuous	3598	2	->	3	4	3	0.490682	False	1.169966	0.750000	0.003501	
2025-09-09 10:06:56.531	continuous	3599	1	->		2	3	0.477485	False	2.157471	0.750000	0.003501	
2025-09-09 10:06:56.531	continuous	3600	1	->	2	3	3	0.504077	False	0.711138	0.750000	0.003500	
2025-09-09 10:06:56.531	continuous	3601	1	->	2	3	3	0.507669	False	0.689594	0.750000	0.003500	
2025-09-09 10:06:56.531	continuous	3602	3	->	4	5	3	0.420496	False	2.469060	0.750000	0.003499	
2025-09-09 10:06:56.532	continuous	3603	3	->		4	3	0.438050	False	1.202132	0.750000	0.003499	
2025-09-09 10:06:56.532	continuous	3604	1	->	2	3	3	0.505779	False	0.696145	0.750000	0.003499	
2025-09-09 10:06:56.532	continuous	3605	3	->		4	3	0.440184	False	1.193983	0.750000	0.003498	
2025-09-09 10:06:56.532	continuous	3606	2	->	3	4	3	0.487704	False	1.147169	0.750000	0.003498	
2025-09-09 10:06:56.532	continuous	3607	1	->		2	3	0.474942	False	2.149837	0.750000	0.003498	
2025-09-09 10:06:56.532	continuous	3608	2	->	3	4	3	0.481674	False	1.116534	0.750000	0.003497	
2025-09-09 10:06:56.533	continuous	3609	3	->		4	3	0.434188	False	1.111957	0.750000	0.003497	
2025-09-09 10:06:56.533	continuous	3610	1	->		2	3	0.469474	False	2.108957	0.750000	0.003497	
2025-09-09 10:06:56.533	continuous	3611	2	->		3	3	0.482818	False	0.803836	0.750000	0.003496	
2025-09-09 10:06:56.533	continuous	3612	2	->	3	4	3	0.478910	False	1.083010	0.750000	0.003496	
2025-09-09 10:06:56.533	continuous	3613	4	->		5	3	0.427206	False	2.499951	0.750000	0.003496	
2025-09-09 10:06:56.534	continuous	3614	2	->		3	3	0.481088	False	0.810808	0.750000	0.003495	
2025-09-09 10:06:56.534	continuous	3615	2	->		3	3	0.483777	False	0.787495	0.750000	0.003495	
2025-09-09 10:06:56.534	continuous	3616	3	->		4	3	0.433073	False	1.128481	0.750000	0.003495	
2025-09-09 10:06:56.534	continuous	3617	1	->	2	3	3	0.498605	False	0.766088	0.750000	0.003494	
2025-09-09 10:06:56.534	continuous	3618	2	->		3	3	0.489170	False	0.760949	0.750000	0.003494	
2025-09-09 10:06:56.534	continuous	3619	1	->	2	3	3	0.504870	False	0.719971	0.750000	0.003494	
2025-09-09 10:06:56.535	continuous	3620	1	->		2	3	0.476631	False	2.135903	0.750000	0.003493	
2025-09-09 10:06:56.535	continuous	3621	2	->	3	4	3	0.483581	False	1.146420	0.750000	0.003493	
2025-09-09 10:06:56.535	continuous	3622	1	->	2	3	3	0.501745	False	0.734316	0.750000	0.003493	
2025-09-09 10:06:56.535	continuous	3623	4	->	5	6	3	0.423788	False	5.104832	0.750000	0.003492	
2025-09-09 10:06:56.535	continuous	3624	3	->		4	3	0.432656	False	1.158606	0.750000	0.003492	
2025-09-09 10:06:56.535	continuous	3625	1	->	2	3	3	0.499785	False	0.740156	0.750000	0.003491	
2025-09-09 10:06:56.536	continuous	3626	3	->	4	5	3	0.413059	False	2.451660	0.750000	0.003491	
2025-09-09 10:06:56.536	continuous	3627	3	->	4	5	3	0.409192	False	2.411013	0.750000	0.003491	
2025-09-09 10:06:56.536	continuous	3628	2	->	3	4	3	0.475445	False	1.136165	0.750000	0.003490	
2025-09-09 10:06:56.536	continuous	3629	1	->	2	3	3	0.494153	False	0.755515	0.750000	0.003490	
2025-09-09 10:06:56.536	continuous	3630	3	->		4	3	0.429367	False	1.151370	0.750000	0.003490	
2025-09-09 10:06:56.536	continuous	3631	2	->	3	4	3	0.477106	False	1.095805	0.750000	0.003489	
2025-09-09 10:06:56.537	continuous	3632	1	->	2	3	3	0.495938	False	0.775381	0.750000	0.003489	
2025-09-09 10:06:56.537	continuous	3633	3	->	4	5	3	0.409381	False	2.399100	0.750000	0.003489	
2025-09-09 10:06:56.537	continuous	3634	2	->	3	4	3	0.475513	False	1.090836	0.750000	0.003488	
2025-09-09 10:06:56.537	continuous	3635	2	->		3	3	0.481775	False	0.800158	0.750000	0.003488	
2025-09-09 10:06:56.537	continuous	3636	2	->	3	4	3	0.477742	False	1.080686	0.750000	0.003488	
2025-09-09 10:06:56.537	continuous	3637	2	->	3	4	3	0.477429	False	1.048103	0.750000	0.003487	
2025-09-09 10:06:56.538	continuous	3638	1	->	2	3	3	0.496401	False	0.805892	0.750000	0.003487	
2025-09-09 10:06:56.538	continuous	3639	3	->		4	3	0.431940	False	1.077171	0.750000	0.003487	
2025-09-09 10:06:56.538	continuous	3640	2	->		3	3	0.486464	False	0.817600	0.750000	0.003486	
2025-09-09 10:06:56.538	continuous	3641	4	->	5	6	3	0.419176	False	5.037311	0.750000	0.003486	
2025-09-09 10:06:56.538	continuous	3642	2	->		3	3	0.484428	False	0.801709	0.750000	0.003486	
2025-09-09 10:06:56.538	continuous	3643	4	->		5	3	0.424844	False	2.433109	0.750000	0.003485	
2025-09-09 10:06:56.539	continuous	3644	2	->		3	3	0.483047	False	0.786372	0.750000	0.003485	
2025-09-09 10:06:56.539	continuous	3645	2	->	3	4	3	0.478928	False	1.088720	0.750000	0.003484	
2025-09-09 10:06:56.539	continuous	3646	2	->		3	3	0.485220	False	0.786783	0.750000	0.003484	
2025-09-09 10:06:56.539	continuous	3647	2	->	3	4	3	0.481080	False	1.078598	0.750000	0.003484	
2025-09-09 10:06:56.539	continuous	3648	3	->		4	3	0.431570	False	1.082258	0.750000	0.003483	
2025-09-09 10:06:56.540	continuous	3649	2	->		3	3	0.487436	False	0.806238	0.750000	0.003483	
2025-09-09 10:06:56.540	continuous	3650	1	->	2	3	3	0.502707	False	0.765159	0.750000	0.003483	
2025-09-09 10:06:56.540	continuous	3651	2	->		3	3	0.492638	False	0.760069	0.750000	0.003482	
2025-09-09 10:06:56.540	continuous	3652	2	->	3	4	3	0.488496	False	1.088243	0.750000	0.003482	
2025-09-09 10:06:56.540	continuous	3653	4	->		5	3	0.431489	False	2.446979	0.750000	0.003482	
2025-09-09 10:06:56.540	continuous	3654	3	->		4	3	0.434153	False	1.093054	0.750000	0.003481	
2025-09-09 10:06:56.541	continuous	3655	2	->	3	4	3	0.483685	False	1.031704	0.750000	0.003481	
2025-09-09 10:06:56.541	continuous	3656	3	->	4	5	3	0.411783	False	2.373174	0.750000	0.003481	
2025-09-09 10:06:56.541	continuous	3657	2	->	3	4	3	0.479933	False	1.006052	0.750000	0.003480	
2025-09-09 10:06:56.541	continuous	3658	1	->	2	3	3	0.499183	False	0.824567	0.750000	0.003480	
2025-09-09 10:06:56.541	continuous	3659	2	->		3	3	0.488746	False	0.815041	0.750000	0.003480	
2025-09-09 10:06:56.541	continuous	3660	3	->		4	3	0.435054	False	1.061319	0.750000	0.003479	
2025-09-09 10:06:56.542	continuous	3661	4	->		5	3	0.428749	False	2.399281	0.750000	0.003479	
2025-09-09 10:06:56.542	continuous	3662	2	->	3	4	3	0.480806	False	1.002048	0.750000	0.003479	
2025-09-09 10:06:56.542	continuous	3663	4	->		5	3	0.425294	False	2.362337	0.750000	0.003478	
2025-09-09 10:06:56.542	continuous	3664	2	->		3	3	0.483584	False	0.847262	0.750000	0.003478	
2025-09-09 10:06:56.542	continuous	3665	1	->	2	3	3	0.498163	False	0.806037	0.750000	0.003478	
2025-09-09 10:06:56.542	continuous	3666	1	->	2	3	3	0.500620	False	0.780666	0.750000	0.003477	
2025-09-09 10:06:56.543	continuous	3667	1	->	2	3	3	0.503337	False	0.756295	0.750000	0.003477	
2025-09-09 10:06:56.543	continuous	3668	4	->		5	3	0.429396	False	2.348901	0.750000	0.003476	
2025-09-09 10:06:56.543	continuous	3669	1	->	2	3	3	0.502135	False	0.740767	0.750000	0.003476	
2025-09-09 10:06:56.543	continuous	3670	3	->		4	3	0.434843	False	1.129424	0.750000	0.003476	
2025-09-09 10:06:56.543	continuous	3671	2	->		3	3	0.491665	False	0.756813	0.750000	0.003475	
2025-09-09 10:06:56.543	continuous	3672	2	->		3	3	0.494633	False	0.735432	0.750000	0.003475	
2025-09-09 10:06:56.544	continuous	3673	2	->	3	4	3	0.490597	False	1.117799	0.750000	0.003475	
2025-09-09 10:06:56.544	continuous	3674	1	->	2	3	3	0.509428	False	0.718449	0.750000	0.003474	
2025-09-09 10:06:56.544	continuous	3675	1	->	2	3	3	0.512709	False	0.696446	0.750000	0.003474	
2025-09-09 10:06:56.544	continuous	3676	3	->		4	3	0.443976	False	1.151648	0.750000	0.003474	
2025-09-09 10:06:56.544	continuous	3677	4	->		5	3	0.436502	False	2.361445	0.750000	0.003473	
2025-09-09 10:06:56.544	continuous	3678	3	->	4	5	3	0.416239	False	2.281287	0.750000	0.003473	
2025-09-09 10:06:56.545	continuous	3679	1	->		2	3	0.473621	False	2.364325	0.750000	0.003473	
2025-09-09 10:06:56.545	continuous	3680	3	->		4	3	0.431351	False	1.140435	0.750000	0.003472	
2025-09-09 10:06:56.545	continuous	3681	2	->		3	3	0.487934	False	0.761007	0.750000	0.003472	
2025-09-09 10:06:56.545	continuous	3682	2	->		3	3	0.490948	False	0.739632	0.750000	0.003472	
2025-09-09 10:06:56.545	continuous	3683	2	->		3	3	0.494141	False	0.718999	0.750000	0.003471	
2025-09-09 10:06:56.545	continuous	3684	2	->	3	4	3	0.490169	False	1.151084	0.750000	0.003471	
2025-09-09 10:06:56.546	continuous	3685	2	->		3	3	0.495837	False	0.721793	0.750000	0.003471	
2025-09-09 10:06:56.546	continuous	3686	1	->	2	3	3	0.512221	False	0.681338	0.750000	0.003470	
2025-09-09 10:06:56.546	continuous	3687	2	->		3	3	0.502571	False	0.681839	0.750000	0.003470	
2025-09-09 10:06:56.546	continuous	3688	2	->		3	3	0.506162	False	0.663112	0.750000	0.003470	
2025-09-09 10:06:56.546	continuous	3689	1	->	2	3	3	0.523491	False	0.623529	0.750000	0.003469	
2025-09-09 10:06:56.546	continuous	3690	1	->		2	3	0.492011	False	2.411825	0.750000	0.003469	
2025-09-09 10:06:56.547	continuous	3691	2	->		3	3	0.507992	False	0.640035	0.750000	0.003468	
2025-09-09 10:06:56.547	continuous	3692	2	->	3	4	3	0.503865	False	1.252729	0.750000	0.003468	
2025-09-09 10:06:56.547	continuous	3693	2	->	3	4	3	0.501043	False	1.212632	0.750000	0.003468	
2025-09-09 10:06:56.547	continuous	3694	1	->		2	3	0.485150	False	2.368200	0.750000	0.003467	
2025-09-09 10:06:56.547	continuous	3695	3	->		4	3	0.441450	False	1.192298	0.750000	0.003467	
2025-09-09 10:06:56.547	continuous	3696	2	->		3	3	0.499433	False	0.698890	0.750000	0.003467	
2025-09-09 10:06:56.548	continuous	3697	2	->	3	4	3	0.495460	False	1.167283	0.750000	0.003466	
2025-09-09 10:06:56.548	continuous	3698	2	->		3	3	0.500945	False	0.702363	0.750000	0.003466	
2025-09-09 10:06:56.548	continuous	3699	2	->	3	4	3	0.496963	False	1.153365	0.750000	0.003466	
2025-09-09 10:06:56.548	continuous	3700	2	->		3	3	0.502489	False	0.705749	0.750000	0.003465	
2025-09-09 10:06:56.548	continuous	3701	2	->		3	3	0.505835	False	0.685900	0.750000	0.003465	
2025-09-09 10:06:56.548	continuous	3702	1	->	2	3	3	0.522386	False	0.646356	0.750000	0.003465	
2025-09-09 10:06:56.549	continuous	3703	1	->		2	3	0.491408	False	2.380715	0.750000	0.003464	
2025-09-09 10:06:56.549	continuous	3704	2	->	3	4	3	0.499799	False	1.188000	0.750000	0.003464	
2025-09-09 10:06:56.549	continuous	3705	3	->		4	3	0.445823	False	1.168457	0.750000	0.003464	
2025-09-09 10:06:56.549	continuous	3706	3	->		4	3	0.445264	False	1.141536	0.750000	0.003463	
2025-09-09 10:06:56.549	continuous	3707	2	->	3	4	3	0.495796	False	1.088648	0.750000	0.003463	
2025-09-09 10:06:56.550	continuous	3708	2	->		3	3	0.501656	False	0.744870	0.750000	0.003463	
2025-09-09 10:06:56.550	continuous	3709	1	->	2	3	3	0.517065	False	0.704676	0.750000	0.003462	
2025-09-09 10:06:56.550	continuous	3710	4	->		5	3	0.441982	False	2.421800	0.750000	0.003462	
2025-09-09 10:06:56.550	continuous	3711	3	->		4	3	0.445077	False	1.130125	0.750000	0.003462	
2025-09-09 10:06:56.550	continuous	3712	2	->	3	4	3	0.495587	False	1.075732	0.750000	0.003461	
2025-09-09 10:06:56.551	continuous	3713	2	->	3	4	3	0.494812	False	1.041833	0.750000	0.003461	
2025-09-09 10:06:56.551	continuous	3714	3	->		4	3	0.444422	False	1.046799	0.750000	0.003461	
2025-09-09 10:06:56.551	continuous	3715	1	->	2	3	3	0.513103	False	0.780548	0.750000	0.003460	
2025-09-09 10:06:56.551	continuous	3716	4	->		5	3	0.439184	False	2.404747	0.750000	0.003460	
2025-09-09 10:06:56.551	continuous	3717	1	->	2	3	3	0.511351	False	0.762321	0.750000	0.003459	
2025-09-09 10:06:56.551	continuous	3718	1	->	2	3	3	0.514074	False	0.737944	0.750000	0.003459	
2025-09-09 10:06:56.552	continuous	3719	3	->	4	5	3	0.423564	False	2.336266	0.750000	0.003459	
2025-09-09 10:06:56.552	continuous	3720	2	->		3	3	0.500558	False	0.740469	0.750000	0.003458	
2025-09-09 10:06:56.552	continuous	3721	1	->		2	3	0.482997	False	2.397751	0.750000	0.003458	
2025-09-09 10:06:56.552	continuous	3722	1	->		2	3	0.477935	False	2.340605	0.750000	0.003458	
2025-09-09 10:06:56.552	continuous	3723	4	->		5	3	0.428916	False	2.326154	0.750000	0.003457	
2025-09-09 10:06:56.552	continuous	3724	1	->	2	3	3	0.501549	False	0.730909	0.750000	0.003457	
2025-09-09 10:06:56.553	continuous	3725	1	->	2	3	3	0.504908	False	0.708666	0.750000	0.003457	
2025-09-09 10:06:56.553	continuous	3726	2	->	3	4	3	0.488672	False	1.148485	0.750000	0.003456	
2025-09-09 10:06:56.553	continuous	3727	1	->		2	3	0.473743	False	2.304582	0.750000	0.003456	
2025-09-09 10:06:56.553	continuous	3728	3	->		4	3	0.432363	False	1.144790	0.750000	0.003456	
2025-09-09 10:06:56.553	continuous	3729	2	->		3	3	0.488679	False	0.760937	0.750000	0.003455	
2025-09-09 10:06:56.553	continuous	3730	2	->	3	4	3	0.484880	False	1.110192	0.750000	0.003455	
2025-09-09 10:06:56.554	continuous	3731	4	->		5	3	0.426741	False	2.315750	0.750000	0.003455	
2025-09-09 10:06:56.554	continuous	3732	2	->	3	4	3	0.480110	False	1.080878	0.750000	0.003454	
2025-09-09 10:06:56.554	continuous	3733	2	->		3	3	0.486127	False	0.793210	0.750000	0.003454	
2025-09-09 10:06:56.554	continuous	3734	2	->	3	4	3	0.482297	False	1.070885	0.750000	0.003454	
2025-09-09 10:06:56.554	continuous	3735	1	->	2	3	3	0.500170	False	0.775987	0.750000	0.003453	
2025-09-09 10:06:56.555	continuous	3736	3	->		4	3	0.434681	False	1.096797	0.750000	0.003453	
2025-09-09 10:06:56.555	continuous	3737	2	->		3	3	0.490834	False	0.789181	0.750000	0.003453	
2025-09-09 10:06:56.555	continuous	3738	1	->	2	3	3	0.505504	False	0.748145	0.750000	0.003452	
2025-09-09 10:06:56.555	continuous	3739	1	->	2	3	3	0.508567	False	0.724781	0.750000	0.003452	
2025-09-09 10:06:56.555	continuous	3740	3	->		4	3	0.441709	False	1.131546	0.750000	0.003452	
2025-09-09 10:06:56.555	continuous	3741	1	->	2	3	3	0.510926	False	0.722284	0.750000	0.003451	
2025-09-09 10:06:56.556	continuous	3742	2	->		3	3	0.501749	False	0.719257	0.750000	0.003451	
2025-09-09 10:06:56.556	continuous	3743	1	->	2	3	3	0.517550	False	0.678887	0.750000	0.003451	
2025-09-09 10:06:56.556	continuous	3744	1	->	2	3	3	0.521177	False	0.658173	0.750000	0.003450	
2025-09-09 10:06:56.556	continuous	3745	1	->	2	3	3	0.524967	False	0.638288	0.750000	0.003450	
2025-09-09 10:06:56.556	continuous	3746	4	->	5	6	3	0.437181	False	5.087112	0.750000	0.003449	
2025-09-09 10:06:56.556	continuous	3747	2	->		3	3	0.510543	False	0.650491	0.750000	0.003449	
2025-09-09 10:06:56.557	continuous	3748	1	->	2	3	3	0.527881	False	0.610941	0.750000	0.003449	
2025-09-09 10:06:56.557	continuous	3749	2	->	3	4	3	0.510146	False	1.238400	0.750000	0.003448	
2025-09-09 10:06:56.557	continuous	3750	2	->		3	3	0.515069	False	0.638189	0.750000	0.003448	
2025-09-09 10:06:56.557	continuous	3751	1	->	2	3	3	0.532570	False	0.598888	0.750000	0.003448	
2025-09-09 10:06:56.557	continuous	3752	3	->		4	3	0.459060	False	1.245342	0.750000	0.003447	
2025-09-09 10:06:56.558	continuous	3753	1	->	2	3	3	0.533995	False	0.600550	0.750000	0.003447	
2025-09-09 10:06:56.558	continuous	3754	3	->		4	3	0.460617	False	1.235167	0.750000	0.003447	
2025-09-09 10:06:56.558	continuous	3755	3	->		4	3	0.459168	False	1.206013	0.750000	0.003446	
2025-09-09 10:06:56.558	continuous	3756	4	->		5	3	0.449687	False	2.414250	0.750000	0.003446	
2025-09-09 10:06:56.558	continuous	3757	2	->	3	4	3	0.507465	False	1.167927	0.750000	0.003446	
2025-09-09 10:06:56.558	continuous	3758	1	->		2	3	0.491060	False	2.440285	0.750000	0.003445	
2025-09-09 10:06:56.559	continuous	3759	2	->	3	4	3	0.500051	False	1.132445	0.750000	0.003445	
2025-09-09 10:06:56.559	continuous	3760	3	->		4	3	0.446448	False	1.122149	0.750000	0.003445	
2025-09-09 10:06:56.559	continuous	3761	3	->		4	3	0.446256	False	1.096467	0.750000	0.003444	
2025-09-09 10:06:56.559	continuous	3762	3	->		4	3	0.446289	False	1.071407	0.750000	0.003444	
2025-09-09 10:06:56.559	continuous	3763	4	->		5	3	0.437842	False	2.382591	0.750000	0.003444	
2025-09-09 10:06:56.559	continuous	3764	1	->		2	3	0.479339	False	2.392395	0.750000	0.003443	
2025-09-09 10:06:56.560	continuous	3765	2	->	3	4	3	0.488489	False	1.020426	0.750000	0.003443	
2025-09-09 10:06:56.560	continuous	3766	2	->		3	3	0.494785	False	0.809035	0.750000	0.003443	
2025-09-09 10:06:56.560	continuous	3767	2	->		3	3	0.497103	False	0.785128	0.750000	0.003442	
2025-09-09 10:06:56.560	continuous	3768	3	->		4	3	0.442199	False	1.071443	0.750000	0.003442	
2025-09-09 10:06:56.560	continuous	3769	2	->	3	4	3	0.493103	False	1.008275	0.750000	0.003442	
2025-09-09 10:06:56.560	continuous	3770	4	->		5	3	0.433895	False	2.362707	0.750000	0.003441	
2025-09-09 10:06:56.561	continuous	3771	3	->	4	5	3	0.415097	False	2.285570	0.750000	0.003441	
2025-09-09 10:06:56.561	continuous	3772	1	->	2	3	3	0.503537	False	0.802159	0.750000	0.003441	
2025-09-09 10:06:56.561	continuous	3773	2	->		3	3	0.493889	False	0.793862	0.750000	0.003440	
2025-09-09 10:06:56.561	continuous	3774	2	->	3	4	3	0.489907	False	1.036545	0.750000	0.003440	
2025-09-09 10:06:56.561	continuous	3775	2	->		3	3	0.496043	False	0.794107	0.750000	0.003439	
2025-09-09 10:06:56.561	continuous	3776	4	->		5	3	0.432321	False	2.307659	0.750000	0.003439	
2025-09-09 10:06:56.562	continuous	3777	1	->	2	3	3	0.506526	False	0.760499	0.750000	0.003439	
2025-09-09 10:06:56.562	continuous	3778	1	->	2	3	3	0.509394	False	0.736572	0.750000	0.003438	
2025-09-09 10:06:56.562	continuous	3779	2	->		3	3	0.500099	False	0.732865	0.750000	0.003438	
2025-09-09 10:06:56.562	continuous	3780	1	->	2	3	3	0.515723	False	0.692211	0.750000	0.003438	
2025-09-09 10:06:56.562	continuous	3781	2	->		3	3	0.506479	False	0.691340	0.750000	0.003437	
2025-09-09 10:06:56.562	continuous	3782	2	->	3	4	3	0.502595	False	1.152099	0.750000	0.003437	
2025-09-09 10:06:56.563	continuous	3783	1	->	2	3	3	0.520547	False	0.675202	0.750000	0.003437	
2025-09-09 10:06:56.563	continuous	3784	2	->		3	3	0.511264	False	0.675117	0.750000	0.003436	
2025-09-09 10:06:56.563	continuous	3785	2	->		3	3	0.514785	False	0.656168	0.750000	0.003436	
2025-09-09 10:06:56.563	continuous	3786	2	->	3	4	3	0.510818	False	1.185523	0.750000	0.003436	
2025-09-09 10:06:56.563	continuous	3787	3	->	4	5	3	0.430229	False	2.301725	0.750000	0.003435	
2025-09-09 10:06:56.564	continuous	3788	1	->	2	3	3	0.524486	False	0.648827	0.750000	0.003435	
2025-09-09 10:06:56.564	continuous	3789	1	->		2	3	0.492837	False	2.482827	0.750000	0.003435	
2025-09-09 10:06:56.564	continuous	3790	3	->		4	3	0.448570	False	1.189564	0.750000	0.003434	
2025-09-09 10:06:56.564	continuous	3791	1	->		2	3	0.486102	False	2.427012	0.750000	0.003434	
2025-09-09 10:06:56.564	continuous	3792	2	->		3	3	0.502745	False	0.693026	0.750000	0.003434	
2025-09-09 10:06:56.564	continuous	3793	1	->	2	3	3	0.518986	False	0.652851	0.750000	0.003433	
2025-09-09 10:06:56.565	continuous	3794	3	->		4	3	0.448538	False	1.203988	0.750000	0.003433	
2025-09-09 10:06:56.565	continuous	3795	3	->		4	3	0.447653	False	1.176158	0.750000	0.003433	
2025-09-09 10:06:56.565	continuous	3796	3	->		4	3	0.447010	False	1.149040	0.750000	0.003432	
2025-09-09 10:06:56.565	continuous	3797	1	->		2	3	0.484044	False	2.404613	0.750000	0.003432	
2025-09-09 10:06:56.565	continuous	3798	1	->	2	3	3	0.512694	False	0.703416	0.750000	0.003432	
2025-09-09 10:06:56.565	continuous	3799	3	->	4	5	3	0.420218	False	2.288051	0.750000	0.003431	
2025-09-09 10:06:56.566	continuous	3800	1	->	2	3	3	0.512117	False	0.689663	0.750000	0.003431	
2025-09-09 10:06:56.566	continuous	3801	1	->	2	3	3	0.515741	False	0.668768	0.750000	0.003431	
2025-09-09 10:06:56.566	continuous	3802	3	->		4	3	0.446049	False	1.190816	0.750000	0.003430	
2025-09-09 10:06:56.566	continuous	3803	4	->		5	3	0.436651	False	2.305315	0.750000	0.003430	
2025-09-09 10:06:56.566	continuous	3804	3	->		4	3	0.441431	False	1.167982	0.750000	0.003430	
2025-09-09 10:06:56.566	continuous	3805	3	->		4	3	0.441000	False	1.141448	0.750000	0.003429	
2025-09-09 10:06:56.567	continuous	3806	4	->		5	3	0.431907	False	2.273226	0.750000	0.003429	
2025-09-09 10:06:56.567	continuous	3807	2	->	3	4	3	0.488117	False	1.090812	0.750000	0.003428	
2025-09-09 10:06:56.567	continuous	3808	1	->	2	3	3	0.505896	False	0.748270	0.750000	0.003428	
2025-09-09 10:06:56.567	continuous	3809	3	->		4	3	0.438988	False	1.111934	0.750000	0.003428	
2025-09-09 10:06:56.567	continuous	3810	3	->		4	3	0.439078	False	1.086834	0.750000	0.003427	
2025-09-09 10:06:56.567	continuous	3811	1	->	2	3	3	0.508052	False	0.765059	0.750000	0.003427	
2025-09-09 10:06:56.568	continuous	3812	1	->	2	3	3	0.510856	False	0.740692	0.750000	0.003427	
2025-09-09 10:06:56.568	continuous	3813	1	->	2	3	3	0.513898	False	0.717320	0.750000	0.003426	
2025-09-09 10:06:56.568	continuous	3814	1	->	2	3	3	0.517158	False	0.694904	0.750000	0.003426	
2025-09-09 10:06:56.568	continuous	3815	2	->		3	3	0.507896	False	0.693969	0.750000	0.003426	
2025-09-09 10:06:56.569	continuous	3816	1	->	2	3	3	0.524163	False	0.653350	0.750000	0.003425	
2025-09-09 10:06:56.569	continuous	3817	2	->		3	3	0.514850	False	0.654970	0.750000	0.003425	
2025-09-09 10:06:56.569	continuous	3818	2	->	3	4	3	0.510927	False	1.191848	0.750000	0.003425	
2025-09-09 10:06:56.569	continuous	3819	1	->	2	3	3	0.528866	False	0.638975	0.750000	0.003424	
2025-09-09 10:06:56.569	continuous	3820	1	->	2	3	3	0.532722	False	0.619622	0.750000	0.003424	
2025-09-09 10:06:56.570	continuous	3821	2	->	3	4	3	0.515489	False	1.200632	0.750000	0.003424	
2025-09-09 10:06:56.570	continuous	3822	1	->	2	3	3	0.533538	False	0.625083	0.750000	0.003423	
2025-09-09 10:06:56.570	continuous	3823	1	->	2	3	3	0.537455	False	0.606175	0.750000	0.003423	
2025-09-09 10:06:56.570	continuous	3824	1	->	2	3	3	0.541500	False	0.588041	0.750000	0.003423	
2025-09-09 10:06:56.570	continuous	3825	3	->	4	5	3	0.442523	False	2.325888	0.750000	0.003422	
2025-09-09 10:06:56.571	continuous	3826	2	->	3	4	3	0.519128	False	1.233867	0.750000	0.003422	
2025-09-09 10:06:56.571	continuous	3827	3	->		4	3	0.461420	False	1.200280	0.750000	0.003422	
2025-09-09 10:06:56.571	continuous	3828	1	->	2	3	3	0.535070	False	0.622858	0.750000	0.003421	
2025-09-09 10:06:56.571	continuous	3829	3	->		4	3	0.463120	False	1.191539	0.750000	0.003421	
2025-09-09 10:06:56.571	continuous	3830	4	->		5	3	0.453013	False	2.340196	0.750000	0.003421	
2025-09-09 10:06:56.571	continuous	3831	3	->		4	3	0.457779	False	1.166927	0.750000	0.003420	
2025-09-09 10:06:56.572	continuous	3832	2	->	3	4	3	0.509962	False	1.120335	0.750000	0.003420	
2025-09-09 10:06:56.572	continuous	3833	2	->	3	4	3	0.508334	False	1.083509	0.750000	0.003420	
2025-09-09 10:06:56.572	continuous	3834	2	->	3	4	3	0.507154	False	1.048086	0.750000	0.003419	
2025-09-09 10:06:56.572	continuous	3835	2	->		3	3	0.512907	False	0.745953	0.750000	0.003419	
2025-09-09 10:06:56.572	continuous	3836	3	->	4	5	3	0.432362	False	2.284121	0.750000	0.003419	
2025-09-09 10:06:56.572	continuous	3837	1	->	2	3	3	0.524097	False	0.711637	0.750000	0.003418	
2025-09-09 10:06:56.573	continuous	3838	1	->		2	3	0.493198	False	2.558136	0.750000	0.003418	
2025-09-09 10:06:56.573	continuous	3839	2	->	3	4	3	0.502462	False	1.071013	0.750000	0.003418	
2025-09-09 10:06:56.573	continuous	3840	2	->	3	4	3	0.501588	False	1.036486	0.750000	0.003417	
2025-09-09 10:06:56.573	continuous	3841	2	->		3	3	0.507473	False	0.767612	0.750000	0.003417	
2025-09-09 10:06:56.573	continuous	3842	2	->	3	4	3	0.503524	False	1.027458	0.750000	0.003417	
2025-09-09 10:06:56.573	continuous	3843	2	->		3	3	0.509418	False	0.768812	0.750000	0.003416	
2025-09-09 10:06:56.574	continuous	3844	4	->		5	3	0.444608	False	2.308204	0.750000	0.003416	
2025-09-09 10:06:56.574	continuous	3845	3	->		4	3	0.449884	False	1.059644	0.750000	0.003415	
2025-09-09 10:06:56.574	continuous	3846	3	->	4	5	3	0.425650	False	2.237377	0.750000	0.003415	
2025-09-09 10:06:56.574	continuous	3847	3	->		4	3	0.446526	False	1.041472	0.750000	0.003415	
2025-09-09 10:06:56.574	continuous	3848	4	->		5	3	0.437708	False	2.238061	0.750000	0.003414	
2025-09-09 10:06:56.574	continuous	3849	3	->		4	3	0.443396	False	1.024526	0.750000	0.003414	
2025-09-09 10:06:56.575	continuous	3850	2	->		3	3	0.500301	False	0.827711	0.750000	0.003414	
2025-09-09 10:06:56.575	continuous	3851	2	->	3	4	3	0.496266	False	0.978051	0.750000	0.003413	
2025-09-09 10:06:56.575	continuous	3852	1	->	2	3	3	0.514298	False	0.810511	0.750000	0.003413	
2025-09-09 10:06:56.575	continuous	3853	2	->		3	3	0.504485	False	0.800492	0.750000	0.003413	
2025-09-09 10:06:56.575	continuous	3854	2	->		3	3	0.506740	False	0.776107	0.750000	0.003412	
2025-09-09 10:06:56.575	continuous	3855	2	->	3	4	3	0.502861	False	1.021167	0.750000	0.003412	
2025-09-09 10:06:56.576	continuous	3856	1	->	2	3	3	0.520670	False	0.759498	0.750000	0.003412	
2025-09-09 10:06:56.576	continuous	3857	2	->	3	4	3	0.504816	False	1.013621	0.750000	0.003411	
2025-09-09 10:06:56.576	continuous	3858	1	->	2	3	3	0.522645	False	0.759792	0.750000	0.003411	
2025-09-09 10:06:56.576	continuous	3859	2	->		3	3	0.513080	False	0.752794	0.750000	0.003411	
2025-09-09 10:06:56.576	continuous	3860	1	->	2	3	3	0.527945	False	0.711177	0.750000	0.003410	
2025-09-09 10:06:56.576	continuous	3861	2	->		3	3	0.518571	False	0.707558	0.750000	0.003410	
2025-09-09 10:06:56.577	continuous	3862	4	->	5	6	3	0.442283	False	5.116535	0.750000	0.003410	
2025-09-09 10:06:56.577	continuous	3863	2	->		3	3	0.516935	False	0.695199	0.750000	0.003409	
2025-09-09 10:06:56.577	continuous	3864	3	->	4	5	3	0.433214	False	2.245342	0.750000	0.003409	
2025-09-09 10:06:56.577	continuous	3865	2	->	3	4	3	0.508955	False	1.107972	0.750000	0.003409	
2025-09-09 10:06:56.577	continuous	3866	3	->		4	3	0.454023	False	1.099728	0.750000	0.003408	
2025-09-09 10:06:56.577	continuous	3867	2	->		3	3	0.513534	False	0.726561	0.750000	0.003408	
2025-09-09 10:06:56.578	continuous	3868	1	->	2	3	3	0.529003	False	0.685428	0.750000	0.003408	
2025-09-09 10:06:56.578	continuous	3869	2	->	3	4	3	0.512544	False	1.091015	0.750000	0.003407	
2025-09-09 10:06:56.578	continuous	3870	4	->		5	3	0.447791	False	2.269706	0.750000	0.003407	
2025-09-09 10:06:56.578	continuous	3871	2	->	3	4	3	0.506988	False	1.059616	0.750000	0.003407	
2025-09-09 10:06:56.578	continuous	3872	1	->		2	3	0.491099	False	2.626330	0.750000	0.003406	
2025-09-09 10:06:56.578	continuous	3873	3	->		4	3	0.448521	False	1.065240	0.750000	0.003406	
2025-09-09 10:06:56.579	continuous	3874	1	->		2	3	0.485969	False	2.571033	0.750000	0.003406	
2025-09-09 10:06:56.579	continuous	3875	3	->		4	3	0.444138	False	1.046788	0.750000	0.003405	
2025-09-09 10:06:56.579	continuous	3876	1	->		2	3	0.481294	False	2.517813	0.750000	0.003405	
2025-09-09 10:06:56.579	continuous	3877	1	->	2	3	3	0.509370	False	0.791423	0.750000	0.003405	
2025-09-09 10:06:56.579	continuous	3878	2	->		3	3	0.499887	False	0.783957	0.750000	0.003404	
2025-09-09 10:06:56.579	continuous	3879	4	->		5	3	0.433801	False	2.234175	0.750000	0.003404	
2025-09-09 10:06:56.580	continuous	3880	4	->		5	3	0.430098	False	2.193583	0.750000	0.003404	
2025-09-09 10:06:56.580	continuous	3881	2	->	3	4	3	0.488256	False	1.043870	0.750000	0.003403	
2025-09-09 10:06:56.580	continuous	3882	4	->		5	3	0.426540	False	2.159753	0.750000	0.003403	
2025-09-09 10:06:56.580	continuous	3883	1	->	2	3	3	0.502004	False	0.789621	0.750000	0.003403	
2025-09-09 10:06:56.580	continuous	3884	4	->		5	3	0.425057	False	2.128535	0.750000	0.003402	
2025-09-09 10:06:56.580	continuous	3885	2	->		3	3	0.489124	False	0.791460	0.750000	0.003402	
2025-09-09 10:06:56.581	continuous	3886	2	->		3	3	0.491848	False	0.768605	0.750000	0.003402	
2025-09-09 10:06:56.581	continuous	3887	3	->		4	3	0.436239	False	1.126170	0.750000	0.003401	
2025-09-09 10:06:56.581	continuous	3888	3	->		4	3	0.436311	False	1.100968	0.750000	0.003401	
2025-09-09 10:06:56.581	continuous	3889	3	->		4	3	0.436591	False	1.076350	0.750000	0.003400	
2025-09-09 10:06:56.581	continuous	3890	3	->		4	3	0.437070	False	1.052329	0.750000	0.003400	
2025-09-09 10:06:56.581	continuous	3891	1	->	2	3	3	0.505839	False	0.806816	0.750000	0.003400	
2025-09-09 10:06:56.582	continuous	3892	3	->		4	3	0.439452	False	1.049429	0.750000	0.003399	
2025-09-09 10:06:56.582	continuous	3893	2	->		3	3	0.496845	False	0.818102	0.750000	0.003399	
2025-09-09 10:06:56.582	continuous	3894	2	->	3	4	3	0.493026	False	1.003834	0.750000	0.003399	
2025-09-09 10:06:56.582	continuous	3895	2	->	3	4	3	0.493202	False	0.972439	0.750000	0.003398	
2025-09-09 10:06:56.582	continuous	3896	1	->	2	3	3	0.510812	False	0.825689	0.750000	0.003398	
2025-09-09 10:06:56.582	continuous	3897	2	->	3	4	3	0.495433	False	0.967277	0.750000	0.003398	
2025-09-09 10:06:56.583	continuous	3898	2	->	3	4	3	0.495968	False	0.937060	0.750000	0.003397	
2025-09-09 10:06:56.583	continuous	3899	2	->	3	4	3	0.496844	False	0.907961	0.750000	0.003397	
2025-09-09 10:06:56.583	continuous	3900	2	->		3	4	0.503377	False	0.887786	0.750000	0.003397	
2025-09-09 10:06:56.583	continuous	3901	2	->	3	4	3	0.499109	False	0.904380	0.750000	0.003396	
2025-09-09 10:06:56.583	continuous	3902	2	->		3	4	0.505611	False	0.884285	0.750000	0.003396	
2025-09-09 10:06:56.583	continuous	3903	3	->		4	3	0.449939	False	0.954888	0.750000	0.003396	
2025-09-09 10:06:56.584	continuous	3904	1	->	2	3	3	0.519185	False	0.863270	0.750000	0.003395	
2025-09-09 10:06:56.584	continuous	3905	2	->		3	3	0.509104	False	0.848175	0.750000	0.003395	
2025-09-09 10:06:56.584	continuous	3906	2	->		3	3	0.510660	False	0.821438	0.750000	0.003395	
2025-09-09 10:06:56.584	continuous	3907	1	->	2	3	3	0.523964	False	0.779411	0.750000	0.003394	
2025-09-09 10:06:56.584	continuous	3908	3	->		4	3	0.456478	False	1.017892	0.750000	0.003394	
2025-09-09 10:06:56.585	continuous	3909	2	->		3	3	0.514760	False	0.790961	0.750000	0.003394	
2025-09-09 10:06:56.585	continuous	3910	3	->		4	3	0.458694	False	1.014906	0.750000	0.003393	
2025-09-09 10:06:56.585	continuous	3911	3	->		4	3	0.459237	False	0.991204	0.750000	0.003393	
2025-09-09 10:06:56.585	continuous	3912	2	->		3	3	0.517377	False	0.807843	0.750000	0.003393	
2025-09-09 10:06:56.585	continuous	3913	2	->		3	3	0.519239	False	0.782279	0.750000	0.003392	
2025-09-09 10:06:56.586	continuous	3914	1	->	2	3	3	0.532924	False	0.740913	0.750000	0.003392	
2025-09-09 10:06:56.586	continuous	3915	3	->		4	3	0.464931	False	1.031523	0.750000	0.003392	
2025-09-09 10:06:56.586	continuous	3916	1	->		2	3	0.501823	False	2.693278	0.750000	0.003391	
2025-09-09 10:06:56.586	continuous	3917	2	->	3	4	3	0.512381	False	0.973310	0.750000	0.003391	
2025-09-09 10:06:56.587	continuous	3918	2	->		3	3	0.518173	False	0.788422	0.750000	0.003391	
2025-09-09 10:06:56.587	continuous	3919	1	->	2	3	3	0.531727	False	0.746954	0.750000	0.003390	
2025-09-09 10:06:56.587	continuous	3920	3	->		4	3	0.463877	False	1.027840	0.750000	0.003390	
2025-09-09 10:06:56.587	continuous	3921	1	->		2	3	0.500635	False	2.658326	0.750000	0.003390	
2025-09-09 10:06:56.587	continuous	3922	2	->	3	4	3	0.511353	False	0.968979	0.750000	0.003389	
2025-09-09 10:06:56.587	continuous	3923	4	->		5	3	0.448430	False	2.313790	0.750000	0.003389	
2025-09-09 10:06:56.588	continuous	3924	2	->	3	4	3	0.507363	False	0.943592	0.750000	0.003389	
2025-09-09 10:06:56.588	continuous	3925	3	->		4	3	0.456277	False	0.962985	0.750000	0.003388	
2025-09-09 10:06:56.588	continuous	3926	2	->		3	3	0.514199	False	0.846541	0.750000	0.003388	
2025-09-09 10:06:56.588	continuous	3927	3	->		4	3	0.458501	False	0.961877	0.750000	0.003388	
2025-09-09 10:06:56.588	continuous	3928	2	->		3	3	0.516424	False	0.840460	0.750000	0.003387	
2025-09-09 10:06:56.588	continuous	3929	2	->	3	4	3	0.512373	False	0.912970	0.750000	0.003387	
2025-09-09 10:06:56.589	continuous	3930	3	->		4	3	0.461501	False	0.935306	0.750000	0.003387	
2025-09-09 10:06:56.589	continuous	3931	3	->		4	4	0.462738	False	0.913622	0.750000	0.003386	
2025-09-09 10:06:56.589	continuous	3932	2	->	3	4	4	0.515688	False	0.835111	0.750000	0.003386	
2025-09-09 10:06:56.589	continuous	3933	1	->		2	4	0.501006	False	2.656906	0.750000	0.003386	
2025-09-09 10:06:56.589	continuous	3934	1	->	2	3	4	0.528184	False	0.901402	0.750000	0.003385	
2025-09-09 10:06:56.589	continuous	3935	3	->		4	4	0.461139	False	0.900813	0.750000	0.003385	
2025-09-09 10:06:56.590	continuous	3936	3	->		4	4	0.462713	False	0.880145	0.750000	0.003385	
2025-09-09 10:06:56.590	continuous	3937	3	->		4	4	0.464457	False	0.860000	0.750000	0.003384	
2025-09-09 10:06:56.590	continuous	3938	3	->		4	4	0.466361	False	0.840373	0.750000	0.003384	
2025-09-09 10:06:56.590	continuous	3939	3	->	4	5	4	0.442278	False	2.327465	0.750000	0.003384	
2025-09-09 10:06:56.590	continuous	3940	1	->		2	4	0.499538	False	2.626706	0.750000	0.003383	
2025-09-09 10:06:56.591	continuous	3941	3	->		4	4	0.459451	False	0.840049	0.750000	0.003383	
2025-09-09 10:06:56.591	continuous	3942	1	->	2	3	4	0.529120	False	0.989312	0.750000	0.003383	
2025-09-09 10:06:56.591	continuous	3943	1	->	2	3	4	0.528427	False	0.952775	0.750000	0.003382	
2025-09-09 10:06:56.591	continuous	3944	2	->	3	4	4	0.512476	False	0.803946	0.750000	0.003382	
2025-09-09 10:06:56.591	continuous	3945	1	->	2	3	4	0.530218	False	0.944253	0.750000	0.003381	
2025-09-09 10:06:56.591	continuous	3946	2	->		3	4	0.519172	False	0.920566	0.750000	0.003381	
2025-09-09 10:06:56.592	continuous	3947	3	->	4	5	4	0.437651	False	2.307690	0.750000	0.003381	
2025-09-09 10:06:56.592	continuous	3948	1	->	2	3	4	0.526482	False	0.882213	0.750000	0.003380	
2025-09-09 10:06:56.592	continuous	3949	1	->		2	4	0.495009	False	2.600532	0.750000	0.003380	
2025-09-09 10:06:56.592	continuous	3950	2	->	3	4	4	0.506358	False	0.871958	0.750000	0.003380	
2025-09-09 10:06:56.592	continuous	3951	1	->	2	3	4	0.523514	False	0.883841	0.750000	0.003379	
2025-09-09 10:06:56.592	continuous	3952	2	->	3	4	4	0.508455	False	0.870733	0.750000	0.003379	
2025-09-09 10:06:56.593	continuous	3953	2	->		3	4	0.514760	False	0.891214	0.750000	0.003379	
2025-09-09 10:06:56.593	continuous	3954	2	->	3	4	4	0.510573	False	0.868471	0.750000	0.003378	
2025-09-09 10:06:56.593	continuous	3955	2	->	3	4	4	0.511926	False	0.840924	0.750000	0.003378	
2025-09-09 10:06:56.593	continuous	3956	1	->		2	4	0.496847	False	2.583659	0.750000	0.003378	
2025-09-09 10:06:56.593	continuous	3957	1	->	2	3	4	0.524053	False	0.907075	0.750000	0.003377	
2025-09-09 10:06:56.594	continuous	3958	1	->	2	3	4	0.524601	False	0.874624	0.750000	0.003377	
2025-09-09 10:06:56.594	continuous	3959	1	->	2	3	3	0.525573	False	0.843634	0.750000	0.003377	
2025-09-09 10:06:56.594	continuous	3960	2	->		3	3	0.516103	False	0.828924	0.750000	0.003376	
2025-09-09 10:06:56.594	continuous	3961	1	->	2	3	3	0.528641	False	0.786712	0.750000	0.003376	
2025-09-09 10:06:56.594	continuous	3962	4	->		5	3	0.450749	False	2.352904	0.750000	0.003376	
2025-09-09 10:06:56.594	continuous	3963	3	->		4	3	0.458228	False	1.001669	0.750000	0.003375	
2025-09-09 10:06:56.595	continuous	3964	5	->		6	3	0.462285	False	5.349526	0.750000	0.003375	
2025-09-09 10:06:56.595	continuous	3965	2	->	3	4	3	0.505801	False	0.935429	0.750000	0.003375	
2025-09-09 10:06:56.595	continuous	3966	3	->	4	5	3	0.428374	False	2.272735	0.750000	0.003374	
2025-09-09 10:06:56.595	continuous	3967	3	->		4	3	0.450480	False	0.965030	0.750000	0.003374	
2025-09-09 10:06:56.595	continuous	3968	4	->		5	3	0.439653	False	2.272186	0.750000	0.003374	
2025-09-09 10:06:56.595	continuous	3969	2	->	3	4	3	0.499768	False	0.894727	0.750000	0.003373	
2025-09-09 10:06:56.596	continuous	3970	1	->	2	3	4	0.516775	False	0.878564	0.750000	0.003373	
2025-09-09 10:06:56.596	continuous	3971	3	->		4	3	0.449973	False	0.948466	0.750000	0.003373	
2025-09-09 10:06:56.596	continuous	3972	2	->	3	4	4	0.503254	False	0.868495	0.750000	0.003372	
2025-09-09 10:06:56.596	continuous	3973	3	->		4	4	0.452682	False	0.903677	0.750000	0.003372	
2025-09-09 10:06:56.596	continuous	3974	1	->	2	3	4	0.522041	False	0.917420	0.750000	0.003372	
2025-09-09 10:06:56.596	continuous	3975	2	->	3	4	4	0.506843	False	0.844879	0.750000	0.003371	
2025-09-09 10:06:56.597	continuous	3976	3	->		4	4	0.456287	False	0.882669	0.750000	0.003371	
2025-09-09 10:06:56.597	continuous	3977	2	->		3	4	0.515123	False	0.943894	0.750000	0.003371	
2025-09-09 10:06:56.597	continuous	3978	2	->		3	4	0.515324	False	0.912689	0.750000	0.003370	
2025-09-09 10:06:56.597	continuous	3979	4	->		5	4	0.446369	False	2.297633	0.750000	0.003370	
2025-09-09 10:06:56.597	continuous	3980	1	->	2	3	4	0.522550	False	0.874827	0.750000	0.003370	
2025-09-09 10:06:56.597	continuous	3981	3	->		4	4	0.455760	False	0.935535	0.750000	0.003369	
2025-09-09 10:06:56.598	continuous	3982	1	->		2	4	0.492057	False	2.609727	0.750000	0.003369	
2025-09-09 10:06:56.598	continuous	3983	3	->	4	5	4	0.426498	False	2.229868	0.750000	0.003369	
2025-09-09 10:06:56.598	continuous	3984	1	->	2	3	4	0.515955	False	0.877857	0.750000	0.003368	
2025-09-09 10:06:56.598	continuous	3985	2	->	3	4	3	0.501393	False	0.896558	0.750000	0.003368	
2025-09-09 10:06:56.599	continuous	3986	4	->		5	4	0.438407	False	2.232834	0.750000	0.003368	
2025-09-09 10:06:56.599	continuous	3987	2	->		3	4	0.503572	False	0.892455	0.750000	0.003367	
2025-09-09 10:06:56.599	continuous	3988	4	->		5	3	0.435744	False	2.197842	0.750000	0.003367	
2025-09-09 10:06:56.599	continuous	3989	1	->	2	3	3	0.511380	False	0.855803	0.750000	0.003367	
2025-09-09 10:06:56.599	continuous	3990	2	->	3	4	3	0.497220	False	0.933544	0.750000	0.003366	
2025-09-09 10:06:56.599	continuous	3991	3	->		4	3	0.446608	False	0.960263	0.750000	0.003366	
2025-09-09 10:06:56.600	continuous	3992	2	->		3	3	0.504258	False	0.887475	0.750000	0.003366	
2025-09-09 10:06:56.600	continuous	3993	2	->	3	4	3	0.500484	False	0.904562	0.750000	0.003365	
2025-09-09 10:06:56.600	continuous	3994	1	->	2	3	3	0.516958	False	0.870244	0.750000	0.003365	
2025-09-09 10:06:56.600	continuous	3995	2	->	3	4	3	0.502672	False	0.901975	0.750000	0.003365	
2025-09-09 10:06:56.600	continuous	3996	2	->		3	3	0.508640	False	0.879769	0.750000	0.003364	
2025-09-09 10:06:56.600	continuous	3997	2	->	3	4	3	0.504868	False	0.898476	0.750000	0.003364	
2025-09-09 10:06:56.601	continuous	3998	2	->		3	3	0.510807	False	0.876524	0.750000	0.003364	
2025-09-09 10:06:56.601	continuous	3999	3	->		4	3	0.454979	False	0.949240	0.750000	0.003363	
2025-09-09 10:06:56.601	continuous	4000	2	->	3	4	4	0.508224	False	0.870506	0.750000	0.003363	
2025-09-09 10:06:56.601	continuous	4001	2	->	3	4	4	0.509622	False	0.843097	0.750000	0.003363	
2025-09-09 10:06:56.602	continuous	4002	2	->	3	4	4	0.511321	False	0.816749	0.750000	0.003362	
2025-09-09 10:06:56.602	continuous	4003	1	->		2	4	0.495517	False	2.649564	0.750000	0.003362	
2025-09-09 10:06:56.602	continuous	4004	4	->		5	4	0.442815	False	2.246971	0.750000	0.003362	
2025-09-09 10:06:56.602	continuous	4005	1	->		2	4	0.486546	False	2.579141	0.750000	0.003361	
2025-09-09 10:06:56.603	continuous	4006	2	->		3	4	0.503840	False	0.959761	0.750000	0.003361	
2025-09-09 10:06:56.603	continuous	4007	3	->	4	5	4	0.421903	False	2.175530	0.750000	0.003361	
2025-09-09 10:06:56.603	continuous	4008	4	->		5	4	0.431580	False	2.163569	0.750000	0.003360	
2025-09-09 10:06:56.603	continuous	4009	4	->		5	4	0.428096	False	2.124136	0.750000	0.003360	
2025-09-09 10:06:56.603	continuous	4010	2	->	3	4	4	0.488486	False	0.866835	0.750000	0.003360	
2025-09-09 10:06:56.604	continuous	4011	2	->	3	4	4	0.490443	False	0.840836	0.750000	0.003359	
2025-09-09 10:06:56.604	continuous	4012	2	->		3	4	0.496820	False	0.992703	0.750000	0.003359	
2025-09-09 10:06:56.604	continuous	4013	2	->		3	4	0.496981	False	0.960875	0.750000	0.003359	
2025-09-09 10:06:56.604	continuous	4014	1	->	2	3	4	0.507418	False	0.917692	0.750000	0.003358	
2025-09-09 10:06:56.604	continuous	4015	2	->		3	4	0.498375	False	0.899943	0.750000	0.003358	
2025-09-09 10:06:56.604	continuous	4016	3	->		4	3	0.443419	False	0.970716	0.750000	0.003358	
2025-09-09 10:06:56.605	continuous	4017	1	->	2	3	3	0.510721	False	0.878426	0.750000	0.003357	
2025-09-09 10:06:56.605	continuous	4018	2	->		3	3	0.502009	False	0.863170	0.750000	0.003357	
2025-09-09 10:06:56.605	continuous	4019	2	->		3	3	0.503604	False	0.836190	0.750000	0.003357	
2025-09-09 10:06:56.605	continuous	4020	1	->	2	3	3	0.515674	False	0.794198	0.750000	0.003356	
2025-09-09 10:06:56.605	continuous	4021	2	->		3	3	0.507644	False	0.784724	0.750000	0.003356	
2025-09-09 10:06:56.605	continuous	4022	2	->		3	3	0.510064	False	0.760799	0.750000	0.003356	
2025-09-09 10:06:56.606	continuous	4023	4	->		5	3	0.441498	False	2.176168	0.750000	0.003355	
2025-09-09 10:06:56.606	continuous	4024	3	->		4	3	0.450268	False	1.078693	0.750000	0.003355	
2025-09-09 10:06:56.606	continuous	4025	3	->		4	3	0.450474	False	1.053783	0.750000	0.003355	
2025-09-09 10:06:56.606	continuous	4026	2	->		3	3	0.508306	False	0.786030	0.750000	0.003354	
2025-09-09 10:06:56.606	continuous	4027	2	->		3	3	0.510704	False	0.761982	0.750000	0.003354	
2025-09-09 10:06:56.607	continuous	4028	2	->		3	3	0.513338	False	0.738871	0.750000	0.003354	
2025-09-09 10:06:56.607	continuous	4029	2	->	3	4	3	0.510414	False	1.059968	0.750000	0.003353	
2025-09-09 10:06:56.607	continuous	4030	4	->		5	3	0.443840	False	2.177495	0.750000	0.003353	
2025-09-09 10:06:56.607	continuous	4031	1	->	2	3	3	0.521334	False	0.731903	0.750000	0.003353	
2025-09-09 10:06:56.607	continuous	4032	1	->	2	3	3	0.524314	False	0.708259	0.750000	0.003352	
2025-09-09 10:06:56.607	continuous	4033	1	->	2	3	3	0.527520	False	0.685615	0.750000	0.003352	
2025-09-09 10:06:56.608	continuous	4034	2	->		3	3	0.520019	False	0.683032	0.750000	0.003352	
2025-09-09 10:06:56.608	continuous	4035	2	->	3	4	3	0.517114	False	1.129696	0.750000	0.003351	
2025-09-09 10:06:56.608	continuous	4036	2	->		3	3	0.521283	False	0.687416	0.750000	0.003351	
2025-09-09 10:06:56.608	continuous	4037	3	->		4	3	0.463511	False	1.135469	0.750000	0.003351	
2025-09-09 10:06:56.608	continuous	4038	3	->		4	3	0.462932	False	1.108344	0.750000	0.003350	
2025-09-09 10:06:56.608	continuous	4039	2	->	3	4	3	0.516339	False	1.053018	0.750000	0.003350	
2025-09-09 10:06:56.609	continuous	4040	4	->		5	3	0.449314	False	2.198693	0.750000	0.003350	
2025-09-09 10:06:56.609	continuous	4041	2	->	3	4	3	0.511316	False	1.022805	0.750000	0.003349	
2025-09-09 10:06:56.609	continuous	4042	1	->		2	3	0.493113	False	2.690311	0.750000	0.003349	
2025-09-09 10:06:56.609	continuous	4043	1	->	2	3	3	0.521270	False	0.757320	0.750000	0.003349	
2025-09-09 10:06:56.609	continuous	4044	1	->	2	3	3	0.523929	False	0.732379	0.750000	0.003348	
2025-09-09 10:06:56.609	continuous	4045	3	->		4	3	0.457426	False	1.076589	0.750000	0.003348	
2025-09-09 10:06:56.610	continuous	4046	3	->		4	3	0.457490	False	1.051324	0.750000	0.003348	
2025-09-09 10:06:56.610	continuous	4047	2	->	3	4	3	0.510354	False	0.986072	0.750000	0.003347	
2025-09-09 10:06:56.610	continuous	4048	3	->		4	3	0.457987	False	0.998997	0.750000	0.003347	
2025-09-09 10:06:56.610	continuous	4049	3	->		4	3	0.458730	False	0.975781	0.750000	0.003347	
2025-09-09 10:06:56.610	continuous	4050	2	->		3	3	0.516427	False	0.834120	0.750000	0.003346	
2025-09-09 10:06:56.610	continuous	4051	3	->		4	3	0.460919	False	0.974312	0.750000	0.003346	
2025-09-09 10:06:56.611	continuous	4052	4	->		5	3	0.448452	False	2.216340	0.750000	0.003346	
2025-09-09 10:06:56.611	continuous	4053	3	->	4	5	3	0.432283	False	2.150258	0.750000	0.003345	
2025-09-09 10:06:56.611	continuous	4054	2	->	3	4	3	0.506171	False	0.914222	0.750000	0.003345	
2025-09-09 10:06:56.611	continuous	4055	2	->	3	4	3	0.507150	False	0.884886	0.750000	0.003345	
2025-09-09 10:06:56.611	continuous	4056	1	->	2	3	4	0.522444	False	0.878496	0.750000	0.003344	
2025-09-09 10:06:56.612	continuous	4057	1	->	2	3	3	0.523485	False	0.847505	0.750000	0.003344	
2025-09-09 10:06:56.612	continuous	4058	1	->	2	3	3	0.524914	False	0.817900	0.750000	0.003343	
2025-09-09 10:06:56.612	continuous	4059	3	->		4	3	0.459813	False	0.982838	0.750000	0.003343	
2025-09-09 10:06:56.612	continuous	4060	3	->		4	3	0.460684	False	0.959902	0.750000	0.003343	
2025-09-09 10:06:56.612	continuous	4061	2	->	3	4	3	0.513595	False	0.883449	0.750000	0.003342	
2025-09-09 10:06:56.612	continuous	4062	1	->		2	4	0.496743	False	2.727462	0.750000	0.003342	
2025-09-09 10:06:56.613	continuous	4063	2	->	3	4	4	0.509904	False	0.861943	0.750000	0.003342	
2025-09-09 10:06:56.613	continuous	4064	1	->	2	3	4	0.525266	False	0.892624	0.750000	0.003341	
2025-09-09 10:06:56.613	continuous	4065	2	->	3	4	4	0.511967	False	0.860909	0.750000	0.003341	
2025-09-09 10:06:56.613	continuous	4066	3	->		4	4	0.461340	False	0.895329	0.750000	0.003341	
2025-09-09 10:06:56.613	continuous	4067	4	->		5	4	0.449014	False	2.212440	0.750000	0.003340	
2025-09-09 10:06:56.613	continuous	4068	3	->		4	4	0.459233	False	0.883569	0.750000	0.003340	
2025-09-09 10:06:56.614	continuous	4069	2	->		3	4	0.517094	False	0.947522	0.750000	0.003340	
2025-09-09 10:06:56.614	continuous	4070	2	->		3	4	0.517272	False	0.915633	0.750000	0.003339	
2025-09-09 10:06:56.614	continuous	4071	1	->	2	3	4	0.527405	False	0.872328	0.750000	0.003339	
2025-09-09 10:06:56.614	continuous	4072	2	->		3	3	0.518766	False	0.854932	0.750000	0.003339	
2025-09-09 10:06:56.614	continuous	4073	2	->	3	4	3	0.515477	False	0.899325	0.750000	0.003338	
2025-09-09 10:06:56.615	continuous	4074	2	->		3	3	0.520809	False	0.852552	0.750000	0.003338	
2025-09-09 10:06:56.615	continuous	4075	2	->	3	4	3	0.517519	False	0.895588	0.750000	0.003338	
2025-09-09 10:06:56.615	continuous	4076	2	->		3	3	0.522824	False	0.850228	0.750000	0.003337	
2025-09-09 10:06:56.615	continuous	4077	1	->	2	3	3	0.533706	False	0.807797	0.750000	0.003337	
2025-09-09 10:06:56.615	continuous	4078	1	->		2	3	0.502698	False	2.752223	0.750000	0.003337	
2025-09-09 10:06:56.615	continuous	4079	3	->		4	3	0.463628	False	0.971892	0.750000	0.003336	
2025-09-09 10:06:56.616	continuous	4080	5	->		6	3	0.466659	False	5.373893	0.750000	0.003336	
2025-09-09 10:06:56.616	continuous	4081	3	->		4	3	0.459186	False	0.954706	0.750000	0.003336	
2025-09-09 10:06:56.616	continuous	4082	2	->	3	4	3	0.513254	False	0.876863	0.750000	0.003335	
2025-09-09 10:06:56.616	continuous	4083	2	->		3	4	0.518809	False	0.876338	0.750000	0.003335	
2025-09-09 10:06:56.616	continuous	4084	1	->	2	3	3	0.529485	False	0.833748	0.750000	0.003335	
2025-09-09 10:06:56.616	continuous	4085	1	->	2	3	3	0.530902	False	0.804563	0.750000	0.003334	
2025-09-09 10:06:56.617	continuous	4086	2	->		3	3	0.522778	False	0.792280	0.750000	0.003334	
2025-09-09 10:06:56.617	continuous	4087	1	->		2	3	0.500955	False	2.714251	0.750000	0.003334	
2025-09-09 10:06:56.617	continuous	4088	1	->	2	3	3	0.529687	False	0.759461	0.750000	0.003333	
2025-09-09 10:06:56.617	continuous	4089	2	->		3	3	0.521997	False	0.750879	0.750000	0.003333	
2025-09-09 10:06:56.617	continuous	4090	2	->		3	3	0.524491	False	0.727616	0.750000	0.003333	
2025-09-09 10:06:56.618	continuous	4091	3	->		4	3	0.466839	False	1.063228	0.750000	0.003332	
2025-09-09 10:06:56.618	continuous	4092	1	->	2	3	3	0.536690	False	0.708545	0.750000	0.003332	
2025-09-09 10:06:56.618	continuous	4093	2	->		3	3	0.529218	False	0.703000	0.750000	0.003332	
2025-09-09 10:06:56.618	continuous	4094	1	->	2	3	3	0.542625	False	0.663354	0.750000	0.003331	
2025-09-09 10:06:56.619	continuous	4095	3	->		4	3	0.473421	False	1.100533	0.750000	0.003331	
2025-09-09 10:06:56.619	continuous	4096	4	->		5	3	0.459099	False	2.298834	0.750000	0.003331	
2025-09-09 10:06:56.619	continuous	4097	1	->	2	3	3	0.540063	False	0.670773	0.750000	0.003330	
2025-09-09 10:06:56.619	continuous	4098	2	->	3	4	3	0.526783	False	1.077566	0.750000	0.003330	
2025-09-09 10:06:56.619	continuous	4099	2	->		3	3	0.530889	False	0.692886	0.750000	0.003330	
2025-09-09 10:06:56.620	continuous	4100	1	->		2	3	0.508811	False	2.728131	0.750000	0.003329	
2025-09-09 10:06:56.620	continuous	4101	3	->		4	3	0.467429	False	1.092367	0.750000	0.003329	
2025-09-09 10:06:56.620	continuous	4102	2	->		3	3	0.527503	False	0.702477	0.750000	0.003329	
2025-09-09 10:06:56.620	continuous	4103	3	->		4	3	0.469358	False	1.086678	0.750000	0.003328	
2025-09-09 10:06:56.620	continuous	4104	1	->		2	3	0.504610	False	2.682198	0.750000	0.003328	
2025-09-09 10:06:56.620	continuous	4105	5	->		6	3	0.466212	False	5.306400	0.750000	0.003328	
2025-09-09 10:06:56.621	continuous	4106	1	->	2	3	3	0.529849	False	0.702116	0.750000	0.003327	
2025-09-09 10:06:56.621	continuous	4107	3	->		4	3	0.460751	False	1.088255	0.750000	0.003327	
2025-09-09 10:06:56.621	continuous	4108	3	->		4	3	0.460604	False	1.062909	0.750000	0.003327	
2025-09-09 10:06:56.621	continuous	4109	2	->		3	3	0.521053	False	0.738211	0.750000	0.003326	
2025-09-09 10:06:56.621	continuous	4110	2	->		3	3	0.523688	False	0.715762	0.750000	0.003326	
2025-09-09 10:06:56.621	continuous	4111	3	->		4	3	0.464827	False	1.078614	0.750000	0.003326	
2025-09-09 10:06:56.622	continuous	4112	3	->		4	3	0.464667	False	1.053290	0.750000	0.003325	
2025-09-09 10:06:56.622	continuous	4113	1	->	2	3	3	0.535260	False	0.717615	0.750000	0.003325	
2025-09-09 10:06:56.622	continuous	4114	2	->		3	3	0.527731	False	0.711643	0.750000	0.003325	
2025-09-09 10:06:56.622	continuous	4115	1	->		2	3	0.504989	False	2.662943	0.750000	0.003324	
2025-09-09 10:06:56.622	continuous	4116	1	->	2	3	3	0.535643	False	0.682101	0.750000	0.003324	
2025-09-09 10:06:56.623	continuous	4117	2	->		3	3	0.528295	False	0.678857	0.750000	0.003324	
2025-09-09 10:06:56.623	continuous	4118	4	->		5	3	0.454212	False	2.320010	0.750000	0.003323	
2025-09-09 10:06:56.623	continuous	4119	3	->		4	3	0.464490	False	1.118919	0.750000	0.003323	
2025-09-09 10:06:56.623	continuous	4120	2	->	3	4	3	0.520033	False	1.066505	0.750000	0.003323	
2025-09-09 10:06:56.623	continuous	4121	1	->	2	3	3	0.534588	False	0.693573	0.750000	0.003322	
2025-09-09 10:06:56.623	continuous	4122	1	->	2	3	3	0.537678	False	0.671246	0.750000	0.003322	
2025-09-09 10:06:56.624	continuous	4123	1	->	2	3	3	0.540972	False	0.649884	0.750000	0.003322	
2025-09-09 10:06:56.624	continuous	4124	2	->	3	4	3	0.527407	False	1.106232	0.750000	0.003322	
2025-09-09 10:06:56.624	continuous	4125	4	->		5	3	0.454660	False	2.313091	0.750000	0.003321	
2025-09-09 10:06:56.624	continuous	4126	2	->	3	4	3	0.521288	False	1.071874	0.750000	0.003321	
2025-09-09 10:06:56.624	continuous	4127	2	->	3	4	3	0.519947	False	1.035678	0.750000	0.003321	
2025-09-09 10:06:56.624	continuous	4128	2	->		3	3	0.524436	False	0.730800	0.750000	0.003320	
2025-09-09 10:06:56.625	continuous	4129	3	->		4	3	0.465908	False	1.057741	0.750000	0.003320	
2025-09-09 10:06:56.625	continuous	4130	1	->		2	3	0.501340	False	2.658808	0.750000	0.003320	
2025-09-09 10:06:56.625	continuous	4131	2	->	3	4	3	0.516064	False	1.000348	0.750000	0.003319	
2025-09-09 10:06:56.625	continuous	4132	3	->	4	5	3	0.434181	False	2.260774	0.750000	0.003319	
2025-09-09 10:06:56.625	continuous	4133	3	->		4	3	0.457312	False	1.016075	0.750000	0.003319	
2025-09-09 10:06:56.626	continuous	4134	2	->		3	3	0.517087	False	0.790062	0.750000	0.003318	
2025-09-09 10:06:56.626	continuous	4135	2	->		3	3	0.519192	False	0.765425	0.750000	0.003318	
2025-09-09 10:06:56.626	continuous	4136	2	->	3	4	3	0.516261	False	0.995472	0.750000	0.003318	
2025-09-09 10:06:56.626	continuous	4137	1	->	2	3	3	0.530754	False	0.750273	0.750000	0.003317	
2025-09-09 10:06:56.626	continuous	4138	4	->		5	3	0.448403	False	2.280164	0.750000	0.003317	
2025-09-09 10:06:56.626	continuous	4139	2	->		3	3	0.519257	False	0.749580	0.750000	0.003317	
2025-09-09 10:06:56.626	continuous	4140	4	->		5	3	0.446509	False	2.246183	0.750000	0.003316	
2025-09-09 10:06:56.627	continuous	4141	2	->	3	4	3	0.512395	False	1.023077	0.750000	0.003316	
2025-09-09 10:06:56.627	continuous	4142	1	->	2	3	3	0.526738	False	0.741969	0.750000	0.003316	
2025-09-09 10:06:56.627	continuous	4143	1	->	2	3	3	0.529421	False	0.717668	0.750000	0.003315	
2025-09-09 10:06:56.627	continuous	4144	2	->	3	4	3	0.516707	False	1.040081	0.750000	0.003315	
2025-09-09 10:06:56.627	continuous	4145	2	->		3	3	0.521163	False	0.737315	0.750000	0.003315	
2025-09-09 10:06:56.627	continuous	4146	3	->		4	3	0.462821	False	1.063097	0.750000	0.003314	
2025-09-09 10:06:56.628	continuous	4147	2	->		3	3	0.523254	False	0.735080	0.750000	0.003314	
2025-09-09 10:06:56.628	continuous	4148	3	->		4	3	0.464871	False	1.058594	0.750000	0.003314	
2025-09-09 10:06:56.628	continuous	4149	3	->		4	3	0.464908	False	1.033743	0.750000	0.003313	
2025-09-09 10:06:56.628	continuous	4150	3	->		4	3	0.465163	False	1.009554	0.750000	0.003313	
2025-09-09 10:06:56.628	continuous	4151	3	->		4	3	0.465633	False	0.985988	0.750000	0.003313	
2025-09-09 10:06:56.628	continuous	4152	2	->		3	3	0.525290	False	0.795173	0.750000	0.003312	
2025-09-09 10:06:56.629	continuous	4153	3	->	4	5	3	0.440748	False	2.255658	0.750000	0.003312	
2025-09-09 10:06:56.629	continuous	4154	2	->	3	4	3	0.518370	False	0.945796	0.750000	0.003312	
2025-09-09 10:06:56.629	continuous	4155	3	->		4	3	0.464378	False	0.963928	0.750000	0.003311	
2025-09-09 10:06:56.629	continuous	4156	2	->		3	3	0.523896	False	0.822365	0.750000	0.003311	
2025-09-09 10:06:56.629	continuous	4157	3	->	4	5	3	0.439456	False	2.235259	0.750000	0.003311	
2025-09-09 10:06:56.629	continuous	4158	2	->	3	4	3	0.516916	False	0.920512	0.750000	0.003310	
2025-09-09 10:06:56.630	continuous	4159	2	->		3	3	0.522000	False	0.827068	0.750000	0.003310	
2025-09-09 10:06:56.630	continuous	4160	3	->		4	3	0.464623	False	0.965083	0.750000	0.003310	
2025-09-09 10:06:56.630	continuous	4161	2	->		3	3	0.524139	False	0.821437	0.750000	0.003309	
2025-09-09 10:06:56.630	continuous	4162	3	->		4	3	0.466733	False	0.963929	0.750000	0.003309	
2025-09-09 10:06:56.630	continuous	4163	3	->		4	3	0.467612	False	0.941462	0.750000	0.003309	
2025-09-09 10:06:56.631	continuous	4164	2	->	3	4	3	0.522701	False	0.864630	0.750000	0.003308	
2025-09-09 10:06:56.631	continuous	4165	3	->	4	5	4	0.442476	False	2.242583	0.750000	0.003308	
2025-09-09 10:06:56.631	continuous	4166	2	->	3	4	4	0.519961	False	0.843552	0.750000	0.003308	
2025-09-09 10:06:56.631	continuous	4167	1	->	2	3	4	0.534493	False	0.881606	0.750000	0.003307	
2025-09-09 10:06:56.631	continuous	4168	1	->	2	3	4	0.535140	False	0.849790	0.750000	0.003307	
2025-09-09 10:06:56.631	continuous	4169	2	->	3	4	3	0.522669	False	0.869623	0.750000	0.003307	
2025-09-09 10:06:56.632	continuous	4170	2	->		3	4	0.527919	False	0.859127	0.750000	0.003306	
2025-09-09 10:06:56.632	continuous	4171	3	->		4	3	0.470375	False	0.921499	0.750000	0.003306	
2025-09-09 10:06:56.632	continuous	4172	4	->		5	4	0.456125	False	2.265991	0.750000	0.003306	
2025-09-09 10:06:56.632	continuous	4173	2	->		3	3	0.525868	False	0.857354	0.750000	0.003305	
2025-09-09 10:06:56.632	continuous	4174	3	->		4	3	0.468582	False	0.929388	0.750000	0.003305	
2025-09-09 10:06:56.632	continuous	4175	4	->	5	6	3	0.442929	False	5.033846	0.750000	0.003305	
2025-09-09 10:06:56.633	continuous	4176	2	->	3	4	4	0.519690	False	0.855091	0.750000	0.003304	
2025-09-09 10:06:56.633	continuous	4177	4	->		5	4	0.449635	False	2.228253	0.750000	0.003304	
2025-09-09 10:06:56.633	continuous	4178	1	->		2	4	0.496558	False	2.753197	0.750000	0.003304	
2025-09-09 10:06:56.633	continuous	4179	4	->		5	4	0.441183	False	2.178375	0.750000	0.003303	
2025-09-09 10:06:56.633	continuous	4180	1	->	2	3	4	0.521440	False	0.884094	0.750000	0.003303	
2025-09-09 10:06:56.634	continuous	4181	1	->	2	3	3	0.522404	False	0.853489	0.750000	0.003303	
2025-09-09 10:06:56.634	continuous	4182	1	->	2	3	3	0.523747	False	0.824219	0.750000	0.003302	
2025-09-09 10:06:56.634	continuous	4183	2	->		3	3	0.516187	False	0.811605	0.750000	0.003302	
2025-09-09 10:06:56.635	continuous	4184	1	->	2	3	3	0.527417	False	0.770211	0.750000	0.003302	
2025-09-09 10:06:56.635	continuous	4185	2	->	3	4	3	0.515256	False	0.977804	0.750000	0.003301	
2025-09-09 10:06:56.635	continuous	4186	3	->		4	3	0.460129	False	0.992784	0.750000	0.003301	
2025-09-09 10:06:56.635	continuous	4187	1	->	2	3	3	0.529568	False	0.791441	0.750000	0.003301	
2025-09-09 10:06:56.636	continuous	4188	2	->	3	4	3	0.517389	False	0.945207	0.750000	0.003300	
2025-09-09 10:06:56.636	continuous	4189	3	->		4	3	0.462723	False	0.964992	0.750000	0.003300	
2025-09-09 10:06:56.636	continuous	4190	3	->		4	3	0.463665	False	0.942892	0.750000	0.003300	
2025-09-09 10:06:56.636	continuous	4191	1	->	2	3	3	0.532855	False	0.833804	0.750000	0.003299	
2025-09-09 10:06:56.637	continuous	4192	1	->	2	3	3	0.534184	False	0.804614	0.750000	0.003299	
2025-09-09 10:06:56.637	continuous	4193	3	->	4	5	3	0.439173	False	2.199548	0.750000	0.003299	
2025-09-09 10:06:56.637	continuous	4194	2	->		3	3	0.522702	False	0.798374	0.750000	0.003298	
2025-09-09 10:06:56.637	continuous	4195	2	->		3	3	0.524604	False	0.773029	0.750000	0.003298	
2025-09-09 10:06:56.637	continuous	4196	2	->		3	3	0.526777	False	0.748720	0.750000	0.003298	
2025-09-09 10:06:56.638	continuous	4197	2	->	3	4	3	0.524056	False	0.998255	0.750000	0.003297	
2025-09-09 10:06:56.638	continuous	4198	1	->		2	3	0.503054	False	2.789812	0.750000	0.003297	
2025-09-09 10:06:56.638	continuous	4199	2	->		3	3	0.523516	False	0.759269	0.750000	0.003297	
2025-09-09 10:06:56.638	continuous	4200	1	->		2	3	0.500090	False	2.735614	0.750000	0.003296	
2025-09-09 10:06:56.639	continuous	4201	3	->		4	3	0.460097	False	1.036438	0.750000	0.003296	
2025-09-09 10:06:56.639	continuous	4202	2	->		3	3	0.520732	False	0.765097	0.750000	0.003296	
2025-09-09 10:06:56.639	continuous	4203	2	->		3	3	0.523078	False	0.741406	0.750000	0.003295	
2025-09-09 10:06:56.639	continuous	4204	2	->	3	4	3	0.520403	False	1.018995	0.750000	0.003295	
2025-09-09 10:06:56.639	continuous	4205	3	->		4	3	0.463880	False	1.024487	0.750000	0.003295	
2025-09-09 10:06:56.639	continuous	4206	3	->		4	3	0.464254	False	1.000699	0.750000	0.003294	
2025-09-09 10:06:56.640	continuous	4207	3	->		4	3	0.464833	False	0.977531	0.750000	0.003294	
2025-09-09 10:06:56.640	continuous	4208	2	->		3	3	0.525129	False	0.805791	0.750000	0.003294	
2025-09-09 10:06:56.640	continuous	4209	4	->		5	3	0.450580	False	2.248748	0.750000	0.003293	
2025-09-09 10:06:56.640	continuous	4210	1	->	2	3	3	0.531948	False	0.770952	0.750000	0.003293	
2025-09-09 10:06:56.640	continuous	4211	1	->	2	3	3	0.534137	False	0.744910	0.750000	0.003293	
2025-09-09 10:06:56.641	continuous	4212	4	->		5	3	0.450175	False	2.221690	0.750000	0.003292	
2025-09-09 10:06:56.641	continuous	4213	3	->	4	5	3	0.435056	False	2.160189	0.750000	0.003292	
2025-09-09 10:06:56.641	continuous	4214	2	->		3	3	0.519410	False	0.751111	0.750000	0.003292	
2025-09-09 10:06:56.641	continuous	4215	3	->	4	5	3	0.433410	False	2.130449	0.750000	0.003291	
2025-09-09 10:06:56.641	continuous	4216	1	->	2	3	3	0.527541	False	0.718368	0.750000	0.003291	
2025-09-09 10:06:56.642	continuous	4217	1	->	2	3	3	0.530537	False	0.695281	0.750000	0.003291	
2025-09-09 10:06:56.642	continuous	4218	3	->		4	3	0.461906	False	1.104554	0.750000	0.003290	
2025-09-09 10:06:56.642	continuous	4219	1	->		2	3	0.496890	False	2.738217	0.750000	0.003290	
2025-09-09 10:06:56.642	continuous	4220	3	->		4	3	0.456854	False	1.082856	0.750000	0.003290	
2025-09-09 10:06:56.642	continuous	4221	2	->	3	4	3	0.512296	False	1.020871	0.750000	0.003289	
2025-09-09 10:06:56.643	continuous	4222	3	->		4	3	0.456798	False	1.029472	0.750000	0.003289	
2025-09-09 10:06:56.643	continuous	4223	1	->	2	3	3	0.525788	False	0.769780	0.750000	0.003289	
2025-09-09 10:06:56.643	continuous	4224	4	->	5	6	3	0.431159	False	4.940323	0.750000	0.003288	
2025-09-09 10:06:56.643	continuous	4225	1	->	2	3	3	0.524354	False	0.750874	0.750000	0.003288	
2025-09-09 10:06:56.644	continuous	4226	1	->	2	3	3	0.526971	False	0.726544	0.750000	0.003288	
2025-09-09 10:06:56.644	continuous	4227	4	->		5	3	0.441117	False	2.152747	0.750000	0.003287	
2025-09-09 10:06:56.644	continuous	4228	2	->		3	3	0.516201	False	0.729065	0.750000	0.003287	
2025-09-09 10:06:56.644	continuous	4229	2	->	3	4	3	0.513604	False	1.066511	0.750000	0.003287	
2025-09-09 10:06:56.644	continuous	4230	2	->		3	3	0.517820	False	0.731761	0.750000	0.003286	
2025-09-09 10:06:56.644	continuous	4231	1	->	2	3	3	0.530333	False	0.691854	0.750000	0.003286	
2025-09-09 10:06:56.645	continuous	4232	2	->	3	4	3	0.518011	False	1.080420	0.750000	0.003286	
2025-09-09 10:06:56.645	continuous	4233	1	->		2	3	0.495394	False	2.720909	0.750000	0.003285	
2025-09-09 10:06:56.645	continuous	4234	3	->		4	3	0.454930	False	1.081013	0.750000	0.003285	
2025-09-09 10:06:56.645	continuous	4235	1	->	2	3	3	0.526007	False	0.724794	0.750000	0.003285	
2025-09-09 10:06:56.645	continuous	4236	1	->	2	3	3	0.528914	False	0.701630	0.750000	0.003285	
2025-09-09 10:06:56.646	continuous	4237	1	->	2	3	3	0.532037	False	0.679452	0.750000	0.003284	
2025-09-09 10:06:56.646	continuous	4238	1	->	2	3	3	0.535357	False	0.658207	0.750000	0.003284	
2025-09-09 10:06:56.646	continuous	4239	2	->		3	3	0.528528	False	0.657310	0.750000	0.003284	
2025-09-09 10:06:56.646	continuous	4240	1	->	2	3	3	0.542439	False	0.618726	0.750000	0.003283	
2025-09-09 10:06:56.646	continuous	4241	1	->	2	3	3	0.546232	False	0.600014	0.750000	0.003283	
2025-09-09 10:06:56.647	continuous	4242	1	->		2	3	0.510269	False	2.737207	0.750000	0.003283	
2025-09-09 10:06:56.647	continuous	4243	2	->		3	3	0.533517	False	0.613733	0.750000	0.003282	
2025-09-09 10:06:56.647	continuous	4244	1	->	2	3	3	0.548323	False	0.576219	0.750000	0.003282	
2025-09-09 10:06:56.647	continuous	4245	1	->	2	3	3	0.552436	False	0.559430	0.750000	0.003282	
2025-09-09 10:06:56.647	continuous	4246	5	->		6	3	0.477142	False	5.218860	0.750000	0.003281	
2025-09-09 10:06:56.647	continuous	4247	3	->	4	5	3	0.439230	False	2.180675	0.750000	0.003281	
2025-09-09 10:06:56.648	continuous	4248	2	->		3	3	0.535324	False	0.583517	0.750000	0.003281	
2025-09-09 10:06:56.648	continuous	4249	1	->	2	3	3	0.551029	False	0.546750	0.750000	0.003280	
2025-09-09 10:06:56.648	continuous	4250	1	->	2	3	3	0.555324	False	0.531509	0.750000	0.003280	
2025-09-09 10:06:56.648	continuous	4251	2	->		3	3	0.547435	False	0.538464	0.750000	0.003280	
2025-09-09 10:06:56.648	continuous	4252	4	->	5	6	3	0.446679	False	4.866858	0.750000	0.003279	
2025-09-09 10:06:56.649	continuous	4253	2	->		3	3	0.546400	False	0.534224	0.750000	0.003279	
2025-09-09 10:06:56.649	continuous	4254	2	->	3	4	3	0.542729	False	1.362516	0.750000	0.003279	
2025-09-09 10:06:56.649	continuous	4255	2	->	3	4	3	0.537993	False	1.315930	0.750000	0.003278	
2025-09-09 10:06:56.649	continuous	4256	2	->	3	4	3	0.533784	False	1.271132	0.750000	0.003278	
2025-09-09 10:06:56.649	continuous	4257	1	->	2	3	3	0.548703	False	0.567026	0.750000	0.003278	
2025-09-09 10:06:56.649	continuous	4258	3	->		4	3	0.469395	False	1.247514	0.750000	0.003277	
2025-09-09 10:06:56.650	continuous	4259	1	->		2	3	0.507822	False	2.711801	0.750000	0.003277	
2025-09-09 10:06:56.650	continuous	4260	3	->	4	5	3	0.431799	False	2.177705	0.750000	0.003277	
2025-09-09 10:06:56.650	continuous	4261	3	->		4	3	0.458719	False	1.222955	0.750000	0.003276	
2025-09-09 10:06:56.650	continuous	4262	3	->		4	3	0.457531	False	1.195448	0.750000	0.003276	
2025-09-09 10:06:56.651	continuous	4263	1	->	2	3	3	0.535143	False	0.625952	0.750000	0.003276	
2025-09-09 10:06:56.651	continuous	4264	1	->		2	3	0.498157	False	2.656660	0.750000	0.003275	
2025-09-09 10:06:56.651	continuous	4265	1	->	2	3	3	0.533407	False	0.618607	0.750000	0.003275	
2025-09-09 10:06:56.651	continuous	4266	4	->		5	3	0.439052	False	2.179074	0.750000	0.003275	
2025-09-09 10:06:56.651	continuous	4267	3	->		4	3	0.453280	False	1.211523	0.750000	0.003274	
2025-09-09 10:06:56.652	continuous	4268	2	->	3	4	3	0.513469	False	1.168401	0.750000	0.003274	
2025-09-09 10:06:56.652	continuous	4269	2	->		3	3	0.517508	False	0.671763	0.750000	0.003274	
2025-09-09 10:06:56.652	continuous	4270	3	->		4	3	0.453515	False	1.171577	0.750000	0.003273	
2025-09-09 10:06:56.652	continuous	4271	2	->		3	3	0.519358	False	0.671475	0.750000	0.003273	
2025-09-09 10:06:56.653	continuous	4272	2	->	3	4	3	0.516414	False	1.145627	0.750000	0.003273	
2025-09-09 10:06:56.653	continuous	4273	4	->		5	3	0.436149	False	2.173148	0.750000	0.003272	
2025-09-09 10:06:56.653	continuous	4274	5	->		6	3	0.451178	False	5.023176	0.750000	0.003272	
2025-09-09 10:06:56.653	continuous	4275	1	->	2	3	3	0.522487	False	0.672945	0.750000	0.003272	
2025-09-09 10:06:56.653	continuous	4276	3	->	4	5	3	0.417267	False	2.112297	0.750000	0.003271	
2025-09-09 10:06:56.654	continuous	4277	1	->	2	3	3	0.522215	False	0.660849	0.750000	0.003271	
2025-09-09 10:06:56.654	continuous	4278	3	->		4	3	0.446906	False	1.181288	0.750000	0.003271	
2025-09-09 10:06:56.654	continuous	4279	1	->		2	3	0.484353	False	2.614851	0.750000	0.003270	
2025-09-09 10:06:56.654	continuous	4280	2	->		3	3	0.508456	False	0.690998	0.750000	0.003270	
2025-09-09 10:06:56.654	continuous	4281	1	->	2	3	3	0.522563	False	0.651272	0.750000	0.003270	
2025-09-09 10:06:56.655	continuous	4282	2	->	3	4	3	0.508783	False	1.178069	0.750000	0.003269	
2025-09-09 10:06:56.655	continuous	4283	3	->		4	3	0.445458	False	1.164008	0.750000	0.003269	
2025-09-09 10:06:56.655	continuous	4284	2	->		3	3	0.511672	False	0.694385	0.750000	0.003269	
2025-09-09 10:06:56.655	continuous	4285	3	->		4	3	0.447423	False	1.157063	0.750000	0.003268	
2025-09-09 10:06:56.655	continuous	4286	2	->	3	4	3	0.507664	False	1.103240	0.750000	0.003268	
2025-09-09 10:06:56.655	continuous	4287	1	->	2	3	3	0.522369	False	0.696913	0.750000	0.003268	
2025-09-09 10:06:56.656	continuous	4288	3	->		4	3	0.448501	False	1.121795	0.750000	0.003267	
2025-09-09 10:06:56.656	continuous	4289	1	->	2	3	3	0.524490	False	0.694849	0.750000	0.003267	
2025-09-09 10:06:56.656	continuous	4290	4	->		5	3	0.432163	False	2.164660	0.750000	0.003267	
2025-09-09 10:06:56.656	continuous	4291	2	->		3	3	0.513327	False	0.701658	0.750000	0.003266	
2025-09-09 10:06:56.656	continuous	4292	1	->		2	3	0.487308	False	2.625338	0.750000	0.003266	
2025-09-09 10:06:56.657	continuous	4293	1	->	2	3	3	0.521937	False	0.671934	0.750000	0.003266	
2025-09-09 10:06:56.657	continuous	4294	3	->		4	3	0.447200	False	1.162082	0.750000	0.003266	
2025-09-09 10:06:56.657	continuous	4295	2	->	3	4	3	0.507426	False	1.108892	0.750000	0.003265	
2025-09-09 10:06:56.657	continuous	4296	1	->		2	3	0.483114	False	2.584054	0.750000	0.003265	
2025-09-09 10:06:56.658	continuous	4297	1	->	2	3	3	0.517153	False	0.704344	0.750000	0.003265	
2025-09-09 10:06:56.658	continuous	4298	2	->	3	4	3	0.504095	False	1.099793	0.750000	0.003264	
2025-09-09 10:06:56.658	continuous	4299	1	->	2	3	3	0.518759	False	0.706812	0.750000	0.003264	
2025-09-09 10:06:56.658	continuous	4300	2	->		3	3	0.511543	False	0.705668	0.750000	0.003264	
2025-09-09 10:06:56.658	continuous	4301	3	->		4	3	0.447611	False	1.139161	0.750000	0.003263	
2025-09-09 10:06:56.658	continuous	4302	2	->		3	3	0.513599	False	0.704262	0.750000	0.003263	
2025-09-09 10:06:56.659	continuous	4303	1	->	2	3	3	0.527231	False	0.664009	0.750000	0.003263	
2025-09-09 10:06:56.659	continuous	4304	1	->	2	3	3	0.530734	False	0.644199	0.750000	0.003262	
2025-09-09 10:06:56.659	continuous	4305	4	->	5	6	3	0.422409	False	4.705619	0.750000	0.003262	
2025-09-09 10:06:56.659	continuous	4306	3	->		4	3	0.449593	False	1.171312	0.750000	0.003262	
2025-09-09 10:06:56.659	continuous	4307	2	->		3	3	0.517601	False	0.672544	0.750000	0.003261	
2025-09-09 10:06:56.660	continuous	4308	3	->		4	3	0.451459	False	1.164078	0.750000	0.003261	
2025-09-09 10:06:56.660	continuous	4309	1	->		2	3	0.489372	False	2.592727	0.750000	0.003261	
2025-09-09 10:06:56.660	continuous	4310	4	->		5	3	0.426888	False	2.189284	0.750000	0.003260	
2025-09-09 10:06:56.660	continuous	4311	3	->	4	5	3	0.411641	False	2.135540	0.750000	0.003260	
2025-09-09 10:06:56.660	continuous	4312	3	->		4	3	0.439417	False	1.151644	0.750000	0.003260	
2025-09-09 10:06:56.660	continuous	4313	2	->	3	4	3	0.500103	False	1.093591	0.750000	0.003259	
2025-09-09 10:06:56.661	continuous	4314	1	->	2	3	3	0.514867	False	0.718982	0.750000	0.003259	
2025-09-09 10:06:56.661	continuous	4315	2	->		3	3	0.507608	False	0.717581	0.750000	0.003259	
2025-09-09 10:06:56.661	continuous	4316	5	->		6	3	0.442991	False	4.900375	0.750000	0.003258	
2025-09-09 10:06:56.661	continuous	4317	3	->		4	3	0.437920	False	1.137897	0.750000	0.003258	
2025-09-09 10:06:56.661	continuous	4318	4	->		5	3	0.418290	False	2.136897	0.750000	0.003258	
2025-09-09 10:06:56.662	continuous	4319	4	->		5	3	0.415076	False	2.102507	0.750000	0.003257	
2025-09-09 10:06:56.662	continuous	4320	4	->		5	3	0.411975	False	2.068757	0.750000	0.003257	
2025-09-09 10:06:56.662	continuous	4321	3	->		4	3	0.428446	False	1.130516	0.750000	0.003257	
2025-09-09 10:06:56.662	continuous	4322	2	->		3	3	0.494328	False	0.764614	0.750000	0.003256	
2025-09-09 10:06:56.662	continuous	4323	1	->		2	3	0.467838	False	2.528799	0.750000	0.003256	
2025-09-09 10:06:56.662	continuous	4324	2	->		3	3	0.492557	False	0.753243	0.750000	0.003256	
2025-09-09 10:06:56.663	continuous	4325	2	->		3	3	0.495527	False	0.732663	0.750000	0.003255	
2025-09-09 10:06:56.663	continuous	4326	1	->		2	3	0.468621	False	2.495839	0.750000	0.003255	
2025-09-09 10:06:56.663	continuous	4327	3	->	4	5	3	0.395853	False	2.040245	0.750000	0.003255	
2025-09-09 10:06:56.663	continuous	4328	3	->		4	3	0.423834	False	1.173980	0.750000	0.003254	
2025-09-09 10:06:56.663	continuous	4329	2	->		3	3	0.489915	False	0.747995	0.750000	0.003254	
2025-09-09 10:06:56.664	continuous	4330	1	->	2	3	3	0.503100	False	0.707500	0.750000	0.003254	
2025-09-09 10:06:56.664	continuous	4331	2	->	3	4	3	0.490134	False	1.156921	0.750000	0.003253	
2025-09-09 10:06:56.664	continuous	4332	2	->	3	4	3	0.488789	False	1.121727	0.750000	0.003253	
2025-09-09 10:06:56.664	continuous	4333	4	->	5	6	3	0.394018	False	4.516206	0.750000	0.003253	
2025-09-09 10:06:56.664	continuous	4334	2	->	3	4	3	0.484109	False	1.088752	0.750000	0.003252	
2025-09-09 10:06:56.664	continuous	4335	1	->	2	3	3	0.498805	False	0.761828	0.750000	0.003252	
2025-09-09 10:06:56.665	continuous	4336	2	->		3	3	0.491718	False	0.759359	0.750000	0.003252	
2025-09-09 10:06:56.665	continuous	4337	2	->		3	3	0.494608	False	0.738681	0.750000	0.003251	
2025-09-09 10:06:56.665	continuous	4338	2	->		3	3	0.497664	False	0.718702	0.750000	0.003251	
2025-09-09 10:06:56.665	continuous	4339	3	->		4	3	0.431415	False	1.173902	0.750000	0.003251	
2025-09-09 10:06:56.665	continuous	4340	2	->	3	4	3	0.493869	False	1.116177	0.750000	0.003251	
2025-09-09 10:06:56.665	continuous	4341	2	->		3	3	0.498539	False	0.738926	0.750000	0.003250	
2025-09-09 10:06:56.666	continuous	4342	2	->		3	3	0.501512	False	0.718695	0.750000	0.003250	
2025-09-09 10:06:56.666	continuous	4343	3	->		4	3	0.435125	False	1.156920	0.750000	0.003250	
2025-09-09 10:06:56.666	continuous	4344	3	->		4	3	0.434914	False	1.132954	0.750000	0.003249	
2025-09-09 10:06:56.666	continuous	4345	2	->	3	4	3	0.497257	False	1.070210	0.750000	0.003249	
2025-09-09 10:06:56.666	continuous	4346	3	->	4	5	3	0.402908	False	2.104092	0.750000	0.003249	
2025-09-09 10:06:56.666	continuous	4347	3	->	4	5	3	0.399943	False	2.072579	0.750000	0.003248	
2025-09-09 10:06:56.667	continuous	4348	3	->		4	3	0.428618	False	1.094078	0.750000	0.003248	
2025-09-09 10:06:56.667	continuous	4349	4	->		5	3	0.408709	False	2.061104	0.750000	0.003248	
2025-09-09 10:06:56.667	continuous	4350	1	->	2	3	3	0.501391	False	0.777302	0.750000	0.003247	
2025-09-09 10:06:56.667	continuous	4351	2	->	3	4	3	0.489065	False	1.050350	0.750000	0.003247	
2025-09-09 10:06:56.667	continuous	4352	3	->		4	3	0.428046	False	1.070097	0.750000	0.003247	
2025-09-09 10:06:56.668	continuous	4353	4	->	5	6	3	0.394091	False	4.487749	0.750000	0.003246	
2025-09-09 10:06:56.668	continuous	4354	4	->		5	3	0.403168	False	2.038189	0.750000	0.003246	
2025-09-09 10:06:56.668	continuous	4355	1	->	2	3	3	0.496804	False	0.808391	0.750000	0.003246	
2025-09-09 10:06:56.669	continuous	4356	3	->		4	3	0.423181	False	1.077233	0.750000	0.003245	
2025-09-09 10:06:56.669	continuous	4357	2	->	3	4	3	0.484888	False	0.999508	0.750000	0.003245	
2025-09-09 10:06:56.669	continuous	4358	1	->		2	3	0.460879	False	2.539669	0.750000	0.003245	
2025-09-09 10:06:56.669	continuous	4359	1	->	2	3	3	0.495043	False	0.833412	0.750000	0.003244	
2025-09-09 10:06:56.670	continuous	4360	3	->	4	5	3	0.389969	False	2.016893	0.750000	0.003244	
2025-09-09 10:06:56.670	continuous	4361	1	->	2	3	3	0.494076	False	0.814776	0.750000	0.003244	
2025-09-09 10:06:56.670	continuous	4362	4	->		5	3	0.399817	False	2.004714	0.750000	0.003243	
2025-09-09 10:06:56.670	continuous	4363	3	->		4	3	0.418097	False	1.087179	0.750000	0.003243	
2025-09-09 10:06:56.670	continuous	4364	1	->	2	3	3	0.493414	False	0.815739	0.750000	0.003243	
2025-09-09 10:06:56.671	continuous	4365	3	->		4	3	0.420451	False	1.083756	0.750000	0.003242	
2025-09-09 10:06:56.671	continuous	4366	1	->	2	3	3	0.495979	False	0.809584	0.750000	0.003242	
2025-09-09 10:06:56.671	continuous	4367	3	->	4	5	3	0.390915	False	1.990640	0.750000	0.003242	
2025-09-09 10:06:56.671	continuous	4368	1	->	2	3	3	0.495300	False	0.792274	0.750000	0.003241	
2025-09-09 10:06:56.671	continuous	4369	3	->		4	3	0.421928	False	1.104937	0.750000	0.003241	
2025-09-09 10:06:56.671	continuous	4370	1	->	2	3	3	0.497835	False	0.786881	0.750000	0.003241	
2025-09-09 10:06:56.672	continuous	4371	1	->	2	3	3	0.500511	False	0.763548	0.750000	0.003240	
2025-09-09 10:06:56.672	continuous	4372	1	->	2	3	3	0.503400	False	0.741079	0.750000	0.003240	
2025-09-09 10:06:56.672	continuous	4373	3	->	4	5	3	0.396104	False	1.996198	0.750000	0.003240	
2025-09-09 10:06:56.672	continuous	4374	2	->		3	3	0.493065	False	0.747413	0.750000	0.003239	
2025-09-09 10:06:56.672	continuous	4375	3	->		4	3	0.427740	False	1.159880	0.750000	0.003239	
2025-09-09 10:06:56.673	continuous	4376	3	->	4	5	3	0.395558	False	1.979737	0.750000	0.003239	
2025-09-09 10:06:56.673	continuous	4377	5	->		6	3	0.423905	False	4.721677	0.750000	0.003239	
2025-09-09 10:06:56.673	continuous	4378	4	->		5	3	0.399124	False	1.951563	0.750000	0.003238	
2025-09-09 10:06:56.673	continuous	4379	3	->	4	5	3	0.385465	False	1.913149	0.750000	0.003238	
2025-09-09 10:06:56.673	continuous	4380	1	->	2	3	3	0.492066	False	0.755275	0.750000	0.003238	
2025-09-09 10:06:56.673	continuous	4381	2	->	3	4	3	0.479293	False	1.136473	0.750000	0.003237	
2025-09-09 10:06:56.674	continuous	4382	5	->		6	3	0.415605	False	4.643442	0.750000	0.003237	
2025-09-09 10:06:56.674	continuous	4383	2	->		3	3	0.480195	False	0.783557	0.750000	0.003237	
2025-09-09 10:06:56.674	continuous	4384	3	->		4	3	0.414407	False	1.165956	0.750000	0.003236	
2025-09-09 10:06:56.674	continuous	4385	1	->	2	3	3	0.492665	False	0.759269	0.750000	0.003236	
2025-09-09 10:06:56.674	continuous	4386	2	->	3	4	3	0.479700	False	1.120174	0.750000	0.003236	
2025-09-09 10:06:56.674	continuous	4387	4	->		5	3	0.395121	False	1.926541	0.750000	0.003235	
2025-09-09 10:06:56.675	continuous	4388	4	->		5	3	0.392696	False	1.897139	0.750000	0.003235	
2025-09-09 10:06:56.675	continuous	4389	1	->	2	3	3	0.488484	False	0.775455	0.750000	0.003235	
2025-09-09 10:06:56.675	continuous	4390	2	->		3	3	0.481432	False	0.773993	0.750000	0.003234	
2025-09-09 10:06:56.675	continuous	4391	2	->	3	4	3	0.478556	False	1.141953	0.750000	0.003234	
2025-09-09 10:06:56.675	continuous	4392	1	->		2	3	0.453164	False	2.574966	0.750000	0.003234	
2025-09-09 10:06:56.675	continuous	4393	2	->	3	4	3	0.473518	False	1.111908	0.750000	0.003233	
2025-09-09 10:06:56.676	continuous	4394	2	->		3	3	0.478450	False	0.805148	0.750000	0.003233	
2025-09-09 10:06:56.676	continuous	4395	3	->		4	3	0.413326	False	1.146600	0.750000	0.003233	
2025-09-09 10:06:56.676	continuous	4396	2	->		3	3	0.480939	False	0.800384	0.750000	0.003232	
2025-09-09 10:06:56.676	continuous	4397	2	->	3	4	3	0.478101	False	1.096046	0.750000	0.003232	
2025-09-09 10:06:56.676	continuous	4398	4	->		5	3	0.394141	False	1.919932	0.750000	0.003232	
2025-09-09 10:06:56.677	continuous	4399	1	->	2	3	3	0.489620	False	0.788506	0.750000	0.003231	
2025-09-09 10:06:56.677	continuous	4400	1	->		2	3	0.452504	False	2.559105	0.750000	0.003231	
2025-09-09 10:06:56.677	continuous	4401	4	->		5	3	0.389868	False	1.894777	0.750000	0.003231	
2025-09-09 10:06:56.677	continuous	4402	2	->	3	4	3	0.470211	False	1.101807	0.750000	0.003230	
2025-09-09 10:06:56.678	continuous	4403	2	->	3	4	3	0.470012	False	1.070329	0.750000	0.003230	
2025-09-09 10:06:56.678	continuous	4404	2	->		3	3	0.475046	False	0.845135	0.750000	0.003230	
2025-09-09 10:06:56.678	continuous	4405	1	->	2	3	3	0.486765	False	0.803079	0.750000	0.003229	
2025-09-09 10:06:56.678	continuous	4406	2	->		3	3	0.479925	False	0.799742	0.750000	0.003229	
2025-09-09 10:06:56.678	continuous	4407	2	->		3	3	0.482649	False	0.778345	0.750000	0.003229	
2025-09-09 10:06:56.679	continuous	4408	2	->		3	3	0.485545	False	0.757639	0.750000	0.003228	
2025-09-09 10:06:56.679	continuous	4409	3	->		4	3	0.419069	False	1.182295	0.750000	0.003228	
2025-09-09 10:06:56.679	continuous	4410	1	->	2	3	3	0.497751	False	0.733983	0.750000	0.003228	
2025-09-09 10:06:56.679	continuous	4411	1	->		2	3	0.459611	False	2.572590	0.750000	0.003228	
2025-09-09 10:06:56.680	continuous	4412	4	->		5	3	0.395630	False	1.927532	0.750000	0.003227	
2025-09-09 10:06:56.680	continuous	4413	2	->		3	3	0.483379	False	0.751958	0.750000	0.003227	
2025-09-09 10:06:56.680	continuous	4414	2	->		3	3	0.486544	False	0.732260	0.750000	0.003227	
2025-09-09 10:06:56.680	continuous	4415	5	->		6	3	0.417769	False	4.616059	0.750000	0.003226	
2025-09-09 10:06:56.680	continuous	4416	2	->	3	4	3	0.479599	False	1.189766	0.750000	0.003226	
2025-09-09 10:06:56.680	continuous	4417	3	->		4	3	0.413852	False	1.191633	0.750000	0.003226	
2025-09-09 10:06:56.681	continuous	4418	1	->		2	3	0.452002	False	2.525691	0.750000	0.003225	
2025-09-09 10:06:56.681	continuous	4419	1	->	2	3	3	0.488947	False	0.748168	0.750000	0.003225	
2025-09-09 10:06:56.681	continuous	4420	1	->		2	3	0.450425	False	2.485506	0.750000	0.003225	
2025-09-09 10:06:56.681	continuous	4421	1	->		2	3	0.446203	False	2.436255	0.750000	0.003224	
2025-09-09 10:06:56.681	continuous	4422	4	->		5	3	0.382919	False	1.915060	0.750000	0.003224	
2025-09-09 10:06:56.681	continuous	4423	2	->	3	4	3	0.465121	False	1.162963	0.750000	0.003224	
2025-09-09 10:06:56.682	continuous	4424	1	->	2	3	3	0.479327	False	0.776376	0.750000	0.003223	
2025-09-09 10:06:56.682	continuous	4425	3	->		4	3	0.404037	False	1.193116	0.750000	0.003223	
2025-09-09 10:06:56.682	continuous	4426	5	->		6	3	0.402022	False	4.514384	0.750000	0.003223	
2025-09-09 10:06:56.682	continuous	4427	1	->	2	3	3	0.478274	False	0.778915	0.750000	0.003222	
2025-09-09 10:06:56.682	continuous	4428	3	->		4	3	0.401898	False	1.189868	0.750000	0.003222	
2025-09-09 10:06:56.682	continuous	4429	2	->		3	3	0.471240	False	0.794168	0.750000	0.003222	
2025-09-09 10:06:56.683	continuous	4430	4	->		5	3	0.382148	False	1.920912	0.750000	0.003221	
2025-09-09 10:06:56.683	continuous	4431	3	->	4	5	3	0.369209	False	1.887509	0.750000	0.003221	
2025-09-09 10:06:56.683	continuous	4432	1	->	2	3	3	0.478205	False	0.768652	0.750000	0.003221	
2025-09-09 10:06:56.683	continuous	4433	4	->		5	3	0.380060	False	1.874531	0.750000	0.003220	
2025-09-09 10:06:56.683	continuous	4434	3	->		4	3	0.399703	False	1.216946	0.750000	0.003220	
2025-09-09 10:06:56.683	continuous	4435	1	->	2	3	3	0.477925	False	0.772039	0.750000	0.003220	
2025-09-09 10:06:56.684	continuous	4436	4	->		5	3	0.380110	False	1.861238	0.750000	0.003219	
2025-09-09 10:06:56.684	continuous	4437	3	->	4	5	3	0.367430	False	1.830392	0.750000	0.003219	
2025-09-09 10:06:56.684	continuous	4438	1	->	2	3	3	0.475701	False	0.767436	0.750000	0.003219	
2025-09-09 10:06:56.684	continuous	4439	1	->	2	3	3	0.479070	False	0.746729	0.750000	0.003219	
2025-09-09 10:06:56.685	continuous	4440	3	->		4	3	0.402440	False	1.253527	0.750000	0.003218	
2025-09-09 10:06:56.685	continuous	4441	2	->	3	4	3	0.465693	False	1.194649	0.750000	0.003218	
2025-09-09 10:06:56.685	continuous	4442	4	->		5	3	0.379993	False	1.836565	0.750000	0.003218	
2025-09-09 10:06:56.685	continuous	4443	1	->		2	3	0.436811	False	2.448052	0.750000	0.003217	
2025-09-09 10:06:56.686	continuous	4444	2	->	3	4	3	0.458188	False	1.170036	0.750000	0.003217	
2025-09-09 10:06:56.686	continuous	4445	1	->		2	3	0.432477	False	2.404273	0.750000	0.003217	
2025-09-09 10:06:56.686	continuous	4446	2	->		3	3	0.459152	False	0.831063	0.750000	0.003216	
2025-09-09 10:06:56.686	continuous	4447	2	->		3	3	0.461976	False	0.809817	0.750000	0.003216	
2025-09-09 10:06:56.687	continuous	4448	2	->	3	4	3	0.459316	False	1.181469	0.750000	0.003216	
2025-09-09 10:06:56.687	continuous	4449	2	->		3	3	0.464064	False	0.809247	0.750000	0.003215	
2025-09-09 10:06:56.687	continuous	4450	2	->		3	3	0.467005	False	0.788523	0.750000	0.003215	
2025-09-09 10:06:56.688	continuous	4451	3	->		4	3	0.400808	False	1.226381	0.750000	0.003215	
2025-09-09 10:06:56.688	continuous	4452	1	->	2	3	3	0.478936	False	0.763666	0.750000	0.003214	
2025-09-09 10:06:56.689	continuous	4453	2	->		3	3	0.472575	False	0.763706	0.750000	0.003214	
2025-09-09 10:06:56.689	continuous	4454	2	->	3	4	3	0.469822	False	1.202432	0.750000	0.003214	
2025-09-09 10:06:56.690	continuous	4455	1	->		2	3	0.442417	False	2.426571	0.750000	0.003213	
2025-09-09 10:06:56.690	continuous	4456	1	->		2	3	0.438402	False	2.378950	0.750000	0.003213	
2025-09-09 10:06:56.690	continuous	4457	2	->	3	4	3	0.460593	False	1.174401	0.750000	0.003213	
2025-09-09 10:06:56.691	continuous	4458	2	->		3	3	0.465317	False	0.804738	0.750000	0.003212	
2025-09-09 10:06:56.691	continuous	4459	1	->	2	3	3	0.477589	False	0.763679	0.750000	0.003212	
2025-09-09 10:06:56.691	continuous	4460	1	->		2	3	0.439143	False	2.355752	0.750000	0.003212	
2025-09-09 10:06:56.691	continuous	4461	3	->		4	3	0.398125	False	1.225190	0.750000	0.003211	
2025-09-09 10:06:56.692	continuous	4462	4	->		5	3	0.376356	False	1.897760	0.750000	0.003211	
2025-09-09 10:06:56.692	continuous	4463	3	->	4	5	3	0.363941	False	1.866209	0.750000	0.003211	
2025-09-09 10:06:56.692	continuous	4464	3	->	4	5	3	0.362101	False	1.840837	0.750000	0.003210	
2025-09-09 10:06:56.692	continuous	4465	4	->		5	3	0.370721	False	1.818561	0.750000	0.003210	
2025-09-09 10:06:56.692	continuous	4466	3	->		4	3	0.390182	False	1.226112	0.750000	0.003210	
2025-09-09 10:06:56.693	continuous	4467	2	->	3	4	3	0.451154	False	1.154890	0.750000	0.003210	
2025-09-09 10:06:56.693	continuous	4468	4	->		5	3	0.369120	False	1.804964	0.750000	0.003209	
2025-09-09 10:06:56.693	continuous	4469	1	->	2	3	3	0.462106	False	0.845298	0.750000	0.003209	
2025-09-09 10:06:56.693	continuous	4470	3	->		4	3	0.390606	False	1.199945	0.750000	0.003209	
2025-09-09 10:06:56.693	continuous	4471	3	->		4	3	0.391028	False	1.177925	0.750000	0.003208	
2025-09-09 10:06:56.694	continuous	4472	1	->	2	3	3	0.464888	False	0.854074	0.750000	0.003208	
2025-09-09 10:06:56.694	continuous	4473	3	->	4	5	3	0.361807	False	1.806198	0.750000	0.003208	
2025-09-09 10:06:56.694	continuous	4474	3	->		4	3	0.391579	False	1.179059	0.750000	0.003207	
2025-09-09 10:06:56.694	continuous	4475	2	->	3	4	3	0.451978	False	1.100064	0.750000	0.003207	
2025-09-09 10:06:56.694	continuous	4476	4	->		5	3	0.370949	False	1.796516	0.750000	0.003207	
2025-09-09 10:06:56.695	continuous	4477	3	->		4	3	0.390751	False	1.139258	0.750000	0.003206	
2025-09-09 10:06:56.695	continuous	4478	1	->	2	3	3	0.463309	False	0.899004	0.750000	0.003206	
2025-09-09 10:06:56.695	continuous	4479	2	->		3	3	0.457221	False	0.891779	0.750000	0.003206	
2025-09-09 10:06:56.695	continuous	4480	4	->		5	3	0.373106	False	1.792915	0.750000	0.003205	
2025-09-09 10:06:56.696	continuous	4481	1	->		2	3	0.427582	False	2.375762	0.750000	0.003205	
2025-09-09 10:06:56.696	continuous	4482	1	->	2	3	3	0.461817	False	0.866629	0.750000	0.003205	
2025-09-09 10:06:56.696	continuous	4483	3	->		4	3	0.391483	False	1.179529	0.750000	0.003204	
2025-09-09 10:06:56.696	continuous	4484	4	->		5	3	0.370481	False	1.780555	0.750000	0.003204	
2025-09-09 10:06:56.696	continuous	4485	2	->	3	4	3	0.449206	False	1.107502	0.750000	0.003204	
2025-09-09 10:06:56.697	continuous	4486	3	->	4	5	3	0.359632	False	1.761648	0.750000	0.003203	
2025-09-09 10:06:56.697	continuous	4487	3	->		4	3	0.389097	False	1.146529	0.750000	0.003203	
2025-09-09 10:06:56.697	continuous	4488	4	->		5	3	0.368436	False	1.744158	0.750000	0.003203	
2025-09-09 10:06:56.698	continuous	4489	1	->	2	3	3	0.458298	False	0.919104	0.750000	0.003202	
2025-09-09 10:06:56.698	continuous	4490	5	->		6	3	0.387014	False	4.471516	0.750000	0.003202	
2025-09-09 10:06:56.698	continuous	4491	2	->		3	3	0.449279	False	0.917226	0.750000	0.003202	
2025-09-09 10:06:56.698	continuous	4492	3	->		4	3	0.387500	False	1.168722	0.750000	0.003201	
2025-09-09 10:06:56.698	continuous	4493	2	->		3	3	0.451911	False	0.908922	0.750000	0.003201	
2025-09-09 10:06:56.698	continuous	4494	1	->		2	3	0.424420	False	2.372152	0.750000	0.003201	
2025-09-09 10:06:56.699	continuous	4495	2	->		3	3	0.450598	False	0.893961	0.750000	0.003201	
2025-09-09 10:06:56.699	continuous	4496	1	->	2	3	3	0.461388	False	0.852241	0.750000	0.003200	
2025-09-09 10:06:56.699	continuous	4497	2	->		3	3	0.455637	False	0.848033	0.750000	0.003200	
2025-09-09 10:06:56.699	continuous	4498	3	->		4	3	0.392256	False	1.215506	0.750000	0.003200	
2025-09-09 10:06:56.700	continuous	4499	3	->	4	5	3	0.360933	False	1.775618	0.750000	0.003199	
2025-09-09 10:06:56.700	continuous	4500	3	->	4	5	3	0.359415	False	1.751307	0.750000	0.003199	
2025-09-09 10:06:56.700	continuous	4501	3	->	4	5	3	0.357994	False	1.727325	0.750000	0.003199	
2025-09-09 10:06:56.700	continuous	4502	3	->	4	5	3	0.356670	False	1.703661	0.750000	0.003198	
2025-09-09 10:06:56.700	continuous	4503	2	->		3	3	0.449860	False	0.873730	0.750000	0.003198	
2025-09-09 10:06:56.701	continuous	4504	2	->	3	4	3	0.447505	False	1.189975	0.750000	0.003198	
2025-09-09 10:06:56.701	continuous	4505	3	->	4	5	3	0.357201	False	1.695568	0.750000	0.003197	
2025-09-09 10:06:56.701	continuous	4506	1	->	2	3	3	0.458338	False	0.861036	0.750000	0.003197	
2025-09-09 10:06:56.701	continuous	4507	2	->		3	3	0.452812	False	0.856081	0.750000	0.003197	
2025-09-09 10:06:56.701	continuous	4508	1	->	2	3	3	0.464182	False	0.815227	0.750000	0.003196	
2025-09-09 10:06:56.701	continuous	4509	3	->		4	3	0.392808	False	1.260527	0.750000	0.003196	
2025-09-09 10:06:56.702	continuous	4510	5	->		6	3	0.390083	False	4.452292	0.750000	0.003196	
2025-09-09 10:06:56.702	continuous	4511	2	->	3	4	3	0.449575	False	1.196558	0.750000	0.003195	
2025-09-09 10:06:56.702	continuous	4512	1	->	2	3	3	0.462687	False	0.835741	0.750000	0.003195	
2025-09-09 10:06:56.702	continuous	4513	1	->		2	3	0.426249	False	2.402760	0.750000	0.003195	
2025-09-09 10:06:56.702	continuous	4514	4	->		5	3	0.365831	False	1.715347	0.750000	0.003194	
2025-09-09 10:06:56.703	continuous	4515	2	->	3	4	3	0.446045	False	1.194096	0.750000	0.003194	
2025-09-09 10:06:56.703	continuous	4516	2	->		3	3	0.450647	False	0.869723	0.750000	0.003194	
2025-09-09 10:06:56.703	continuous	4517	1	->	2	3	3	0.461860	False	0.828557	0.750000	0.003193	
2025-09-09 10:06:56.703	continuous	4518	3	->	4	5	3	0.358225	False	1.715632	0.750000	0.003193	
2025-09-09 10:06:56.703	continuous	4519	2	->	3	4	3	0.448921	False	1.207361	0.750000	0.003193	
2025-09-09 10:06:56.704	continuous	4520	2	->	3	4	3	0.448440	False	1.174330	0.750000	0.003193	
2025-09-09 10:06:56.704	continuous	4521	2	->		3	3	0.453046	False	0.872931	0.750000	0.003192	
2025-09-09 10:06:56.704	continuous	4522	4	->		5	3	0.368413	False	1.713224	0.750000	0.003192	
2025-09-09 10:06:56.704	continuous	4523	4	->		5	3	0.366998	False	1.688338	0.750000	0.003192	
2025-09-09 10:06:56.704	continuous	4524	1	->	2	3	3	0.459811	False	0.849371	0.750000	0.003191	
2025-09-09 10:06:56.704	continuous	4525	1	->		2	3	0.424044	False	2.404105	0.750000	0.003191	
2025-09-09 10:06:56.705	continuous	4526	3	->		4	3	0.385833	False	1.244484	0.750000	0.003191	
2025-09-09 10:06:56.705	continuous	4527	5	->		6	3	0.382989	False	4.393467	0.750000	0.003190	
2025-09-09 10:06:56.705	continuous	4528	3	->		4	3	0.382240	False	1.224927	0.750000	0.003190	
2025-09-09 10:06:56.705	continuous	4529	2	->		3	3	0.447391	False	0.891143	0.750000	0.003190	
2025-09-09 10:06:56.705	continuous	4530	1	->		2	3	0.419442	False	2.364685	0.750000	0.003189	
2025-09-09 10:06:56.705	continuous	4531	2	->	3	4	3	0.441549	False	1.171227	0.750000	0.003189	
2025-09-09 10:06:56.706	continuous	4532	3	->		4	3	0.381585	False	1.197139	0.750000	0.003189	
2025-09-09 10:06:56.706	continuous	4533	3	->		4	3	0.382201	False	1.175790	0.750000	0.003188	
2025-09-09 10:06:56.706	continuous	4534	5	->		6	3	0.379134	False	4.339988	0.750000	0.003188	
2025-09-09 10:06:56.706	continuous	4535	2	->	3	4	3	0.439517	False	1.092752	0.750000	0.003188	
2025-09-09 10:06:56.706	continuous	4536	3	->		4	3	0.379842	False	1.134970	0.750000	0.003187	
2025-09-09 10:06:56.707	continuous	4537	4	->		5	3	0.358273	False	1.724952	0.750000	0.003187	
2025-09-09 10:06:56.707	continuous	4538	1	->		2	3	0.413457	False	2.336356	0.750000	0.003187	
2025-09-09 10:06:56.707	continuous	4539	4	->		5	3	0.354180	False	1.700902	0.750000	0.003186	
2025-09-09 10:06:56.707	continuous	4540	4	->		5	3	0.353006	False	1.677185	0.750000	0.003186	
2025-09-09 10:06:56.707	continuous	4541	3	->		4	3	0.373940	False	1.144056	0.750000	0.003186	
2025-09-09 10:06:56.708	continuous	4542	2	->	3	4	3	0.433673	False	1.047676	0.750000	0.003186	
2025-09-09 10:06:56.708	continuous	4543	3	->	4	5	4	0.344807	False	1.673911	0.750000	0.003185	
2025-09-09 10:06:56.708	continuous	4544	1	->	2	3	3	0.444376	False	1.023351	0.750000	0.003185	
2025-09-09 10:06:56.708	continuous	4545	1	->	2	3	3	0.445855	False	0.995149	0.750000	0.003185	
2025-09-09 10:06:56.708	continuous	4546	1	->	2	3	3	0.447576	False	0.967792	0.750000	0.003184	
2025-09-09 10:06:56.708	continuous	4547	1	->		2	3	0.412135	False	2.330704	0.750000	0.003184	
2025-09-09 10:06:56.709	continuous	4548	5	->		6	3	0.371376	False	4.280272	0.750000	0.003184	
2025-09-09 10:06:56.709	continuous	4549	3	->		4	3	0.371882	False	1.165875	0.750000	0.003183	
2025-09-09 10:06:56.709	continuous	4550	1	->	2	3	3	0.444101	False	0.969989	0.750000	0.003183	
2025-09-09 10:06:56.709	continuous	4551	1	->		2	3	0.408137	False	2.290950	0.750000	0.003183	
2025-09-09 10:06:56.709	continuous	4552	3	->	4	5	3	0.340005	False	1.688487	0.750000	0.003182	
2025-09-09 10:06:56.710	continuous	4553	1	->	2	3	3	0.441129	False	0.959473	0.750000	0.003182	
2025-09-09 10:06:56.710	continuous	4554	2	->	3	4	3	0.431065	False	1.124096	0.750000	0.003182	
2025-09-09 10:06:56.710	continuous	4555	2	->		3	3	0.435927	False	0.969787	0.750000	0.003181	
2025-09-09 10:06:56.710	continuous	4556	3	->		4	3	0.373695	False	1.179617	0.750000	0.003181	
2025-09-09 10:06:56.711	continuous	4557	3	->		4	3	0.374537	False	1.159125	0.750000	0.003181	
2025-09-09 10:06:56.711	continuous	4558	2	->	3	4	3	0.435272	False	1.065915	0.750000	0.003180	
2025-09-09 10:06:56.711	continuous	4559	2	->		3	3	0.440233	False	0.993877	0.750000	0.003180	
2025-09-09 10:06:56.711	continuous	4560	2	->	3	4	3	0.437829	False	1.057321	0.750000	0.003180	
2025-09-09 10:06:56.711	continuous	4561	4	->	5	6	3	0.339988	False	4.007984	0.750000	0.003179	
2025-09-09 10:06:56.711	continuous	4562	2	->		3	3	0.440138	False	0.992014	0.750000	0.003179	
2025-09-09 10:06:56.712	continuous	4563	1	->		2	3	0.410761	False	2.302432	0.750000	0.003179	
2025-09-09 10:06:56.712	continuous	4564	2	->		3	3	0.438490	False	0.974415	0.750000	0.003179	
2025-09-09 10:06:56.712	continuous	4565	3	->	4	5	3	0.342589	False	1.737604	0.750000	0.003178	
2025-09-09 10:06:56.712	continuous	4566	3	->		4	3	0.373480	False	1.155804	0.750000	0.003178	
2025-09-09 10:06:56.712	continuous	4567	5	->		6	3	0.369451	False	4.206133	0.750000	0.003178	
2025-09-09 10:06:56.712	continuous	4568	2	->		3	3	0.436348	False	0.976906	0.750000	0.003177	
2025-09-09 10:06:56.713	continuous	4569	3	->	4	5	3	0.339678	False	1.726897	0.750000	0.003177	
2025-09-09 10:06:56.713	continuous	4570	4	->		5	3	0.347509	False	1.701529	0.750000	0.003177	
2025-09-09 10:06:56.713	continuous	4571	4	->		5	3	0.346406	False	1.678598	0.750000	0.003176	
2025-09-09 10:06:56.713	continuous	4572	2	->	3	4	3	0.428772	False	1.106024	0.750000	0.003176	
2025-09-09 10:06:56.713	continuous	4573	3	->	4	5	3	0.337238	False	1.668457	0.750000	0.003176	
2025-09-09 10:06:56.714	continuous	4574	3	->		4	3	0.368103	False	1.160049	0.750000	0.003175	
2025-09-09 10:06:56.714	continuous	4575	3	->		4	3	0.369170	False	1.140195	0.750000	0.003175	
2025-09-09 10:06:56.714	continuous	4576	3	->		4	4	0.370339	False	1.120692	0.750000	0.003175	
2025-09-09 10:06:56.714	continuous	4577	2	->	3	4	4	0.431830	False	1.017506	0.750000	0.003174	
2025-09-09 10:06:56.714	continuous	4578	1	->	2	3	4	0.444064	False	1.048217	0.750000	0.003174	
2025-09-09 10:06:56.715	continuous	4579	3	->	4	5	4	0.341448	False	1.684500	0.750000	0.003174	
2025-09-09 10:06:56.715	continuous	4580	2	->		3	4	0.436298	False	1.041104	0.750000	0.003173	
2025-09-09 10:06:56.715	continuous	4581	3	->	4	5	3	0.341401	False	1.669500	0.750000	0.003173	
2025-09-09 10:06:56.716	continuous	4582	2	->		3	3	0.435987	False	1.021468	0.750000	0.003173	
2025-09-09 10:06:56.716	continuous	4583	2	->		3	3	0.437486	False	0.995470	0.750000	0.003172	
2025-09-09 10:06:56.716	continuous	4584	3	->		4	3	0.374640	False	1.154650	0.750000	0.003172	
2025-09-09 10:06:56.717	continuous	4585	3	->	4	5	3	0.343606	False	1.669507	0.750000	0.003172	
2025-09-09 10:06:56.717	continuous	4586	2	->	3	4	3	0.434500	False	1.067839	0.750000	0.003172	
2025-09-09 10:06:56.717	continuous	4587	4	->		5	3	0.351950	False	1.651287	0.750000	0.003171	
2025-09-09 10:06:56.717	continuous	4588	4	->		5	3	0.350956	False	1.628446	0.750000	0.003171	
2025-09-09 10:06:56.718	continuous	4589	3	->	4	5	3	0.341658	False	1.611734	0.750000	0.003171	
2025-09-09 10:06:56.718	continuous	4590	2	->		3	3	0.434772	False	1.033419	0.750000	0.003170	
2025-09-09 10:06:56.718	continuous	4591	2	->	3	4	3	0.432394	False	1.084044	0.750000	0.003170	
2025-09-09 10:06:56.719	continuous	4592	4	->		5	3	0.351122	False	1.600770	0.750000	0.003170	
2025-09-09 10:06:56.719	continuous	4593	2	->	3	4	3	0.432027	False	1.064684	0.750000	0.003169	
2025-09-09 10:06:56.719	continuous	4594	1	->	2	3	3	0.443754	False	1.038122	0.750000	0.003169	
2025-09-09 10:06:56.719	continuous	4595	1	->	2	3	3	0.445153	False	1.009675	0.750000	0.003169	
2025-09-09 10:06:56.720	continuous	4596	4	->		5	3	0.353243	False	1.603515	0.750000	0.003168	
2025-09-09 10:06:56.720	continuous	4597	1	->	2	3	3	0.445273	False	0.990380	0.750000	0.003168	
2025-09-09 10:06:56.720	continuous	4598	3	->		4	3	0.376542	False	1.170888	0.750000	0.003168	
2025-09-09 10:06:56.721	continuous	4599	3	->		4	3	0.377443	False	1.150336	0.750000	0.003167	
2025-09-09 10:06:56.721	continuous	4600	2	->		3	3	0.441443	False	1.008494	0.750000	0.003167	
2025-09-09 10:06:56.721	continuous	4601	1	->	2	3	3	0.450238	False	0.966977	0.750000	0.003167	
2025-09-09 10:06:56.722	continuous	4602	3	->	4	5	3	0.349194	False	1.626203	0.750000	0.003166	
2025-09-09 10:06:56.722	continuous	4603	1	->	2	3	3	0.450583	False	0.948579	0.750000	0.003166	
2025-09-09 10:06:56.722	continuous	4604	2	->		3	3	0.445218	False	0.939158	0.750000	0.003166	
2025-09-09 10:06:56.722	continuous	4605	2	->		3	3	0.447382	False	0.915099	0.750000	0.003166	
2025-09-09 10:06:56.723	continuous	4606	2	->	3	4	3	0.445234	False	1.158594	0.750000	0.003165	
2025-09-09 10:06:56.723	continuous	4607	2	->		3	3	0.449619	False	0.910842	0.750000	0.003165	
2025-09-09 10:06:56.723	continuous	4608	3	->		4	3	0.386317	False	1.201723	0.750000	0.003165	
2025-09-09 10:06:56.723	continuous	4609	3	->	4	5	3	0.354846	False	1.651681	0.750000	0.003164	
2025-09-09 10:06:56.723	continuous	4610	3	->		4	3	0.385596	False	1.187263	0.750000	0.003164	
2025-09-09 10:06:56.724	continuous	4611	4	->		5	3	0.362817	False	1.632256	0.750000	0.003164	
2025-09-09 10:06:56.724	continuous	4612	3	->	4	5	3	0.353397	False	1.613875	0.750000	0.003163	
2025-09-09 10:06:56.724	continuous	4613	2	->	3	4	3	0.443284	False	1.119384	0.750000	0.003163	
2025-09-09 10:06:56.724	continuous	4614	1	->	2	3	3	0.454917	False	0.945601	0.750000	0.003163	
2025-09-09 10:06:56.724	continuous	4615	1	->	2	3	3	0.457016	False	0.919453	0.750000	0.003162	
2025-09-09 10:06:56.725	continuous	4616	3	->		4	3	0.387372	False	1.186581	0.750000	0.003162	
2025-09-09 10:06:56.725	continuous	4617	1	->	2	3	3	0.459546	False	0.909508	0.750000	0.003162	
2025-09-09 10:06:56.725	continuous	4618	1	->	2	3	3	0.461898	False	0.884351	0.750000	0.003161	
2025-09-09 10:06:56.725	continuous	4619	3	->	4	5	3	0.359241	False	1.641193	0.750000	0.003161	
2025-09-09 10:06:56.725	continuous	4620	3	->		4	3	0.389963	False	1.203254	0.750000	0.003161	
2025-09-09 10:06:56.726	continuous	4621	3	->	4	5	3	0.358640	False	1.625820	0.750000	0.003160	
2025-09-09 10:06:56.726	continuous	4622	2	->		3	3	0.453274	False	0.909380	0.750000	0.003160	
2025-09-09 10:06:56.726	continuous	4623	3	->		4	3	0.390893	False	1.203750	0.750000	0.003160	
2025-09-09 10:06:56.726	continuous	4624	2	->		3	3	0.455711	False	0.900854	0.750000	0.003160	
2025-09-09 10:06:56.726	continuous	4625	1	->	2	3	3	0.465741	False	0.860078	0.750000	0.003159	
2025-09-09 10:06:56.727	continuous	4626	4	->		5	3	0.371393	False	1.632630	0.750000	0.003159	
2025-09-09 10:06:56.727	continuous	4627	3	->		4	3	0.393486	False	1.219536	0.750000	0.003159	
2025-09-09 10:06:56.727	continuous	4628	1	->		2	3	0.427751	False	2.552620	0.750000	0.003158	
2025-09-09 10:06:56.727	continuous	4629	5	->		6	3	0.385229	False	4.293507	0.750000	0.003158	
2025-09-09 10:06:56.728	continuous	4630	1	->	2	3	3	0.459756	False	0.875756	0.750000	0.003158	
2025-09-09 10:06:56.728	continuous	4631	2	->	3	4	3	0.449969	False	1.170410	0.750000	0.003157	
2025-09-09 10:06:56.728	continuous	4632	2	->	3	4	3	0.449854	False	1.138463	0.750000	0.003157	
2025-09-09 10:06:56.728	continuous	4633	2	->	3	4	3	0.450019	False	1.107457	0.750000	0.003157	
2025-09-09 10:06:56.728	continuous	4634	1	->	2	3	3	0.461835	False	0.911348	0.750000	0.003156	
2025-09-09 10:06:56.729	continuous	4635	4	->		5	3	0.366942	False	1.654204	0.750000	0.003156	
2025-09-09 10:06:56.729	continuous	4636	2	->	3	4	3	0.450464	False	1.105189	0.750000	0.003156	
2025-09-09 10:06:56.729	continuous	4637	4	->		5	3	0.366102	False	1.638413	0.750000	0.003155	
2025-09-09 10:06:56.729	continuous	4638	2	->		3	3	0.453033	False	0.939391	0.750000	0.003155	
2025-09-09 10:06:56.729	continuous	4639	2	->	3	4	3	0.450964	False	1.102716	0.750000	0.003155	
2025-09-09 10:06:56.730	continuous	4640	2	->		3	3	0.455333	False	0.934405	0.750000	0.003154	
2025-09-09 10:06:56.730	continuous	4641	2	->		3	3	0.457336	False	0.909807	0.750000	0.003154	
2025-09-09 10:06:56.730	continuous	4642	3	->	4	5	3	0.361356	False	1.651586	0.750000	0.003154	
2025-09-09 10:06:56.730	continuous	4643	3	->	4	5	3	0.360238	False	1.628900	0.750000	0.003154	
2025-09-09 10:06:56.730	continuous	4644	1	->	2	3	3	0.463348	False	0.885615	0.750000	0.003153	
2025-09-09 10:06:56.730	continuous	4645	2	->		3	3	0.458274	False	0.878452	0.750000	0.003153	
2025-09-09 10:06:56.731	continuous	4646	3	->		4	3	0.394553	False	1.215235	0.750000	0.003153	
2025-09-09 10:06:56.731	continuous	4647	4	->		5	3	0.371130	False	1.626763	0.750000	0.003152	
2025-09-09 10:06:56.731	continuous	4648	2	->		3	3	0.458806	False	0.879644	0.750000	0.003152	
2025-09-09 10:06:56.731	continuous	4649	4	->		5	3	0.371687	False	1.612038	0.750000	0.003152	
2025-09-09 10:06:56.731	continuous	4650	3	->		4	3	0.394038	False	1.222246	0.750000	0.003151	
2025-09-09 10:06:56.731	continuous	4651	4	->		5	3	0.370771	False	1.595603	0.750000	0.003151	
2025-09-09 10:06:56.732	continuous	4652	1	->	2	3	3	0.465014	False	0.873351	0.750000	0.003151	
2025-09-09 10:06:56.732	continuous	4653	1	->	2	3	3	0.467696	False	0.849209	0.750000	0.003150	
2025-09-09 10:06:56.732	continuous	4654	4	->		5	3	0.373250	False	1.591358	0.750000	0.003150	
2025-09-09 10:06:56.732	continuous	4655	4	->		5	3	0.372181	False	1.567921	0.750000	0.003150	
2025-09-09 10:06:56.732	continuous	4656	4	->		5	3	0.371216	False	1.544801	0.750000	0.003149	
2025-09-09 10:06:56.733	continuous	4657	2	->		3	3	0.457643	False	0.872232	0.750000	0.003149	
2025-09-09 10:06:56.733	continuous	4658	1	->		2	3	0.429361	False	2.611045	0.750000	0.003149	
2025-09-09 10:06:56.733	continuous	4659	3	->		4	3	0.391910	False	1.276934	0.750000	0.003148	
2025-09-09 10:06:56.733	continuous	4660	1	->	2	3	3	0.463913	False	0.856099	0.750000	0.003148	
2025-09-09 10:06:56.733	continuous	4661	4	->		5	3	0.370701	False	1.549589	0.750000	0.003148	
2025-09-09 10:06:56.733	continuous	4662	2	->	3	4	3	0.452740	False	1.238225	0.750000	0.003148	
2025-09-09 10:06:56.734	continuous	4663	4	->	5	6	3	0.353383	False	4.035024	0.750000	0.003147	
2025-09-09 10:06:56.734	continuous	4664	1	->		2	3	0.423078	False	2.565736	0.750000	0.003147	
2025-09-09 10:06:56.734	continuous	4665	3	->		4	3	0.386001	False	1.253575	0.750000	0.003147	
2025-09-09 10:06:56.734	continuous	4666	2	->		3	3	0.450506	False	0.907080	0.750000	0.003146	
2025-09-09 10:06:56.734	continuous	4667	3	->	4	5	3	0.356238	False	1.557854	0.750000	0.003146	
2025-09-09 10:06:56.734	continuous	4668	1	->	2	3	3	0.459016	False	0.876279	0.750000	0.003146	
2025-09-09 10:06:56.735	continuous	4669	5	->		6	3	0.383267	False	4.240105	0.750000	0.003145	
2025-09-09 10:06:56.735	continuous	4670	3	->		4	3	0.385218	False	1.269491	0.750000	0.003145	
2025-09-09 10:06:56.735	continuous	4671	1	->	2	3	3	0.458520	False	0.873490	0.750000	0.003145	
2025-09-09 10:06:56.735	continuous	4672	1	->	2	3	3	0.461306	False	0.849955	0.750000	0.003144	
2025-09-09 10:06:56.735	continuous	4673	2	->		3	3	0.456230	False	0.845093	0.750000	0.003144	
2025-09-09 10:06:56.735	continuous	4674	4	->	5	6	3	0.349866	False	3.952562	0.750000	0.003144	
2025-09-09 10:06:56.736	continuous	4675	4	->		5	3	0.362906	False	1.573431	0.750000	0.003143	
2025-09-09 10:06:56.736	continuous	4676	1	->	2	3	3	0.462918	False	0.821268	0.750000	0.003143	
2025-09-09 10:06:56.736	continuous	4677	3	->	4	5	3	0.355796	False	1.567286	0.750000	0.003143	
2025-09-09 10:06:56.736	continuous	4678	2	->	3	4	3	0.450940	False	1.288559	0.750000	0.003142	
2025-09-09 10:06:56.736	continuous	4679	3	->		4	3	0.387228	False	1.290569	0.750000	0.003142	
2025-09-09 10:06:56.737	continuous	4680	3	->	4	5	3	0.354555	False	1.560024	0.750000	0.003142	
2025-09-09 10:06:56.737	continuous	4681	3	->	4	5	3	0.353837	False	1.538981	0.750000	0.003142	
2025-09-09 10:06:56.737	continuous	4682	2	->		3	3	0.451540	False	0.878002	0.750000	0.003141	
2025-09-09 10:06:56.737	continuous	4683	2	->		3	3	0.454241	False	0.855850	0.750000	0.003141	
2025-09-09 10:06:56.737	continuous	4684	3	->	4	5	3	0.356745	False	1.536861	0.750000	0.003141	
2025-09-09 10:06:56.737	continuous	4685	2	->		3	3	0.455655	False	0.843779	0.750000	0.003140	
2025-09-09 10:06:56.738	continuous	4686	2	->		3	3	0.458607	False	0.822600	0.750000	0.003140	
2025-09-09 10:06:56.738	continuous	4687	3	->	4	5	3	0.359901	False	1.535168	0.750000	0.003140	
2025-09-09 10:06:56.738	continuous	4688	2	->	3	4	3	0.454841	False	1.328187	0.750000	0.003139	
2025-09-09 10:06:56.738	continuous	4689	1	->	2	3	3	0.466684	False	0.812654	0.750000	0.003139	
2025-09-09 10:06:56.738	continuous	4690	1	->	2	3	3	0.469933	False	0.791049	0.750000	0.003139	
2025-09-09 10:06:56.739	continuous	4691	1	->	2	3	3	0.473327	False	0.770110	0.750000	0.003138	
2025-09-09 10:06:56.739	continuous	4692	1	->	2	3	3	0.476855	False	0.749820	0.750000	0.003138	
2025-09-09 10:06:56.739	continuous	4693	2	->		3	3	0.471518	False	0.749264	0.750000	0.003138	
2025-09-09 10:06:56.739	continuous	4694	4	->		5	3	0.377373	False	1.566581	0.750000	0.003137	
2025-09-09 10:06:56.739	continuous	4695	3	->		4	3	0.401220	False	1.396410	0.750000	0.003137	
2025-09-09 10:06:56.740	continuous	4696	1	->		2	3	0.437137	False	2.649092	0.750000	0.003137	
2025-09-09 10:06:56.740	continuous	4697	1	->	2	3	3	0.476222	False	0.745766	0.750000	0.003137	
2025-09-09 10:06:56.740	continuous	4698	2	->	3	4	3	0.465082	False	1.377528	0.750000	0.003136	
2025-09-09 10:06:56.740	continuous	4699	4	->		5	3	0.372969	False	1.566040	0.750000	0.003136	
2025-09-09 10:06:56.740	continuous	4700	2	->	3	4	3	0.461182	False	1.345217	0.750000	0.003136	
2025-09-09 10:06:56.740	continuous	4701	2	->		3	3	0.464839	False	0.792715	0.750000	0.003135	
2025-09-09 10:06:56.741	continuous	4702	4	->	5	6	3	0.355455	False	3.956371	0.750000	0.003135	
2025-09-09 10:06:56.741	continuous	4703	3	->	4	5	3	0.360732	False	1.564372	0.750000	0.003135	
2025-09-09 10:06:56.741	continuous	4704	1	->	2	3	3	0.472148	False	0.770284	0.750000	0.003134	
2025-09-09 10:06:56.741	continuous	4705	2	->	3	4	3	0.461144	False	1.350108	0.750000	0.003134	
2025-09-09 10:06:56.741	continuous	4706	1	->	2	3	3	0.473500	False	0.768733	0.750000	0.003134	
2025-09-09 10:06:56.741	continuous	4707	1	->	2	3	3	0.477015	False	0.748531	0.750000	0.003133	
2025-09-09 10:06:56.742	continuous	4708	3	->		4	3	0.399254	False	1.364341	0.750000	0.003133	
2025-09-09 10:06:56.742	continuous	4709	3	->		4	3	0.398611	False	1.339597	0.750000	0.003133	
2025-09-09 10:06:56.742	continuous	4710	3	->	4	5	3	0.364280	False	1.591060	0.750000	0.003132	
2025-09-09 10:06:56.742	continuous	4711	4	->		5	3	0.371446	False	1.563834	0.750000	0.003132	
2025-09-09 10:06:56.742	continuous	4712	2	->	3	4	3	0.459881	False	1.303199	0.750000	0.003132	
2025-09-09 10:06:56.742	continuous	4713	3	->		4	3	0.394900	False	1.298511	0.750000	0.003132	
2025-09-09 10:06:56.743	continuous	4714	1	->	2	3	3	0.471139	False	0.810607	0.750000	0.003131	
2025-09-09 10:06:56.743	continuous	4715	3	->	4	5	3	0.363396	False	1.570376	0.750000	0.003131	
2025-09-09 10:06:56.743	continuous	4716	2	->		3	3	0.464166	False	0.816920	0.750000	0.003131	
2025-09-09 10:06:56.743	continuous	4717	3	->	4	5	3	0.364444	False	1.558247	0.750000	0.003130	
2025-09-09 10:06:56.743	continuous	4718	3	->	4	5	3	0.363585	False	1.536768	0.750000	0.003130	
2025-09-09 10:06:56.744	continuous	4719	2	->		3	3	0.463949	False	0.815383	0.750000	0.003130	
2025-09-09 10:06:56.744	continuous	4720	3	->		4	3	0.397916	False	1.337536	0.750000	0.003129	
2025-09-09 10:06:56.744	continuous	4721	2	->	3	4	3	0.460790	False	1.286222	0.750000	0.003129	
2025-09-09 10:06:56.744	continuous	4722	4	->		5	3	0.371743	False	1.532797	0.750000	0.003129	
2025-09-09 10:06:56.744	continuous	4723	4	->		5	3	0.370895	False	1.510542	0.750000	0.003128	
2025-09-09 10:06:56.744	continuous	4724	2	->		3	3	0.461448	False	0.847565	0.750000	0.003128	
2025-09-09 10:06:56.745	continuous	4725	4	->	5	6	3	0.354522	False	3.943854	0.750000	0.003128	
2025-09-09 10:06:56.745	continuous	4726	3	->		4	3	0.393456	False	1.313014	0.750000	0.003127	
2025-09-09 10:06:56.745	continuous	4727	4	->		5	3	0.367791	False	1.505230	0.750000	0.003127	
2025-09-09 10:06:56.745	continuous	4728	3	->	4	5	3	0.359471	False	1.491282	0.750000	0.003127	
2025-09-09 10:06:56.745	continuous	4729	4	->		5	3	0.366563	False	1.462793	0.750000	0.003127	
2025-09-09 10:06:56.745	continuous	4730	3	->		4	3	0.390957	False	1.310498	0.750000	0.003126	
2025-09-09 10:06:56.746	continuous	4731	2	->		3	3	0.456415	False	0.889323	0.750000	0.003126	
2025-09-09 10:06:56.746	continuous	4732	3	->		4	3	0.392669	False	1.300860	0.750000	0.003126	
2025-09-09 10:06:56.746	continuous	4733	2	->		3	3	0.458407	False	0.880434	0.750000	0.003125	
2025-09-09 10:06:56.746	continuous	4734	4	->		5	3	0.369188	False	1.476439	0.750000	0.003125	
2025-09-09 10:06:56.746	continuous	4735	2	->	3	4	3	0.454889	False	1.265532	0.750000	0.003125	
2025-09-09 10:06:56.746	continuous	4736	1	->	2	3	3	0.466421	False	0.870115	0.750000	0.003124	
2025-09-09 10:06:56.747	continuous	4737	4	->		5	3	0.369859	False	1.473628	0.750000	0.003124	
2025-09-09 10:06:56.747	continuous	4738	1	->	2	3	3	0.467864	False	0.856804	0.750000	0.003124	
2025-09-09 10:06:56.747	continuous	4739	1	->	2	3	3	0.470743	False	0.833381	0.750000	0.003123	
2025-09-09 10:06:56.747	continuous	4740	2	->	3	4	3	0.460477	False	1.294374	0.750000	0.003123	
2025-09-09 10:06:56.747	continuous	4741	3	->		4	3	0.397467	False	1.290822	0.750000	0.003123	
2025-09-09 10:06:56.747	continuous	4742	2	->		3	3	0.463577	False	0.860962	0.750000	0.003122	
2025-09-09 10:06:56.748	continuous	4743	4	->		5	3	0.373864	False	1.498363	0.750000	0.003122	
2025-09-09 10:06:56.748	continuous	4744	4	->		5	3	0.373132	False	1.476425	0.750000	0.003122	
2025-09-09 10:06:56.748	continuous	4745	2	->		3	3	0.463442	False	0.858998	0.750000	0.003122	
2025-09-09 10:06:56.748	continuous	4746	1	->	2	3	3	0.474214	False	0.819786	0.750000	0.003121	
2025-09-09 10:06:56.748	continuous	4747	1	->	2	3	3	0.477343	False	0.797394	0.750000	0.003121	
2025-09-09 10:06:56.749	continuous	4748	2	->		3	3	0.472187	False	0.793679	0.750000	0.003121	
2025-09-09 10:06:56.749	continuous	4749	5	->		6	3	0.399338	False	4.221879	0.750000	0.003120	
2025-09-09 10:06:56.749	continuous	4750	1	->	2	3	3	0.480844	False	0.762528	0.750000	0.003120	
2025-09-09 10:06:56.749	continuous	4751	3	->	4	5	3	0.370367	False	1.513801	0.750000	0.003120	
2025-09-09 10:06:56.749	continuous	4752	2	->		3	3	0.473801	False	0.771004	0.750000	0.003119	
2025-09-09 10:06:56.749	continuous	4753	3	->		4	3	0.405591	False	1.386679	0.750000	0.003119	
2025-09-09 10:06:56.750	continuous	4754	2	->		3	3	0.475571	False	0.765425	0.750000	0.003119	
2025-09-09 10:06:56.750	continuous	4755	2	->	3	4	3	0.473179	False	1.367761	0.750000	0.003118	
2025-09-09 10:06:56.750	continuous	4756	3	->		4	3	0.405819	False	1.343928	0.750000	0.003118	
2025-09-09 10:06:56.750	continuous	4757	3	->	4	5	3	0.371485	False	1.531889	0.750000	0.003118	
2025-09-09 10:06:56.750	continuous	4758	3	->		4	3	0.404140	False	1.325601	0.750000	0.003117	
2025-09-09 10:06:56.750	continuous	4759	5	->		6	3	0.396681	False	4.182745	0.750000	0.003117	
2025-09-09 10:06:56.751	continuous	4760	1	->	2	3	3	0.477767	False	0.792202	0.750000	0.003117	
2025-09-09 10:06:56.751	continuous	4761	2	->		3	3	0.472489	False	0.789309	0.750000	0.003117	
2025-09-09 10:06:56.751	continuous	4762	2	->	3	4	3	0.470164	False	1.312131	0.750000	0.003116	
2025-09-09 10:06:56.751	continuous	4763	1	->	2	3	3	0.482289	False	0.769774	0.750000	0.003116	
2025-09-09 10:06:56.751	continuous	4764	2	->		3	3	0.476982	False	0.768025	0.750000	0.003116	
2025-09-09 10:06:56.751	continuous	4765	3	->		4	3	0.407776	False	1.329704	0.750000	0.003115	
2025-09-09 10:06:56.752	continuous	4766	3	->	4	5	3	0.372793	False	1.568233	0.750000	0.003115	
2025-09-09 10:06:56.752	continuous	4767	3	->		4	3	0.405939	False	1.311422	0.750000	0.003115	
2025-09-09 10:06:56.752	continuous	4768	3	->	4	5	3	0.371441	False	1.552773	0.750000	0.003114	
2025-09-09 10:06:56.752	continuous	4769	2	->	3	4	3	0.468979	False	1.266909	0.750000	0.003114	
2025-09-09 10:06:56.752	continuous	4770	4	->		5	3	0.377460	False	1.531729	0.750000	0.003114	
2025-09-09 10:06:56.752	continuous	4771	3	->	4	5	3	0.369005	False	1.516418	0.750000	0.003113	
2025-09-09 10:06:56.753	continuous	4772	2	->	3	4	3	0.464573	False	1.245711	0.750000	0.003113	
2025-09-09 10:06:56.753	continuous	4773	4	->		5	3	0.375271	False	1.495587	0.750000	0.003113	
2025-09-09 10:06:56.753	continuous	4774	2	->		3	3	0.466913	False	0.864048	0.750000	0.003112	
2025-09-09 10:06:56.753	continuous	4775	1	->	2	3	3	0.477439	False	0.824400	0.750000	0.003112	
2025-09-09 10:06:56.753	continuous	4776	2	->	3	4	3	0.467358	False	1.256553	0.750000	0.003112	
2025-09-09 10:06:56.754	continuous	4777	3	->	4	5	3	0.370032	False	1.508962	0.750000	0.003112	
2025-09-09 10:06:56.754	continuous	4778	2	->	3	4	3	0.464862	False	1.228552	0.750000	0.003111	
2025-09-09 10:06:56.754	continuous	4779	3	->	4	5	3	0.368975	False	1.495729	0.750000	0.003111	
2025-09-09 10:06:56.754	continuous	4780	2	->	3	4	3	0.462784	False	1.201873	0.750000	0.003111	
2025-09-09 10:06:56.754	continuous	4781	1	->	2	3	3	0.474104	False	0.879558	0.750000	0.003110	
2025-09-09 10:06:56.754	continuous	4782	1	->	2	3	3	0.476659	False	0.854829	0.750000	0.003110	
2025-09-09 10:06:56.755	continuous	4783	2	->		3	3	0.471581	False	0.848245	0.750000	0.003110	
2025-09-09 10:06:56.755	continuous	4784	2	->	3	4	3	0.469480	False	1.226227	0.750000	0.003109	
2025-09-09 10:06:56.755	continuous	4785	1	->	2	3	3	0.480980	False	0.827967	0.750000	0.003109	
2025-09-09 10:06:56.755	continuous	4786	1	->	2	3	3	0.483891	False	0.804833	0.750000	0.003109	
2025-09-09 10:06:56.755	continuous	4787	4	->		5	3	0.383759	False	1.533605	0.750000	0.003108	
2025-09-09 10:06:56.755	continuous	4788	2	->	3	4	3	0.472059	False	1.237926	0.750000	0.003108	
2025-09-09 10:06:56.756	continuous	4789	4	->		5	3	0.382161	False	1.518297	0.750000	0.003108	
2025-09-09 10:06:56.756	continuous	4790	3	->		4	3	0.406930	False	1.247916	0.750000	0.003107	
2025-09-09 10:06:56.756	continuous	4791	3	->		4	3	0.406941	False	1.224588	0.750000	0.003107	
2025-09-09 10:06:56.756	continuous	4792	5	->		6	3	0.399568	False	4.191154	0.750000	0.003107	
2025-09-09 10:06:56.756	continuous	4793	2	->	3	4	3	0.466046	False	1.154964	0.750000	0.003107	
2025-09-09 10:06:56.756	continuous	4794	4	->	5	6	3	0.358693	False	3.877217	0.750000	0.003106	
2025-09-09 10:06:56.757	continuous	4795	3	->	4	5	3	0.366151	False	1.524363	0.750000	0.003106	
2025-09-09 10:06:56.757	continuous	4796	3	->	4	5	3	0.365439	False	1.503346	0.750000	0.003106	
2025-09-09 10:06:56.757	continuous	4797	2	->		3	3	0.464748	False	0.918510	0.750000	0.003105	
2025-09-09 10:06:56.757	continuous	4798	3	->		4	3	0.399867	False	1.209987	0.750000	0.003105	
2025-09-09 10:06:56.757	continuous	4799	1	->	2	3	3	0.474298	False	0.892605	0.750000	0.003105	
2025-09-09 10:06:56.757	continuous	4800	4	->		5	3	0.375062	False	1.501098	0.750000	0.003104	
2025-09-09 10:06:56.758	continuous	4801	2	->	3	4	3	0.463267	False	1.160640	0.750000	0.003104	
2025-09-09 10:06:56.758	continuous	4802	1	->	2	3	3	0.474685	False	0.896821	0.750000	0.003104	
2025-09-09 10:06:56.758	continuous	4803	3	->		4	3	0.402396	False	1.199178	0.750000	0.003103	
2025-09-09 10:06:56.758	continuous	4804	3	->	4	5	3	0.369005	False	1.512775	0.750000	0.003103	
2025-09-09 10:06:56.758	continuous	4805	2	->	3	4	3	0.463902	False	1.129732	0.750000	0.003103	
2025-09-09 10:06:56.759	continuous	4806	4	->		5	3	0.375394	False	1.492342	0.750000	0.003103	
2025-09-09 10:06:56.759	continuous	4807	4	->		5	3	0.374697	False	1.470576	0.750000	0.003102	
2025-09-09 10:06:56.759	continuous	4808	4	->		5	3	0.374099	False	1.449092	0.750000	0.003102	
2025-09-09 10:06:56.759	continuous	4809	3	->		4	3	0.399679	False	1.182914	0.750000	0.003102	
2025-09-09 10:06:56.760	continuous	4810	3	->	4	5	3	0.367258	False	1.445425	0.750000	0.003101	
2025-09-09 10:06:56.760	continuous	4811	3	->	4	5	3	0.366872	False	1.425065	0.750000	0.003101	
2025-09-09 10:06:56.760	continuous	4812	3	->	4	5	3	0.366581	False	1.404943	0.750000	0.003101	
2025-09-09 10:06:56.760	continuous	4813	3	->		4	3	0.398732	False	1.186402	0.750000	0.003100	
2025-09-09 10:06:56.760	continuous	4814	3	->		4	3	0.399328	False	1.164616	0.750000	0.003100	
2025-09-09 10:06:56.760	continuous	4815	4	->	5	6	3	0.355910	False	3.860611	0.750000	0.003100	
2025-09-09 10:06:56.761	continuous	4816	2	->	3	4	3	0.456801	False	1.078749	0.750000	0.003099	
2025-09-09 10:06:56.761	continuous	4817	4	->		5	3	0.370823	False	1.403484	0.750000	0.003099	
2025-09-09 10:06:56.761	continuous	4818	2	->	3	4	4	0.456801	False	1.059272	0.750000	0.003099	
2025-09-09 10:06:56.761	continuous	4819	3	->	4	5	4	0.364944	False	1.403777	0.750000	0.003098	
2025-09-09 10:06:56.761	continuous	4820	3	->		4	4	0.397665	False	1.115432	0.750000	0.003098	
2025-09-09 10:06:56.761	continuous	4821	2	->		3	4	0.461288	False	1.104860	0.750000	0.003098	
2025-09-09 10:06:56.762	continuous	4822	2	->		3	4	0.461919	False	1.074649	0.750000	0.003098	
2025-09-09 10:06:56.762	continuous	4823	3	->		4	4	0.399803	False	1.124840	0.750000	0.003097	
2025-09-09 10:06:56.762	continuous	4824	1	->		2	4	0.433736	False	2.933594	0.750000	0.003097	
2025-09-09 10:06:56.762	continuous	4825	1	->		2	4	0.430370	False	2.882168	0.750000	0.003097	
2025-09-09 10:06:56.762	continuous	4826	2	->	3	4	4	0.454253	False	1.039211	0.750000	0.003096	
2025-09-09 10:06:56.762	continuous	4827	2	->	3	4	4	0.455533	False	1.010934	0.750000	0.003096	
2025-09-09 10:06:56.763	continuous	4828	3	->	4	5	4	0.362768	False	1.442961	0.750000	0.003096	
2025-09-09 10:06:56.763	continuous	4829	3	->		4	4	0.395722	False	1.077842	0.750000	0.003095	
2025-09-09 10:06:56.763	continuous	4830	3	->		4	4	0.397030	False	1.058383	0.750000	0.003095	
2025-09-09 10:06:56.763	continuous	4831	3	->	4	5	4	0.364813	False	1.441023	0.750000	0.003095	
2025-09-09 10:06:56.763	continuous	4832	2	->		3	4	0.460728	False	1.153343	0.750000	0.003094	
2025-09-09 10:06:56.763	continuous	4833	2	->	3	4	4	0.458169	False	0.978250	0.750000	0.003094	
2025-09-09 10:06:56.764	continuous	4834	1	->	2	3	4	0.468628	False	1.129918	0.750000	0.003094	
2025-09-09 10:06:56.764	continuous	4835	1	->	2	3	4	0.468908	False	1.096744	0.750000	0.003094	
2025-09-09 10:06:56.764	continuous	4836	3	->	4	5	4	0.366436	False	1.455978	0.750000	0.003093	
2025-09-09 10:06:56.764	continuous	4837	3	->		4	4	0.399181	False	1.081688	0.750000	0.003093	
2025-09-09 10:06:56.764	continuous	4838	1	->	2	3	4	0.469560	False	1.088794	0.750000	0.003093	
2025-09-09 10:06:56.764	continuous	4839	1	->	2	3	4	0.470202	False	1.056847	0.750000	0.003092	
2025-09-09 10:06:56.765	continuous	4840	2	->		3	4	0.464695	False	1.039246	0.750000	0.003092	
2025-09-09 10:06:56.765	continuous	4841	3	->		4	3	0.402160	False	1.108844	0.750000	0.003092	
2025-09-09 10:06:56.765	continuous	4842	2	->		3	3	0.466668	False	1.026156	0.750000	0.003091	
2025-09-09 10:06:56.765	continuous	4843	3	->		4	3	0.403956	False	1.104050	0.750000	0.003091	
2025-09-09 10:06:56.765	continuous	4844	2	->	3	4	4	0.465718	False	1.007751	0.750000	0.003091	
2025-09-09 10:06:56.765	continuous	4845	2	->	3	4	4	0.467020	False	0.979591	0.750000	0.003090	
2025-09-09 10:06:56.766	continuous	4846	2	->	3	4	4	0.468560	False	0.952302	0.750000	0.003090	
2025-09-09 10:06:56.766	continuous	4847	4	->		5	4	0.379984	False	1.516450	0.750000	0.003090	
2025-09-09 10:06:56.766	continuous	4848	4	->	5	6	4	0.360392	False	3.862795	0.750000	0.003090	
2025-09-09 10:06:56.766	continuous	4849	3	->		4	4	0.404247	False	1.028566	0.750000	0.003089	
2025-09-09 10:06:56.766	continuous	4850	3	->	4	5	4	0.371214	False	1.511372	0.750000	0.003089	
2025-09-09 10:06:56.767	continuous	4851	2	->		3	4	0.468900	False	1.106890	0.750000	0.003089	
2025-09-09 10:06:56.767	continuous	4852	3	->	4	5	4	0.370797	False	1.497461	0.750000	0.003088	
2025-09-09 10:06:56.767	continuous	4853	2	->		3	4	0.467794	False	1.083568	0.750000	0.003088	
2025-09-09 10:06:56.767	continuous	4854	2	->		3	4	0.468351	False	1.053409	0.750000	0.003088	
2025-09-09 10:06:56.767	continuous	4855	1	->	2	3	3	0.475423	False	1.010633	0.750000	0.003087	
2025-09-09 10:06:56.767	continuous	4856	2	->		3	3	0.470238	False	0.995225	0.750000	0.003087	
2025-09-09 10:06:56.768	continuous	4857	2	->	3	4	3	0.468391	False	1.036899	0.750000	0.003087	
2025-09-09 10:06:56.768	continuous	4858	1	->	2	3	3	0.478629	False	0.973321	0.750000	0.003086	
2025-09-09 10:06:56.768	continuous	4859	2	->		3	3	0.473616	False	0.959906	0.750000	0.003086	
2025-09-09 10:06:56.768	continuous	4860	2	->	3	4	3	0.471882	False	1.048358	0.750000	0.003086	
2025-09-09 10:06:56.768	continuous	4861	1	->	2	3	3	0.482134	False	0.938417	0.750000	0.003086	
2025-09-09 10:06:56.769	continuous	4862	2	->	3	4	3	0.473996	False	1.039234	0.750000	0.003085	
2025-09-09 10:06:56.769	continuous	4863	1	->		2	3	0.445606	False	2.975465	0.750000	0.003085	
2025-09-09 10:06:56.769	continuous	4864	3	->	4	5	3	0.374029	False	1.560166	0.750000	0.003085	
2025-09-09 10:06:56.769	continuous	4865	2	->	3	4	3	0.469630	False	1.022663	0.750000	0.003084	
2025-09-09 10:06:56.769	continuous	4866	1	->	2	3	3	0.479768	False	0.966656	0.750000	0.003084	
2025-09-09 10:06:56.769	continuous	4867	1	->	2	3	3	0.481241	False	0.938203	0.750000	0.003084	
2025-09-09 10:06:56.770	continuous	4868	3	->	4	5	3	0.375752	False	1.563752	0.750000	0.003083	
2025-09-09 10:06:56.770	continuous	4869	3	->		4	3	0.408937	False	1.112381	0.750000	0.003083	
2025-09-09 10:06:56.770	continuous	4870	1	->		2	3	0.443129	False	2.942617	0.750000	0.003083	
2025-09-09 10:06:56.770	continuous	4871	1	->	2	3	3	0.478340	False	0.941512	0.750000	0.003082	
2025-09-09 10:06:56.770	continuous	4872	2	->		3	3	0.473506	False	0.930369	0.750000	0.003082	
2025-09-09 10:06:56.770	continuous	4873	4	->		5	3	0.379993	False	1.558996	0.750000	0.003082	
2025-09-09 10:06:56.771	continuous	4874	3	->	4	5	3	0.373294	False	1.543572	0.750000	0.003081	
2025-09-09 10:06:56.771	continuous	4875	3	->		4	3	0.406320	False	1.144572	0.750000	0.003081	
2025-09-09 10:06:56.771	continuous	4876	1	->	2	3	3	0.478853	False	0.921955	0.750000	0.003081	
2025-09-09 10:06:56.771	continuous	4877	3	->		4	3	0.408264	False	1.139320	0.750000	0.003081	
2025-09-09 10:06:56.771	continuous	4878	2	->	3	4	3	0.471294	False	1.051280	0.750000	0.003080	
2025-09-09 10:06:56.771	continuous	4879	1	->	2	3	3	0.481419	False	0.931986	0.750000	0.003080	
2025-09-09 10:06:56.772	continuous	4880	3	->		4	3	0.410698	False	1.109675	0.750000	0.003080	
2025-09-09 10:06:56.772	continuous	4881	1	->		2	3	0.444764	False	2.933118	0.750000	0.003079	
2025-09-09 10:06:56.772	continuous	4882	2	->		3	3	0.473836	False	0.943412	0.750000	0.003079	
2025-09-09 10:06:56.772	continuous	4883	3	->		4	3	0.409119	False	1.110304	0.750000	0.003079	
2025-09-09 10:06:56.772	continuous	4884	1	->	2	3	3	0.482508	False	0.917212	0.750000	0.003078	
2025-09-09 10:06:56.772	continuous	4885	4	->		5	3	0.382096	False	1.588030	0.750000	0.003078	
2025-09-09 10:06:56.773	continuous	4886	1	->	2	3	3	0.482440	False	0.899013	0.750000	0.003078	
2025-09-09 10:06:56.773	continuous	4887	3	->		4	3	0.411139	False	1.130155	0.750000	0.003077	
2025-09-09 10:06:56.773	continuous	4888	2	->	3	4	3	0.474910	False	1.042551	0.750000	0.003077	
2025-09-09 10:06:56.773	continuous	4889	1	->	2	3	3	0.485017	False	0.910326	0.750000	0.003077	
2025-09-09 10:06:56.773	continuous	4890	3	->	4	5	3	0.379009	False	1.604690	0.750000	0.003077	
2025-09-09 10:06:56.773	continuous	4891	3	->		4	3	0.412213	False	1.108625	0.750000	0.003076	
2025-09-09 10:06:56.774	continuous	4892	1	->	2	3	3	0.485373	False	0.908395	0.750000	0.003076	
2025-09-09 10:06:56.774	continuous	4893	2	->	3	4	3	0.477431	False	1.038434	0.750000	0.003076	
2025-09-09 10:06:56.774	continuous	4894	2	->		3	3	0.481062	False	0.919835	0.750000	0.003075	
2025-09-09 10:06:56.774	continuous	4895	4	->		5	3	0.386782	False	1.607706	0.750000	0.003075	
2025-09-09 10:06:56.774	continuous	4896	1	->	2	3	3	0.487287	False	0.885378	0.750000	0.003075	
2025-09-09 10:06:56.774	continuous	4897	2	->	3	4	3	0.479296	False	1.058859	0.750000	0.003074	
2025-09-09 10:06:56.775	continuous	4898	5	->		6	3	0.406341	False	4.154324	0.750000	0.003074	
2025-09-09 10:06:56.775	continuous	4899	3	->		4	3	0.412623	False	1.098896	0.750000	0.003074	
2025-09-09 10:06:56.775	continuous	4900	4	->	5	6	3	0.364013	False	3.835684	0.750000	0.003073	
2025-09-09 10:06:56.775	continuous	4901	4	->		5	3	0.379803	False	1.603793	0.750000	0.003073	
2025-09-09 10:06:56.775	continuous	4902	4	->		5	3	0.378626	False	1.580768	0.750000	0.003073	
2025-09-09 10:06:56.776	continuous	4903	3	->		4	3	0.407477	False	1.097390	0.750000	0.003073	
2025-09-09 10:06:56.776	continuous	4904	4	->		5	3	0.378278	False	1.565980	0.750000	0.003072	
2025-09-09 10:06:56.776	continuous	4905	1	->	2	3	3	0.479661	False	0.947714	0.750000	0.003072	
2025-09-09 10:06:56.776	continuous	4906	3	->		4	3	0.408230	False	1.101423	0.750000	0.003072	
2025-09-09 10:06:56.776	continuous	4907	4	->		5	3	0.379051	False	1.559862	0.750000	0.003071	
2025-09-09 10:06:56.776	continuous	4908	4	->		5	3	0.378047	False	1.537307	0.750000	0.003071	
2025-09-09 10:06:56.777	continuous	4909	3	->		4	3	0.406776	False	1.097201	0.750000	0.003071	
2025-09-09 10:06:56.777	continuous	4910	4	->		5	3	0.377907	False	1.523282	0.750000	0.003070	
2025-09-09 10:06:56.777	continuous	4911	3	->	4	5	3	0.372337	False	1.510328	0.750000	0.003070	
2025-09-09 10:06:56.777	continuous	4912	3	->		4	4	0.405727	False	1.093654	0.750000	0.003070	
2025-09-09 10:06:56.777	continuous	4913	1	->	2	3	3	0.476966	False	1.002632	0.750000	0.003069	
2025-09-09 10:06:56.777	continuous	4914	2	->		3	3	0.471962	False	0.988204	0.750000	0.003069	
2025-09-09 10:06:56.778	continuous	4915	1	->	2	3	3	0.479672	False	0.945217	0.750000	0.003069	
2025-09-09 10:06:56.778	continuous	4916	2	->	3	4	3	0.471752	False	1.055479	0.750000	0.003069	
2025-09-09 10:06:56.778	continuous	4917	4	->		5	3	0.380536	False	1.523301	0.750000	0.003068	
2025-09-09 10:06:56.778	continuous	4918	2	->	3	4	3	0.470801	False	1.034282	0.750000	0.003068	
2025-09-09 10:06:56.778	continuous	4919	3	->		4	3	0.409891	False	1.080458	0.750000	0.003068	
2025-09-09 10:06:56.778	continuous	4920	2	->	3	4	4	0.472891	False	0.981117	0.750000	0.003067	
2025-09-09 10:06:56.779	continuous	4921	1	->	2	3	4	0.482545	False	1.004748	0.750000	0.003067	
2025-09-09 10:06:56.779	continuous	4922	2	->		3	3	0.477537	False	0.990044	0.750000	0.003067	
2025-09-09 10:06:56.779	continuous	4923	3	->	4	5	3	0.378917	False	1.552755	0.750000	0.003066	
2025-09-09 10:06:56.779	continuous	4924	3	->	4	5	3	0.377952	False	1.530580	0.750000	0.003066	
2025-09-09 10:06:56.779	continuous	4925	3	->	4	5	3	0.377087	False	1.508695	0.750000	0.003066	
2025-09-09 10:06:56.780	continuous	4926	3	->	4	5	3	0.376322	False	1.487093	0.750000	0.003066	
2025-09-09 10:06:56.780	continuous	4927	4	->		5	3	0.380322	False	1.456570	0.750000	0.003065	
2025-09-09 10:06:56.780	continuous	4928	2	->		3	3	0.471177	False	1.004134	0.750000	0.003065	
2025-09-09 10:06:56.780	continuous	4929	4	->		5	3	0.380674	False	1.444183	0.750000	0.003065	
2025-09-09 10:06:56.780	continuous	4930	3	->	4	5	3	0.375414	False	1.432364	0.750000	0.003064	
2025-09-09 10:06:56.780	continuous	4931	3	->		4	3	0.407997	False	1.145269	0.750000	0.003064	
2025-09-09 10:06:56.781	continuous	4932	2	->	3	4	3	0.467909	False	1.055251	0.750000	0.003064	
2025-09-09 10:06:56.781	continuous	4933	2	->	3	4	4	0.468851	False	1.025097	0.750000	0.003063	
2025-09-09 10:06:56.781	continuous	4934	2	->	3	4	4	0.470047	False	0.995884	0.750000	0.003063	
2025-09-09 10:06:56.781	continuous	4935	4	->		5	4	0.382239	False	1.441198	0.750000	0.003063	
2025-09-09 10:06:56.781	continuous	4936	4	->		5	4	0.381677	False	1.419633	0.750000	0.003062	
2025-09-09 10:06:56.781	continuous	4937	2	->		3	4	0.471285	False	1.086293	0.750000	0.003062	
2025-09-09 10:06:56.782	continuous	4938	3	->		4	4	0.410426	False	1.084918	0.750000	0.003062	
2025-09-09 10:06:56.782	continuous	4939	3	->	4	5	4	0.378266	False	1.426568	0.750000	0.003062	
2025-09-09 10:06:56.782	continuous	4940	3	->	4	5	4	0.377829	False	1.405707	0.750000	0.003061	
2025-09-09 10:06:56.782	continuous	4941	1	->	2	3	4	0.476615	False	1.077208	0.750000	0.003061	
2025-09-09 10:06:56.782	continuous	4942	1	->	2	3	3	0.477374	False	1.044883	0.750000	0.003061	
2025-09-09 10:06:56.782	continuous	4943	3	->		4	3	0.411396	False	1.114497	0.750000	0.003060	
2025-09-09 10:06:56.783	continuous	4944	2	->	3	4	4	0.470820	False	1.019648	0.750000	0.003060	
2025-09-09 10:06:56.783	continuous	4945	4	->	5	6	4	0.365443	False	3.856894	0.750000	0.003060	
2025-09-09 10:06:56.783	continuous	4946	5	->		6	4	0.399410	False	4.077066	0.750000	0.003059	
2025-09-09 10:06:56.783	continuous	4947	1	->	2	3	4	0.475578	False	1.055076	0.750000	0.003059	
2025-09-09 10:06:56.783	continuous	4948	3	->		4	4	0.407351	False	1.092948	0.750000	0.003059	
2025-09-09 10:06:56.783	continuous	4949	2	->	3	4	4	0.469128	False	0.992206	0.750000	0.003058	
2025-09-09 10:06:56.784	continuous	4950	2	->		3	4	0.472774	False	1.072568	0.750000	0.003058	
2025-09-09 10:06:56.784	continuous	4951	3	->	4	5	4	0.375741	False	1.460786	0.750000	0.003058	
2025-09-09 10:06:56.784	continuous	4952	3	->	4	5	4	0.375180	False	1.439858	0.750000	0.003058	
2025-09-09 10:06:56.784	continuous	4953	1	->	2	3	4	0.476815	False	1.046391	0.750000	0.003057	
2025-09-09 10:06:56.784	continuous	4954	4	->		5	3	0.379480	False	1.418536	0.750000	0.003057	
2025-09-09 10:06:56.784	continuous	4955	2	->		3	3	0.470724	False	1.037970	0.750000	0.003057	
2025-09-09 10:06:56.785	continuous	4956	2	->	3	4	3	0.469044	False	1.053467	0.750000	0.003056	
2025-09-09 10:06:56.785	continuous	4957	1	->		2	3	0.441608	False	3.048337	0.750000	0.003056	
2025-09-09 10:06:56.785	continuous	4958	2	->	3	4	4	0.466850	False	1.027739	0.750000	0.003056	
2025-09-09 10:06:56.785	continuous	4959	1	->	2	3	4	0.476146	False	1.039651	0.750000	0.003055	
2025-09-09 10:06:56.785	continuous	4960	1	->	2	3	3	0.477156	False	1.008906	0.750000	0.003055	
2025-09-09 10:06:56.786	continuous	4961	3	->	4	5	3	0.374879	False	1.455707	0.750000	0.003055	
2025-09-09 10:06:56.786	continuous	4962	3	->		4	3	0.408074	False	1.119543	0.750000	0.003054	
2025-09-09 10:06:56.786	continuous	4963	2	->	3	4	4	0.469429	False	1.023499	0.750000	0.003054	
2025-09-09 10:06:56.786	continuous	4964	5	->		6	4	0.398541	False	4.045446	0.750000	0.003054	
2025-09-09 10:06:56.786	continuous	4965	2	->		3	4	0.470409	False	1.041246	0.750000	0.003054	
2025-09-09 10:06:56.786	continuous	4966	2	->		3	3	0.471354	False	1.012334	0.750000	0.003053	
2025-09-09 10:06:56.787	continuous	4967	1	->	2	3	3	0.478582	False	0.969401	0.750000	0.003053	
2025-09-09 10:06:56.787	continuous	4968	3	->		4	3	0.408963	False	1.125805	0.750000	0.003053	
2025-09-09 10:06:56.787	continuous	4969	2	->		3	3	0.474579	False	0.972256	0.750000	0.003052	
2025-09-09 10:06:56.787	continuous	4970	4	->		5	3	0.380438	False	1.487293	0.750000	0.003052	
2025-09-09 10:06:56.787	continuous	4971	1	->	2	3	3	0.480751	False	0.938833	0.750000	0.003052	
2025-09-09 10:06:56.787	continuous	4972	3	->		4	3	0.411003	False	1.144447	0.750000	0.003051	
2025-09-09 10:06:56.788	continuous	4973	1	->	2	3	3	0.482840	False	0.927290	0.750000	0.003051	
2025-09-09 10:06:56.788	continuous	4974	4	->		5	3	0.382541	False	1.492473	0.750000	0.003051	
2025-09-09 10:06:56.788	continuous	4975	3	->		4	3	0.411839	False	1.146867	0.750000	0.003051	
2025-09-09 10:06:56.788	continuous	4976	2	->		3	3	0.477197	False	0.941359	0.750000	0.003050	
2025-09-09 10:06:56.788	continuous	4977	2	->	3	4	3	0.475899	False	1.079459	0.750000	0.003050	
2025-09-09 10:06:56.788	continuous	4978	4	->		5	3	0.383631	False	1.496546	0.750000	0.003050	
2025-09-09 10:06:56.789	continuous	4979	3	->		4	3	0.413038	False	1.123461	0.750000	0.003049	
2025-09-09 10:06:56.789	continuous	4980	2	->	3	4	3	0.475483	False	1.031915	0.750000	0.003049	
2025-09-09 10:06:56.789	continuous	4981	2	->	3	4	3	0.476392	False	1.002142	0.750000	0.003049	
2025-09-09 10:06:56.789	continuous	4982	1	->	2	3	3	0.485412	False	0.986241	0.750000	0.003048	
2025-09-09 10:06:56.789	continuous	4983	3	->	4	5	3	0.381580	False	1.519257	0.750000	0.003048	
2025-09-09 10:06:56.789	continuous	4984	3	->	4	5	3	0.380716	False	1.497378	0.750000	0.003048	
2025-09-09 10:06:56.790	continuous	4985	5	->		6	3	0.402364	False	4.041438	0.750000	0.003047	
2025-09-09 10:06:56.790	continuous	4986	1	->		2	3	0.442896	False	3.058114	0.750000	0.003047	
2025-09-09 10:06:56.790	continuous	4987	2	->	3	4	3	0.469481	False	1.020010	0.750000	0.003047	
2025-09-09 10:06:56.790	continuous	4988	2	->	3	4	4	0.470621	False	0.991212	0.750000	0.003047	
2025-09-09 10:06:56.790	continuous	4989	1	->	2	3	4	0.479654	False	1.023551	0.750000	0.003046	
2025-09-09 10:06:56.790	continuous	4990	4	->		5	3	0.378638	False	1.493374	0.750000	0.003046	
2025-09-09 10:06:56.791	continuous	4991	4	->		5	3	0.377895	False	1.471755	0.750000	0.003046	
2025-09-09 10:06:56.791	continuous	4992	2	->		3	3	0.472072	False	1.024942	0.750000	0.003045	
2025-09-09 10:06:56.791	continuous	4993	3	->	4	5	3	0.374204	False	1.468849	0.750000	0.003045	
2025-09-09 10:06:56.791	continuous	4994	3	->	4	5	3	0.373631	False	1.448038	0.750000	0.003045	
2025-09-09 10:06:56.791	continuous	4995	3	->		4	3	0.407078	False	1.115850	0.750000	0.003044	
2025-09-09 10:06:56.792	continuous	4996	2	->	3	4	4	0.469105	False	1.017478	0.750000	0.003044	
2025-09-09 10:06:56.792	continuous	4997	4	->	5	6	4	0.358130	False	3.729738	0.750000	0.003044	
2025-09-09 10:06:56.792	continuous	4998	4	->		5	4	0.374733	False	1.436424	0.750000	0.003044	
2025-09-09 10:06:56.792	continuous	4999	4	->		5	4	0.374267	False	1.415748	0.750000	0.003043	
2025-09-09 10:06:56.792	continuous	5000	1	->	2	3	4	0.473803	False	1.055893	0.750000	0.003043	
2025-09-09 10:06:56.792	continuous	5001	2	->		3	3	0.468938	False	1.038597	0.750000	0.003043	
2025-09-09 10:06:56.793	continuous	5002	4	->		5	3	0.375332	False	1.413695	0.750000	0.003042	
2025-09-09 10:06:56.793	continuous	5003	2	->		3	3	0.468956	False	1.019122	0.750000	0.003042	
2025-09-09 10:06:56.793	continuous	5004	3	->		4	3	0.406196	False	1.146743	0.750000	0.003042	
2025-09-09 10:06:56.793	continuous	5005	1	->	2	3	3	0.476645	False	0.992074	0.750000	0.003041	
2025-09-09 10:06:56.793	continuous	5006	3	->	4	5	3	0.373670	False	1.430934	0.750000	0.003041	
2025-09-09 10:06:56.793	continuous	5007	4	->		5	3	0.376940	False	1.400413	0.750000	0.003041	
2025-09-09 10:06:56.794	continuous	5008	2	->		3	3	0.470025	False	0.996597	0.750000	0.003040	
2025-09-09 10:06:56.794	continuous	5009	1	->		2	3	0.439638	False	3.055202	0.750000	0.003040	
2025-09-09 10:06:56.794	continuous	5010	2	->		3	3	0.468420	False	0.975102	0.750000	0.003040	
2025-09-09 10:06:56.794	continuous	5011	4	->		5	3	0.375323	False	1.400765	0.750000	0.003040	
2025-09-09 10:06:56.794	continuous	5012	1	->	2	3	3	0.475388	False	0.944149	0.750000	0.003039	
2025-09-09 10:06:56.795	continuous	5013	2	->	3	4	3	0.467583	False	1.161477	0.750000	0.003039	
2025-09-09 10:06:56.795	continuous	5014	5	->		6	3	0.394410	False	3.960124	0.750000	0.003039	
2025-09-09 10:06:56.795	continuous	5015	3	->		4	3	0.402918	False	1.189815	0.750000	0.003038	
2025-09-09 10:06:56.795	continuous	5016	4	->		5	3	0.372819	False	1.408943	0.750000	0.003038	
2025-09-09 10:06:56.795	continuous	5017	2	->		3	3	0.467451	False	0.979850	0.750000	0.003038	
2025-09-09 10:06:56.796	continuous	5018	3	->	4	5	3	0.369868	False	1.408859	0.750000	0.003037	
2025-09-09 10:06:56.796	continuous	5019	3	->		4	3	0.403496	False	1.199069	0.750000	0.003037	
2025-09-09 10:06:56.796	continuous	5020	4	->		5	3	0.373614	False	1.386919	0.750000	0.003037	
2025-09-09 10:06:56.796	continuous	5021	2	->	3	4	3	0.464378	False	1.124131	0.750000	0.003037	
2025-09-09 10:06:56.796	continuous	5022	1	->	2	3	3	0.473599	False	0.992181	0.750000	0.003036	
2025-09-09 10:06:56.796	continuous	5023	1	->		2	3	0.436784	False	3.027985	0.750000	0.003036	
2025-09-09 10:06:56.797	continuous	5024	2	->	3	4	3	0.462985	False	1.114181	0.750000	0.003036	
2025-09-09 10:06:56.797	continuous	5025	3	->		4	3	0.401893	False	1.152514	0.750000	0.003035	
2025-09-09 10:06:56.797	continuous	5026	1	->		2	3	0.434307	False	2.983824	0.750000	0.003035	
2025-09-09 10:06:56.797	continuous	5027	2	->	3	4	3	0.461152	False	1.061693	0.750000	0.003035	
2025-09-09 10:06:56.797	continuous	5028	4	->		5	3	0.369072	False	1.417359	0.750000	0.003034	
2025-09-09 10:06:56.797	continuous	5029	2	->		3	3	0.463541	False	1.050189	0.750000	0.003034	
2025-09-09 10:06:56.798	continuous	5030	3	->		4	3	0.400252	False	1.135375	0.750000	0.003034	
2025-09-09 10:06:56.798	continuous	5031	2	->		3	3	0.465346	False	1.036480	0.750000	0.003033	
2025-09-09 10:06:56.798	continuous	5032	1	->	2	3	3	0.472114	False	0.993986	0.750000	0.003033	
2025-09-09 10:06:56.798	continuous	5033	3	->	4	5	3	0.368527	False	1.443669	0.750000	0.003033	
2025-09-09 10:06:56.798	continuous	5034	2	->		3	3	0.466725	False	0.989182	0.750000	0.003033	
2025-09-09 10:06:56.798	continuous	5035	2	->		3	3	0.468259	False	0.962339	0.750000	0.003032	
2025-09-09 10:06:56.799	continuous	5036	3	->		4	3	0.404496	False	1.183019	0.750000	0.003032	
2025-09-09 10:06:56.799	continuous	5037	4	->		5	3	0.374120	False	1.439705	0.750000	0.003032	
2025-09-09 10:06:56.799	continuous	5038	3	->	4	5	3	0.370227	False	1.429549	0.750000	0.003031	
2025-09-09 10:06:56.799	continuous	5039	3	->	4	5	3	0.369869	False	1.409474	0.750000	0.003031	
2025-09-09 10:06:56.799	continuous	5040	2	->	3	4	3	0.464088	False	1.124419	0.750000	0.003031	
2025-09-09 10:06:56.799	continuous	5041	5	->		6	3	0.391113	False	3.932399	0.750000	0.003030	
2025-09-09 10:06:56.800	continuous	5042	1	->	2	3	3	0.470660	False	0.988487	0.750000	0.003030	
2025-09-09 10:06:56.800	continuous	5043	5	->		6	3	0.388511	False	3.885335	0.750000	0.003030	
2025-09-09 10:06:56.800	continuous	5044	1	->	2	3	3	0.469911	False	0.964729	0.750000	0.003030	
2025-09-09 10:06:56.801	continuous	5045	3	->	4	5	3	0.364712	False	1.420585	0.750000	0.003029	
2025-09-09 10:06:56.801	continuous	5046	2	->	3	4	3	0.461413	False	1.142670	0.750000	0.003029	
2025-09-09 10:06:56.801	continuous	5047	3	->		4	3	0.398948	False	1.177200	0.750000	0.003029	
2025-09-09 10:06:56.801	continuous	5048	3	->		4	3	0.399568	False	1.155899	0.750000	0.003028	
2025-09-09 10:06:56.801	continuous	5049	1	->	2	3	3	0.471284	False	0.995488	0.750000	0.003028	
2025-09-09 10:06:56.802	continuous	5050	2	->		3	3	0.466927	False	0.981883	0.750000	0.003028	
2025-09-09 10:06:56.802	continuous	5051	2	->		3	3	0.468492	False	0.955407	0.750000	0.003027	
2025-09-09 10:06:56.802	continuous	5052	3	->		4	3	0.403569	False	1.179652	0.750000	0.003027	
2025-09-09 10:06:56.802	continuous	5053	3	->	4	5	3	0.369333	False	1.462191	0.750000	0.003027	
2025-09-09 10:06:56.802	continuous	5054	2	->	3	4	3	0.466361	False	1.101011	0.750000	0.003027	
2025-09-09 10:06:56.803	continuous	5055	2	->		3	3	0.469510	False	0.972807	0.750000	0.003026	
2025-09-09 10:06:56.803	continuous	5056	2	->		3	3	0.471101	False	0.946412	0.750000	0.003026	
2025-09-09 10:06:56.803	continuous	5057	3	->	4	5	3	0.371362	False	1.468878	0.750000	0.003026	
2025-09-09 10:06:56.803	continuous	5058	2	->	3	4	3	0.468597	False	1.117521	0.750000	0.003025	
2025-09-09 10:06:56.803	continuous	5059	4	->	5	6	3	0.352824	False	3.627571	0.750000	0.003025	
2025-09-09 10:06:56.804	continuous	5060	1	->		2	3	0.435093	False	3.002397	0.750000	0.003025	
2025-09-09 10:06:56.804	continuous	5061	1	->		2	3	0.431655	False	2.951364	0.750000	0.003024	
2025-09-09 10:06:56.804	continuous	5062	4	->	5	6	3	0.342151	False	3.558660	0.750000	0.003024	
2025-09-09 10:06:56.804	continuous	5063	2	->		3	3	0.460987	False	0.969099	0.750000	0.003024	
2025-09-09 10:06:56.804	continuous	5064	3	->	4	5	3	0.358588	False	1.468773	0.750000	0.003023	
2025-09-09 10:06:56.804	continuous	5065	3	->	4	5	3	0.358178	False	1.449198	0.750000	0.003023	
2025-09-09 10:06:56.805	continuous	5066	3	->		4	3	0.393042	False	1.197074	0.750000	0.003023	
2025-09-09 10:06:56.805	continuous	5067	2	->		3	3	0.460828	False	0.975507	0.750000	0.003023	
2025-09-09 10:06:56.805	continuous	5068	1	->	2	3	3	0.468500	False	0.934794	0.750000	0.003022	
2025-09-09 10:06:56.805	continuous	5069	2	->		3	3	0.464425	False	0.924519	0.750000	0.003022	
2025-09-09 10:06:56.805	continuous	5070	2	->	3	4	3	0.463116	False	1.162236	0.750000	0.003022	
2025-09-09 10:06:56.805	continuous	5071	3	->		4	3	0.397565	False	1.192739	0.750000	0.003021	
2025-09-09 10:06:56.806	continuous	5072	3	->		4	3	0.398047	False	1.171425	0.750000	0.003021	
2025-09-09 10:06:56.806	continuous	5073	2	->		3	3	0.466694	False	0.948612	0.750000	0.003021	
2025-09-09 10:06:56.806	continuous	5074	3	->	4	5	3	0.364116	False	1.497306	0.750000	0.003020	
2025-09-09 10:06:56.806	continuous	5075	4	->		5	3	0.366210	False	1.467142	0.750000	0.003020	
2025-09-09 10:06:56.806	continuous	5076	3	->		4	3	0.398306	False	1.180769	0.750000	0.003020	
2025-09-09 10:06:56.806	continuous	5077	2	->	3	4	3	0.463371	False	1.090024	0.750000	0.003020	
2025-09-09 10:06:56.807	continuous	5078	4	->		5	3	0.366376	False	1.463599	0.750000	0.003019	
2025-09-09 10:06:56.807	continuous	5079	2	->	3	4	3	0.462690	False	1.068590	0.750000	0.003019	
2025-09-09 10:06:56.807	continuous	5080	2	->		3	3	0.465872	False	1.002608	0.750000	0.003019	
2025-09-09 10:06:56.807	continuous	5081	4	->		5	3	0.367251	False	1.461100	0.750000	0.003018	
2025-09-09 10:06:56.807	continuous	5082	2	->	3	4	3	0.463416	False	1.067157	0.750000	0.003018	
2025-09-09 10:06:56.807	continuous	5083	1	->	2	3	3	0.471851	False	0.989126	0.750000	0.003018	
2025-09-09 10:06:56.808	continuous	5084	5	->		6	3	0.386620	False	3.810426	0.750000	0.003017	
2025-09-09 10:06:56.808	continuous	5085	3	->		4	3	0.397751	False	1.135700	0.750000	0.003017	
2025-09-09 10:06:56.808	continuous	5086	2	->	3	4	3	0.463729	False	1.034975	0.750000	0.003017	
2025-09-09 10:06:56.808	continuous	5087	2	->	3	4	4	0.464786	False	1.006335	0.750000	0.003017	
2025-09-09 10:06:56.808	continuous	5088	4	->		5	4	0.366464	False	1.485420	0.750000	0.003016	
2025-09-09 10:06:56.808	continuous	5089	4	->		5	4	0.365868	False	1.464958	0.750000	0.003016	
2025-09-09 10:06:56.809	continuous	5090	3	->		4	4	0.398790	False	1.085549	0.750000	0.003016	
2025-09-09 10:06:56.809	continuous	5091	3	->	4	5	4	0.364205	False	1.464403	0.750000	0.003015	
2025-09-09 10:06:56.809	continuous	5092	2	->	3	4	4	0.463523	False	0.984360	0.750000	0.003015	
2025-09-09 10:06:56.809	continuous	5093	3	->		4	4	0.400424	False	1.052232	0.750000	0.003015	
2025-09-09 10:06:56.809	continuous	5094	3	->	4	5	4	0.365872	False	1.463176	0.750000	0.003014	
2025-09-09 10:06:56.810	continuous	5095	2	->		3	4	0.467010	False	1.114789	0.750000	0.003014	
2025-09-09 10:06:56.810	continuous	5096	3	->	4	5	4	0.365713	False	1.450772	0.750000	0.003014	
2025-09-09 10:06:56.810	continuous	5097	1	->	2	3	4	0.471003	False	1.079384	0.750000	0.003014	
2025-09-09 10:06:56.810	continuous	5098	1	->		2	4	0.432417	False	2.993119	0.750000	0.003013	
2025-09-09 10:06:56.810	continuous	5099	3	->		4	4	0.397733	False	1.087531	0.750000	0.003013	
2025-09-09 10:06:56.810	continuous	5100	3	->	4	5	4	0.363425	False	1.448976	0.750000	0.003013	
2025-09-09 10:06:56.811	continuous	5101	1	->	2	3	4	0.468631	False	1.076204	0.750000	0.003012	
2025-09-09 10:06:56.811	continuous	5102	1	->	2	3	4	0.469400	False	1.045336	0.750000	0.003012	
2025-09-09 10:06:56.811	continuous	5103	4	->	5	6	3	0.344280	False	3.542369	0.750000	0.003012	
2025-09-09 10:06:56.811	continuous	5104	2	->	3	4	4	0.461068	False	1.026427	0.750000	0.003011	
2025-09-09 10:06:56.811	continuous	5105	5	->		6	4	0.382000	False	3.746097	0.750000	0.003011	
2025-09-09 10:06:56.812	continuous	5106	1	->	2	3	3	0.466836	False	1.040926	0.750000	0.003011	
2025-09-09 10:06:56.812	continuous	5107	3	->	4	5	3	0.358802	False	1.465460	0.750000	0.003011	
2025-09-09 10:06:56.812	continuous	5108	2	->	3	4	4	0.459394	False	1.029745	0.750000	0.003010	
2025-09-09 10:06:56.812	continuous	5109	1	->		2	4	0.427047	False	2.945799	0.750000	0.003010	
2025-09-09 10:06:56.812	continuous	5110	2	->		3	4	0.459499	False	1.057559	0.750000	0.003010	
2025-09-09 10:06:56.812	continuous	5111	1	->	2	3	3	0.465548	False	1.015082	0.750000	0.003009	
2025-09-09 10:06:56.813	continuous	5112	1	->	2	3	3	0.466864	False	0.986726	0.750000	0.003009	
2025-09-09 10:06:56.813	continuous	5113	4	->		5	3	0.360213	False	1.470899	0.750000	0.003009	
2025-09-09 10:06:56.813	continuous	5114	2	->	3	4	3	0.459259	False	1.072080	0.750000	0.003008	
2025-09-09 10:06:56.813	continuous	5115	1	->	2	3	3	0.467604	False	0.987099	0.750000	0.003008	
2025-09-09 10:06:56.813	continuous	5116	3	->		4	3	0.395240	False	1.140412	0.750000	0.003008	
2025-09-09 10:06:56.814	continuous	5117	4	->		5	3	0.361764	False	1.476659	0.750000	0.003008	
2025-09-09 10:06:56.814	continuous	5118	2	->		3	3	0.463146	False	0.998084	0.750000	0.003007	
2025-09-09 10:06:56.814	continuous	5119	2	->	3	4	3	0.462082	False	1.065741	0.750000	0.003007	
2025-09-09 10:06:56.814	continuous	5120	3	->	4	5	3	0.360842	False	1.484753	0.750000	0.003007	
2025-09-09 10:06:56.814	continuous	5121	3	->		4	3	0.396187	False	1.126878	0.750000	0.003006	
2025-09-09 10:06:56.815	continuous	5122	1	->	2	3	3	0.469752	False	0.998996	0.750000	0.003006	
2025-09-09 10:06:56.815	continuous	5123	2	->		3	3	0.465908	False	0.986064	0.750000	0.003006	
2025-09-09 10:06:56.815	continuous	5124	3	->	4	5	3	0.362972	False	1.489779	0.750000	0.003005	
2025-09-09 10:06:56.815	continuous	5125	2	->		3	3	0.466066	False	0.967982	0.750000	0.003005	
2025-09-09 10:06:56.815	continuous	5126	3	->		4	3	0.399346	False	1.159830	0.750000	0.003005	
2025-09-09 10:06:56.815	continuous	5127	4	->		5	3	0.365849	False	1.475585	0.750000	0.003005	
2025-09-09 10:06:56.816	continuous	5128	4	->	5	6	3	0.342711	False	3.497805	0.750000	0.003004	
2025-09-09 10:06:56.816	continuous	5129	1	->	2	3	3	0.470099	False	0.954137	0.750000	0.003004	
2025-09-09 10:06:56.816	continuous	5130	2	->	3	4	3	0.463676	False	1.092962	0.750000	0.003004	
2025-09-09 10:06:56.816	continuous	5131	1	->	2	3	3	0.471989	False	0.946850	0.750000	0.003003	
2025-09-09 10:06:56.816	continuous	5132	3	->		4	3	0.399118	False	1.154696	0.750000	0.003003	
2025-09-09 10:06:56.817	continuous	5133	2	->	3	4	3	0.466305	False	1.057244	0.750000	0.003003	
2025-09-09 10:06:56.817	continuous	5134	2	->		3	3	0.469228	False	0.970982	0.750000	0.003002	
2025-09-09 10:06:56.817	continuous	5135	4	->		5	3	0.366327	False	1.506715	0.750000	0.003002	
2025-09-09 10:06:56.817	continuous	5136	3	->	4	5	3	0.364155	False	1.497025	0.750000	0.003002	
2025-09-09 10:06:56.817	continuous	5137	3	->		4	3	0.399696	False	1.140738	0.750000	0.003002	
2025-09-09 10:06:56.817	continuous	5138	2	->	3	4	3	0.466303	False	1.040255	0.750000	0.003001	
2025-09-09 10:06:56.818	continuous	5139	2	->	3	4	4	0.467254	False	1.011215	0.750000	0.003001	
2025-09-09 10:06:56.818	continuous	5140	2	->	3	4	4	0.468454	False	0.983067	0.750000	0.003001	
2025-09-09 10:06:56.818	continuous	5141	1	->	2	3	4	0.476008	False	1.020430	0.750000	0.003000	
2025-09-09 10:06:56.818	continuous	5142	2	->	3	4	4	0.470549	False	0.975855	0.750000	0.003000	
2025-09-09 10:06:56.818	continuous	5143	4	->		5	4	0.369053	False	1.518005	0.750000	0.003000	
2025-09-09 10:06:56.818	continuous	5144	3	->	4	5	4	0.367168	False	1.508437	0.750000	0.002999	
2025-09-09 10:06:56.819	continuous	5145	3	->	4	5	4	0.366485	False	1.487918	0.750000	0.002999	
2025-09-09 10:06:56.819	continuous	5146	3	->		4	4	0.402089	False	1.069129	0.750000	0.002999	
2025-09-09 10:06:56.819	continuous	5147	2	->		3	4	0.470353	False	1.064615	0.750000	0.002999	
2025-09-09 10:06:56.819	continuous	5148	4	->		5	4	0.368611	False	1.472748	0.750000	0.002998	
2025-09-09 10:06:56.819	continuous	5149	1	->		2	4	0.434234	False	3.020259	0.750000	0.002998	
2025-09-09 10:06:56.820	continuous	5150	2	->	3	4	4	0.464928	False	0.988036	0.750000	0.002998	
2025-09-09 10:06:56.820	continuous	5151	4	->		5	4	0.365465	False	1.462474	0.750000	0.002997	
2025-09-09 10:06:56.820	continuous	5152	3	->		4	4	0.399942	False	1.065454	0.750000	0.002997	
2025-09-09 10:06:56.820	continuous	5153	2	->		3	4	0.467949	False	1.090150	0.750000	0.002997	
2025-09-09 10:06:56.820	continuous	5154	1	->	2	3	4	0.472903	False	1.046054	0.750000	0.002996	
2025-09-09 10:06:56.820	continuous	5155	3	->		4	4	0.402144	False	1.077484	0.750000	0.002996	
2025-09-09 10:06:56.821	continuous	5156	2	->		3	4	0.470358	False	1.045983	0.750000	0.002996	
2025-09-09 10:06:56.821	continuous	5157	2	->	3	4	4	0.469558	False	0.984174	0.750000	0.002996	
2025-09-09 10:06:56.821	continuous	5158	3	->	4	5	4	0.368512	False	1.503850	0.750000	0.002995	
2025-09-09 10:06:56.821	continuous	5159	2	->		3	4	0.470917	False	1.044544	0.750000	0.002995	
2025-09-09 10:06:56.821	continuous	5160	3	->		4	4	0.404623	False	1.075107	0.750000	0.002995	
2025-09-09 10:06:56.821	continuous	5161	2	->		3	4	0.472880	False	1.031324	0.750000	0.002994	
2025-09-09 10:06:56.822	continuous	5162	1	->	2	3	3	0.478283	False	0.987644	0.750000	0.002994	
2025-09-09 10:06:56.822	continuous	5163	3	->		4	3	0.407215	False	1.087392	0.750000	0.002994	
2025-09-09 10:06:56.822	continuous	5164	3	->		4	4	0.408237	False	1.067564	0.750000	0.002993	
2025-09-09 10:06:56.822	continuous	5165	2	->		3	4	0.476942	False	1.006401	0.750000	0.002993	
2025-09-09 10:06:56.822	continuous	5166	3	->		4	4	0.410089	False	1.064217	0.750000	0.002993	
2025-09-09 10:06:56.822	continuous	5167	3	->		4	4	0.411220	False	1.044706	0.750000	0.002993	
2025-09-09 10:06:56.823	continuous	5168	3	->		4	4	0.412469	False	1.025535	0.750000	0.002992	
2025-09-09 10:06:56.823	continuous	5169	4	->		5	4	0.377186	False	1.552605	0.750000	0.002992	
2025-09-09 10:06:56.823	continuous	5170	3	->		4	4	0.412572	False	1.015100	0.750000	0.002992	
2025-09-09 10:06:56.823	continuous	5171	1	->		2	4	0.444832	False	3.063320	0.750000	0.002991	
2025-09-09 10:06:56.823	continuous	5172	2	->	3	4	4	0.477192	False	0.903015	0.750000	0.002991	
2025-09-09 10:06:56.823	continuous	5173	3	->		4	4	0.411955	False	0.981854	0.750000	0.002991	
2025-09-09 10:06:56.824	continuous	5174	4	->	5	6	4	0.352932	False	3.535599	0.750000	0.002990	
2025-09-09 10:06:56.824	continuous	5175	3	->		4	4	0.410647	False	0.968616	0.750000	0.002990	
2025-09-09 10:06:56.824	continuous	5176	4	->		5	4	0.373991	False	1.563810	0.750000	0.002990	
2025-09-09 10:06:56.824	continuous	5177	3	->	4	5	4	0.373284	False	1.554624	0.750000	0.002990	
2025-09-09 10:06:56.824	continuous	5178	1	->	2	3	4	0.481493	False	1.109064	0.750000	0.002989	
2025-09-09 10:06:56.825	continuous	5179	4	->		5	4	0.372218	False	1.527676	0.750000	0.002989	
2025-09-09 10:06:56.825	continuous	5180	3	->		4	4	0.408638	False	0.994118	0.750000	0.002989	
2025-09-09 10:06:56.825	continuous	5181	3	->		4	4	0.410302	False	0.976039	0.750000	0.002988	
2025-09-09 10:06:56.825	continuous	5182	2	->		3	4	0.479791	False	1.129810	0.750000	0.002988	
2025-09-09 10:06:56.825	continuous	5183	4	->		5	4	0.374133	False	1.530542	0.750000	0.002988	
2025-09-09 10:06:56.825	continuous	5184	4	->		5	4	0.373244	False	1.509184	0.750000	0.002987	
2025-09-09 10:06:56.826	continuous	5185	2	->		3	4	0.476137	False	1.110933	0.750000	0.002987	
2025-09-09 10:06:56.826	continuous	5186	1	->	2	3	4	0.480091	False	1.065527	0.750000	0.002987	
2025-09-09 10:06:56.826	continuous	5187	4	->		5	4	0.373159	False	1.502789	0.750000	0.002987	
2025-09-09 10:06:56.826	continuous	5188	3	->	4	5	4	0.372610	False	1.494134	0.750000	0.002986	
2025-09-09 10:06:56.826	continuous	5189	2	->		3	4	0.473536	False	1.063406	0.750000	0.002986	
2025-09-09 10:06:56.826	continuous	5190	2	->		3	4	0.474161	False	1.033578	0.750000	0.002986	
2025-09-09 10:06:56.827	continuous	5191	3	->		4	4	0.409088	False	1.074349	0.750000	0.002985	
2025-09-09 10:06:56.827	continuous	5192	2	->		3	4	0.476126	False	1.020565	0.750000	0.002985	
2025-09-09 10:06:56.827	continuous	5193	3	->	4	5	3	0.374767	False	1.505234	0.750000	0.002985	
2025-09-09 10:06:56.827	continuous	5194	1	->	2	3	3	0.479877	False	0.985513	0.750000	0.002984	
2025-09-09 10:06:56.827	continuous	5195	3	->		4	3	0.410713	False	1.094949	0.750000	0.002984	
2025-09-09 10:06:56.827	continuous	5196	2	->		3	3	0.477589	False	0.987513	0.750000	0.002984	
2025-09-09 10:06:56.828	continuous	5197	3	->		4	3	0.412532	False	1.090670	0.750000	0.002984	
2025-09-09 10:06:56.828	continuous	5198	3	->		4	4	0.413477	False	1.070404	0.750000	0.002983	
2025-09-09 10:06:56.828	continuous	5199	2	->	3	4	4	0.479392	False	0.964116	0.750000	0.002983	
2025-09-09 10:06:56.828	continuous	5200	3	->	4	5	4	0.379160	False	1.535016	0.750000	0.002983	
2025-09-09 10:06:56.828	continuous	5201	3	->	4	5	4	0.378242	False	1.513330	0.750000	0.002982	
2025-09-09 10:06:56.828	continuous	5202	1	->	2	3	4	0.482563	False	1.013832	0.750000	0.002982	
2025-09-09 10:06:56.829	continuous	5203	1	->		2	4	0.443802	False	3.092651	0.750000	0.002982	
2025-09-09 10:06:56.829	continuous	5204	3	->	4	5	4	0.374529	False	1.499771	0.750000	0.002981	
2025-09-09 10:06:56.829	continuous	5205	1	->	2	3	3	0.478950	False	0.996981	0.750000	0.002981	
2025-09-09 10:06:56.829	continuous	5206	2	->	3	4	3	0.474311	False	1.010147	0.750000	0.002981	
2025-09-09 10:06:56.829	continuous	5207	1	->		2	4	0.440931	False	3.048922	0.750000	0.002981	
2025-09-09 10:06:56.830	continuous	5208	3	->		4	4	0.407759	False	1.072695	0.750000	0.002980	
2025-09-09 10:06:56.830	continuous	5209	3	->		4	4	0.408901	False	1.052980	0.750000	0.002980	
2025-09-09 10:06:56.830	continuous	5210	3	->	4	5	4	0.373873	False	1.513589	0.750000	0.002980	
2025-09-09 10:06:56.830	continuous	5211	2	->		3	4	0.474443	False	1.047175	0.750000	0.002979	
2025-09-09 10:06:56.830	continuous	5212	3	->	4	5	4	0.373671	False	1.500078	0.750000	0.002979	
2025-09-09 10:06:56.830	continuous	5213	2	->	3	4	4	0.472469	False	0.979170	0.750000	0.002979	
2025-09-09 10:06:56.831	continuous	5214	2	->	3	4	4	0.473956	False	0.951333	0.750000	0.002978	
2025-09-09 10:06:56.831	continuous	5215	1	->		2	4	0.440377	False	3.022698	0.750000	0.002978	
2025-09-09 10:06:56.831	continuous	5216	3	->	4	5	4	0.371387	False	1.498364	0.750000	0.002978	
2025-09-09 10:06:56.831	continuous	5217	2	->	3	4	4	0.470940	False	0.939760	0.750000	0.002978	
2025-09-09 10:06:56.831	continuous	5218	3	->	4	5	4	0.371792	False	1.487445	0.750000	0.002977	
2025-09-09 10:06:56.831	continuous	5219	1	->	2	3	4	0.475570	False	1.091605	0.750000	0.002977	
2025-09-09 10:06:56.832	continuous	5220	3	->		4	4	0.407321	False	1.039606	0.750000	0.002977	
2025-09-09 10:06:56.832	continuous	5221	3	->	4	5	4	0.372645	False	1.483470	0.750000	0.002976	
2025-09-09 10:06:56.832	continuous	5222	2	->		3	4	0.472376	False	1.096318	0.750000	0.002976	
2025-09-09 10:06:56.832	continuous	5223	3	->	4	5	4	0.372359	False	1.470269	0.750000	0.002976	
2025-09-09 10:06:56.832	continuous	5224	4	->		5	4	0.371357	False	1.438080	0.750000	0.002975	
2025-09-09 10:06:56.832	continuous	5225	3	->		4	4	0.406494	False	1.063277	0.750000	0.002975	
2025-09-09 10:06:56.833	continuous	5226	2	->		3	4	0.471539	False	1.096895	0.750000	0.002975	
2025-09-09 10:06:56.833	continuous	5227	2	->	3	4	4	0.470985	False	0.968098	0.750000	0.002975	
2025-09-09 10:06:56.833	continuous	5228	2	->	3	4	4	0.472654	False	0.940664	0.750000	0.002974	
2025-09-09 10:06:56.833	continuous	5229	1	->	2	3	4	0.478478	False	1.093017	0.750000	0.002974	
2025-09-09 10:06:56.833	continuous	5230	2	->		3	4	0.475306	False	1.073869	0.750000	0.002974	
2025-09-09 10:06:56.833	continuous	5231	2	->		3	4	0.475811	False	1.043328	0.750000	0.002973	
2025-09-09 10:06:56.834	continuous	5232	5	->		6	4	0.394308	False	3.810750	0.750000	0.002973	
2025-09-09 10:06:56.834	continuous	5233	3	->	4	5	4	0.372623	False	1.489632	0.750000	0.002973	
2025-09-09 10:06:56.834	continuous	5234	2	->	3	4	4	0.471560	False	0.987540	0.750000	0.002973	
2025-09-09 10:06:56.834	continuous	5235	4	->		5	4	0.372199	False	1.466819	0.750000	0.002972	
2025-09-09 10:06:56.834	continuous	5236	1	->	2	3	4	0.476257	False	1.039833	0.750000	0.002972	
2025-09-09 10:06:56.834	continuous	5237	2	->	3	4	4	0.472172	False	0.989068	0.750000	0.002972	
2025-09-09 10:06:56.835	continuous	5238	1	->	2	3	4	0.478164	False	1.029523	0.750000	0.002971	
2025-09-09 10:06:56.835	continuous	5239	4	->		5	3	0.373663	False	1.472679	0.750000	0.002971	
2025-09-09 10:06:56.835	continuous	5240	2	->	3	4	4	0.472752	False	0.990495	0.750000	0.002971	
2025-09-09 10:06:56.835	continuous	5241	4	->		5	4	0.373748	False	1.461526	0.750000	0.002970	
2025-09-09 10:06:56.835	continuous	5242	2	->		3	4	0.473685	False	1.049855	0.750000	0.002970	
2025-09-09 10:06:56.835	continuous	5243	2	->	3	4	4	0.473349	False	0.991848	0.750000	0.002970	
2025-09-09 10:06:56.836	continuous	5244	3	->	4	5	4	0.375140	False	1.470678	0.750000	0.002970	
2025-09-09 10:06:56.836	continuous	5245	2	->	3	4	4	0.473301	False	0.973259	0.750000	0.002969	
2025-09-09 10:06:56.836	continuous	5246	4	->		5	4	0.374747	False	1.447931	0.750000	0.002969	
2025-09-09 10:06:56.836	continuous	5247	2	->	3	4	4	0.473495	False	0.955379	0.750000	0.002969	
2025-09-09 10:06:56.836	continuous	5248	1	->	2	3	4	0.479119	False	1.083487	0.750000	0.002968	
2025-09-09 10:06:56.836	continuous	5249	5	->		6	4	0.393949	False	3.791056	0.750000	0.002968	
2025-09-09 10:06:56.837	continuous	5250	3	->		4	4	0.408531	False	1.048007	0.750000	0.002968	
2025-09-09 10:06:56.837	continuous	5251	4	->		5	4	0.372992	False	1.454410	0.750000	0.002967	
2025-09-09 10:06:56.837	continuous	5252	2	->	3	4	4	0.473179	False	0.939206	0.750000	0.002967	
2025-09-09 10:06:56.837	continuous	5253	2	->	3	4	4	0.475091	False	0.912692	0.750000	0.002967	
2025-09-09 10:06:56.837	continuous	5254	1	->	2	3	4	0.480435	False	1.118161	0.750000	0.002967	
2025-09-09 10:06:56.837	continuous	5255	4	->		5	4	0.374714	False	1.461843	0.750000	0.002966	
2025-09-09 10:06:56.838	continuous	5256	2	->	3	4	4	0.475486	False	0.917238	0.750000	0.002966	
2025-09-09 10:06:56.838	continuous	5257	5	->		6	4	0.393749	False	3.760150	0.750000	0.002966	
2025-09-09 10:06:56.838	continuous	5258	5	->		6	4	0.390113	False	3.711931	0.750000	0.002965	
2025-09-09 10:06:56.838	continuous	5259	4	->		5	4	0.368146	False	1.451078	0.750000	0.002965	
2025-09-09 10:06:56.838	continuous	5260	2	->		3	4	0.471535	False	1.137040	0.750000	0.002965	
2025-09-09 10:06:56.839	continuous	5261	2	->		3	4	0.471567	False	1.105143	0.750000	0.002965	
2025-09-09 10:06:56.839	continuous	5262	4	->		5	4	0.368264	False	1.446217	0.750000	0.002964	
2025-09-09 10:06:56.839	continuous	5263	3	->	4	5	4	0.368710	False	1.438741	0.750000	0.002964	
2025-09-09 10:06:56.839	continuous	5264	3	->	4	5	4	0.368290	False	1.418818	0.750000	0.002964	
2025-09-09 10:06:56.839	continuous	5265	1	->	2	3	4	0.472057	False	1.085874	0.750000	0.002963	
2025-09-09 10:06:56.840	continuous	5266	4	->		5	4	0.367629	False	1.395910	0.750000	0.002963	
2025-09-09 10:06:56.840	continuous	5267	2	->	3	4	4	0.466875	False	1.008073	0.750000	0.002963	
2025-09-09 10:06:56.840	continuous	5268	1	->		2	4	0.433514	False	3.054825	0.750000	0.002962	
2025-09-09 10:06:56.840	continuous	5269	3	->	4	5	4	0.365566	False	1.400154	0.750000	0.002962	
2025-09-09 10:06:56.840	continuous	5270	3	->		4	4	0.400587	False	1.089653	0.750000	0.002962	
2025-09-09 10:06:56.841	continuous	5271	1	->	2	3	4	0.470073	False	1.109974	0.750000	0.002962	
2025-09-09 10:06:56.841	continuous	5272	2	->	3	4	4	0.465984	False	0.990525	0.750000	0.002961	
2025-09-09 10:06:56.841	continuous	5273	2	->	3	4	4	0.467560	False	0.962738	0.750000	0.002961	
2025-09-09 10:06:56.841	continuous	5274	2	->	3	4	4	0.469361	False	0.935820	0.750000	0.002961	
2025-09-09 10:06:56.841	continuous	5275	3	->		4	4	0.405822	False	1.017513	0.750000	0.002960	
2025-09-09 10:06:56.841	continuous	5276	5	->		6	4	0.387893	False	3.685707	0.750000	0.002960	
2025-09-09 10:06:56.842	continuous	5277	2	->	3	4	4	0.470897	False	0.892703	0.750000	0.002960	
2025-09-09 10:06:56.842	continuous	5278	5	->		6	4	0.385700	False	3.643522	0.750000	0.002959	
2025-09-09 10:06:56.842	continuous	5279	2	->		3	4	0.470651	False	1.186135	0.750000	0.002959	
2025-09-09 10:06:56.842	continuous	5280	2	->		3	4	0.470239	False	1.152998	0.750000	0.002959	
2025-09-09 10:06:56.842	continuous	5281	4	->		5	4	0.364154	False	1.451229	0.750000	0.002959	
2025-09-09 10:06:56.842	continuous	5282	4	->		5	4	0.363691	False	1.431519	0.750000	0.002958	
2025-09-09 10:06:56.843	continuous	5283	1	->	2	3	4	0.470822	False	1.123250	0.750000	0.002958	
2025-09-09 10:06:56.843	continuous	5284	1	->	2	3	4	0.471105	False	1.090879	0.750000	0.002958	
2025-09-09 10:06:56.843	continuous	5285	3	->	4	5	4	0.365237	False	1.441024	0.750000	0.002957	
2025-09-09 10:06:56.843	continuous	5286	5	->		6	4	0.381266	False	3.607594	0.750000	0.002957	
2025-09-09 10:06:56.843	continuous	5287	4	->		5	4	0.360377	False	1.409744	0.750000	0.002957	
2025-09-09 10:06:56.843	continuous	5288	4	->		5	4	0.360145	False	1.390762	0.750000	0.002957	
2025-09-09 10:06:56.844	continuous	5289	2	->	3	4	4	0.461963	False	1.002497	0.750000	0.002956	
2025-09-09 10:06:56.844	continuous	5290	1	->	2	3	4	0.467691	False	1.106571	0.750000	0.002956	
2025-09-09 10:06:56.844	continuous	5291	3	->		4	4	0.398121	False	1.090757	0.750000	0.002956	
2025-09-09 10:06:56.844	continuous	5292	1	->	2	3	4	0.469290	False	1.089966	0.750000	0.002955	
2025-09-09 10:06:56.844	continuous	5293	1	->	2	3	4	0.469929	False	1.058852	0.750000	0.002955	
2025-09-09 10:06:56.844	continuous	5294	3	->		4	4	0.400212	False	1.101334	0.750000	0.002955	
2025-09-09 10:06:56.845	continuous	5295	2	->	3	4	4	0.467339	False	0.985238	0.750000	0.002954	
2025-09-09 10:06:56.845	continuous	5296	5	->		6	4	0.382165	False	3.587573	0.750000	0.002954	
2025-09-09 10:06:56.845	continuous	5297	2	->	3	4	4	0.466468	False	0.961022	0.750000	0.002954	
2025-09-09 10:06:56.845	continuous	5298	3	->		4	4	0.400517	False	1.040966	0.750000	0.002954	
2025-09-09 10:06:56.845	continuous	5299	2	->	3	4	4	0.470007	False	0.912961	0.750000	0.002953	
2025-09-09 10:06:56.845	continuous	5300	2	->	3	4	4	0.472147	False	0.887900	0.750000	0.002953	
2025-09-09 10:06:56.846	continuous	5301	3	->	4	5	4	0.367430	False	1.486584	0.750000	0.002953	
2025-09-09 10:06:56.846	continuous	5302	5	->		6	4	0.382731	False	3.559345	0.750000	0.002952	
2025-09-09 10:06:56.846	continuous	5303	2	->		3	4	0.470247	False	1.162024	0.750000	0.002952	
2025-09-09 10:06:56.846	continuous	5304	3	->	4	5	4	0.363455	False	1.473213	0.750000	0.002952	
2025-09-09 10:06:56.846	continuous	5305	3	->	4	5	4	0.362911	False	1.453351	0.750000	0.002951	
2025-09-09 10:06:56.846	continuous	5306	4	->		5	4	0.360735	False	1.420842	0.750000	0.002951	
2025-09-09 10:06:56.846	continuous	5307	1	->		2	4	0.428490	False	3.048066	0.750000	0.002951	
2025-09-09 10:06:56.847	continuous	5308	3	->		4	4	0.395451	False	1.043874	0.750000	0.002951	
2025-09-09 10:06:56.847	continuous	5309	1	->	2	3	4	0.467881	False	1.156737	0.750000	0.002950	
2025-09-09 10:06:56.847	continuous	5310	3	->		4	4	0.396925	False	1.040628	0.750000	0.002950	
2025-09-09 10:06:56.847	continuous	5311	2	->		3	4	0.466572	False	1.152052	0.750000	0.002950	
2025-09-09 10:06:56.847	continuous	5312	3	->	4	5	4	0.361602	False	1.448657	0.750000	0.002949	
2025-09-09 10:06:56.847	continuous	5313	3	->		4	4	0.397779	False	1.046430	0.750000	0.002949	
2025-09-09 10:06:56.848	continuous	5314	2	->		3	4	0.466984	False	1.142942	0.750000	0.002949	
2025-09-09 10:06:56.848	continuous	5315	3	->	4	5	4	0.362634	False	1.445423	0.750000	0.002949	
2025-09-09 10:06:56.848	continuous	5316	4	->		5	4	0.360379	False	1.413207	0.750000	0.002948	
2025-09-09 10:06:56.848	continuous	5317	4	->		5	4	0.360118	False	1.394192	0.750000	0.002948	
2025-09-09 10:06:56.848	continuous	5318	3	->		4	4	0.397608	False	1.069592	0.750000	0.002948	
2025-09-09 10:06:56.849	continuous	5319	2	->		3	4	0.465379	False	1.149585	0.750000	0.002947	
2025-09-09 10:06:56.849	continuous	5320	3	->	4	5	4	0.363029	False	1.404832	0.750000	0.002947	
2025-09-09 10:06:56.849	continuous	5321	4	->		5	4	0.360995	False	1.373275	0.750000	0.002947	
2025-09-09 10:06:56.849	continuous	5322	1	->	2	3	4	0.467103	False	1.122674	0.750000	0.002946	
2025-09-09 10:06:56.849	continuous	5323	1	->	2	3	4	0.467566	False	1.090739	0.750000	0.002946	
2025-09-09 10:06:56.849	continuous	5324	4	->	5	6	3	0.337517	False	3.319712	0.750000	0.002946	
2025-09-09 10:06:56.850	continuous	5325	2	->	3	4	4	0.461793	False	1.022264	0.750000	0.002946	
2025-09-09 10:06:56.850	continuous	5326	3	->	4	5	4	0.361150	False	1.396312	0.750000	0.002945	
2025-09-09 10:06:56.850	continuous	5327	2	->		3	4	0.463000	False	1.101882	0.750000	0.002945	
2025-09-09 10:06:56.850	continuous	5328	1	->	2	3	3	0.467189	False	1.059321	0.750000	0.002945	
2025-09-09 10:06:56.850	continuous	5329	3	->	4	5	3	0.362067	False	1.394916	0.750000	0.002944	
2025-09-09 10:06:56.850	continuous	5330	3	->		4	4	0.397420	False	1.138963	0.750000	0.002944	
2025-09-09 10:06:56.851	continuous	5331	3	->		4	4	0.398309	False	1.118536	0.750000	0.002944	
2025-09-09 10:06:56.851	continuous	5332	1	->	2	3	4	0.468855	False	1.067684	0.750000	0.002944	
2025-09-09 10:06:56.851	continuous	5333	2	->	3	4	4	0.465229	False	1.021865	0.750000	0.002943	
2025-09-09 10:06:56.851	continuous	5334	1	->	2	3	4	0.470519	False	1.056286	0.750000	0.002943	
2025-09-09 10:06:56.851	continuous	5335	3	->	4	5	3	0.365310	False	1.420988	0.750000	0.002943	
2025-09-09 10:06:56.851	continuous	5336	2	->		3	3	0.466929	False	1.048377	0.750000	0.002942	
2025-09-09 10:06:56.852	continuous	5337	2	->		3	3	0.467914	False	1.019738	0.750000	0.002942	
2025-09-09 10:06:56.852	continuous	5338	2	->		3	3	0.469131	False	0.991954	0.750000	0.002942	
2025-09-09 10:06:56.852	continuous	5339	3	->	4	5	3	0.367463	False	1.427667	0.750000	0.002941	
2025-09-09 10:06:56.852	continuous	5340	4	->		5	3	0.365291	False	1.396362	0.750000	0.002941	
2025-09-09 10:06:56.852	continuous	5341	2	->	3	4	3	0.467002	False	1.097814	0.750000	0.002941	
2025-09-09 10:06:56.852	continuous	5342	2	->	3	4	3	0.467567	False	1.066412	0.750000	0.002941	
2025-09-09 10:06:56.853	continuous	5343	3	->		4	3	0.403145	False	1.123729	0.750000	0.002940	
2025-09-09 10:06:56.853	continuous	5344	4	->		5	3	0.366198	False	1.404520	0.750000	0.002940	
2025-09-09 10:06:56.853	continuous	5345	2	->	3	4	4	0.468346	False	1.021391	0.750000	0.002940	
2025-09-09 10:06:56.853	continuous	5346	3	->	4	5	4	0.368650	False	1.407585	0.750000	0.002939	
2025-09-09 10:06:56.853	continuous	5347	1	->		2	4	0.432478	False	3.111936	0.750000	0.002939	
2025-09-09 10:06:56.853	continuous	5348	2	->	3	4	4	0.465584	False	1.006771	0.750000	0.002939	
2025-09-09 10:06:56.854	continuous	5349	1	->	2	3	4	0.470494	False	1.082503	0.750000	0.002939	
2025-09-09 10:06:56.854	continuous	5350	3	->	4	5	4	0.366241	False	1.408304	0.750000	0.002938	
2025-09-09 10:06:56.854	continuous	5351	4	->		5	3	0.363867	False	1.376834	0.750000	0.002938	
2025-09-09 10:06:56.854	continuous	5352	3	->		4	4	0.401038	False	1.111094	0.750000	0.002938	
2025-09-09 10:06:56.854	continuous	5353	3	->		4	4	0.402069	False	1.090957	0.750000	0.002937	
2025-09-09 10:06:56.854	continuous	5354	1	->	2	3	4	0.471427	False	1.099050	0.750000	0.002937	
2025-09-09 10:06:56.855	continuous	5355	2	->		3	4	0.468873	False	1.080351	0.750000	0.002937	
2025-09-09 10:06:56.855	continuous	5356	3	->	4	5	4	0.368529	False	1.405285	0.750000	0.002936	
2025-09-09 10:06:56.855	continuous	5357	2	->		3	4	0.468581	False	1.058981	0.750000	0.002936	
2025-09-09 10:06:56.855	continuous	5358	2	->		3	3	0.469481	False	1.029742	0.750000	0.002936	
2025-09-09 10:06:56.855	continuous	5359	2	->	3	4	3	0.469527	False	1.057031	0.750000	0.002936	
2025-09-09 10:06:56.855	continuous	5360	4	->		5	3	0.367898	False	1.400867	0.750000	0.002935	
2025-09-09 10:06:56.856	continuous	5361	2	->		3	3	0.470219	False	1.029491	0.750000	0.002935	
2025-09-09 10:06:56.856	continuous	5362	2	->	3	4	3	0.470288	False	1.055478	0.750000	0.002935	
2025-09-09 10:06:56.856	continuous	5363	2	->	3	4	4	0.471180	False	1.025053	0.750000	0.002934	
2025-09-09 10:06:56.856	continuous	5364	4	->		5	3	0.369285	False	1.409593	0.750000	0.002934	
2025-09-09 10:06:56.856	continuous	5365	4	->		5	3	0.368965	False	1.390119	0.750000	0.002934	
2025-09-09 10:06:56.856	continuous	5366	3	->		4	4	0.406033	False	1.106835	0.750000	0.002934	
2025-09-09 10:06:56.857	continuous	5367	1	->	2	3	4	0.474737	False	1.059645	0.750000	0.002933	
2025-09-09 10:06:56.857	continuous	5368	4	->		5	3	0.370023	False	1.388683	0.750000	0.002933	
2025-09-09 10:06:56.857	continuous	5369	4	->		5	3	0.369789	False	1.369395	0.750000	0.002933	
2025-09-09 10:06:56.857	continuous	5370	3	->		4	4	0.406571	False	1.119082	0.750000	0.002932	
2025-09-09 10:06:56.857	continuous	5371	1	->	2	3	4	0.474629	False	1.062397	0.750000	0.002932	
2025-09-09 10:06:56.857	continuous	5372	4	->		5	3	0.370869	False	1.368505	0.750000	0.002932	
2025-09-09 10:06:56.858	continuous	5373	5	->		6	3	0.387159	False	3.598726	0.750000	0.002931	
2025-09-09 10:06:56.858	continuous	5374	1	->		2	3	0.432816	False	3.126438	0.750000	0.002931	
2025-09-09 10:06:56.858	continuous	5375	3	->		4	4	0.401369	False	1.130389	0.750000	0.002931	
2025-09-09 10:06:56.858	continuous	5376	3	->		4	4	0.402281	False	1.109814	0.750000	0.002931	
2025-09-09 10:06:56.858	continuous	5377	3	->		4	4	0.403305	False	1.089614	0.750000	0.002930	
2025-09-09 10:06:56.858	continuous	5378	2	->		3	4	0.469426	False	1.105458	0.750000	0.002930	
2025-09-09 10:06:56.859	continuous	5379	2	->	3	4	4	0.469488	False	0.988662	0.750000	0.002930	
2025-09-09 10:06:56.859	continuous	5380	2	->		3	4	0.471155	False	1.093978	0.750000	0.002929	
2025-09-09 10:06:56.859	continuous	5381	3	->		4	4	0.406189	False	1.077169	0.750000	0.002929	
2025-09-09 10:06:56.859	continuous	5382	3	->	4	5	4	0.371612	False	1.427387	0.750000	0.002929	
2025-09-09 10:06:56.859	continuous	5383	1	->	2	3	4	0.474395	False	1.073982	0.750000	0.002929	
2025-09-09 10:06:56.860	continuous	5384	2	->		3	4	0.472279	False	1.056150	0.750000	0.002928	
2025-09-09 10:06:56.860	continuous	5385	2	->		3	3	0.473093	False	1.026627	0.750000	0.002928	
2025-09-09 10:06:56.860	continuous	5386	2	->		3	3	0.474154	False	0.998013	0.750000	0.002928	
2025-09-09 10:06:56.860	continuous	5387	4	->		5	3	0.371237	False	1.428544	0.750000	0.002927	
2025-09-09 10:06:56.860	continuous	5388	4	->		5	3	0.370820	False	1.408791	0.750000	0.002927	
2025-09-09 10:06:56.861	continuous	5389	1	->	2	3	3	0.476453	False	0.975000	0.750000	0.002927	
2025-09-09 10:06:56.861	continuous	5390	2	->	3	4	3	0.473400	False	1.083498	0.750000	0.002927	
2025-09-09 10:06:56.861	continuous	5391	3	->	4	5	3	0.374230	False	1.421114	0.750000	0.002926	
2025-09-09 10:06:56.861	continuous	5392	2	->		3	3	0.473767	False	0.989213	0.750000	0.002926	
2025-09-09 10:06:56.861	continuous	5393	2	->	3	4	3	0.474046	False	1.080945	0.750000	0.002926	
2025-09-09 10:06:56.861	continuous	5394	1	->		2	3	0.438188	False	3.145235	0.750000	0.002925	
2025-09-09 10:06:56.862	continuous	5395	3	->		4	3	0.406806	False	1.136096	0.750000	0.002925	
2025-09-09 10:06:56.862	continuous	5396	4	->	5	6	3	0.344996	False	3.348148	0.750000	0.002925	
2025-09-09 10:06:56.862	continuous	5397	1	->	2	3	3	0.474226	False	0.991458	0.750000	0.002924	
2025-09-09 10:06:56.862	continuous	5398	3	->	4	5	3	0.370121	False	1.438608	0.750000	0.002924	
2025-09-09 10:06:56.862	continuous	5399	3	->	4	5	3	0.369694	False	1.418688	0.750000	0.002924	
2025-09-09 10:06:56.862	continuous	5400	3	->	4	5	3	0.369357	False	1.399009	0.750000	0.002924	
2025-09-09 10:06:56.863	continuous	5401	4	->		5	3	0.366424	False	1.367364	0.750000	0.002923	
2025-09-09 10:06:56.863	continuous	5402	3	->	4	5	3	0.368950	False	1.360663	0.750000	0.002923	
2025-09-09 10:06:56.863	continuous	5403	1	->		2	3	0.431169	False	3.096101	0.750000	0.002923	
2025-09-09 10:06:56.863	continuous	5404	4	->		5	3	0.363036	False	1.331968	0.750000	0.002922	
2025-09-09 10:06:56.863	continuous	5405	3	->		4	3	0.400013	False	1.188091	0.750000	0.002922	
2025-09-09 10:06:56.863	continuous	5406	3	->		4	3	0.400602	False	1.166451	0.750000	0.002922	
2025-09-09 10:06:56.864	continuous	5407	4	->		5	3	0.363919	False	1.331022	0.750000	0.002922	
2025-09-09 10:06:56.864	continuous	5408	3	->	4	5	3	0.366731	False	1.324670	0.750000	0.002921	
2025-09-09 10:06:56.864	continuous	5409	2	->	3	4	4	0.463318	False	1.079268	0.750000	0.002921	
2025-09-09 10:06:56.864	continuous	5410	1	->	2	3	3	0.468209	False	1.091644	0.750000	0.002921	
2025-09-09 10:06:56.864	continuous	5411	2	->	3	4	4	0.464780	False	1.066377	0.750000	0.002920	
2025-09-09 10:06:56.864	continuous	5412	3	->	4	5	4	0.368209	False	1.337446	0.750000	0.002920	
2025-09-09 10:06:56.865	continuous	5413	3	->	4	5	4	0.368251	False	1.318674	0.750000	0.002920	
2025-09-09 10:06:56.865	continuous	5414	3	->		4	4	0.402464	False	1.145256	0.750000	0.002919	
2025-09-09 10:06:56.865	continuous	5415	3	->		4	4	0.403298	False	1.124226	0.750000	0.002919	
2025-09-09 10:06:56.865	continuous	5416	2	->		3	4	0.467161	False	1.137274	0.750000	0.002919	
2025-09-09 10:06:56.865	continuous	5417	3	->		4	4	0.404497	False	1.118168	0.750000	0.002919	
2025-09-09 10:06:56.865	continuous	5418	3	->		4	4	0.405468	False	1.097565	0.750000	0.002918	
2025-09-09 10:06:56.866	continuous	5419	3	->		4	4	0.406554	False	1.077349	0.750000	0.002918	
2025-09-09 10:06:56.866	continuous	5420	4	->	5	6	4	0.344978	False	3.345159	0.750000	0.002918	
2025-09-09 10:06:56.866	continuous	5421	3	->		4	4	0.405179	False	1.061007	0.750000	0.002917	
2025-09-09 10:06:56.866	continuous	5422	1	->	2	3	4	0.472765	False	1.155593	0.750000	0.002917	
2025-09-09 10:06:56.866	continuous	5423	2	->		3	4	0.470468	False	1.133870	0.750000	0.002917	
2025-09-09 10:06:56.866	continuous	5424	4	->		5	4	0.367616	False	1.371093	0.750000	0.002917	
2025-09-09 10:06:56.867	continuous	5425	3	->		4	4	0.406185	False	1.081092	0.750000	0.002916	
2025-09-09 10:06:56.867	continuous	5426	2	->		3	4	0.471058	False	1.125608	0.750000	0.002916	
2025-09-09 10:06:56.867	continuous	5427	3	->	4	5	4	0.372402	False	1.382755	0.750000	0.002916	
2025-09-09 10:06:56.867	continuous	5428	1	->	2	3	4	0.473046	False	1.090731	0.750000	0.002915	
2025-09-09 10:06:56.867	continuous	5429	2	->	3	4	4	0.470642	False	1.008740	0.750000	0.002915	
2025-09-09 10:06:56.867	continuous	5430	2	->	3	4	4	0.472023	False	0.979658	0.750000	0.002915	
2025-09-09 10:06:56.868	continuous	5431	4	->		5	4	0.370251	False	1.380006	0.750000	0.002915	
2025-09-09 10:06:56.868	continuous	5432	1	->	2	3	4	0.474804	False	1.106180	0.750000	0.002914	
2025-09-09 10:06:56.868	continuous	5433	1	->	2	3	4	0.475286	False	1.073834	0.750000	0.002914	
2025-09-09 10:06:56.868	continuous	5434	3	->	4	5	4	0.374633	False	1.392010	0.750000	0.002914	
2025-09-09 10:06:56.868	continuous	5435	4	->		5	3	0.370725	False	1.359349	0.750000	0.002913	
2025-09-09 10:06:56.868	continuous	5436	2	->		3	4	0.471586	False	1.073051	0.750000	0.002913	
2025-09-09 10:06:56.869	continuous	5437	3	->	4	5	3	0.374739	False	1.362152	0.750000	0.002913	
2025-09-09 10:06:56.869	continuous	5438	3	->	4	5	3	0.374601	False	1.342702	0.750000	0.002912	
2025-09-09 10:06:56.869	continuous	5439	3	->	4	5	3	0.374557	False	1.323489	0.750000	0.002912	
2025-09-09 10:06:56.869	continuous	5440	4	->		5	3	0.371217	False	1.292972	0.750000	0.002912	
2025-09-09 10:06:56.869	continuous	5441	3	->		4	4	0.408297	False	1.162608	0.750000	0.002912	
2025-09-09 10:06:56.869	continuous	5442	2	->		3	4	0.470519	False	1.095410	0.750000	0.002911	
2025-09-09 10:06:56.870	continuous	5443	1	->	2	3	3	0.474447	False	1.054014	0.750000	0.002911	
2025-09-09 10:06:56.870	continuous	5444	5	->		6	3	0.388981	False	3.587417	0.750000	0.002911	
2025-09-09 10:06:56.870	continuous	5445	4	->		5	3	0.369757	False	1.305870	0.750000	0.002910	
2025-09-09 10:06:56.870	continuous	5446	2	->		3	3	0.469545	False	1.047713	0.750000	0.002910	
2025-09-09 10:06:56.870	continuous	5447	4	->	5	6	3	0.346065	False	3.320633	0.750000	0.002910	
2025-09-09 10:06:56.871	continuous	5448	1	->	2	3	3	0.472386	False	1.010771	0.750000	0.002910	
2025-09-09 10:06:56.871	continuous	5449	2	->	3	4	3	0.468715	False	1.141971	0.750000	0.002909	
2025-09-09 10:06:56.871	continuous	5450	1	->	2	3	3	0.473579	False	1.000253	0.750000	0.002909	
2025-09-09 10:06:56.871	continuous	5451	3	->		4	3	0.407256	False	1.198494	0.750000	0.002909	
2025-09-09 10:06:56.871	continuous	5452	4	->		5	3	0.369477	False	1.338673	0.750000	0.002908	
2025-09-09 10:06:56.871	continuous	5453	2	->	3	4	3	0.469850	False	1.109957	0.750000	0.002908	
2025-09-09 10:06:56.872	continuous	5454	4	->		5	3	0.369554	False	1.330033	0.750000	0.002908	
2025-09-09 10:06:56.872	continuous	5455	2	->	3	4	3	0.469635	False	1.087473	0.750000	0.002908	
2025-09-09 10:06:56.872	continuous	5456	1	->		2	3	0.434700	False	3.168320	0.750000	0.002907	
2025-09-09 10:06:56.872	continuous	5457	2	->		3	3	0.468241	False	1.059139	0.750000	0.002907	
2025-09-09 10:06:56.872	continuous	5458	3	->		4	3	0.405432	False	1.159966	0.750000	0.002907	
2025-09-09 10:06:56.872	continuous	5459	3	->		4	3	0.406128	False	1.138495	0.750000	0.002906	
2025-09-09 10:06:56.873	continuous	5460	2	->	3	4	4	0.470148	False	1.027155	0.750000	0.002906	
2025-09-09 10:06:56.873	continuous	5461	3	->		4	4	0.407772	False	1.092967	0.750000	0.002906	
2025-09-09 10:06:56.873	continuous	5462	5	->		6	4	0.385852	False	3.527095	0.750000	0.002906	
2025-09-09 10:06:56.873	continuous	5463	3	->	4	5	4	0.370447	False	1.383900	0.750000	0.002905	
2025-09-09 10:06:56.873	continuous	5464	2	->	3	4	4	0.469463	False	0.987085	0.750000	0.002905	
2025-09-09 10:06:56.873	continuous	5465	4	->		5	4	0.366660	False	1.361692	0.750000	0.002905	
2025-09-09 10:06:56.874	continuous	5466	2	->		3	4	0.469928	False	1.132154	0.750000	0.002904	
2025-09-09 10:06:56.874	continuous	5467	3	->		4	4	0.406307	False	1.086692	0.750000	0.002904	
2025-09-09 10:06:56.874	continuous	5468	3	->		4	4	0.407444	False	1.066697	0.750000	0.002904	
2025-09-09 10:06:56.874	continuous	5469	2	->		3	4	0.472775	False	1.130866	0.750000	0.002903	
2025-09-09 10:06:56.874	continuous	5470	2	->	3	4	4	0.473248	False	0.961207	0.750000	0.002903	
2025-09-09 10:06:56.874	continuous	5471	2	->	3	4	4	0.475013	False	0.933641	0.750000	0.002903	
2025-09-09 10:06:56.875	continuous	5472	2	->	3	4	4	0.477004	False	0.906971	0.750000	0.002903	
2025-09-09 10:06:56.875	continuous	5473	4	->	5	6	4	0.345997	False	3.284745	0.750000	0.002902	
2025-09-09 10:06:56.875	continuous	5474	2	->		3	4	0.476111	False	1.159418	0.750000	0.002902	
2025-09-09 10:06:56.875	continuous	5475	3	->	4	5	4	0.373567	False	1.431290	0.750000	0.002902	
2025-09-09 10:06:56.875	continuous	5476	3	->		4	4	0.409391	False	1.024888	0.750000	0.002901	
2025-09-09 10:06:56.875	continuous	5477	1	->	2	3	4	0.477835	False	1.136644	0.750000	0.002901	
2025-09-09 10:06:56.876	continuous	5478	1	->	2	3	4	0.477871	False	1.103156	0.750000	0.002901	
2025-09-09 10:06:56.876	continuous	5479	1	->	2	3	4	0.478201	False	1.070741	0.750000	0.002901	
2025-09-09 10:06:56.876	continuous	5480	2	->		3	4	0.476831	False	1.053459	0.750000	0.002900	
2025-09-09 10:06:56.876	continuous	5481	2	->		3	4	0.477530	False	1.023593	0.750000	0.002900	
2025-09-09 10:06:56.876	continuous	5482	2	->	3	4	4	0.478495	False	0.992658	0.750000	0.002900	
2025-09-09 10:06:56.876	continuous	5483	2	->		3	4	0.479473	False	1.015121	0.750000	0.002899	
2025-09-09 10:06:56.877	continuous	5484	3	->		4	4	0.414027	False	1.077772	0.750000	0.002899	
2025-09-09 10:06:56.877	continuous	5485	1	->	2	3	3	0.483421	False	0.987650	0.750000	0.002899	
2025-09-09 10:06:56.877	continuous	5486	2	->		3	3	0.482489	False	0.973819	0.750000	0.002899	
2025-09-09 10:06:56.877	continuous	5487	2	->	3	4	3	0.483657	False	1.001914	0.750000	0.002898	
2025-09-09 10:06:56.877	continuous	5488	4	->		5	3	0.375708	False	1.496349	0.750000	0.002898	
2025-09-09 10:06:56.877	continuous	5489	2	->	3	4	4	0.482983	False	0.980931	0.750000	0.002898	
2025-09-09 10:06:56.878	continuous	5490	2	->	3	4	4	0.484250	False	0.951986	0.750000	0.002897	
2025-09-09 10:06:56.878	continuous	5491	2	->	3	4	4	0.485774	False	0.924028	0.750000	0.002897	
2025-09-09 10:06:56.878	continuous	5492	3	->		4	4	0.419560	False	1.004280	0.750000	0.002897	
2025-09-09 10:06:56.878	continuous	5493	5	->		6	4	0.395507	False	3.525640	0.750000	0.002897	
2025-09-09 10:06:56.878	continuous	5494	2	->		3	4	0.485730	False	1.057593	0.750000	0.002896	
2025-09-09 10:06:56.878	continuous	5495	1	->	2	3	4	0.487435	False	1.011148	0.750000	0.002896	
2025-09-09 10:06:56.879	continuous	5496	4	->		5	4	0.375741	False	1.524573	0.750000	0.002896	
2025-09-09 10:06:56.879	continuous	5497	1	->	2	3	4	0.486527	False	0.988714	0.750000	0.002895	
2025-09-09 10:06:56.879	continuous	5498	1	->	2	3	3	0.487628	False	0.959551	0.750000	0.002895	
2025-09-09 10:06:56.879	continuous	5499	1	->	2	3	3	0.488993	False	0.931386	0.750000	0.002895	
2025-09-09 10:06:56.879	continuous	5500	4	->		5	3	0.377551	False	1.527496	0.750000	0.002894	
2025-09-09 10:06:56.879	continuous	5501	2	->	3	4	3	0.486462	False	1.001227	0.750000	0.002894	
2025-09-09 10:06:56.880	continuous	5502	2	->	3	4	3	0.487402	False	0.971328	0.750000	0.002894	
2025-09-09 10:06:56.880	continuous	5503	3	->	4	5	3	0.382956	False	1.540380	0.750000	0.002894	
2025-09-09 10:06:56.880	continuous	5504	1	->		2	4	0.446052	False	3.235448	0.750000	0.002893	
2025-09-09 10:06:56.880	continuous	5505	4	->		5	3	0.373128	False	1.501073	0.750000	0.002893	
2025-09-09 10:06:56.880	continuous	5506	3	->	4	5	3	0.377579	False	1.496594	0.750000	0.002893	
2025-09-09 10:06:56.881	continuous	5507	3	->		4	4	0.413294	False	1.071436	0.750000	0.002892	
2025-09-09 10:06:56.881	continuous	5508	3	->		4	4	0.414398	False	1.051435	0.750000	0.002892	
2025-09-09 10:06:56.881	continuous	5509	5	->		6	4	0.390308	False	3.490764	0.750000	0.002892	
2025-09-09 10:06:56.881	continuous	5510	3	->		4	4	0.412580	False	1.036138	0.750000	0.002892	
2025-09-09 10:06:56.881	continuous	5511	3	->	4	5	4	0.376653	False	1.501178	0.750000	0.002891	
2025-09-09 10:06:56.881	continuous	5512	1	->	2	3	4	0.481150	False	1.042537	0.750000	0.002891	
2025-09-09 10:06:56.882	continuous	5513	2	->	3	4	4	0.480939	False	0.938164	0.750000	0.002891	
2025-09-09 10:06:56.882	continuous	5514	4	->	5	6	4	0.345064	False	3.233309	0.750000	0.002890	
2025-09-09 10:06:56.882	continuous	5515	3	->	4	5	4	0.374284	False	1.497430	0.750000	0.002890	
2025-09-09 10:06:56.882	continuous	5516	2	->	3	4	4	0.478965	False	0.923219	0.750000	0.002890	
2025-09-09 10:06:56.882	continuous	5517	5	->		6	4	0.385821	False	3.422855	0.750000	0.002890	
2025-09-09 10:06:56.882	continuous	5518	3	->		4	4	0.409094	False	1.014528	0.750000	0.002889	
2025-09-09 10:06:56.883	continuous	5519	4	->	5	6	4	0.339413	False	3.168470	0.750000	0.002889	
2025-09-09 10:06:56.883	continuous	5520	4	->		5	4	0.363423	False	1.478602	0.750000	0.002889	
2025-09-09 10:06:56.883	continuous	5521	3	->		4	4	0.407082	False	1.008496	0.750000	0.002888	
2025-09-09 10:06:56.883	continuous	5522	4	->		5	4	0.363985	False	1.467585	0.750000	0.002888	
2025-09-09 10:06:56.883	continuous	5523	4	->		5	4	0.363430	False	1.448038	0.750000	0.002888	
2025-09-09 10:06:56.883	continuous	5524	2	->	3	4	4	0.475763	False	0.889659	0.750000	0.002888	
2025-09-09 10:06:56.884	continuous	5525	1	->	2	3	4	0.477456	False	1.140729	0.750000	0.002887	
2025-09-09 10:06:56.884	continuous	5526	2	->	3	4	4	0.477618	False	0.884487	0.750000	0.002887	
2025-09-09 10:06:56.884	continuous	5527	2	->		3	4	0.478306	False	1.142277	0.750000	0.002887	
2025-09-09 10:06:56.884	continuous	5528	3	->	4	5	4	0.371777	False	1.478972	0.750000	0.002886	
2025-09-09 10:06:56.884	continuous	5529	3	->		4	4	0.408849	False	1.007010	0.750000	0.002886	
2025-09-09 10:06:56.884	continuous	5530	2	->	3	4	4	0.479924	False	0.868720	0.750000	0.002886	
2025-09-09 10:06:56.885	continuous	5531	4	->	5	6	4	0.339787	False	3.156947	0.750000	0.002886	
2025-09-09 10:06:56.885	continuous	5532	3	->	4	5	4	0.370838	False	1.478028	0.750000	0.002885	
2025-09-09 10:06:56.885	continuous	5533	1	->	2	3	4	0.477767	False	1.146147	0.750000	0.002885	
2025-09-09 10:06:56.885	continuous	5534	1	->	2	3	4	0.477608	False	1.112607	0.750000	0.002885	
2025-09-09 10:06:56.885	continuous	5535	4	->		5	4	0.363773	False	1.455902	0.750000	0.002884	
2025-09-09 10:06:56.885	continuous	5536	5	->		6	4	0.380473	False	3.342993	0.750000	0.002884	
2025-09-09 10:06:56.886	continuous	5537	2	->	3	4	4	0.474029	False	0.910371	0.750000	0.002884	
2025-09-09 10:06:56.886	continuous	5538	3	->		4	4	0.406030	False	1.005157	0.750000	0.002884	
2025-09-09 10:06:56.886	continuous	5539	1	->	2	3	4	0.477407	False	1.125494	0.750000	0.002883	
2025-09-09 10:06:56.886	continuous	5540	2	->	3	4	4	0.477865	False	0.883880	0.750000	0.002883	
2025-09-09 10:06:56.886	continuous	5541	3	->		4	4	0.409150	False	0.982137	0.750000	0.002883	
2025-09-09 10:06:56.886	continuous	5542	3	->	4	5	4	0.371910	False	1.497974	0.750000	0.002882	
2025-09-09 10:06:56.887	continuous	5543	3	->		4	4	0.409814	False	0.973520	0.750000	0.002882	
2025-09-09 10:06:56.887	continuous	5544	1	->		2	4	0.438503	False	3.209582	0.750000	0.002882	
2025-09-09 10:06:56.887	continuous	5545	3	->	4	5	4	0.369120	False	1.486034	0.750000	0.002881	
2025-09-09 10:06:56.887	continuous	5546	5	->		6	4	0.378716	False	3.312740	0.750000	0.002881	
2025-09-09 10:06:56.887	continuous	5547	3	->	4	5	4	0.365299	False	1.465818	0.750000	0.002881	
2025-09-09 10:06:56.887	continuous	5548	5	->		6	4	0.374796	False	3.273224	0.750000	0.002881	
2025-09-09 10:06:56.888	continuous	5549	4	->		5	4	0.354593	False	1.430673	0.750000	0.002880	
2025-09-09 10:06:56.888	continuous	5550	3	->		4	4	0.399660	False	1.000495	0.750000	0.002880	
2025-09-09 10:06:56.888	continuous	5551	2	->		3	4	0.470724	False	1.207180	0.750000	0.002880	
2025-09-09 10:06:56.888	continuous	5552	3	->	4	5	4	0.362548	False	1.443368	0.750000	0.002879	
2025-09-09 10:06:56.888	continuous	5553	4	->		5	4	0.355101	False	1.408678	0.750000	0.002879	
2025-09-09 10:06:56.888	continuous	5554	1	->	2	3	4	0.468752	False	1.173742	0.750000	0.002879	
2025-09-09 10:06:56.889	continuous	5555	2	->	3	4	4	0.468736	False	0.911776	0.750000	0.002879	
2025-09-09 10:06:56.889	continuous	5556	4	->		5	4	0.355951	False	1.407928	0.750000	0.002878	
2025-09-09 10:06:56.889	continuous	5557	2	->		3	4	0.468309	False	1.180506	0.750000	0.002878	
2025-09-09 10:06:56.889	continuous	5558	3	->		4	4	0.400307	False	1.034393	0.750000	0.002878	
2025-09-09 10:06:56.889	continuous	5559	2	->		3	4	0.469790	False	1.163053	0.750000	0.002877	
2025-09-09 10:06:56.889	continuous	5560	2	->	3	4	4	0.470914	False	0.913498	0.750000	0.002877	
2025-09-09 10:06:56.890	continuous	5561	3	->	4	5	4	0.365120	False	1.438395	0.750000	0.002877	
2025-09-09 10:06:56.890	continuous	5562	4	->		5	4	0.357668	False	1.403525	0.750000	0.002877	
2025-09-09 10:06:56.890	continuous	5563	1	->	2	3	4	0.470220	False	1.150826	0.750000	0.002876	
2025-09-09 10:06:56.890	continuous	5564	2	->	3	4	4	0.470241	False	0.927114	0.750000	0.002876	
2025-09-09 10:06:56.890	continuous	5565	3	->	4	5	4	0.365531	False	1.418309	0.750000	0.002876	
2025-09-09 10:06:56.890	continuous	5566	1	->	2	3	4	0.470781	False	1.144736	0.750000	0.002875	
2025-09-09 10:06:56.891	continuous	5567	1	->	2	3	4	0.470899	False	1.111923	0.750000	0.002875	
2025-09-09 10:06:56.891	continuous	5568	2	->		3	4	0.469926	False	1.094478	0.750000	0.002875	
2025-09-09 10:06:56.891	continuous	5569	4	->	5	6	4	0.331759	False	3.071084	0.750000	0.002875	
2025-09-09 10:06:56.891	continuous	5570	4	->		5	4	0.356392	False	1.409104	0.750000	0.002874	
2025-09-09 10:06:56.891	continuous	5571	2	->	3	4	4	0.468062	False	0.980660	0.750000	0.002874	
2025-09-09 10:06:56.891	continuous	5572	4	->		5	4	0.356834	False	1.400320	0.750000	0.002874	
2025-09-09 10:06:56.892	continuous	5573	1	->	2	3	4	0.469203	False	1.087667	0.750000	0.002873	
2025-09-09 10:06:56.892	continuous	5574	4	->		5	4	0.357127	False	1.390463	0.750000	0.002873	
2025-09-09 10:06:56.892	continuous	5575	3	->		4	4	0.400558	False	1.096692	0.750000	0.002873	
2025-09-09 10:06:56.892	continuous	5576	4	->		5	4	0.357731	False	1.380755	0.750000	0.002873	
2025-09-09 10:06:56.892	continuous	5577	1	->		2	4	0.427404	False	3.192983	0.750000	0.002872	
2025-09-09 10:06:56.892	continuous	5578	3	->	4	5	4	0.361108	False	1.378237	0.750000	0.002872	
2025-09-09 10:06:56.893	continuous	5579	3	->	4	5	4	0.360999	False	1.359539	0.750000	0.002872	
2025-09-09 10:06:56.893	continuous	5580	2	->	3	4	4	0.463610	False	1.002659	0.750000	0.002871	
2025-09-09 10:06:56.893	continuous	5581	3	->	4	5	4	0.361714	False	1.351686	0.750000	0.002871	
2025-09-09 10:06:56.893	continuous	5582	4	->		5	4	0.355019	False	1.320255	0.750000	0.002871	
2025-09-09 10:06:56.893	continuous	5583	1	->		2	4	0.423857	False	3.153916	0.750000	0.002871	
2025-09-09 10:06:56.893	continuous	5584	3	->		4	4	0.394854	False	1.108725	0.750000	0.002870	
2025-09-09 10:06:56.894	continuous	5585	2	->	3	4	4	0.462411	False	0.976425	0.750000	0.002870	
2025-09-09 10:06:56.894	continuous	5586	1	->		2	4	0.422888	False	3.114222	0.750000	0.002870	
2025-09-09 10:06:56.894	continuous	5587	2	->		3	4	0.460402	False	1.195378	0.750000	0.002869	
2025-09-09 10:06:56.894	continuous	5588	2	->		3	4	0.460315	False	1.162775	0.750000	0.002869	
2025-09-09 10:06:56.894	continuous	5589	4	->		5	4	0.350731	False	1.343114	0.750000	0.002869	
2025-09-09 10:06:56.894	continuous	5590	2	->		3	4	0.459877	False	1.139433	0.750000	0.002869	
2025-09-09 10:06:56.895	continuous	5591	3	->		4	4	0.394181	False	1.123864	0.750000	0.002868	
2025-09-09 10:06:56.895	continuous	5592	3	->		4	4	0.395210	False	1.103816	0.750000	0.002868	
2025-09-09 10:06:56.895	continuous	5593	3	->		4	4	0.396349	False	1.084102	0.750000	0.002868	
2025-09-09 10:06:56.895	continuous	5594	2	->	3	4	4	0.465024	False	0.949190	0.750000	0.002867	
2025-09-09 10:06:56.895	continuous	5595	2	->	3	4	4	0.467020	False	0.922585	0.750000	0.002867	
2025-09-09 10:06:56.895	continuous	5596	2	->	3	4	4	0.469221	False	0.896865	0.750000	0.002867	
2025-09-09 10:06:56.896	continuous	5597	2	->		3	4	0.469637	False	1.208810	0.750000	0.002867	
2025-09-09 10:06:56.896	continuous	5598	2	->		3	4	0.469121	False	1.174923	0.750000	0.002866	
2025-09-09 10:06:56.896	continuous	5599	3	->		4	4	0.401502	False	1.030984	0.750000	0.002866	
2025-09-09 10:06:56.896	continuous	5600	1	->	2	3	4	0.470928	False	1.143112	0.750000	0.002866	
2025-09-09 10:06:56.896	continuous	5601	5	->		6	4	0.374250	False	3.275634	0.750000	0.002865	
2025-09-09 10:06:56.897	continuous	5602	3	->	4	5	4	0.362309	False	1.438030	0.750000	0.002865	
2025-09-09 10:06:56.897	continuous	5603	3	->	4	5	4	0.361908	False	1.418531	0.750000	0.002865	
2025-09-09 10:06:56.897	continuous	5604	4	->		5	4	0.354107	False	1.384403	0.750000	0.002865	
2025-09-09 10:06:56.897	continuous	5605	5	->		6	4	0.370079	False	3.239664	0.750000	0.002864	
2025-09-09 10:06:56.897	continuous	5606	3	->		4	4	0.395660	False	1.063537	0.750000	0.002864	
2025-09-09 10:06:56.897	continuous	5607	3	->	4	5	4	0.359635	False	1.391303	0.750000	0.002864	
2025-09-09 10:06:56.898	continuous	5608	3	->		4	4	0.396596	False	1.053790	0.750000	0.002863	
2025-09-09 10:06:56.898	continuous	5609	3	->		4	4	0.398037	False	1.034994	0.750000	0.002863	
2025-09-09 10:06:56.898	continuous	5610	5	->		6	4	0.370137	False	3.216187	0.750000	0.002863	
2025-09-09 10:06:56.898	continuous	5611	4	->		5	4	0.351001	False	1.377320	0.750000	0.002863	
2025-09-09 10:06:56.899	continuous	5612	2	->	3	4	4	0.465414	False	0.904951	0.750000	0.002862	
2025-09-09 10:06:56.899	continuous	5613	2	->		3	4	0.465826	False	1.231839	0.750000	0.002862	
2025-09-09 10:06:56.900	continuous	5614	2	->	3	4	4	0.467012	False	0.898705	0.750000	0.002862	
2025-09-09 10:06:56.900	continuous	5615	1	->	2	3	4	0.467394	False	1.202662	0.750000	0.002861	
2025-09-09 10:06:56.901	continuous	5616	1	->	2	3	4	0.467042	False	1.168490	0.750000	0.002861	
2025-09-09 10:06:56.901	continuous	5617	2	->	3	4	4	0.468284	False	0.911287	0.750000	0.002861	
2025-09-09 10:06:56.901	continuous	5618	4	->	5	6	4	0.325778	False	2.999500	0.750000	0.002861	
2025-09-09 10:06:56.902	continuous	5619	2	->	3	4	4	0.468580	False	0.888880	0.750000	0.002860	
2025-09-09 10:06:56.902	continuous	5620	4	->	5	6	4	0.323689	False	2.972762	0.750000	0.002860	
2025-09-09 10:06:56.902	continuous	5621	2	->	3	4	4	0.469040	False	0.867508	0.750000	0.002860	
2025-09-09 10:06:56.902	continuous	5622	4	->	5	6	4	0.321708	False	2.946718	0.750000	0.002859	
2025-09-09 10:06:56.902	continuous	5623	4	->	5	6	4	0.318724	False	2.918054	0.750000	0.002859	
2025-09-09 10:06:56.903	continuous	5624	4	->		5	4	0.345065	False	1.435763	0.750000	0.002859	
2025-09-09 10:06:56.903	continuous	5625	2	->	3	4	4	0.466322	False	0.859991	0.750000	0.002859	
2025-09-09 10:06:56.903	continuous	5626	4	->	5	6	4	0.316726	False	2.894375	0.750000	0.002858	
2025-09-09 10:06:56.903	continuous	5627	4	->	5	6	4	0.313834	False	2.866780	0.750000	0.002858	
2025-09-09 10:06:56.903	continuous	5628	3	->	4	5	4	0.350126	False	1.446644	0.750000	0.002858	
2025-09-09 10:06:56.904	continuous	5629	3	->		4	4	0.389795	False	0.993779	0.750000	0.002857	
2025-09-09 10:06:56.904	continuous	5630	4	->	5	6	4	0.312078	False	2.845002	0.750000	0.002857	
2025-09-09 10:06:56.904	continuous	5631	2	->	3	4	4	0.464196	False	0.837595	0.750000	0.002857	
2025-09-09 10:06:56.904	continuous	5632	2	->		3	4	0.464136	False	1.281924	0.750000	0.002857	
2025-09-09 10:06:56.905	continuous	5633	4	->		5	4	0.340068	False	1.437457	0.750000	0.002856	
2025-09-09 10:06:56.905	continuous	5634	2	->		3	4	0.461784	False	1.253015	0.750000	0.002856	
2025-09-09 10:06:56.905	continuous	5635	3	->		4	4	0.389449	False	1.000846	0.750000	0.002856	
2025-09-09 10:06:56.905	continuous	5636	3	->		4	4	0.391273	False	0.983582	0.750000	0.002855	
2025-09-09 10:06:56.906	continuous	5637	4	->		5	4	0.342315	False	1.443075	0.750000	0.002855	
2025-09-09 10:06:56.906	continuous	5638	1	->		2	4	0.418399	False	3.115212	0.750000	0.002855	
2025-09-09 10:06:56.906	continuous	5639	2	->	3	4	4	0.463820	False	0.839778	0.750000	0.002855	
2025-09-09 10:06:56.906	continuous	5640	3	->	4	5	4	0.350240	False	1.453084	0.750000	0.002854	
2025-09-09 10:06:56.906	continuous	5641	4	->		5	4	0.339807	False	1.417697	0.750000	0.002854	
2025-09-09 10:06:56.907	continuous	5642	2	->	3	4	4	0.464028	False	0.837658	0.750000	0.002854	
2025-09-09 10:06:56.907	continuous	5643	3	->		4	4	0.391722	False	0.962170	0.750000	0.002853	
2025-09-09 10:06:56.907	continuous	5644	1	->	2	3	4	0.465275	False	1.305536	0.750000	0.002853	
2025-09-09 10:06:56.907	continuous	5645	3	->		4	4	0.392888	False	0.960704	0.750000	0.002853	
2025-09-09 10:06:56.907	continuous	5646	4	->		5	4	0.343396	False	1.433888	0.750000	0.002853	
2025-09-09 10:06:56.907	continuous	5647	2	->	3	4	4	0.469458	False	0.806410	0.750000	0.002852	
2025-09-09 10:06:56.908	continuous	5648	2	->	3	4	4	0.472609	False	0.785107	0.750000	0.002852	
2025-09-09 10:06:56.908	continuous	5649	1	->	2	3	4	0.470474	False	1.326764	0.750000	0.002852	
2025-09-09 10:06:56.908	continuous	5650	1	->	2	3	4	0.468886	False	1.289177	0.750000	0.002851	
2025-09-09 10:06:56.908	continuous	5651	5	->		6	4	0.362666	False	3.039821	0.750000	0.002851	
2025-09-09 10:06:56.909	continuous	5652	3	->	4	5	4	0.352598	False	1.466643	0.750000	0.002851	
2025-09-09 10:06:56.909	continuous	5653	2	->	3	4	4	0.468250	False	0.816287	0.750000	0.002851	
2025-09-09 10:06:56.909	continuous	5654	2	->	3	4	4	0.471319	False	0.794671	0.750000	0.002850	
2025-09-09 10:06:56.909	continuous	5655	3	->		4	4	0.396933	False	0.925508	0.750000	0.002850	
2025-09-09 10:06:56.909	continuous	5656	1	->	2	3	4	0.471618	False	1.312076	0.750000	0.002850	
2025-09-09 10:06:56.909	continuous	5657	1	->	2	3	4	0.470050	False	1.274780	0.750000	0.002849	
2025-09-09 10:06:56.910	continuous	5658	3	->	4	5	4	0.355892	False	1.488784	0.750000	0.002849	
2025-09-09 10:06:56.910	continuous	5659	3	->	4	5	4	0.355266	False	1.469184	0.750000	0.002849	
2025-09-09 10:06:56.910	continuous	5660	2	->	3	4	4	0.470617	False	0.813900	0.750000	0.002849	
2025-09-09 10:06:56.910	continuous	5661	2	->	3	4	4	0.473691	False	0.792178	0.750000	0.002848	
2025-09-09 10:06:56.910	continuous	5662	1	->	2	3	4	0.471155	False	1.287920	0.750000	0.002848	
2025-09-09 10:06:56.911	continuous	5663	3	->		4	4	0.398547	False	0.938042	0.750000	0.002848	
2025-09-09 10:06:56.911	continuous	5664	3	->		4	4	0.400695	False	0.921638	0.750000	0.002847	
2025-09-09 10:06:56.911	continuous	5665	3	->	4	5	4	0.361004	False	1.495028	0.750000	0.002847	
2025-09-09 10:06:56.911	continuous	5666	3	->		4	4	0.401835	False	0.914972	0.750000	0.002847	
2025-09-09 10:06:56.911	continuous	5667	2	->	3	4	4	0.482198	False	0.746691	0.750000	0.002847	
2025-09-09 10:06:56.911	continuous	5668	2	->		3	4	0.481253	False	1.340932	0.750000	0.002846	
2025-09-09 10:06:56.912	continuous	5669	3	->	4	5	4	0.363067	False	1.499580	0.750000	0.002846	
2025-09-09 10:06:56.912	continuous	5670	1	->	2	3	4	0.475184	False	1.290066	0.750000	0.002846	
2025-09-09 10:06:56.912	continuous	5671	2	->		3	4	0.475679	False	1.270508	0.750000	0.002845	
2025-09-09 10:06:56.912	continuous	5672	4	->	5	6	4	0.319734	False	2.867072	0.750000	0.002845	
2025-09-09 10:06:56.913	continuous	5673	4	->		5	4	0.347187	False	1.471784	0.750000	0.002845	
2025-09-09 10:06:56.913	continuous	5674	2	->	3	4	4	0.474200	False	0.808271	0.750000	0.002845	
2025-09-09 10:06:56.913	continuous	5675	2	->		3	4	0.473523	False	1.260627	0.750000	0.002844	
2025-09-09 10:06:56.913	continuous	5676	3	->	4	5	4	0.358992	False	1.487740	0.750000	0.002844	
2025-09-09 10:06:56.914	continuous	5677	3	->		4	4	0.399058	False	0.959234	0.750000	0.002844	
2025-09-09 10:06:56.914	continuous	5678	3	->		4	4	0.401064	False	0.942340	0.750000	0.002843	
2025-09-09 10:06:56.914	continuous	5679	3	->		4	4	0.403159	False	0.925737	0.750000	0.002843	
2025-09-09 10:06:56.915	continuous	5680	4	->		5	4	0.351735	False	1.475720	0.750000	0.002843	
2025-09-09 10:06:56.915	continuous	5681	3	->	4	5	4	0.362930	False	1.476625	0.750000	0.002843	
2025-09-09 10:06:56.915	continuous	5682	3	->	4	5	4	0.362256	False	1.456666	0.750000	0.002842	
2025-09-09 10:06:56.915	continuous	5683	3	->		4	4	0.402397	False	0.937312	0.750000	0.002842	
2025-09-09 10:06:56.915	continuous	5684	3	->	4	5	4	0.363448	False	1.446571	0.750000	0.002842	
2025-09-09 10:06:56.916	continuous	5685	3	->		4	4	0.403623	False	0.930388	0.750000	0.002841	
2025-09-09 10:06:56.916	continuous	5686	3	->		4	4	0.405784	False	0.913893	0.750000	0.002841	
2025-09-09 10:06:56.916	continuous	5687	4	->		5	4	0.354464	False	1.427457	0.750000	0.002841	
2025-09-09 10:06:56.916	continuous	5688	3	->		4	4	0.407147	False	0.906910	0.750000	0.002841	
2025-09-09 10:06:56.916	continuous	5689	1	->	2	3	4	0.479145	False	1.353323	0.750000	0.002840	
2025-09-09 10:06:56.917	continuous	5690	2	->	3	4	4	0.483537	False	0.758656	0.750000	0.002840	
2025-09-09 10:06:56.917	continuous	5691	3	->	4	5	4	0.368703	False	1.453803	0.750000	0.002840	
2025-09-09 10:06:56.917	continuous	5692	4	->		5	4	0.355886	False	1.414952	0.750000	0.002839	
2025-09-09 10:06:56.917	continuous	5693	4	->	5	6	4	0.325350	False	2.885798	0.750000	0.002839	
2025-09-09 10:06:56.917	continuous	5694	3	->		4	4	0.405997	False	0.912762	0.750000	0.002839	
2025-09-09 10:06:56.917	continuous	5695	2	->	3	4	4	0.484472	False	0.745366	0.750000	0.002839	
2025-09-09 10:06:56.918	continuous	5696	1	->	2	3	4	0.480752	False	1.378389	0.750000	0.002838	
2025-09-09 10:06:56.918	continuous	5697	3	->		4	4	0.409082	False	0.894950	0.750000	0.002838	
2025-09-09 10:06:56.918	continuous	5698	3	->		4	4	0.411431	False	0.879010	0.750000	0.002838	
2025-09-09 10:06:56.918	continuous	5699	3	->		4	4	0.413854	False	0.863377	0.750000	0.002837	
2025-09-09 10:06:56.918	continuous	5700	3	->	4	5	4	0.373570	False	1.472131	0.750000	0.002837	
2025-09-09 10:06:56.919	continuous	5701	4	->		5	4	0.359527	False	1.431154	0.750000	0.002837	
2025-09-09 10:06:56.919	continuous	5702	4	->	5	6	4	0.328277	False	2.881440	0.750000	0.002837	
2025-09-09 10:06:56.919	continuous	5703	1	->	2	3	4	0.481620	False	1.395990	0.750000	0.002836	
2025-09-09 10:06:56.919	continuous	5704	2	->		3	4	0.481922	False	1.372629	0.750000	0.002836	
2025-09-09 10:06:56.919	continuous	5705	3	->	4	5	4	0.367122	False	1.443289	0.750000	0.002836	
2025-09-09 10:06:56.919	continuous	5706	3	->	4	5	4	0.366518	False	1.423364	0.750000	0.002835	
2025-09-09 10:06:56.920	continuous	5707	5	->		6	4	0.371332	False	3.046484	0.750000	0.002835	
2025-09-09 10:06:56.920	continuous	5708	3	->	4	5	4	0.363112	False	1.404622	0.750000	0.002835	
2025-09-09 10:06:56.920	continuous	5709	4	->		5	4	0.350332	False	1.369055	0.750000	0.002835	
2025-09-09 10:06:56.920	continuous	5710	3	->		4	4	0.402574	False	0.949447	0.750000	0.002834	
2025-09-09 10:06:56.920	continuous	5711	4	->	5	6	4	0.321350	False	2.831302	0.750000	0.002834	
2025-09-09 10:06:56.921	continuous	5712	2	->	3	4	4	0.476239	False	0.789006	0.750000	0.002834	
2025-09-09 10:06:56.921	continuous	5713	2	->	3	4	4	0.479532	False	0.767714	0.750000	0.002833	
2025-09-09 10:06:56.921	continuous	5714	3	->		4	4	0.406702	False	0.900200	0.750000	0.002833	
2025-09-09 10:06:56.921	continuous	5715	2	->	3	4	4	0.486166	False	0.729623	0.750000	0.002833	
2025-09-09 10:06:56.921	continuous	5716	1	->	2	3	4	0.481767	False	1.426018	0.750000	0.002833	
2025-09-09 10:06:56.922	continuous	5717	3	->		4	4	0.409705	False	0.882872	0.750000	0.002832	
2025-09-09 10:06:56.922	continuous	5718	3	->	4	5	4	0.369655	False	1.438021	0.750000	0.002832	
2025-09-09 10:06:56.922	continuous	5719	4	->	5	6	4	0.324259	False	2.825145	0.750000	0.002832	
2025-09-09 10:06:56.922	continuous	5720	3	->	4	5	4	0.366368	False	1.418960	0.750000	0.002832	
2025-09-09 10:06:56.922	continuous	5721	5	->		6	4	0.370502	False	2.985474	0.750000	0.002831	
2025-09-09 10:06:56.923	continuous	5722	2	->	3	4	4	0.481839	False	0.742898	0.750000	0.002831	
2025-09-09 10:06:56.923	continuous	5723	3	->		4	4	0.407222	False	0.880750	0.750000	0.002831	
2025-09-09 10:06:56.923	continuous	5724	4	->		5	4	0.352645	False	1.402852	0.750000	0.002830	
2025-09-09 10:06:56.923	continuous	5725	4	->	5	6	4	0.320869	False	2.779042	0.750000	0.002830	
2025-09-09 10:06:56.923	continuous	5726	4	->		5	4	0.349618	False	1.386242	0.750000	0.002830	
2025-09-09 10:06:56.923	continuous	5727	4	->	5	6	4	0.317948	False	2.754101	0.750000	0.002830	
2025-09-09 10:06:56.924	continuous	5728	5	->		6	4	0.365171	False	2.905652	0.750000	0.002829	
2025-09-09 10:06:56.924	continuous	5729	4	->		5	4	0.343938	False	1.371726	0.750000	0.002829	
2025-09-09 10:06:56.924	continuous	5730	3	->		4	4	0.399925	False	0.908734	0.750000	0.002829	
2025-09-09 10:06:56.925	continuous	5731	2	->		3	4	0.475602	False	1.489421	0.750000	0.002828	
2025-09-09 10:06:56.925	continuous	5732	4	->		5	4	0.344330	False	1.369178	0.750000	0.002828	
2025-09-09 10:06:56.925	continuous	5733	4	->		5	4	0.344259	False	1.352008	0.750000	0.002828	
2025-09-09 10:06:56.925	continuous	5734	4	->		5	4	0.344267	False	1.335015	0.750000	0.002828	
2025-09-09 10:06:56.925	continuous	5735	3	->	4	5	4	0.358008	False	1.333082	0.750000	0.002827	
2025-09-09 10:06:56.926	continuous	5736	2	->	3	4	4	0.472786	False	0.795097	0.750000	0.002827	
2025-09-09 10:06:56.926	continuous	5737	3	->		4	4	0.400777	False	0.927779	0.750000	0.002827	
2025-09-09 10:06:56.926	continuous	5738	3	->	4	5	4	0.361421	False	1.337078	0.750000	0.002826	
2025-09-09 10:06:56.926	continuous	5739	3	->	4	5	4	0.361305	False	1.318651	0.750000	0.002826	
2025-09-09 10:06:56.926	continuous	5740	3	->	4	5	4	0.361284	False	1.300440	0.750000	0.002826	
2025-09-09 10:06:56.926	continuous	5741	1	->	2	3	4	0.470089	False	1.508125	0.750000	0.002826	
2025-09-09 10:06:56.926	continuous	5742	1	->	2	3	4	0.467780	False	1.466106	0.750000	0.002825	
2025-09-09 10:06:56.927	continuous	5743	1	->	2	3	4	0.465751	False	1.425230	0.750000	0.002825	
2025-09-09 10:06:56.927	continuous	5744	2	->	3	4	4	0.468788	False	0.840971	0.750000	0.002825	
2025-09-09 10:06:56.927	continuous	5745	2	->	3	4	4	0.471754	False	0.817805	0.750000	0.002824	
2025-09-09 10:06:56.927	continuous	5746	4	->		5	4	0.347189	False	1.313429	0.750000	0.002824	
2025-09-09 10:06:56.927	continuous	5747	4	->		5	4	0.347361	False	1.296676	0.750000	0.002824	
2025-09-09 10:06:56.927	continuous	5748	3	->	4	5	4	0.361049	False	1.293297	0.750000	0.002824	
2025-09-09 10:06:56.928	continuous	5749	3	->	4	5	4	0.361199	False	1.275378	0.750000	0.002823	
2025-09-09 10:06:56.928	continuous	5750	4	->		5	4	0.348224	False	1.246266	0.750000	0.002823	
2025-09-09 10:06:56.928	continuous	5751	1	->	2	3	4	0.466891	False	1.456397	0.750000	0.002823	
2025-09-09 10:06:56.928	continuous	5752	3	->		4	4	0.399297	False	1.009067	0.750000	0.002822	
2025-09-09 10:06:56.928	continuous	5753	1	->	2	3	4	0.466871	False	1.429416	0.750000	0.002822	
2025-09-09 10:06:56.929	continuous	5754	2	->		3	4	0.466191	False	1.402569	0.750000	0.002822	
2025-09-09 10:06:56.929	continuous	5755	4	->		5	4	0.347410	False	1.263496	0.750000	0.002822	
2025-09-09 10:06:56.929	continuous	5756	2	->	3	4	4	0.467043	False	0.893387	0.750000	0.002821	
2025-09-09 10:06:56.929	continuous	5757	2	->	3	4	4	0.469585	False	0.868155	0.750000	0.002821	
2025-09-09 10:06:56.929	continuous	5758	2	->	3	4	4	0.472314	False	0.843776	0.750000	0.002821	
2025-09-09 10:06:56.929	continuous	5759	4	->		5	4	0.350993	False	1.281283	0.750000	0.002820	
2025-09-09 10:06:56.930	continuous	5760	3	->	4	5	4	0.364656	False	1.277712	0.750000	0.002820	
2025-09-09 10:06:56.930	continuous	5761	1	->	2	3	4	0.468942	False	1.424095	0.750000	0.002820	
2025-09-09 10:06:56.930	continuous	5762	2	->	3	4	4	0.471681	False	0.860259	0.750000	0.002820	
2025-09-09 10:06:56.930	continuous	5763	4	->	5	6	4	0.321386	False	2.769213	0.750000	0.002819	
2025-09-09 10:06:56.930	continuous	5764	4	->		5	4	0.349273	False	1.269550	0.750000	0.002819	
2025-09-09 10:06:56.930	continuous	5765	4	->		5	4	0.349650	False	1.253171	0.750000	0.002819	
2025-09-09 10:06:56.931	continuous	5766	3	->		4	4	0.401809	False	1.002883	0.750000	0.002819	
2025-09-09 10:06:56.931	continuous	5767	3	->		4	4	0.403545	False	0.984521	0.750000	0.002818	
2025-09-09 10:06:56.931	continuous	5768	3	->	4	5	4	0.366190	False	1.269732	0.750000	0.002818	
2025-09-09 10:06:56.931	continuous	5769	2	->		3	4	0.472003	False	1.465394	0.750000	0.002818	
2025-09-09 10:06:56.931	continuous	5770	2	->	3	4	4	0.473344	False	0.850427	0.750000	0.002817	
2025-09-09 10:06:56.931	continuous	5771	2	->	3	4	4	0.476185	False	0.826447	0.750000	0.002817	
2025-09-09 10:06:56.932	continuous	5772	2	->		3	4	0.475111	False	1.459047	0.750000	0.002817	
2025-09-09 10:06:56.932	continuous	5773	2	->	3	4	4	0.476829	False	0.820868	0.750000	0.002817	
2025-09-09 10:06:56.932	continuous	5774	3	->		4	4	0.407991	False	0.946175	0.750000	0.002816	
2025-09-09 10:06:56.932	continuous	5775	2	->	3	4	4	0.482769	False	0.778674	0.750000	0.002816	
2025-09-09 10:06:56.932	continuous	5776	1	->	2	3	4	0.478367	False	1.452436	0.750000	0.002816	
2025-09-09 10:06:56.933	continuous	5777	2	->	3	4	4	0.483507	False	0.774649	0.750000	0.002815	
2025-09-09 10:06:56.933	continuous	5778	4	->	5	6	4	0.326268	False	2.778284	0.750000	0.002815	
2025-09-09 10:06:56.933	continuous	5779	2	->	3	4	4	0.484853	False	0.756866	0.750000	0.002815	
2025-09-09 10:06:56.933	continuous	5780	3	->	4	5	4	0.371341	False	1.357742	0.750000	0.002815	
2025-09-09 10:06:56.933	continuous	5781	4	->		5	4	0.356078	False	1.321517	0.750000	0.002814	
2025-09-09 10:06:56.933	continuous	5782	3	->	4	5	4	0.370870	False	1.320358	0.750000	0.002814	
2025-09-09 10:06:56.934	continuous	5783	4	->		5	4	0.356121	False	1.286348	0.750000	0.002814	
2025-09-09 10:06:56.934	continuous	5784	2	->		3	4	0.478720	False	1.487079	0.750000	0.002813	
2025-09-09 10:06:56.934	continuous	5785	2	->	3	4	4	0.480567	False	0.800408	0.750000	0.002813	
2025-09-09 10:06:56.934	continuous	5786	1	->	2	3	4	0.476465	False	1.446744	0.750000	0.002813	
2025-09-09 10:06:56.934	continuous	5787	3	->		4	4	0.409433	False	0.944281	0.750000	0.002813	
2025-09-09 10:06:56.934	continuous	5788	4	->		5	4	0.356846	False	1.304327	0.750000	0.002812	
2025-09-09 10:06:56.935	continuous	5789	4	->		5	4	0.356954	False	1.287136	0.750000	0.002812	
2025-09-09 10:06:56.935	continuous	5790	4	->		5	4	0.357145	False	1.270137	0.750000	0.002812	
2025-09-09 10:06:56.935	continuous	5791	3	->	4	5	4	0.371625	False	1.267388	0.750000	0.002811	
2025-09-09 10:06:56.935	continuous	5792	4	->		5	4	0.357710	False	1.236037	0.750000	0.002811	
2025-09-09 10:06:56.935	continuous	5793	3	->	4	5	4	0.372071	False	1.232043	0.750000	0.002811	
2025-09-09 10:06:56.935	continuous	5794	2	->		3	4	0.475653	False	1.478471	0.750000	0.002811	
2025-09-09 10:06:56.936	continuous	5795	5	->		6	4	0.373934	False	2.967968	0.750000	0.002810	
2025-09-09 10:06:56.936	continuous	5796	4	->		5	4	0.354832	False	1.213616	0.750000	0.002810	
2025-09-09 10:06:56.936	continuous	5797	1	->	2	3	4	0.470262	False	1.432001	0.750000	0.002810	
2025-09-09 10:06:56.936	continuous	5798	1	->		2	4	0.427213	False	3.377518	0.750000	0.002810	
2025-09-09 10:06:56.936	continuous	5799	4	->		5	4	0.351262	False	1.209736	0.750000	0.002809	
2025-09-09 10:06:56.937	continuous	5800	1	->	2	3	4	0.466031	False	1.399408	0.750000	0.002809	
2025-09-09 10:06:56.937	continuous	5801	3	->		4	4	0.401339	False	1.060295	0.750000	0.002809	
2025-09-09 10:06:56.937	continuous	5802	5	->		6	4	0.367946	False	2.931389	0.750000	0.002808	
2025-09-09 10:06:56.937	continuous	5803	1	->	2	3	4	0.463802	False	1.373530	0.750000	0.002808	
2025-09-09 10:06:56.937	continuous	5804	2	->		3	4	0.463351	False	1.347703	0.750000	0.002808	
2025-09-09 10:06:56.937	continuous	5805	4	->		5	4	0.348380	False	1.233243	0.750000	0.002808	
2025-09-09 10:06:56.938	continuous	5806	3	->		4	4	0.398739	False	1.081865	0.750000	0.002807	
2025-09-09 10:06:56.938	continuous	5807	2	->	3	4	4	0.466347	False	0.930919	0.750000	0.002807	
2025-09-09 10:06:56.938	continuous	5808	3	->		4	4	0.401384	False	1.039257	0.750000	0.002807	
2025-09-09 10:06:56.938	continuous	5809	2	->		3	4	0.467448	False	1.364090	0.750000	0.002806	
2025-09-09 10:06:56.938	continuous	5810	3	->	4	5	4	0.364650	False	1.268797	0.750000	0.002806	
2025-09-09 10:06:56.938	continuous	5811	4	->		5	4	0.351321	False	1.238890	0.750000	0.002806	
2025-09-09 10:06:56.939	continuous	5812	2	->		3	4	0.465561	False	1.342191	0.750000	0.002806	
2025-09-09 10:06:56.939	continuous	5813	1	->	2	3	4	0.463800	False	1.292211	0.750000	0.002805	
2025-09-09 10:06:56.939	continuous	5814	3	->		4	4	0.400873	False	1.082320	0.750000	0.002805	
2025-09-09 10:06:56.939	continuous	5815	4	->		5	4	0.351908	False	1.249752	0.750000	0.002805	
2025-09-09 10:06:56.940	continuous	5816	4	->		5	4	0.352403	False	1.233442	0.750000	0.002804	
2025-09-09 10:06:56.940	continuous	5817	5	->		6	4	0.368231	False	2.931408	0.750000	0.002804	
2025-09-09 10:06:56.940	continuous	5818	3	->		4	4	0.399927	False	1.085210	0.750000	0.002804	
2025-09-09 10:06:56.940	continuous	5819	2	->	3	4	4	0.466881	False	0.935894	0.750000	0.002804	
2025-09-09 10:06:56.941	continuous	5820	3	->		4	4	0.402514	False	1.042240	0.750000	0.002803	
2025-09-09 10:06:56.941	continuous	5821	2	->	3	4	4	0.471220	False	0.886589	0.750000	0.002803	
2025-09-09 10:06:56.941	continuous	5822	4	->		5	4	0.353624	False	1.262475	0.750000	0.002803	
2025-09-09 10:06:56.941	continuous	5823	2	->		3	4	0.469646	False	1.371646	0.750000	0.002802	
2025-09-09 10:06:56.941	continuous	5824	1	->	2	3	4	0.466741	False	1.319008	0.750000	0.002802	
2025-09-09 10:06:56.941	continuous	5825	4	->		5	4	0.353013	False	1.262285	0.750000	0.002802	
2025-09-09 10:06:56.942	continuous	5826	3	->	4	5	4	0.367155	False	1.258966	0.750000	0.002802	
2025-09-09 10:06:56.942	continuous	5827	2	->	3	4	4	0.469232	False	0.930588	0.750000	0.002801	
2025-09-09 10:06:56.942	continuous	5828	3	->	4	5	4	0.368443	False	1.253336	0.750000	0.002801	
2025-09-09 10:06:56.942	continuous	5829	4	->		5	4	0.355040	False	1.223170	0.750000	0.002801	
2025-09-09 10:06:56.942	continuous	5830	3	->		4	4	0.405475	False	1.057206	0.750000	0.002801	
2025-09-09 10:06:56.942	continuous	5831	3	->		4	4	0.406851	False	1.037286	0.750000	0.002800	
2025-09-09 10:06:56.943	continuous	5832	3	->		4	4	0.408343	False	1.017722	0.750000	0.002800	
2025-09-09 10:06:56.943	continuous	5833	2	->		3	4	0.473342	False	1.389436	0.750000	0.002800	
2025-09-09 10:06:56.943	continuous	5834	2	->		3	4	0.471751	False	1.349724	0.750000	0.002799	
2025-09-09 10:06:56.943	continuous	5835	2	->	3	4	4	0.473748	False	0.896013	0.750000	0.002799	
2025-09-09 10:06:56.943	continuous	5836	3	->		4	4	0.409499	False	1.006023	0.750000	0.002799	
2025-09-09 10:06:56.943	continuous	5837	2	->	3	4	4	0.478634	False	0.848371	0.750000	0.002799	
2025-09-09 10:06:56.944	continuous	5838	1	->	2	3	4	0.474575	False	1.347064	0.750000	0.002798	
2025-09-09 10:06:56.944	continuous	5839	3	->	4	5	4	0.374271	False	1.309844	0.750000	0.002798	
2025-09-09 10:06:56.944	continuous	5840	3	->	4	5	4	0.374246	False	1.290739	0.750000	0.002798	
2025-09-09 10:06:56.944	continuous	5841	3	->	4	5	4	0.374320	False	1.271881	0.750000	0.002797	
2025-09-09 10:06:56.944	continuous	5842	2	->		3	4	0.473510	False	1.346760	0.750000	0.002797	
2025-09-09 10:06:56.944	continuous	5843	2	->	3	4	4	0.475529	False	0.896559	0.750000	0.002797	
2025-09-09 10:06:56.945	continuous	5844	4	->		5	4	0.360493	False	1.259071	0.750000	0.002797	
2025-09-09 10:06:56.945	continuous	5845	1	->	2	3	4	0.472157	False	1.320255	0.750000	0.002796	
2025-09-09 10:06:56.945	continuous	5846	3	->		4	4	0.410874	False	1.029980	0.750000	0.002796	
2025-09-09 10:06:56.945	continuous	5847	3	->	4	5	4	0.375741	False	1.275754	0.750000	0.002796	
2025-09-09 10:06:56.945	continuous	5848	2	->		3	4	0.473926	False	1.319047	0.750000	0.002795	
2025-09-09 10:06:56.946	continuous	5849	4	->	5	6	4	0.331190	False	2.793954	0.750000	0.002795	
2025-09-09 10:06:56.946	continuous	5850	3	->	4	5	4	0.372959	False	1.267698	0.750000	0.002795	
2025-09-09 10:06:56.946	continuous	5851	4	->		5	4	0.358965	False	1.236283	0.750000	0.002795	
2025-09-09 10:06:56.946	continuous	5852	4	->		5	4	0.359455	False	1.219742	0.750000	0.002794	
2025-09-09 10:06:56.946	continuous	5853	4	->	5	6	5	0.330075	False	2.774476	0.750000	0.002794	
2025-09-09 10:06:56.946	continuous	5854	3	->		4	4	0.407361	False	1.072653	0.750000	0.002794	
2025-09-09 10:06:56.947	continuous	5855	2	->	3	4	4	0.472919	False	0.923672	0.750000	0.002794	
2025-09-09 10:06:56.947	continuous	5856	2	->	3	4	4	0.475195	False	0.896334	0.750000	0.002793	
2025-09-09 10:06:56.947	continuous	5857	4	->		5	4	0.359787	False	1.239642	0.750000	0.002793	
2025-09-09 10:06:56.947	continuous	5858	2	->	3	4	4	0.477108	False	0.881602	0.750000	0.002793	
2025-09-09 10:06:56.947	continuous	5859	1	->	2	3	4	0.473731	False	1.369677	0.750000	0.002792	
2025-09-09 10:06:56.947	continuous	5860	2	->		3	4	0.474248	False	1.344306	0.750000	0.002792	
2025-09-09 10:06:56.948	continuous	5861	4	->	5	6	4	0.329616	False	2.761860	0.750000	0.002792	
2025-09-09 10:06:56.948	continuous	5862	3	->		4	4	0.408957	False	1.027657	0.750000	0.002792	
2025-09-09 10:06:56.948	continuous	5863	3	->	4	5	4	0.373433	False	1.278800	0.750000	0.002791	
2025-09-09 10:06:56.948	continuous	5864	3	->		4	4	0.410349	False	1.018810	0.750000	0.002791	
2025-09-09 10:06:56.948	continuous	5865	3	->	4	5	4	0.374839	False	1.270853	0.750000	0.002791	
2025-09-09 10:06:56.948	continuous	5866	4	->		5	4	0.359920	False	1.238275	0.750000	0.002790	
2025-09-09 10:06:56.949	continuous	5867	4	->		5	4	0.360368	False	1.221647	0.750000	0.002790	
2025-09-09 10:06:56.949	continuous	5868	3	->	4	5	4	0.375667	False	1.217660	0.750000	0.002790	
2025-09-09 10:06:56.949	continuous	5869	3	->	4	5	4	0.376107	False	1.199672	0.750000	0.002790	
2025-09-09 10:06:56.949	continuous	5870	2	->		3	4	0.473021	False	1.386248	0.750000	0.002789	
2025-09-09 10:06:56.949	continuous	5871	1	->	2	3	4	0.470957	False	1.335011	0.750000	0.002789	
2025-09-09 10:06:56.949	continuous	5872	4	->		5	5	0.360937	False	1.190145	0.750000	0.002789	
2025-09-09 10:06:56.950	continuous	5873	4	->		5	5	0.361642	False	1.174098	0.750000	0.002789	
2025-09-09 10:06:56.950	continuous	5874	4	->		5	5	0.362422	False	1.158228	0.750000	0.002788	
2025-09-09 10:06:56.950	continuous	5875	3	->		4	4	0.411744	False	1.110126	0.750000	0.002788	
2025-09-09 10:06:56.950	continuous	5876	2	->	3	4	4	0.474546	False	0.967856	0.750000	0.002788	
2025-09-09 10:06:56.950	continuous	5877	2	->	3	4	4	0.476391	False	0.938454	0.750000	0.002787	
2025-09-09 10:06:56.950	continuous	5878	3	->	4	5	4	0.379399	False	1.189148	0.750000	0.002787	
2025-09-09 10:06:56.951	continuous	5879	3	->		4	4	0.415268	False	1.051296	0.750000	0.002787	
2025-09-09 10:06:56.951	continuous	5880	5	->		6	4	0.381124	False	2.966775	0.750000	0.002787	
2025-09-09 10:06:56.951	continuous	5881	4	->		5	5	0.363435	False	1.174489	0.750000	0.002786	
2025-09-09 10:06:56.951	continuous	5882	1	->	2	3	4	0.474037	False	1.403348	0.750000	0.002786	
2025-09-09 10:06:56.951	continuous	5883	3	->		4	4	0.413199	False	1.058729	0.750000	0.002786	
2025-09-09 10:06:56.952	continuous	5884	4	->	5	6	5	0.333870	False	2.757460	0.750000	0.002785	
2025-09-09 10:06:56.952	continuous	5885	2	->	3	4	4	0.476262	False	0.910063	0.750000	0.002785	
2025-09-09 10:06:56.952	continuous	5886	4	->		5	4	0.362292	False	1.193818	0.750000	0.002785	
2025-09-09 10:06:56.952	continuous	5887	2	->	3	4	4	0.478293	False	0.895032	0.750000	0.002785	
2025-09-09 10:06:56.953	continuous	5888	5	->		6	4	0.378753	False	2.918075	0.750000	0.002784	
2025-09-09 10:06:56.953	continuous	5889	1	->	2	3	4	0.473009	False	1.417280	0.750000	0.002784	
2025-09-09 10:06:56.953	continuous	5890	1	->	2	3	4	0.471393	False	1.376300	0.750000	0.002784	
2025-09-09 10:06:56.953	continuous	5891	5	->		6	4	0.374212	False	2.883190	0.750000	0.002783	
2025-09-09 10:06:56.953	continuous	5892	3	->		4	4	0.408046	False	1.042522	0.750000	0.002783	
2025-09-09 10:06:56.954	continuous	5893	4	->		5	4	0.357695	False	1.224041	0.750000	0.002783	
2025-09-09 10:06:56.954	continuous	5894	4	->		5	4	0.358234	False	1.207676	0.750000	0.002783	
2025-09-09 10:06:56.954	continuous	5895	4	->		5	4	0.358851	False	1.191491	0.750000	0.002782	
2025-09-09 10:06:56.954	continuous	5896	3	->		4	4	0.410083	False	1.052905	0.750000	0.002782	
2025-09-09 10:06:56.954	continuous	5897	2	->	3	4	4	0.475990	False	0.897973	0.750000	0.002782	
2025-09-09 10:06:56.955	continuous	5898	2	->	3	4	4	0.478449	False	0.871262	0.750000	0.002782	
2025-09-09 10:06:56.955	continuous	5899	2	->		3	4	0.476870	False	1.438873	0.750000	0.002781	
2025-09-09 10:06:56.955	continuous	5900	4	->		5	4	0.361083	False	1.217848	0.750000	0.002781	
2025-09-09 10:06:56.955	continuous	5901	3	->	4	5	4	0.377039	False	1.215108	0.750000	0.002781	
2025-09-09 10:06:56.956	continuous	5902	2	->	3	4	4	0.478022	False	0.888125	0.750000	0.002780	
2025-09-09 10:06:56.956	continuous	5903	2	->	3	4	4	0.480554	False	0.861592	0.750000	0.002780	
2025-09-09 10:06:56.956	continuous	5904	3	->		4	4	0.416507	False	0.979709	0.750000	0.002780	
2025-09-09 10:06:56.956	continuous	5905	2	->	3	4	4	0.485887	False	0.814862	0.750000	0.002780	
2025-09-09 10:06:56.957	continuous	5906	3	->	4	5	4	0.382485	False	1.248078	0.750000	0.002779	
2025-09-09 10:06:56.957	continuous	5907	3	->		4	4	0.419958	False	0.951553	0.750000	0.002779	
2025-09-09 10:06:56.957	continuous	5908	5	->		6	4	0.382795	False	2.904031	0.750000	0.002779	
2025-09-09 10:06:56.957	continuous	5909	4	->	5	6	4	0.333435	False	2.694486	0.750000	0.002778	
2025-09-09 10:06:56.957	continuous	5910	3	->	4	5	4	0.378990	False	1.245470	0.750000	0.002778	
2025-09-09 10:06:56.958	continuous	5911	1	->	2	3	4	0.477569	False	1.492903	0.750000	0.002778	
2025-09-09 10:06:56.958	continuous	5912	3	->	4	5	4	0.377852	False	1.234871	0.750000	0.002778	
2025-09-09 10:06:56.958	continuous	5913	2	->	3	4	4	0.482260	False	0.834118	0.750000	0.002777	
2025-09-09 10:06:56.958	continuous	5914	4	->		5	4	0.362850	False	1.214723	0.750000	0.002777	
2025-09-09 10:06:56.958	continuous	5915	2	->	3	4	4	0.484545	False	0.821741	0.750000	0.002777	
2025-09-09 10:06:56.959	continuous	5916	1	->	2	3	4	0.479262	False	1.498679	0.750000	0.002777	
2025-09-09 10:06:56.959	continuous	5917	3	->		4	4	0.416960	False	0.962328	0.750000	0.002776	
2025-09-09 10:06:56.959	continuous	5918	4	->		5	4	0.364367	False	1.228848	0.750000	0.002776	
2025-09-09 10:06:56.959	continuous	5919	3	->	4	5	4	0.381403	False	1.227500	0.750000	0.002776	
2025-09-09 10:06:56.959	continuous	5920	3	->	4	5	4	0.381656	False	1.208912	0.750000	0.002775	
2025-09-09 10:06:56.959	continuous	5921	1	->	2	3	4	0.478461	False	1.493936	0.750000	0.002775	
2025-09-09 10:06:56.960	continuous	5922	2	->	3	4	4	0.482998	False	0.848483	0.750000	0.002775	
2025-09-09 10:06:56.960	continuous	5923	2	->	3	4	4	0.485832	False	0.823175	0.750000	0.002775	
2025-09-09 10:06:56.960	continuous	5924	2	->		3	4	0.483751	False	1.499938	0.750000	0.002774	
2025-09-09 10:06:56.960	continuous	5925	2	->	3	4	4	0.486186	False	0.816497	0.750000	0.002774	
2025-09-09 10:06:56.960	continuous	5926	2	->	3	4	4	0.489282	False	0.792420	0.750000	0.002774	
2025-09-09 10:06:56.961	continuous	5927	2	->		3	4	0.486871	False	1.491904	0.750000	0.002773	
2025-09-09 10:06:56.961	continuous	5928	2	->	3	4	4	0.489741	False	0.787454	0.750000	0.002773	
2025-09-09 10:06:56.961	continuous	5929	1	->	2	3	4	0.482912	False	1.447563	0.750000	0.002773	
2025-09-09 10:06:56.961	continuous	5930	1	->	2	3	4	0.480719	False	1.404576	0.750000	0.002773	
2025-09-09 10:06:56.962	continuous	5931	4	->	5	6	4	0.334526	False	2.706844	0.750000	0.002772	
2025-09-09 10:06:56.962	continuous	5932	3	->	4	5	4	0.380183	False	1.296664	0.750000	0.002772	
2025-09-09 10:06:56.962	continuous	5933	3	->		4	4	0.417312	False	0.963923	0.750000	0.002772	
2025-09-09 10:06:56.962	continuous	5934	2	->	3	4	4	0.487833	False	0.795075	0.750000	0.002772	
2025-09-09 10:06:56.962	continuous	5935	2	->	3	4	4	0.491134	False	0.771808	0.750000	0.002771	
2025-09-09 10:06:56.963	continuous	5936	2	->	3	4	4	0.494589	False	0.749408	0.750000	0.002771	
2025-09-09 10:06:56.963	continuous	5937	3	->		4	4	0.425636	False	0.886288	0.750000	0.002771	
2025-09-09 10:06:56.963	continuous	5938	3	->	4	5	4	0.388325	False	1.337553	0.750000	0.002770	
2025-09-09 10:06:56.963	continuous	5939	3	->		4	4	0.427126	False	0.880648	0.750000	0.002770	
2025-09-09 10:06:56.963	continuous	5940	4	->		5	4	0.371209	False	1.305922	0.750000	0.002770	
2025-09-09 10:06:56.963	continuous	5941	2	->	3	4	4	0.501555	False	0.715133	0.750000	0.002770	
2025-09-09 10:06:56.964	continuous	5942	4	->		5	4	0.372600	False	1.299426	0.750000	0.002769	
2025-09-09 10:06:56.964	continuous	5943	2	->	3	4	4	0.503728	False	0.706314	0.750000	0.002769	
2025-09-09 10:06:56.964	continuous	5944	4	->		5	4	0.374016	False	1.293033	0.750000	0.002769	
2025-09-09 10:06:56.964	continuous	5945	4	->		5	4	0.373923	False	1.274870	0.750000	0.002769	
2025-09-09 10:06:56.964	continuous	5946	3	->	4	5	4	0.392312	False	1.277836	0.750000	0.002768	
2025-09-09 10:06:56.964	continuous	5947	3	->		4	4	0.430889	False	0.881638	0.750000	0.002768	
2025-09-09 10:06:56.965	continuous	5948	4	->		5	4	0.375424	False	1.249159	0.750000	0.002768	
2025-09-09 10:06:56.965	continuous	5949	3	->		4	4	0.432702	False	0.875269	0.750000	0.002767	
2025-09-09 10:06:56.965	continuous	5950	2	->	3	4	4	0.508172	False	0.698046	0.750000	0.002767	
2025-09-09 10:06:56.965	continuous	5951	4	->		5	4	0.378521	False	1.254706	0.750000	0.002767	
2025-09-09 10:06:56.965	continuous	5952	3	->	4	5	4	0.397329	False	1.257776	0.750000	0.002767	
2025-09-09 10:06:56.966	continuous	5953	3	->		4	4	0.436180	False	0.863258	0.750000	0.002766	
2025-09-09 10:06:56.966	continuous	5954	3	->	4	5	4	0.399022	False	1.250035	0.750000	0.002766	
2025-09-09 10:06:56.966	continuous	5955	1	->	2	3	4	0.498498	False	1.633697	0.750000	0.002766	
2025-09-09 10:06:56.966	continuous	5956	2	->		3	4	0.500188	False	1.604797	0.750000	0.002765	
2025-09-09 10:06:56.966	continuous	5957	3	->		4	4	0.432901	False	0.889709	0.750000	0.002765	
2025-09-09 10:06:56.966	continuous	5958	4	->		5	4	0.378020	False	1.234642	0.750000	0.002765	
2025-09-09 10:06:56.967	continuous	5959	2	->	3	4	4	0.505121	False	0.727274	0.750000	0.002765	
2025-09-09 10:06:56.967	continuous	5960	3	->	4	5	4	0.398222	False	1.250043	0.750000	0.002764	
2025-09-09 10:06:56.967	continuous	5961	3	->		4	4	0.436401	False	0.876291	0.750000	0.002764	
2025-09-09 10:06:56.967	continuous	5962	3	->		4	4	0.438694	False	0.858883	0.750000	0.002764	
2025-09-09 10:06:56.967	continuous	5963	2	->	3	4	4	0.514099	False	0.682336	0.750000	0.002764	
2025-09-09 10:06:56.967	continuous	5964	5	->		6	4	0.400259	False	2.962307	0.750000	0.002763	
2025-09-09 10:06:56.968	continuous	5965	4	->	5	6	4	0.348708	False	2.737645	0.750000	0.002763	
2025-09-09 10:06:56.968	continuous	5966	3	->	4	5	4	0.398008	False	1.271471	0.750000	0.002763	
2025-09-09 10:06:56.968	continuous	5967	3	->	4	5	4	0.397694	False	1.251168	0.750000	0.002762	
2025-09-09 10:06:56.968	continuous	5968	3	->	4	5	4	0.397503	False	1.231182	0.750000	0.002762	
2025-09-09 10:06:56.968	continuous	5969	5	->		6	4	0.393989	False	2.898963	0.750000	0.002762	
2025-09-09 10:06:56.968	continuous	5970	2	->		3	4	0.498913	False	1.660846	0.750000	0.002762	
2025-09-09 10:06:56.969	continuous	5971	1	->	2	3	4	0.490498	False	1.592326	0.750000	0.002761	
2025-09-09 10:06:56.969	continuous	5972	3	->		4	4	0.428502	False	0.907972	0.750000	0.002761	
2025-09-09 10:06:56.969	continuous	5973	3	->		4	4	0.430670	False	0.890040	0.750000	0.002761	
2025-09-09 10:06:56.969	continuous	5974	4	->		5	4	0.374880	False	1.231818	0.750000	0.002760	
2025-09-09 10:06:56.969	continuous	5975	3	->		4	4	0.432527	False	0.883458	0.750000	0.002760	
2025-09-09 10:06:56.969	continuous	5976	4	->		5	4	0.376524	False	1.225436	0.750000	0.002760	
2025-09-09 10:06:56.970	continuous	5977	5	->		6	4	0.391993	False	2.879663	0.750000	0.002760	
2025-09-09 10:06:56.970	continuous	5978	2	->	3	4	4	0.503095	False	0.723865	0.750000	0.002759	
2025-09-09 10:06:56.970	continuous	5979	3	->	4	5	4	0.394763	False	1.242650	0.750000	0.002759	
2025-09-09 10:06:56.970	continuous	5980	3	->		4	4	0.433359	False	0.876134	0.750000	0.002759	
2025-09-09 10:06:56.970	continuous	5981	3	->	4	5	4	0.396508	False	1.235237	0.750000	0.002759	
2025-09-09 10:06:56.971	continuous	5982	2	->	3	4	4	0.507208	False	0.711573	0.750000	0.002758	
2025-09-09 10:06:56.971	continuous	5983	2	->	3	4	4	0.510951	False	0.690669	0.750000	0.002758	
2025-09-09 10:06:56.971	continuous	5984	3	->		4	4	0.439887	False	0.834388	0.750000	0.002758	
2025-09-09 10:06:56.971	continuous	5985	4	->		5	4	0.381444	False	1.234114	0.750000	0.002757	
2025-09-09 10:06:56.971	continuous	5986	4	->	5	6	4	0.348744	False	2.695052	0.750000	0.002757	
2025-09-09 10:06:56.971	continuous	5987	2	->	3	4	4	0.514624	False	0.669452	0.750000	0.002757	
2025-09-09 10:06:56.972	continuous	5988	3	->	4	5	4	0.401096	False	1.252868	0.750000	0.002757	
2025-09-09 10:06:56.972	continuous	5989	4	->		5	4	0.380262	False	1.212376	0.750000	0.002756	
2025-09-09 10:06:56.972	continuous	5990	2	->	3	4	4	0.515241	False	0.676697	0.750000	0.002756	
2025-09-09 10:06:56.972	continuous	5991	3	->		4	4	0.442990	False	0.822459	0.750000	0.002756	
2025-09-09 10:06:56.972	continuous	5992	5	->		6	4	0.399645	False	2.866690	0.750000	0.002756	
2025-09-09 10:06:56.972	continuous	5993	2	->	3	4	4	0.520023	False	0.645153	0.750000	0.002755	
2025-09-09 10:06:56.973	continuous	5994	2	->		3	4	0.515455	False	1.793128	0.750000	0.002755	
2025-09-09 10:06:56.973	continuous	5995	2	->	3	4	4	0.519126	False	0.644269	0.750000	0.002755	
2025-09-09 10:06:56.973	continuous	5996	3	->		4	4	0.444325	False	0.795214	0.750000	0.002754	
2025-09-09 10:06:56.973	continuous	5997	4	->		5	4	0.383112	False	1.261838	0.750000	0.002754	
2025-09-09 10:06:56.973	continuous	5998	3	->		4	4	0.446172	False	0.790907	0.750000	0.002754	
2025-09-09 10:06:56.973	continuous	5999	4	->		5	4	0.384748	False	1.254861	0.750000	0.002754	
2025-09-09 10:06:56.974	continuous	6000	4	->		5	4	0.384595	False	1.236597	0.750000	0.002753	
2025-09-09 10:06:56.974	continuous	6001	3	->		4	4	0.447212	False	0.798177	0.750000	0.002753	
2025-09-09 10:06:56.974	continuous	6002	5	->		6	4	0.402521	False	2.861670	0.750000	0.002753	
2025-09-09 10:06:56.974	continuous	6003	4	->	5	6	4	0.349430	False	2.647740	0.750000	0.002752	
2025-09-09 10:06:56.974	continuous	6004	2	->	3	4	4	0.523745	False	0.623934	0.750000	0.002752	
2025-09-09 10:06:56.974	continuous	6005	4	->	5	6	4	0.347955	False	2.624754	0.750000	0.002752	
2025-09-09 10:06:56.975	continuous	6006	4	->	5	6	4	0.345090	False	2.598063	0.750000	0.002752	
2025-09-09 10:06:56.975	continuous	6007	2	->		3	4	0.513965	False	1.821360	0.750000	0.002751	
2025-09-09 10:06:56.975	continuous	6008	4	->		5	4	0.374176	False	1.254432	0.750000	0.002751	
2025-09-09 10:06:56.975	continuous	6009	3	->	4	5	4	0.396153	False	1.259233	0.750000	0.002751	
2025-09-09 10:06:56.975	continuous	6010	2	->		3	4	0.505947	False	1.776270	0.750000	0.002751	
2025-09-09 10:06:56.975	continuous	6011	1	->		2	4	0.451382	False	3.683512	0.750000	0.002750	
2025-09-09 10:06:56.976	continuous	6012	4	->		5	4	0.368120	False	1.225027	0.750000	0.002750	
2025-09-09 10:06:56.976	continuous	6013	2	->	3	4	4	0.504739	False	0.695167	0.750000	0.002750	
2025-09-09 10:06:56.976	continuous	6014	5	->		6	4	0.385504	False	2.731799	0.750000	0.002749	
2025-09-09 10:06:56.976	continuous	6015	4	->		5	4	0.367021	False	1.222968	0.750000	0.002749	
2025-09-09 10:06:56.976	continuous	6016	3	->		4	4	0.428742	False	0.861647	0.750000	0.002749	
2025-09-09 10:06:56.976	continuous	6017	1	->	2	3	4	0.493294	False	1.734820	0.750000	0.002749	
2025-09-09 10:06:56.977	continuous	6018	3	->	4	5	4	0.388082	False	1.243183	0.750000	0.002748	
2025-09-09 10:06:56.977	continuous	6019	3	->	4	5	4	0.388028	False	1.223785	0.750000	0.002748	
2025-09-09 10:06:56.977	continuous	6020	3	->	4	5	4	0.388089	False	1.204675	0.750000	0.002748	
2025-09-09 10:06:56.977	continuous	6021	3	->		4	4	0.427160	False	0.896275	0.750000	0.002748	
2025-09-09 10:06:56.977	continuous	6022	3	->		4	4	0.429380	False	0.878598	0.750000	0.002747	
2025-09-09 10:06:56.978	continuous	6023	3	->	4	5	4	0.391811	False	1.210583	0.750000	0.002747	
2025-09-09 10:06:56.978	continuous	6024	3	->		4	4	0.431322	False	0.873723	0.750000	0.002747	
2025-09-09 10:06:56.978	continuous	6025	4	->	5	6	4	0.338686	False	2.566623	0.750000	0.002746	
2025-09-09 10:06:56.978	continuous	6026	3	->	4	5	4	0.391287	False	1.206478	0.750000	0.002746	
2025-09-09 10:06:56.978	continuous	6027	4	->		5	4	0.369922	False	1.171222	0.750000	0.002746	
2025-09-09 10:06:56.978	continuous	6028	1	->	2	3	4	0.491624	False	1.764284	0.750000	0.002746	
2025-09-09 10:06:56.979	continuous	6029	3	->	4	5	4	0.389329	False	1.177172	0.750000	0.002745	
2025-09-09 10:06:56.979	continuous	6030	4	->	5	6	4	0.335935	False	2.547803	0.750000	0.002745	
2025-09-09 10:06:56.979	continuous	6031	1	->	2	3	4	0.485683	False	1.719247	0.750000	0.002745	
2025-09-09 10:06:56.979	continuous	6032	2	->	3	4	4	0.493464	False	0.767884	0.750000	0.002745	
2025-09-09 10:06:56.979	continuous	6033	4	->	5	6	4	0.332657	False	2.524568	0.750000	0.002744	
2025-09-09 10:06:56.979	continuous	6034	4	->		5	4	0.363275	False	1.171855	0.750000	0.002744	
2025-09-09 10:06:56.980	continuous	6035	2	->		3	4	0.487471	False	1.710533	0.750000	0.002744	
2025-09-09 10:06:56.980	continuous	6036	3	->	4	5	4	0.382743	False	1.176412	0.750000	0.002743	
2025-09-09 10:06:56.980	continuous	6037	4	->	5	6	5	0.330059	False	2.505034	0.750000	0.002743	
2025-09-09 10:06:56.980	continuous	6038	4	->		5	4	0.360454	False	1.149490	0.750000	0.002743	
2025-09-09 10:06:56.980	continuous	6039	3	->		4	4	0.418796	False	0.964790	0.750000	0.002743	
2025-09-09 10:06:56.980	continuous	6040	4	->		5	4	0.362275	False	1.144906	0.750000	0.002742	
2025-09-09 10:06:56.981	continuous	6041	4	->		5	4	0.363073	False	1.129309	0.750000	0.002742	
2025-09-09 10:06:56.981	continuous	6042	5	->		6	4	0.378223	False	2.647762	0.750000	0.002742	
2025-09-09 10:06:56.981	continuous	6043	3	->		4	4	0.418683	False	0.972665	0.750000	0.002742	
2025-09-09 10:06:56.981	continuous	6044	2	->	3	4	4	0.489625	False	0.794526	0.750000	0.002741	
2025-09-09 10:06:56.981	continuous	6045	4	->		5	4	0.363303	False	1.141967	0.750000	0.002741	
2025-09-09 10:06:56.981	continuous	6046	2	->	3	4	4	0.492297	False	0.783514	0.750000	0.002741	
2025-09-09 10:06:56.982	continuous	6047	2	->	3	4	4	0.495510	False	0.759869	0.750000	0.002740	
2025-09-09 10:06:56.982	continuous	6048	2	->	3	4	4	0.498902	False	0.737139	0.750000	0.002740	
2025-09-09 10:06:56.982	continuous	6049	1	->	2	3	4	0.488930	False	1.763997	0.750000	0.002740	
2025-09-09 10:06:56.982	continuous	6050	3	->		4	4	0.425732	False	0.897258	0.750000	0.002740	
2025-09-09 10:06:56.982	continuous	6051	3	->	4	5	4	0.388579	False	1.200803	0.750000	0.002739	
2025-09-09 10:06:56.982	continuous	6052	5	->		6	4	0.381826	False	2.648173	0.750000	0.002739	
2025-09-09 10:06:56.983	continuous	6053	4	->	5	6	4	0.330956	False	2.466077	0.750000	0.002739	
2025-09-09 10:06:56.983	continuous	6054	3	->		4	4	0.422882	False	0.901802	0.750000	0.002738	
2025-09-09 10:06:56.983	continuous	6055	3	->		4	4	0.425116	False	0.884079	0.750000	0.002738	
2025-09-09 10:06:56.983	continuous	6056	4	->	5	6	4	0.330937	False	2.450934	0.750000	0.002738	
2025-09-09 10:06:56.983	continuous	6057	1	->	2	3	4	0.485667	False	1.756316	0.750000	0.002738	
2025-09-09 10:06:56.983	continuous	6058	4	->		5	4	0.360439	False	1.203857	0.750000	0.002737	
2025-09-09 10:06:56.984	continuous	6059	2	->	3	4	4	0.495435	False	0.727251	0.750000	0.002737	
2025-09-09 10:06:56.984	continuous	6060	3	->	4	5	4	0.384795	False	1.218052	0.750000	0.002737	
2025-09-09 10:06:56.984	continuous	6061	4	->		5	4	0.362543	False	1.182525	0.750000	0.002737	
2025-09-09 10:06:56.984	continuous	6062	3	->	4	5	4	0.385235	False	1.181872	0.750000	0.002736	
2025-09-09 10:06:56.984	continuous	6063	3	->		4	4	0.424073	False	0.912917	0.750000	0.002736	
2025-09-09 10:06:56.984	continuous	6064	3	->		4	4	0.426206	False	0.894806	0.750000	0.002736	
2025-09-09 10:06:56.985	continuous	6065	3	->		4	4	0.428439	False	0.877101	0.750000	0.002735	
2025-09-09 10:06:56.985	continuous	6066	4	->		5	4	0.367579	False	1.182839	0.750000	0.002735	
2025-09-09 10:06:56.985	continuous	6067	1	->	2	3	4	0.490399	False	1.796701	0.750000	0.002735	
2025-09-09 10:06:56.985	continuous	6068	2	->		3	4	0.492907	False	1.767887	0.750000	0.002735	
2025-09-09 10:06:56.985	continuous	6069	2	->	3	4	4	0.496558	False	0.733429	0.750000	0.002734	
2025-09-09 10:06:56.986	continuous	6070	4	->		5	4	0.365128	False	1.192009	0.750000	0.002734	
2025-09-09 10:06:56.986	continuous	6071	4	->		5	4	0.365607	False	1.175573	0.750000	0.002734	
2025-09-09 10:06:56.986	continuous	6072	3	->		4	4	0.426783	False	0.902683	0.750000	0.002734	
2025-09-09 10:06:56.986	continuous	6073	2	->		3	4	0.493776	False	1.760735	0.750000	0.002733	
2025-09-09 10:06:56.986	continuous	6074	4	->		5	4	0.365467	False	1.176805	0.750000	0.002733	
2025-09-09 10:06:56.986	continuous	6075	3	->		4	4	0.426113	False	0.910769	0.750000	0.002733	
2025-09-09 10:06:56.987	continuous	6076	3	->	4	5	4	0.389762	False	1.189163	0.750000	0.002732	
2025-09-09 10:06:56.987	continuous	6077	2	->	3	4	4	0.498732	False	0.741246	0.750000	0.002732	
2025-09-09 10:06:56.987	continuous	6078	3	->		4	4	0.430221	False	0.885438	0.750000	0.002732	
2025-09-09 10:06:56.987	continuous	6079	4	->		5	4	0.370240	False	1.178487	0.750000	0.002732	
2025-09-09 10:06:56.987	continuous	6080	2	->	3	4	4	0.504623	False	0.712795	0.750000	0.002731	
2025-09-09 10:06:56.987	continuous	6081	1	->	2	3	4	0.493169	False	1.767671	0.750000	0.002731	
2025-09-09 10:06:56.988	continuous	6082	2	->	3	4	4	0.504169	False	0.707092	0.750000	0.002731	
2025-09-09 10:06:56.988	continuous	6083	4	->		5	4	0.371133	False	1.194143	0.750000	0.002731	
2025-09-09 10:06:56.988	continuous	6084	3	->	4	5	4	0.394579	False	1.196834	0.750000	0.002730	
2025-09-09 10:06:56.988	continuous	6085	3	->		4	4	0.433314	False	0.879595	0.750000	0.002730	
2025-09-09 10:06:56.988	continuous	6086	2	->		3	4	0.500541	False	1.783116	0.750000	0.002730	
2025-09-09 10:06:56.988	continuous	6087	3	->	4	5	4	0.394009	False	1.196085	0.750000	0.002729	
2025-09-09 10:06:56.989	continuous	6088	2	->	3	4	4	0.503209	False	0.725192	0.750000	0.002729	
2025-09-09 10:06:56.989	continuous	6089	3	->	4	5	4	0.395756	False	1.191257	0.750000	0.002729	
2025-09-09 10:06:56.989	continuous	6090	2	->	3	4	4	0.505605	False	0.717857	0.750000	0.002729	
2025-09-09 10:06:56.989	continuous	6091	3	->		4	4	0.436443	False	0.863911	0.750000	0.002728	
2025-09-09 10:06:56.989	continuous	6092	3	->	4	5	4	0.399343	False	1.199367	0.750000	0.002728	
2025-09-09 10:06:56.989	continuous	6093	3	->		4	4	0.438358	False	0.859389	0.750000	0.002728	
2025-09-09 10:06:56.990	continuous	6094	3	->		4	4	0.440738	False	0.841973	0.750000	0.002728	
2025-09-09 10:06:56.990	continuous	6095	3	->	4	5	4	0.403135	False	1.205686	0.750000	0.002727	
2025-09-09 10:06:56.990	continuous	6096	3	->		4	4	0.442620	False	0.837992	0.750000	0.002727	
2025-09-09 10:06:56.990	continuous	6097	3	->	4	5	4	0.404968	False	1.198789	0.750000	0.002727	
2025-09-09 10:06:56.990	continuous	6098	2	->	3	4	4	0.518804	False	0.666598	0.750000	0.002726	
2025-09-09 10:06:56.991	continuous	6099	3	->	4	5	4	0.406665	False	1.193478	0.750000	0.002726	
2025-09-09 10:06:56.991	continuous	6100	3	->	4	5	4	0.406577	False	1.173466	0.750000	0.002726	
2025-09-09 10:06:56.991	continuous	6101	3	->		4	4	0.445870	False	0.842660	0.750000	0.002726	
2025-09-09 10:06:56.991	continuous	6102	3	->		4	4	0.448266	False	0.825350	0.750000	0.002725	
2025-09-09 10:06:56.991	continuous	6103	3	->	4	5	4	0.410408	False	1.180548	0.750000	0.002725	
2025-09-09 10:06:56.991	continuous	6104	2	->	3	4	4	0.524967	False	0.654900	0.750000	0.002725	
2025-09-09 10:06:56.992	continuous	6105	2	->	3	4	4	0.528922	False	0.635291	0.750000	0.002725	
2025-09-09 10:06:56.992	continuous	6106	2	->	3	4	4	0.532992	False	0.616470	0.750000	0.002724	
2025-09-09 10:06:56.992	continuous	6107	4	->		5	4	0.390199	False	1.181060	0.750000	0.002724	
2025-09-09 10:06:56.992	continuous	6108	3	->	4	5	4	0.415732	False	1.186195	0.750000	0.002724	
2025-09-09 10:06:56.992	continuous	6109	3	->	4	5	4	0.415502	False	1.165761	0.750000	0.002723	
2025-09-09 10:06:56.992	continuous	6110	3	->		4	4	0.455576	False	0.809176	0.750000	0.002723	
2025-09-09 10:06:56.993	continuous	6111	2	->	3	4	4	0.535137	False	0.623782	0.750000	0.002723	
2025-09-09 10:06:56.993	continuous	6112	2	->	3	4	4	0.539202	False	0.605165	0.750000	0.002723	
2025-09-09 10:06:56.993	continuous	6113	2	->	3	4	4	0.543368	False	0.587306	0.750000	0.002722	
2025-09-09 10:06:56.993	continuous	6114	3	->	4	5	4	0.423191	False	1.204365	0.750000	0.002722	
2025-09-09 10:06:56.993	continuous	6115	2	->		3	4	0.534639	False	2.042503	0.750000	0.002722	
2025-09-09 10:06:56.993	continuous	6116	3	->		4	4	0.460462	False	0.772263	0.750000	0.002722	
2025-09-09 10:06:56.994	continuous	6117	4	->		5	4	0.395044	False	1.175395	0.750000	0.002721	
2025-09-09 10:06:56.994	continuous	6118	1	->	2	3	4	0.522061	False	1.972098	0.750000	0.002721	
2025-09-09 10:06:56.994	continuous	6119	2	->		3	4	0.525770	False	1.942187	0.750000	0.002721	
2025-09-09 10:06:56.994	continuous	6120	2	->	3	4	4	0.530299	False	0.629967	0.750000	0.002720	
2025-09-09 10:06:56.994	continuous	6121	4	->	5	6	4	0.356473	False	2.593316	0.750000	0.002720	
2025-09-09 10:06:56.994	continuous	6122	3	->	4	5	4	0.413593	False	1.206756	0.750000	0.002720	
2025-09-09 10:06:56.995	continuous	6123	2	->	3	4	4	0.530010	False	0.629851	0.750000	0.002720	
2025-09-09 10:06:56.995	continuous	6124	4	->		5	4	0.389536	False	1.177275	0.750000	0.002719	
2025-09-09 10:06:56.995	continuous	6125	3	->		4	4	0.455652	False	0.794872	0.750000	0.002719	
2025-09-09 10:06:56.995	continuous	6126	3	->		4	4	0.458312	False	0.778458	0.750000	0.002719	
2025-09-09 10:06:56.995	continuous	6127	2	->	3	4	4	0.540285	False	0.590629	0.750000	0.002719	
2025-09-09 10:06:56.995	continuous	6128	3	->		4	4	0.463783	False	0.746392	0.750000	0.002718	
2025-09-09 10:06:56.996	continuous	6129	2	->	3	4	4	0.548792	False	0.557966	0.750000	0.002718	
2025-09-09 10:06:56.996	continuous	6130	4	->		5	4	0.398123	False	1.221402	0.750000	0.002718	
2025-09-09 10:06:56.996	continuous	6131	1	->	2	3	4	0.528680	False	1.974125	0.750000	0.002717	
2025-09-09 10:06:56.996	continuous	6132	3	->		4	4	0.464057	False	0.743642	0.750000	0.002717	
2025-09-09 10:06:56.996	continuous	6133	2	->	3	4	4	0.549082	False	0.555170	0.750000	0.002717	
2025-09-09 10:06:56.996	continuous	6134	3	->		4	4	0.469901	False	0.713480	0.750000	0.002717	
2025-09-09 10:06:56.997	continuous	6135	3	->	4	5	4	0.428680	False	1.276674	0.750000	0.002716	
2025-09-09 10:06:56.997	continuous	6136	2	->		3	4	0.542789	False	1.999082	0.750000	0.002716	
2025-09-09 10:06:56.997	continuous	6137	2	->	3	4	4	0.548328	False	0.556520	0.750000	0.002716	
2025-09-09 10:06:56.997	continuous	6138	4	->		5	4	0.398131	False	1.237849	0.750000	0.002716	
2025-09-09 10:06:56.997	continuous	6139	5	->		6	4	0.414337	False	2.796240	0.750000	0.002715	
2025-09-09 10:06:56.997	continuous	6140	4	->		5	4	0.394632	False	1.220450	0.750000	0.002715	
2025-09-09 10:06:56.998	continuous	6141	2	->		3	4	0.533308	False	1.954339	0.750000	0.002715	
2025-09-09 10:06:56.998	continuous	6142	3	->	4	5	4	0.418127	False	1.233398	0.750000	0.002714	
2025-09-09 10:06:56.998	continuous	6143	2	->	3	4	4	0.536218	False	0.603591	0.750000	0.002714	
2025-09-09 10:06:56.998	continuous	6144	4	->	5	6	4	0.358226	False	2.584270	0.750000	0.002714	
2025-09-09 10:06:56.998	continuous	6145	4	->		5	4	0.390144	False	1.201185	0.750000	0.002714	
2025-09-09 10:06:56.998	continuous	6146	3	->		4	4	0.457934	False	0.775698	0.750000	0.002713	
2025-09-09 10:06:56.999	continuous	6147	3	->		4	4	0.460746	False	0.759668	0.750000	0.002713	
2025-09-09 10:06:56.999	continuous	6148	4	->		5	4	0.393643	False	1.207131	0.750000	0.002713	
2025-09-09 10:06:56.999	continuous	6149	2	->		3	4	0.530940	False	1.951399	0.750000	0.002713	
2025-09-09 10:06:56.999	continuous	6150	3	->	4	5	4	0.417319	False	1.219766	0.750000	0.002712	
2025-09-09 10:06:56.999	continuous	6151	3	->		4	4	0.457492	False	0.786017	0.750000	0.002712	
2025-09-09 10:06:56.999	continuous	6152	3	->	4	5	4	0.419018	False	1.212136	0.750000	0.002712	
2025-09-09 10:06:57.000	continuous	6153	4	->	5	6	4	0.357817	False	2.576229	0.750000	0.002712	
2025-09-09 10:06:57.000	continuous	6154	2	->	3	4	4	0.533314	False	0.616708	0.750000	0.002711	
2025-09-09 10:06:57.000	continuous	6155	2	->	3	4	4	0.537572	False	0.598375	0.750000	0.002711	
2025-09-09 10:06:57.000	continuous	6156	4	->		5	4	0.392547	False	1.194869	0.750000	0.002711	
2025-09-09 10:06:57.000	continuous	6157	5	->		6	4	0.408490	False	2.735807	0.750000	0.002710	
2025-09-09 10:06:57.000	continuous	6158	5	->		6	4	0.405270	False	2.700358	0.750000	0.002710	
2025-09-09 10:06:57.001	continuous	6159	4	->	5	6	4	0.351693	False	2.499626	0.750000	0.002710	
2025-09-09 10:06:57.001	continuous	6160	4	->		5	4	0.384015	False	1.184076	0.750000	0.002710	
2025-09-09 10:06:57.001	continuous	6161	4	->		5	4	0.384220	False	1.166735	0.750000	0.002709	
2025-09-09 10:06:57.001	continuous	6162	1	->		2	4	0.465020	False	3.868104	0.750000	0.002709	
2025-09-09 10:06:57.001	continuous	6163	3	->		4	4	0.447537	False	0.816920	0.750000	0.002709	
2025-09-09 10:06:57.002	continuous	6164	4	->		5	4	0.382036	False	1.163461	0.750000	0.002709	
2025-09-09 10:06:57.002	continuous	6165	3	->	4	5	4	0.409040	False	1.168224	0.750000	0.002708	
2025-09-09 10:06:57.002	continuous	6166	1	->	2	3	4	0.506604	False	1.931306	0.750000	0.002708	
2025-09-09 10:06:57.002	continuous	6167	5	->		6	4	0.394853	False	2.635385	0.750000	0.002708	
2025-09-09 10:06:57.002	continuous	6168	3	->		4	4	0.442719	False	0.845287	0.750000	0.002707	
2025-09-09 10:06:57.002	continuous	6169	4	->		5	4	0.378691	False	1.149853	0.750000	0.002707	
2025-09-09 10:06:57.003	continuous	6170	2	->		3	4	0.509836	False	1.919038	0.750000	0.002707	
2025-09-09 10:06:57.003	continuous	6171	4	->		5	4	0.376653	False	1.138966	0.750000	0.002707	
2025-09-09 10:06:57.003	continuous	6172	3	->		4	4	0.441223	False	0.866359	0.750000	0.002706	
2025-09-09 10:06:57.003	continuous	6173	2	->	3	4	4	0.516903	False	0.676916	0.750000	0.002706	
2025-09-09 10:06:57.003	continuous	6174	1	->	2	3	4	0.502307	False	1.871995	0.750000	0.002706	
2025-09-09 10:06:57.004	continuous	6175	5	->		6	4	0.391818	False	2.617320	0.750000	0.002706	
2025-09-09 10:06:57.004	continuous	6176	3	->		4	4	0.439746	False	0.849821	0.750000	0.002705	
2025-09-09 10:06:57.004	continuous	6177	4	->	5	6	4	0.341677	False	2.437107	0.750000	0.002705	
2025-09-09 10:06:57.004	continuous	6178	3	->	4	5	4	0.400212	False	1.193649	0.750000	0.002705	
2025-09-09 10:06:57.004	continuous	6179	3	->	4	5	4	0.400227	False	1.173782	0.750000	0.002704	
2025-09-09 10:06:57.004	continuous	6180	3	->		4	4	0.439088	False	0.863291	0.750000	0.002704	
2025-09-09 10:06:57.005	continuous	6181	5	->		6	4	0.390206	False	2.574227	0.750000	0.002704	
2025-09-09 10:06:57.005	continuous	6182	2	->	3	4	4	0.512611	False	0.677154	0.750000	0.002704	
2025-09-09 10:06:57.005	continuous	6183	3	->		4	4	0.441107	False	0.832855	0.750000	0.002703	
2025-09-09 10:06:57.005	continuous	6184	2	->		3	4	0.509816	False	1.907815	0.750000	0.002703	
2025-09-09 10:06:57.005	continuous	6185	2	->		3	4	0.504961	False	1.851745	0.750000	0.002703	
2025-09-09 10:06:57.005	continuous	6186	5	->		6	4	0.385330	False	2.546112	0.750000	0.002703	
2025-09-09 10:06:57.006	continuous	6187	3	->	4	5	4	0.394904	False	1.210478	0.750000	0.002702	
2025-09-09 10:06:57.006	continuous	6188	3	->		4	4	0.433586	False	0.866060	0.750000	0.002702	
2025-09-09 10:06:57.006	continuous	6189	4	->		5	4	0.370149	False	1.181950	0.750000	0.002702	
2025-09-09 10:06:57.006	continuous	6190	3	->	4	5	4	0.396931	False	1.185596	0.750000	0.002701	
2025-09-09 10:06:57.006	continuous	6191	3	->	4	5	4	0.397070	False	1.165991	0.750000	0.002701	
2025-09-09 10:06:57.006	continuous	6192	2	->		3	4	0.496883	False	1.832154	0.750000	0.002701	
2025-09-09 10:06:57.007	continuous	6193	3	->	4	5	4	0.394829	False	1.153055	0.750000	0.002701	
2025-09-09 10:06:57.007	continuous	6194	3	->	4	5	4	0.395233	False	1.134128	0.750000	0.002700	
2025-09-09 10:06:57.007	continuous	6195	3	->	4	5	4	0.395753	False	1.115506	0.750000	0.002700	
2025-09-09 10:06:57.007	continuous	6196	5	->		6	4	0.384737	False	2.540151	0.750000	0.002700	
2025-09-09 10:06:57.007	continuous	6197	4	->		5	5	0.369213	False	1.089989	0.750000	0.002700	
2025-09-09 10:06:57.007	continuous	6198	2	->	3	4	4	0.496237	False	0.794187	0.750000	0.002699	
2025-09-09 10:06:57.008	continuous	6199	2	->		3	4	0.491641	False	1.819786	0.750000	0.002699	
2025-09-09 10:06:57.008	continuous	6200	3	->		4	4	0.429111	False	0.948774	0.750000	0.002699	
2025-09-09 10:06:57.008	continuous	6201	4	->	5	6	5	0.336430	False	2.378862	0.750000	0.002699	
2025-09-09 10:06:57.008	continuous	6202	4	->		5	5	0.367610	False	1.111181	0.750000	0.002698	
2025-09-09 10:06:57.008	continuous	6203	3	->	4	5	4	0.393287	False	1.107622	0.750000	0.002698	
2025-09-09 10:06:57.008	continuous	6204	2	->	3	4	4	0.495314	False	0.794194	0.750000	0.002698	
2025-09-09 10:06:57.009	continuous	6205	4	->		5	5	0.370164	False	1.092793	0.750000	0.002697	
2025-09-09 10:06:57.009	continuous	6206	3	->		4	4	0.431617	False	0.947114	0.750000	0.002697	
2025-09-09 10:06:57.009	continuous	6207	1	->	2	3	4	0.487096	False	1.809353	0.750000	0.002697	
2025-09-09 10:06:57.009	continuous	6208	3	->	4	5	4	0.394800	False	1.109987	0.750000	0.002697	
2025-09-09 10:06:57.009	continuous	6209	4	->	5	6	5	0.337594	False	2.375648	0.750000	0.002696	
2025-09-09 10:06:57.009	continuous	6210	2	->	3	4	4	0.494541	False	0.792763	0.750000	0.002696	
2025-09-09 10:06:57.010	continuous	6211	3	->	4	5	4	0.394508	False	1.110824	0.750000	0.002696	
2025-09-09 10:06:57.010	continuous	6212	3	->	4	5	4	0.395192	False	1.092580	0.750000	0.002696	
2025-09-09 10:06:57.010	continuous	6213	3	->		4	4	0.431260	False	0.961501	0.750000	0.002695	
2025-09-09 10:06:57.010	continuous	6214	2	->	3	4	4	0.499535	False	0.776017	0.750000	0.002695	
2025-09-09 10:06:57.010	continuous	6215	3	->	4	5	4	0.398354	False	1.103512	0.750000	0.002695	
2025-09-09 10:06:57.011	continuous	6216	2	->	3	4	4	0.502124	False	0.766849	0.750000	0.002694	
2025-09-09 10:06:57.011	continuous	6217	4	->		5	5	0.374459	False	1.087927	0.750000	0.002694	
2025-09-09 10:06:57.011	continuous	6218	4	->		5	5	0.375403	False	1.072445	0.750000	0.002694	
2025-09-09 10:06:57.011	continuous	6219	3	->		4	4	0.437508	False	0.935191	0.750000	0.002694	
2025-09-09 10:06:57.011	continuous	6220	3	->		4	4	0.439319	False	0.915256	0.750000	0.002693	
2025-09-09 10:06:57.011	continuous	6221	3	->	4	5	4	0.404335	False	1.095014	0.750000	0.002693	
2025-09-09 10:06:57.012	continuous	6222	3	->	4	5	4	0.404942	False	1.076499	0.750000	0.002693	
2025-09-09 10:06:57.012	continuous	6223	2	->	3	4	4	0.509128	False	0.758564	0.750000	0.002693	
2025-09-09 10:06:57.012	continuous	6224	2	->	3	4	4	0.512327	False	0.734118	0.750000	0.002692	
2025-09-09 10:06:57.012	continuous	6225	2	->	3	4	4	0.515737	False	0.710690	0.750000	0.002692	
2025-09-09 10:06:57.012	continuous	6226	3	->	4	5	4	0.409429	False	1.105865	0.750000	0.002692	
2025-09-09 10:06:57.012	continuous	6227	4	->		5	4	0.383217	False	1.072642	0.750000	0.002692	
2025-09-09 10:06:57.013	continuous	6228	4	->		5	5	0.384115	False	1.056989	0.750000	0.002691	
2025-09-09 10:06:57.013	continuous	6229	3	->		4	4	0.447819	False	0.899069	0.750000	0.002691	
2025-09-09 10:06:57.013	continuous	6230	2	->		3	4	0.511196	False	1.999371	0.750000	0.002691	
2025-09-09 10:06:57.013	continuous	6231	5	->		6	4	0.396453	False	2.570843	0.750000	0.002690	
2025-09-09 10:06:57.013	continuous	6232	3	->		4	4	0.443485	False	0.898685	0.750000	0.002690	
2025-09-09 10:06:57.013	continuous	6233	4	->	5	6	5	0.347580	False	2.396139	0.750000	0.002690	
2025-09-09 10:06:57.014	continuous	6234	2	->		3	4	0.504463	False	1.948354	0.750000	0.002690	
2025-09-09 10:06:57.014	continuous	6235	4	->	5	6	5	0.342979	False	2.369341	0.750000	0.002689	
2025-09-09 10:06:57.014	continuous	6236	3	->		4	4	0.437749	False	0.901634	0.750000	0.002689	
2025-09-09 10:06:57.014	continuous	6237	4	->	5	6	5	0.341562	False	2.349671	0.750000	0.002689	
2025-09-09 10:06:57.014	continuous	6238	3	->		4	4	0.437700	False	0.886678	0.750000	0.002689	
2025-09-09 10:06:57.014	continuous	6239	2	->	3	4	4	0.511314	False	0.693671	0.750000	0.002688	
2025-09-09 10:06:57.015	continuous	6240	2	->	3	4	4	0.515200	False	0.672330	0.750000	0.002688	
2025-09-09 10:06:57.015	continuous	6241	2	->	3	4	4	0.519228	False	0.651864	0.750000	0.002688	
2025-09-09 10:06:57.015	continuous	6242	2	->	3	4	4	0.523376	False	0.632260	0.750000	0.002687	
2025-09-09 10:06:57.015	continuous	6243	2	->	3	4	4	0.527633	False	0.613465	0.750000	0.002687	
2025-09-09 10:06:57.015	continuous	6244	3	->	4	5	4	0.410713	False	1.210740	0.750000	0.002687	
2025-09-09 10:06:57.015	continuous	6245	3	->		4	4	0.451348	False	0.791185	0.750000	0.002687	
2025-09-09 10:06:57.016	continuous	6246	3	->		4	4	0.454117	False	0.774785	0.750000	0.002686	
2025-09-09 10:06:57.016	continuous	6247	2	->		3	4	0.525209	False	2.031798	0.750000	0.002686	
2025-09-09 10:06:57.016	continuous	6248	2	->		3	4	0.519523	False	1.971306	0.750000	0.002686	
2025-09-09 10:06:57.016	continuous	6249	3	->	4	5	4	0.407888	False	1.223462	0.750000	0.002686	
2025-09-09 10:06:57.016	continuous	6250	3	->		4	4	0.447794	False	0.804692	0.750000	0.002685	
2025-09-09 10:06:57.016	continuous	6251	3	->	4	5	4	0.409659	False	1.215899	0.750000	0.002685	
2025-09-09 10:06:57.017	continuous	6252	1	->	2	3	4	0.503850	False	1.905049	0.750000	0.002685	
2025-09-09 10:06:57.017	continuous	6253	3	->	4	5	4	0.406396	False	1.200044	0.750000	0.002685	
2025-09-09 10:06:57.017	continuous	6254	2	->	3	4	4	0.518942	False	0.652553	0.750000	0.002684	
2025-09-09 10:06:57.017	continuous	6255	2	->	3	4	4	0.523159	False	0.632837	0.750000	0.002684	
2025-09-09 10:06:57.017	continuous	6256	2	->	3	4	4	0.527464	False	0.614003	0.750000	0.002684	
2025-09-09 10:06:57.018	continuous	6257	3	->	4	5	4	0.411913	False	1.223521	0.750000	0.002683	
2025-09-09 10:06:57.018	continuous	6258	1	->	2	3	4	0.506424	False	1.905758	0.750000	0.002683	
2025-09-09 10:06:57.018	continuous	6259	3	->	4	5	4	0.408507	False	1.207130	0.750000	0.002683	
2025-09-09 10:06:57.018	continuous	6260	1	->		2	4	0.458047	False	3.910312	0.750000	0.002683	
2025-09-09 10:06:57.018	continuous	6261	5	->		6	4	0.389880	False	2.515499	0.750000	0.002682	
2025-09-09 10:06:57.018	continuous	6262	3	->	4	5	4	0.401856	False	1.189920	0.750000	0.002682	
2025-09-09 10:06:57.019	continuous	6263	3	->	4	5	4	0.401870	False	1.169737	0.750000	0.002682	
2025-09-09 10:06:57.019	continuous	6264	4	->		5	4	0.374076	False	1.132092	0.750000	0.002682	
2025-09-09 10:06:57.019	continuous	6265	4	->	5	6	5	0.340524	False	2.351284	0.750000	0.002681	
2025-09-09 10:06:57.019	continuous	6266	3	->	4	5	4	0.400218	False	1.135647	0.750000	0.002681	
2025-09-09 10:06:57.019	continuous	6267	3	->		4	4	0.437861	False	0.890850	0.750000	0.002681	
2025-09-09 10:06:57.020	continuous	6268	4	->	5	6	5	0.339969	False	2.335392	0.750000	0.002681	
2025-09-09 10:06:57.020	continuous	6269	3	->		4	4	0.437918	False	0.876197	0.750000	0.002680	
2025-09-09 10:06:57.020	continuous	6270	4	->	5	6	4	0.338735	False	2.316490	0.750000	0.002680	
2025-09-09 10:06:57.020	continuous	6271	4	->	5	6	4	0.336536	False	2.293592	0.750000	0.002680	
2025-09-09 10:06:57.020	continuous	6272	3	->		4	4	0.435977	False	0.866443	0.750000	0.002679	
2025-09-09 10:06:57.021	continuous	6273	4	->		5	4	0.370262	False	1.147990	0.750000	0.002679	
2025-09-09 10:06:57.021	continuous	6274	4	->		5	4	0.370870	False	1.131771	0.750000	0.002679	
2025-09-09 10:06:57.021	continuous	6275	2	->	3	4	4	0.510044	False	0.693013	0.750000	0.002679	
2025-09-09 10:06:57.021	continuous	6276	3	->	4	5	4	0.401508	False	1.147067	0.750000	0.002678	
2025-09-09 10:06:57.021	continuous	6277	4	->		5	4	0.373227	False	1.111501	0.750000	0.002678	
2025-09-09 10:06:57.021	continuous	6278	3	->		4	4	0.440132	False	0.877752	0.750000	0.002678	
2025-09-09 10:06:57.022	continuous	6279	3	->		4	4	0.442385	False	0.859093	0.750000	0.002678	
2025-09-09 10:06:57.022	continuous	6280	2	->		3	4	0.507786	False	1.998936	0.750000	0.002677	
2025-09-09 10:06:57.022	continuous	6281	3	->		4	4	0.441094	False	0.855767	0.750000	0.002677	
2025-09-09 10:06:57.022	continuous	6282	5	->		6	4	0.388994	False	2.442015	0.750000	0.002677	
2025-09-09 10:06:57.022	continuous	6283	3	->		4	4	0.440831	False	0.843805	0.750000	0.002676	
2025-09-09 10:06:57.022	continuous	6284	3	->	4	5	4	0.403666	False	1.173601	0.750000	0.002676	
2025-09-09 10:06:57.023	continuous	6285	3	->	4	5	4	0.403723	False	1.153494	0.750000	0.002676	
2025-09-09 10:06:57.023	continuous	6286	3	->	4	5	4	0.403913	False	1.133756	0.750000	0.002676	
2025-09-09 10:06:57.023	continuous	6287	4	->		5	4	0.375441	False	1.099044	0.750000	0.002675	
2025-09-09 10:06:57.023	continuous	6288	1	->	2	3	4	0.494937	False	1.961508	0.750000	0.002675	
2025-09-09 10:06:57.023	continuous	6289	3	->		4	4	0.438942	False	0.892222	0.750000	0.002675	
2025-09-09 10:06:57.023	continuous	6290	2	->	3	4	4	0.511837	False	0.696581	0.750000	0.002675	
2025-09-09 10:06:57.024	continuous	6291	5	->		6	4	0.389427	False	2.437976	0.750000	0.002674	
2025-09-09 10:06:57.024	continuous	6292	3	->	4	5	4	0.402446	False	1.137038	0.750000	0.002674	
2025-09-09 10:06:57.024	continuous	6293	3	->	4	5	4	0.402778	False	1.117632	0.750000	0.002674	
2025-09-09 10:06:57.024	continuous	6294	2	->	3	4	4	0.510441	False	0.710662	0.750000	0.002674	
2025-09-09 10:06:57.024	continuous	6295	2	->	3	4	4	0.514178	False	0.688242	0.750000	0.002673	
2025-09-09 10:06:57.024	continuous	6296	4	->		5	4	0.376712	False	1.112160	0.750000	0.002673	
2025-09-09 10:06:57.025	continuous	6297	2	->	3	4	4	0.516952	False	0.680120	0.750000	0.002673	
2025-09-09 10:06:57.025	continuous	6298	3	->	4	5	4	0.408078	False	1.127712	0.750000	0.002672	
2025-09-09 10:06:57.025	continuous	6299	2	->		3	4	0.508645	False	2.027210	0.750000	0.002672	
2025-09-09 10:06:57.025	continuous	6300	3	->		4	4	0.442962	False	0.868158	0.750000	0.002672	
2025-09-09 10:06:57.025	continuous	6301	3	->	4	5	4	0.406920	False	1.127661	0.750000	0.002672	
2025-09-09 10:06:57.025	continuous	6302	4	->		5	4	0.378205	False	1.092576	0.750000	0.002671	
2025-09-09 10:06:57.026	continuous	6303	4	->	5	6	5	0.344500	False	2.307290	0.750000	0.002671	
2025-09-09 10:06:57.026	continuous	6304	3	->		4	4	0.442921	False	0.879749	0.750000	0.002671	
2025-09-09 10:06:57.026	continuous	6305	5	->		6	4	0.391245	False	2.424586	0.750000	0.002671	
2025-09-09 10:06:57.026	continuous	6306	5	->		6	4	0.388602	False	2.393754	0.750000	0.002670	
2025-09-09 10:06:57.026	continuous	6307	2	->	3	4	4	0.511360	False	0.692168	0.750000	0.002670	
2025-09-09 10:06:57.026	continuous	6308	4	->	5	6	5	0.339138	False	2.239882	0.750000	0.002670	
2025-09-09 10:06:57.027	continuous	6309	3	->		4	4	0.439968	False	0.857122	0.750000	0.002670	
2025-09-09 10:06:57.027	continuous	6310	2	->		3	4	0.505175	False	2.026490	0.750000	0.002669	
2025-09-09 10:06:57.027	continuous	6311	2	->	3	4	4	0.511634	False	0.670947	0.750000	0.002669	
2025-09-09 10:06:57.027	continuous	6312	3	->	4	5	4	0.401904	False	1.168534	0.750000	0.002669	
2025-09-09 10:06:57.027	continuous	6313	3	->	4	5	4	0.402026	False	1.148500	0.750000	0.002668	
2025-09-09 10:06:57.028	continuous	6314	2	->	3	4	4	0.512565	False	0.680661	0.750000	0.002668	
2025-09-09 10:06:57.028	continuous	6315	4	->		5	4	0.373856	False	1.125695	0.750000	0.002668	
2025-09-09 10:06:57.028	continuous	6316	4	->		5	4	0.374538	False	1.109579	0.750000	0.002668	
2025-09-09 10:06:57.028	continuous	6317	1	->		2	4	0.451990	False	3.896940	0.750000	0.002667	
2025-09-09 10:06:57.028	continuous	6318	4	->	5	6	5	0.336754	False	2.232884	0.750000	0.002667	
2025-09-09 10:06:57.028	continuous	6319	4	->		5	4	0.369530	False	1.100888	0.750000	0.002667	
2025-09-09 10:06:57.029	continuous	6320	2	->	3	4	4	0.507910	False	0.709765	0.750000	0.002667	
2025-09-09 10:06:57.029	continuous	6321	3	->	4	5	4	0.400898	False	1.114058	0.750000	0.002666	
2025-09-09 10:06:57.029	continuous	6322	1	->	2	3	4	0.491320	False	2.005856	0.750000	0.002666	
2025-09-09 10:06:57.029	continuous	6323	1	->		2	4	0.444952	False	3.831224	0.750000	0.002666	
2025-09-09 10:06:57.029	continuous	6324	3	->		4	4	0.432109	False	0.904863	0.750000	0.002666	
2025-09-09 10:06:57.029	continuous	6325	3	->	4	5	4	0.396459	False	1.118810	0.750000	0.002665	
2025-09-09 10:06:57.030	continuous	6326	3	->		4	4	0.434269	False	0.899343	0.750000	0.002665	
2025-09-09 10:06:57.030	continuous	6327	3	->		4	4	0.436428	False	0.880246	0.750000	0.002665	
2025-09-09 10:06:57.030	continuous	6328	3	->		4	4	0.438704	False	0.861617	0.750000	0.002664	
2025-09-09 10:06:57.030	continuous	6329	5	->		6	4	0.384614	False	2.360702	0.750000	0.002664	
2025-09-09 10:06:57.030	continuous	6330	3	->		4	4	0.438473	False	0.849482	0.750000	0.002664	
2025-09-09 10:06:57.031	continuous	6331	1	->	2	3	4	0.493471	False	2.009515	0.750000	0.002664	
2025-09-09 10:06:57.031	continuous	6332	3	->		4	4	0.437383	False	0.845292	0.750000	0.002663	
2025-09-09 10:06:57.031	continuous	6333	2	->		3	4	0.503507	False	2.002272	0.750000	0.002663	
2025-09-09 10:06:57.031	continuous	6334	3	->	4	5	4	0.397097	False	1.181992	0.750000	0.002663	
2025-09-09 10:06:57.031	continuous	6335	2	->		3	4	0.497329	False	1.949617	0.750000	0.002663	
2025-09-09 10:06:57.031	continuous	6336	1	->		2	4	0.440244	False	3.786157	0.750000	0.002662	
2025-09-09 10:06:57.032	continuous	6337	5	->		6	4	0.373800	False	2.327243	0.750000	0.002662	
2025-09-09 10:06:57.032	continuous	6338	4	->		5	4	0.358595	False	1.155165	0.750000	0.002662	
2025-09-09 10:06:57.032	continuous	6339	3	->	4	5	4	0.389021	False	1.155422	0.750000	0.002662	
2025-09-09 10:06:57.032	continuous	6340	2	->		3	4	0.485554	False	1.895525	0.750000	0.002661	
2025-09-09 10:06:57.032	continuous	6341	5	->		6	4	0.370314	False	2.304278	0.750000	0.002661	
2025-09-09 10:06:57.032	continuous	6342	3	->	4	5	4	0.384788	False	1.146583	0.750000	0.002661	
2025-09-09 10:06:57.033	continuous	6343	5	->		6	4	0.368746	False	2.280195	0.750000	0.002660	
2025-09-09 10:06:57.033	continuous	6344	4	->	5	6	5	0.320823	False	2.144637	0.750000	0.002660	
2025-09-09 10:06:57.033	continuous	6345	4	->		5	5	0.352914	False	1.124533	0.750000	0.002660	
2025-09-09 10:06:57.033	continuous	6346	3	->	4	5	4	0.382216	False	1.119425	0.750000	0.002660	
2025-09-09 10:06:57.033	continuous	6347	2	->	3	4	4	0.482850	False	0.797996	0.750000	0.002659	
2025-09-09 10:06:57.034	continuous	6348	3	->	4	5	4	0.384104	False	1.116382	0.750000	0.002659	
2025-09-09 10:06:57.034	continuous	6349	1	->	2	3	4	0.469150	False	1.856329	0.750000	0.002659	
2025-09-09 10:06:57.034	continuous	6350	2	->	3	4	4	0.481934	False	0.800828	0.750000	0.002659	
2025-09-09 10:06:57.034	continuous	6351	3	->	4	5	4	0.383746	False	1.121542	0.750000	0.002658	
2025-09-09 10:06:57.034	continuous	6352	4	->		5	5	0.356231	False	1.094729	0.750000	0.002658	
2025-09-09 10:06:57.034	continuous	6353	4	->		5	5	0.357352	False	1.079898	0.750000	0.002658	
2025-09-09 10:06:57.035	continuous	6354	2	->	3	4	4	0.484421	False	0.816878	0.750000	0.002658	
2025-09-09 10:06:57.035	continuous	6355	2	->	3	4	4	0.487518	False	0.790784	0.750000	0.002657	
2025-09-09 10:06:57.035	continuous	6356	3	->	4	5	4	0.388353	False	1.101989	0.750000	0.002657	
2025-09-09 10:06:57.035	continuous	6357	2	->		3	4	0.481164	False	1.902738	0.750000	0.002657	
2025-09-09 10:06:57.035	continuous	6358	3	->		4	4	0.421216	False	0.974537	0.750000	0.002656	
2025-09-09 10:06:57.035	continuous	6359	1	->	2	3	4	0.471825	False	1.837240	0.750000	0.002656	
2025-09-09 10:06:57.036	continuous	6360	4	->		5	5	0.357436	False	1.102509	0.750000	0.002656	
2025-09-09 10:06:57.036	continuous	6361	4	->		5	5	0.358509	False	1.087486	0.750000	0.002656	
2025-09-09 10:06:57.036	continuous	6362	4	->		5	5	0.359656	False	1.072640	0.750000	0.002655	
2025-09-09 10:06:57.036	continuous	6363	3	->	4	5	5	0.388475	False	1.064556	0.750000	0.002655	
2025-09-09 10:06:57.036	continuous	6364	5	->		6	5	0.373126	False	2.298107	0.750000	0.002655	
2025-09-09 10:06:57.036	continuous	6365	3	->		4	4	0.420391	False	1.018571	0.750000	0.002655	
2025-09-09 10:06:57.037	continuous	6366	2	->		3	4	0.476907	False	1.854133	0.750000	0.002654	
2025-09-09 10:06:57.037	continuous	6367	2	->	3	4	4	0.481348	False	0.835256	0.750000	0.002654	
2025-09-09 10:06:57.037	continuous	6368	2	->		3	4	0.475696	False	1.816399	0.750000	0.002654	
2025-09-09 10:06:57.037	continuous	6369	3	->		4	4	0.418152	False	0.999531	0.750000	0.002654	
2025-09-09 10:06:57.037	continuous	6370	3	->		4	4	0.419843	False	0.978376	0.750000	0.002653	
2025-09-09 10:06:57.037	continuous	6371	4	->		5	5	0.358660	False	1.110797	0.750000	0.002653	
2025-09-09 10:06:57.038	continuous	6372	1	->	2	3	4	0.469438	False	1.775726	0.750000	0.002653	
2025-09-09 10:06:57.038	continuous	6373	4	->	5	6	5	0.324743	False	2.177369	0.750000	0.002653	
2025-09-09 10:06:57.038	continuous	6374	4	->	5	6	5	0.322982	False	2.156567	0.750000	0.002652	
2025-09-09 10:06:57.038	continuous	6375	3	->	4	5	4	0.382316	False	1.123323	0.750000	0.002652	
2025-09-09 10:06:57.038	continuous	6376	1	->	2	3	4	0.463018	False	1.735173	0.750000	0.002652	
2025-09-09 10:06:57.038	continuous	6377	4	->		5	5	0.353814	False	1.104554	0.750000	0.002651	
2025-09-09 10:06:57.039	continuous	6378	3	->		4	4	0.414710	False	1.025391	0.750000	0.002651	
2025-09-09 10:06:57.039	continuous	6379	2	->	3	4	4	0.477874	False	0.827792	0.750000	0.002651	
2025-09-09 10:06:57.039	continuous	6380	4	->	5	6	5	0.322972	False	2.151202	0.750000	0.002651	
2025-09-09 10:06:57.039	continuous	6381	2	->	3	4	4	0.479189	False	0.804759	0.750000	0.002650	
2025-09-09 10:06:57.039	continuous	6382	3	->	4	5	4	0.383624	False	1.144639	0.750000	0.002650	
2025-09-09 10:06:57.039	continuous	6383	1	->	2	3	4	0.464628	False	1.744143	0.750000	0.002650	
2025-09-09 10:06:57.040	continuous	6384	2	->	3	4	4	0.478580	False	0.808122	0.750000	0.002650	
2025-09-09 10:06:57.040	continuous	6385	3	->		4	4	0.417775	False	0.964921	0.750000	0.002649	
2025-09-09 10:06:57.040	continuous	6386	2	->	3	4	4	0.485375	False	0.760915	0.750000	0.002649	
2025-09-09 10:06:57.040	continuous	6387	2	->		3	4	0.478221	False	1.766264	0.750000	0.002649	
2025-09-09 10:06:57.040	continuous	6388	3	->		4	4	0.419284	False	0.938514	0.750000	0.002649	
2025-09-09 10:06:57.041	continuous	6389	2	->	3	4	4	0.488825	False	0.733137	0.750000	0.002648	
2025-09-09 10:06:57.041	continuous	6390	3	->	4	5	4	0.387258	False	1.210569	0.750000	0.002648	
2025-09-09 10:06:57.041	continuous	6391	4	->	5	6	5	0.323991	False	2.159827	0.750000	0.002648	
2025-09-09 10:06:57.041	continuous	6392	4	->		5	4	0.355873	False	1.173763	0.750000	0.002647	
2025-09-09 10:06:57.041	continuous	6393	4	->	5	6	5	0.323064	False	2.142769	0.750000	0.002647	
2025-09-09 10:06:57.042	continuous	6394	3	->		4	4	0.419750	False	0.931158	0.750000	0.002647	
2025-09-09 10:06:57.042	continuous	6395	2	->	3	4	4	0.490096	False	0.723908	0.750000	0.002647	
2025-09-09 10:06:57.042	continuous	6396	3	->		4	4	0.424315	False	0.891540	0.750000	0.002646	
2025-09-09 10:06:57.042	continuous	6397	2	->	3	4	4	0.498168	False	0.682485	0.750000	0.002646	
2025-09-09 10:06:57.042	continuous	6398	5	->		6	4	0.372104	False	2.252891	0.750000	0.002646	
2025-09-09 10:06:57.042	continuous	6399	2	->	3	4	4	0.499790	False	0.667748	0.750000	0.002646	
2025-09-09 10:06:57.043	continuous	6400	2	->	3	4	4	0.504248	False	0.648073	0.750000	0.002645	
2025-09-09 10:06:57.043	continuous	6401	3	->	4	5	4	0.392512	False	1.265412	0.750000	0.002645	
2025-09-09 10:06:57.043	continuous	6402	2	->	3	4	4	0.506542	False	0.643039	0.750000	0.002645	
2025-09-09 10:06:57.043	continuous	6403	3	->	4	5	4	0.394124	False	1.257912	0.750000	0.002645	
2025-09-09 10:06:57.043	continuous	6404	1	->	2	3	4	0.481281	False	1.844515	0.750000	0.002644	
2025-09-09 10:06:57.043	continuous	6405	3	->		4	4	0.429947	False	0.847826	0.750000	0.002644	
2025-09-09 10:06:57.044	continuous	6406	3	->		4	4	0.432702	False	0.830193	0.750000	0.002644	
2025-09-09 10:06:57.044	continuous	6407	1	->	2	3	4	0.483693	False	1.822170	0.750000	0.002644	
2025-09-09 10:06:57.044	continuous	6408	3	->	4	5	4	0.392930	False	1.273115	0.750000	0.002643	
2025-09-09 10:06:57.044	continuous	6409	4	->	5	6	4	0.325877	False	2.143901	0.750000	0.002643	
2025-09-09 10:06:57.044	continuous	6410	5	->		6	4	0.371434	False	2.235889	0.750000	0.002643	
2025-09-09 10:06:57.044	continuous	6411	3	->		4	4	0.427052	False	0.852527	0.750000	0.002642	
2025-09-09 10:06:57.045	continuous	6412	2	->		3	4	0.490890	False	1.825878	0.750000	0.002642	
2025-09-09 10:06:57.045	continuous	6413	4	->		5	4	0.356029	False	1.244442	0.750000	0.002642	
2025-09-09 10:06:57.045	continuous	6414	2	->	3	4	4	0.498460	False	0.669043	0.750000	0.002642	
2025-09-09 10:06:57.045	continuous	6415	4	->	5	6	4	0.323158	False	2.111184	0.750000	0.002641	
2025-09-09 10:06:57.045	continuous	6416	3	->	4	5	4	0.388186	False	1.272256	0.750000	0.002641	
2025-09-09 10:06:57.045	continuous	6417	4	->		5	4	0.356128	False	1.223306	0.750000	0.002641	
2025-09-09 10:06:57.046	continuous	6418	3	->		4	4	0.425584	False	0.872593	0.750000	0.002641	
2025-09-09 10:06:57.046	continuous	6419	4	->		5	4	0.357869	False	1.217556	0.750000	0.002640	
2025-09-09 10:06:57.046	continuous	6420	3	->		4	4	0.427775	False	0.865433	0.750000	0.002640	
2025-09-09 10:06:57.046	continuous	6421	2	->	3	4	4	0.503999	False	0.653407	0.750000	0.002640	
2025-09-09 10:06:57.046	continuous	6422	3	->	4	5	4	0.393858	False	1.254318	0.750000	0.002640	
2025-09-09 10:06:57.046	continuous	6423	5	->		6	4	0.373869	False	2.229570	0.750000	0.002639	
2025-09-09 10:06:57.047	continuous	6424	3	->	4	5	4	0.391435	False	1.235833	0.750000	0.002639	
2025-09-09 10:06:57.047	continuous	6425	4	->		5	4	0.359426	False	1.189729	0.750000	0.002639	
2025-09-09 10:06:57.047	continuous	6426	3	->	4	5	4	0.391581	False	1.196598	0.750000	0.002638	
2025-09-09 10:06:57.047	continuous	6427	3	->		4	4	0.428433	False	0.887027	0.750000	0.002638	
2025-09-09 10:06:57.047	continuous	6428	3	->		4	4	0.430905	False	0.868163	0.750000	0.002638	
2025-09-09 10:06:57.047	continuous	6429	3	->	4	5	4	0.395351	False	1.203348	0.750000	0.002638	
2025-09-09 10:06:57.048	continuous	6430	2	->		3	4	0.491701	False	1.911056	0.750000	0.002637	
2025-09-09 10:06:57.048	continuous	6431	3	->		4	4	0.429649	False	0.878900	0.750000	0.002637	
2025-09-09 10:06:57.048	continuous	6432	2	->		3	4	0.490694	False	1.871015	0.750000	0.002637	
2025-09-09 10:06:57.048	continuous	6433	2	->	3	4	4	0.499150	False	0.684957	0.750000	0.002637	
2025-09-09 10:06:57.048	continuous	6434	4	->		5	4	0.361521	False	1.194223	0.750000	0.002636	
2025-09-09 10:06:57.048	continuous	6435	3	->		4	4	0.431120	False	0.868067	0.750000	0.002636	
2025-09-09 10:06:57.049	continuous	6436	3	->		4	4	0.433711	False	0.849689	0.750000	0.002636	
2025-09-09 10:06:57.049	continuous	6437	3	->		4	4	0.436404	False	0.831752	0.750000	0.002636	
2025-09-09 10:06:57.049	continuous	6438	3	->	4	5	4	0.399736	False	1.243056	0.750000	0.002635	
2025-09-09 10:06:57.049	continuous	6439	3	->		4	4	0.438277	False	0.827860	0.750000	0.002635	
2025-09-09 10:06:57.049	continuous	6440	2	->		3	4	0.502098	False	1.907002	0.750000	0.002635	
2025-09-09 10:06:57.049	continuous	6441	4	->		5	4	0.365346	False	1.208240	0.750000	0.002635	
2025-09-09 10:06:57.050	continuous	6442	3	->		4	4	0.436908	False	0.838168	0.750000	0.002634	
2025-09-09 10:06:57.050	continuous	6443	4	->		5	4	0.367089	False	1.202547	0.750000	0.002634	
2025-09-09 10:06:57.050	continuous	6444	3	->	4	5	4	0.400641	False	1.214589	0.750000	0.002634	
2025-09-09 10:06:57.050	continuous	6445	2	->	3	4	4	0.510197	False	0.655473	0.750000	0.002633	
2025-09-09 10:06:57.050	continuous	6446	3	->		4	4	0.440941	False	0.826914	0.750000	0.002633	
2025-09-09 10:06:57.051	continuous	6447	2	->	3	4	4	0.518992	False	0.617631	0.750000	0.002633	
2025-09-09 10:06:57.051	continuous	6448	2	->	3	4	4	0.523627	False	0.599293	0.750000	0.002633	
2025-09-09 10:06:57.051	continuous	6449	3	->	4	5	4	0.408280	False	1.250724	0.750000	0.002632	
2025-09-09 10:06:57.051	continuous	6450	3	->		4	4	0.448109	False	0.788952	0.750000	0.002632	
2025-09-09 10:06:57.051	continuous	6451	3	->		4	4	0.451083	False	0.772177	0.750000	0.002632	
2025-09-09 10:06:57.051	continuous	6452	4	->		5	4	0.376282	False	1.218490	0.750000	0.002632	
2025-09-09 10:06:57.052	continuous	6453	3	->		4	4	0.453158	False	0.767425	0.750000	0.002631	
2025-09-09 10:06:57.052	continuous	6454	2	->	3	4	4	0.537095	False	0.558920	0.750000	0.002631	
2025-09-09 10:06:57.052	continuous	6455	3	->		4	4	0.459202	False	0.735428	0.750000	0.002631	
2025-09-09 10:06:57.052	continuous	6456	2	->	3	4	4	0.546689	False	0.527688	0.750000	0.002631	
2025-09-09 10:06:57.052	continuous	6457	4	->		5	4	0.382866	False	1.247706	0.750000	0.002630	
2025-09-09 10:06:57.052	continuous	6458	2	->	3	4	4	0.548711	False	0.524541	0.750000	0.002630	
2025-09-09 10:06:57.053	continuous	6459	3	->		4	4	0.467200	False	0.702234	0.750000	0.002630	
2025-09-09 10:06:57.053	continuous	6460	3	->		4	4	0.470575	False	0.687521	0.750000	0.002630	
2025-09-09 10:06:57.053	continuous	6461	3	->	4	5	4	0.427858	False	1.314626	0.750000	0.002629	
2025-09-09 10:06:57.053	continuous	6462	4	->		5	4	0.387451	False	1.242701	0.750000	0.002629	
2025-09-09 10:06:57.053	continuous	6463	3	->		4	4	0.470305	False	0.699162	0.750000	0.002629	
2025-09-09 10:06:57.054	continuous	6464	1	->	2	3	4	0.524291	False	2.075803	0.750000	0.002628	
2025-09-09 10:06:57.054	continuous	6465	2	->		3	4	0.536719	False	2.065669	0.750000	0.002628	
2025-09-09 10:06:57.054	continuous	6466	2	->	3	4	4	0.547738	False	0.526558	0.750000	0.002628	
2025-09-09 10:06:57.054	continuous	6467	4	->		5	4	0.384240	False	1.252024	0.750000	0.002628	
2025-09-09 10:06:57.054	continuous	6468	2	->		3	4	0.532086	False	2.021467	0.750000	0.002627	
2025-09-09 10:06:57.054	continuous	6469	1	->	2	3	4	0.508536	False	1.912228	0.750000	0.002627	
2025-09-09 10:06:57.055	continuous	6470	3	->	4	5	4	0.415021	False	1.282698	0.750000	0.002627	
2025-09-09 10:06:57.055	continuous	6471	4	->		5	4	0.378170	False	1.218996	0.750000	0.002627	
2025-09-09 10:06:57.055	continuous	6472	4	->		5	4	0.378271	False	1.201005	0.750000	0.002626	
2025-09-09 10:06:57.055	continuous	6473	3	->		4	4	0.453496	False	0.785824	0.750000	0.002626	
2025-09-09 10:06:57.055	continuous	6474	4	->		5	4	0.379980	False	1.195102	0.750000	0.002626	
2025-09-09 10:06:57.055	continuous	6475	3	->	4	5	4	0.415605	False	1.213657	0.750000	0.002626	
2025-09-09 10:06:57.056	continuous	6476	3	->		4	4	0.454492	False	0.794945	0.750000	0.002625	
2025-09-09 10:06:57.056	continuous	6477	4	->	5	6	4	0.346500	False	2.254455	0.750000	0.002625	
2025-09-09 10:06:57.056	continuous	6478	3	->	4	5	4	0.415166	False	1.208330	0.750000	0.002625	
2025-09-09 10:06:57.056	continuous	6479	4	->		5	4	0.379833	False	1.153483	0.750000	0.002625	
2025-09-09 10:06:57.056	continuous	6480	3	->		4	4	0.453515	False	0.808648	0.750000	0.002624	
2025-09-09 10:06:57.056	continuous	6481	2	->		3	4	0.516191	False	1.973440	0.750000	0.002624	
2025-09-09 10:06:57.057	continuous	6482	3	->		4	4	0.452351	False	0.807208	0.750000	0.002624	
2025-09-09 10:06:57.057	continuous	6483	3	->		4	4	0.455177	False	0.789450	0.750000	0.002623	
2025-09-09 10:06:57.057	continuous	6484	3	->	4	5	4	0.417826	False	1.214321	0.750000	0.002623	
2025-09-09 10:06:57.057	continuous	6485	1	->	2	3	4	0.501871	False	1.908606	0.750000	0.002623	
2025-09-09 10:06:57.057	continuous	6486	4	->		5	4	0.379474	False	1.162811	0.750000	0.002623	
2025-09-09 10:06:57.057	continuous	6487	4	->		5	4	0.379897	False	1.145595	0.750000	0.002622	
2025-09-09 10:06:57.058	continuous	6488	4	->		5	4	0.380417	False	1.128631	0.750000	0.002622	
2025-09-09 10:06:57.058	continuous	6489	1	->	2	3	4	0.495340	False	1.870986	0.750000	0.002622	
2025-09-09 10:06:57.058	continuous	6490	4	->	5	6	5	0.344717	False	2.257657	0.750000	0.002622	
2025-09-09 10:06:57.058	continuous	6491	2	->	3	4	4	0.514593	False	0.670622	0.750000	0.002621	
2025-09-09 10:06:57.058	continuous	6492	5	->		6	4	0.390303	False	2.374862	0.750000	0.002621	
2025-09-09 10:06:57.059	continuous	6493	4	->		5	4	0.375355	False	1.138649	0.750000	0.002621	
2025-09-09 10:06:57.059	continuous	6494	2	->	3	4	4	0.514698	False	0.667335	0.750000	0.002621	
2025-09-09 10:06:57.059	continuous	6495	4	->	5	6	5	0.342638	False	2.219290	0.750000	0.002620	
2025-09-09 10:06:57.059	continuous	6496	5	->		6	4	0.387536	False	2.327167	0.750000	0.002620	
2025-09-09 10:06:57.059	continuous	6497	3	->		4	4	0.443799	False	0.845353	0.750000	0.002620	
2025-09-09 10:06:57.059	continuous	6498	3	->	4	5	4	0.408508	False	1.185957	0.750000	0.002620	
2025-09-09 10:06:57.060	continuous	6499	2	->	3	4	4	0.516239	False	0.651223	0.750000	0.002619	
2025-09-09 10:06:57.060	continuous	6500	1	->	2	3	4	0.491946	False	1.880705	0.750000	0.002619	
2025-09-09 10:06:57.060	continuous	6501	3	->	4	5	4	0.407457	False	1.185514	0.750000	0.002619	
2025-09-09 10:06:57.060	continuous	6502	3	->		4	4	0.444278	False	0.850794	0.750000	0.002619	
2025-09-09 10:06:57.060	continuous	6503	4	->	5	6	5	0.340459	False	2.189037	0.750000	0.002618	
2025-09-09 10:06:57.061	continuous	6504	4	->		5	4	0.372914	False	1.150563	0.750000	0.002618	
2025-09-09 10:06:57.061	continuous	6505	3	->	4	5	4	0.407511	False	1.162922	0.750000	0.002618	
2025-09-09 10:06:57.061	continuous	6506	4	->	5	6	5	0.339996	False	2.173889	0.750000	0.002617	
2025-09-09 10:06:57.061	continuous	6507	5	->		6	4	0.384367	False	2.275052	0.750000	0.002617	
2025-09-09 10:06:57.061	continuous	6508	4	->		5	4	0.370050	False	1.123298	0.750000	0.002617	
2025-09-09 10:06:57.061	continuous	6509	4	->	5	6	5	0.336931	False	2.131107	0.750000	0.002617	
2025-09-09 10:06:57.062	continuous	6510	4	->		5	5	0.369024	False	1.111163	0.750000	0.002616	
2025-09-09 10:06:57.062	continuous	6511	4	->		5	5	0.369910	False	1.095290	0.750000	0.002616	
2025-09-09 10:06:57.062	continuous	6512	4	->		5	5	0.370880	False	1.079630	0.750000	0.002616	
2025-09-09 10:06:57.062	continuous	6513	4	->		5	5	0.371931	False	1.064179	0.750000	0.002616	
2025-09-09 10:06:57.062	continuous	6514	3	->		4	4	0.438227	False	0.936783	0.750000	0.002615	
2025-09-09 10:06:57.063	continuous	6515	3	->		4	4	0.440192	False	0.915471	0.750000	0.002615	
2025-09-09 10:06:57.063	continuous	6516	5	->		6	4	0.386101	False	2.254288	0.750000	0.002615	
2025-09-09 10:06:57.063	continuous	6517	5	->		6	4	0.383811	False	2.225197	0.750000	0.002615	
2025-09-09 10:06:57.063	continuous	6518	3	->	4	5	4	0.402883	False	1.103578	0.750000	0.002614	
2025-09-09 10:06:57.063	continuous	6519	4	->	5	6	5	0.337572	False	2.089620	0.750000	0.002614	
2025-09-09 10:06:57.063	continuous	6520	3	->		4	4	0.435681	False	0.924541	0.750000	0.002614	
2025-09-09 10:06:57.064	continuous	6521	4	->		5	5	0.370265	False	1.081586	0.750000	0.002614	
2025-09-09 10:06:57.064	continuous	6522	3	->		4	4	0.437995	False	0.915719	0.750000	0.002613	
2025-09-09 10:06:57.064	continuous	6523	2	->	3	4	4	0.506208	False	0.705630	0.750000	0.002613	
2025-09-09 10:06:57.064	continuous	6524	3	->	4	5	4	0.406515	False	1.115899	0.750000	0.002613	
2025-09-09 10:06:57.064	continuous	6525	3	->		4	4	0.442194	False	0.888476	0.750000	0.002612	
2025-09-09 10:06:57.064	continuous	6526	2	->	3	4	4	0.512744	False	0.677625	0.750000	0.002612	
2025-09-09 10:06:57.065	continuous	6527	3	->		4	4	0.446835	False	0.848118	0.750000	0.002612	
2025-09-09 10:06:57.065	continuous	6528	2	->	3	4	4	0.521172	False	0.636312	0.750000	0.002612	
2025-09-09 10:06:57.065	continuous	6529	2	->	3	4	4	0.525686	False	0.616268	0.750000	0.002611	
2025-09-09 10:06:57.065	continuous	6530	2	->	3	4	4	0.530299	False	0.597116	0.750000	0.002611	
2025-09-09 10:06:57.065	continuous	6531	2	->		3	4	0.518362	False	2.103116	0.750000	0.002611	
2025-09-09 10:06:57.065	continuous	6532	2	->	3	4	4	0.528875	False	0.595367	0.750000	0.002611	
2025-09-09 10:06:57.066	continuous	6533	4	->		5	4	0.378285	False	1.166248	0.750000	0.002610	
2025-09-09 10:06:57.066	continuous	6534	3	->	4	5	4	0.415420	False	1.186089	0.750000	0.002610	
2025-09-09 10:06:57.066	continuous	6535	3	->	4	5	4	0.415210	False	1.163948	0.750000	0.002610	
2025-09-09 10:06:57.066	continuous	6536	3	->		4	4	0.453401	False	0.814657	0.750000	0.002610	
2025-09-09 10:06:57.066	continuous	6537	5	->		6	4	0.393448	False	2.254493	0.750000	0.002609	
2025-09-09 10:06:57.066	continuous	6538	2	->	3	4	4	0.528047	False	0.607615	0.750000	0.002609	
2025-09-09 10:06:57.067	continuous	6539	1	->	2	3	4	0.500289	False	2.049275	0.750000	0.002609	
2025-09-09 10:06:57.067	continuous	6540	5	->		6	4	0.389499	False	2.227167	0.750000	0.002609	
2025-09-09 10:06:57.067	continuous	6541	4	->	5	6	4	0.339726	False	2.081633	0.750000	0.002608	
2025-09-09 10:06:57.067	continuous	6542	4	->		5	4	0.372870	False	1.152197	0.750000	0.002608	
2025-09-09 10:06:57.067	continuous	6543	4	->		5	4	0.373429	False	1.135419	0.750000	0.002608	
2025-09-09 10:06:57.067	continuous	6544	3	->		4	4	0.446735	False	0.834507	0.750000	0.002608	
2025-09-09 10:06:57.068	continuous	6545	4	->		5	4	0.375251	False	1.130911	0.750000	0.002607	
2025-09-09 10:06:57.068	continuous	6546	2	->	3	4	4	0.521259	False	0.632073	0.750000	0.002607	
2025-09-09 10:06:57.068	continuous	6547	4	->		5	4	0.376934	False	1.127212	0.750000	0.002607	
2025-09-09 10:06:57.068	continuous	6548	3	->		4	4	0.451209	False	0.821095	0.750000	0.002606	
2025-09-09 10:06:57.068	continuous	6549	4	->		5	4	0.378755	False	1.122783	0.750000	0.002606	
2025-09-09 10:06:57.068	continuous	6550	2	->		3	4	0.511391	False	2.101833	0.750000	0.002606	
2025-09-09 10:06:57.069	continuous	6551	5	->		6	4	0.388701	False	2.208018	0.750000	0.002606	
2025-09-09 10:06:57.069	continuous	6552	2	->		3	4	0.503280	False	2.036687	0.750000	0.002605	
2025-09-09 10:06:57.069	continuous	6553	3	->	4	5	4	0.406700	False	1.151344	0.750000	0.002605	
2025-09-09 10:06:57.069	continuous	6554	2	->	3	4	4	0.511001	False	0.672486	0.750000	0.002605	
2025-09-09 10:06:57.069	continuous	6555	4	->	5	6	5	0.339353	False	2.072176	0.750000	0.002605	
2025-09-09 10:06:57.069	continuous	6556	4	->	5	6	5	0.337636	False	2.051213	0.750000	0.002604	
2025-09-09 10:06:57.070	continuous	6557	1	->		2	4	0.442969	False	4.011299	0.750000	0.002604	
2025-09-09 10:06:57.070	continuous	6558	3	->	4	5	4	0.401405	False	1.155259	0.750000	0.002604	
2025-09-09 10:06:57.070	continuous	6559	4	->		5	5	0.367454	False	1.107761	0.750000	0.002604	
2025-09-09 10:06:57.070	continuous	6560	2	->	3	4	4	0.504923	False	0.694091	0.750000	0.002603	
2025-09-09 10:06:57.070	continuous	6561	3	->		4	4	0.439880	False	0.869557	0.750000	0.002603	
2025-09-09 10:06:57.071	continuous	6562	3	->	4	5	4	0.405356	False	1.147067	0.750000	0.002603	
2025-09-09 10:06:57.071	continuous	6563	1	->	2	3	4	0.483804	False	1.992194	0.750000	0.002603	
2025-09-09 10:06:57.071	continuous	6564	2	->		3	4	0.492920	False	1.975731	0.750000	0.002602	
2025-09-09 10:06:57.071	continuous	6565	4	->	5	6	5	0.332518	False	2.042269	0.750000	0.002602	
2025-09-09 10:06:57.071	continuous	6566	3	->		4	4	0.433429	False	0.897368	0.750000	0.002602	
2025-09-09 10:06:57.071	continuous	6567	2	->	3	4	4	0.503956	False	0.679944	0.750000	0.002602	
2025-09-09 10:06:57.072	continuous	6568	3	->		4	4	0.438318	False	0.857238	0.750000	0.002601	
2025-09-09 10:06:57.072	continuous	6569	2	->	3	4	4	0.512791	False	0.639116	0.750000	0.002601	
2025-09-09 10:06:57.072	continuous	6570	4	->		5	4	0.368730	False	1.163923	0.750000	0.002601	
2025-09-09 10:06:57.072	continuous	6571	3	->		4	4	0.443160	False	0.831148	0.750000	0.002601	
2025-09-09 10:06:57.072	continuous	6572	5	->		6	4	0.382927	False	2.159536	0.750000	0.002600	
2025-09-09 10:06:57.072	continuous	6573	1	->	2	3	4	0.484785	False	1.954802	0.750000	0.002600	
2025-09-09 10:06:57.073	continuous	6574	2	->	3	4	4	0.512292	False	0.633685	0.750000	0.002600	
2025-09-09 10:06:57.073	continuous	6575	3	->		4	4	0.442751	False	0.815240	0.750000	0.002599	
2025-09-09 10:06:57.073	continuous	6576	4	->		5	4	0.368664	False	1.191897	0.750000	0.002599	
2025-09-09 10:06:57.073	continuous	6577	2	->	3	4	4	0.519713	False	0.608397	0.750000	0.002599	
2025-09-09 10:06:57.073	continuous	6578	3	->	4	5	4	0.407984	False	1.229753	0.750000	0.002599	
2025-09-09 10:06:57.073	continuous	6579	4	->		5	4	0.370542	False	1.167285	0.750000	0.002598	
2025-09-09 10:06:57.074	continuous	6580	3	->	4	5	4	0.407701	False	1.187992	0.750000	0.002598	
2025-09-09 10:06:57.074	continuous	6581	1	->	2	3	4	0.486399	False	1.964693	0.750000	0.002598	
2025-09-09 10:06:57.074	continuous	6582	3	->	4	5	4	0.404844	False	1.171911	0.750000	0.002598	
2025-09-09 10:06:57.074	continuous	6583	4	->	5	6	5	0.335725	False	2.052616	0.750000	0.002597	
2025-09-09 10:06:57.074	continuous	6584	4	->	5	6	5	0.334088	False	2.032063	0.750000	0.002597	
2025-09-09 10:06:57.075	continuous	6585	3	->		4	4	0.437568	False	0.869339	0.750000	0.002597	
2025-09-09 10:06:57.075	continuous	6586	2	->		3	4	0.495360	False	1.970605	0.750000	0.002597	
2025-09-09 10:06:57.075	continuous	6587	3	->	4	5	4	0.400419	False	1.177437	0.750000	0.002596	
2025-09-09 10:06:57.075	continuous	6588	2	->		3	4	0.489348	False	1.917527	0.750000	0.002596	
2025-09-09 10:06:57.075	continuous	6589	2	->	3	4	4	0.498959	False	0.697949	0.750000	0.002596	
2025-09-09 10:06:57.075	continuous	6590	5	->		6	4	0.376360	False	2.128804	0.750000	0.002596	
2025-09-09 10:06:57.076	continuous	6591	4	->		5	5	0.362961	False	1.148411	0.750000	0.002595	
2025-09-09 10:06:57.076	continuous	6592	3	->	4	5	4	0.397917	False	1.162562	0.750000	0.002595	
2025-09-09 10:06:57.076	continuous	6593	1	->	2	3	4	0.471466	False	1.851665	0.750000	0.002595	
2025-09-09 10:06:57.076	continuous	6594	2	->	3	4	4	0.493767	False	0.723018	0.750000	0.002595	
2025-09-09 10:06:57.076	continuous	6595	3	->	4	5	4	0.397386	False	1.164400	0.750000	0.002594	
2025-09-09 10:06:57.076	continuous	6596	4	->	5	6	5	0.330861	False	2.015433	0.750000	0.002594	
2025-09-09 10:06:57.077	continuous	6597	2	->	3	4	4	0.494520	False	0.718569	0.750000	0.002594	
2025-09-09 10:06:57.077	continuous	6598	4	->		5	5	0.363377	False	1.132817	0.750000	0.002593	
2025-09-09 10:06:57.077	continuous	6599	4	->		5	5	0.364231	False	1.116780	0.750000	0.002593	
2025-09-09 10:06:57.077	continuous	6600	3	->		4	4	0.432438	False	0.919136	0.750000	0.002593	
2025-09-09 10:06:57.077	continuous	6601	4	->		5	5	0.365978	False	1.112707	0.750000	0.002593	
2025-09-09 10:06:57.077	continuous	6602	3	->	4	5	4	0.400633	False	1.123871	0.750000	0.002592	
2025-09-09 10:06:57.078	continuous	6603	2	->	3	4	4	0.498333	False	0.727133	0.750000	0.002592	
2025-09-09 10:06:57.078	continuous	6604	3	->		4	4	0.436852	False	0.902475	0.750000	0.002592	
2025-09-09 10:06:57.078	continuous	6605	3	->		4	4	0.439197	False	0.881949	0.750000	0.002592	
2025-09-09 10:06:57.078	continuous	6606	2	->	3	4	4	0.510710	False	0.661522	0.750000	0.002591	
2025-09-09 10:06:57.078	continuous	6607	4	->		5	4	0.371151	False	1.128767	0.750000	0.002591	
2025-09-09 10:06:57.078	continuous	6608	5	->		6	4	0.383495	False	2.151571	0.750000	0.002591	
2025-09-09 10:06:57.079	continuous	6609	2	->	3	4	4	0.510963	False	0.658503	0.750000	0.002591	
2025-09-09 10:06:57.079	continuous	6610	3	->	4	5	4	0.406937	False	1.164833	0.750000	0.002590	
2025-09-09 10:06:57.079	continuous	6611	4	->	5	6	5	0.337334	False	2.024323	0.750000	0.002590	
2025-09-09 10:06:57.079	continuous	6612	3	->		4	4	0.441576	False	0.859580	0.750000	0.002590	
2025-09-09 10:06:57.079	continuous	6613	4	->		5	4	0.370859	False	1.126791	0.750000	0.002590	
2025-09-09 10:06:57.079	continuous	6614	5	->		6	4	0.383170	False	2.119934	0.750000	0.002589	
2025-09-09 10:06:57.080	continuous	6615	4	->		5	5	0.369688	False	1.114766	0.750000	0.002589	
2025-09-09 10:06:57.080	continuous	6616	3	->	4	5	4	0.405718	False	1.129452	0.750000	0.002589	
2025-09-09 10:06:57.080	continuous	6617	2	->	3	4	4	0.508385	False	0.683514	0.750000	0.002589	
2025-09-09 10:06:57.080	continuous	6618	2	->	3	4	4	0.512759	False	0.661227	0.750000	0.002588	
2025-09-09 10:06:57.080	continuous	6619	4	->		5	5	0.372947	False	1.106659	0.750000	0.002588	
2025-09-09 10:06:57.080	continuous	6620	2	->		3	4	0.500437	False	2.065978	0.750000	0.002588	
2025-09-09 10:06:57.081	continuous	6621	4	->		5	5	0.371335	False	1.096059	0.750000	0.002588	
2025-09-09 10:06:57.081	continuous	6622	4	->	5	6	5	0.338439	False	2.012322	0.750000	0.002587	
2025-09-09 10:06:57.081	continuous	6623	2	->	3	4	4	0.507173	False	0.685060	0.750000	0.002587	
2025-09-09 10:06:57.081	continuous	6624	3	->		4	4	0.442425	False	0.866812	0.750000	0.002587	
2025-09-09 10:06:57.081	continuous	6625	5	->		6	4	0.383801	False	2.106643	0.750000	0.002586	
2025-09-09 10:06:57.081	continuous	6626	4	->	5	6	5	0.336249	False	1.976805	0.750000	0.002586	
2025-09-09 10:06:57.082	continuous	6627	4	->		5	5	0.368802	False	1.118063	0.750000	0.002586	
2025-09-09 10:06:57.082	continuous	6628	2	->	3	4	4	0.509535	False	0.664850	0.750000	0.002586	
2025-09-09 10:06:57.082	continuous	6629	4	->		5	5	0.370464	False	1.114645	0.750000	0.002585	
2025-09-09 10:06:57.082	continuous	6630	4	->		5	5	0.371299	False	1.098491	0.750000	0.002585	
2025-09-09 10:06:57.082	continuous	6631	1	->	2	3	4	0.482078	False	2.026450	0.750000	0.002585	
2025-09-09 10:06:57.083	continuous	6632	2	->	3	4	4	0.506676	False	0.682139	0.750000	0.002585	
2025-09-09 10:06:57.083	continuous	6633	3	->		4	4	0.441759	False	0.865853	0.750000	0.002584	
2025-09-09 10:06:57.083	continuous	6634	5	->		6	4	0.382968	False	2.085318	0.750000	0.002584	
2025-09-09 10:06:57.083	continuous	6635	4	->		5	5	0.369674	False	1.118598	0.750000	0.002584	
2025-09-09 10:06:57.083	continuous	6636	4	->	5	6	5	0.336583	False	1.962404	0.750000	0.002584	
2025-09-09 10:06:57.084	continuous	6637	4	->		5	5	0.368952	False	1.106752	0.750000	0.002583	
2025-09-09 10:06:57.084	continuous	6638	4	->	5	6	5	0.336137	False	1.946952	0.750000	0.002583	
2025-09-09 10:06:57.084	continuous	6639	3	->	4	5	4	0.403193	False	1.127100	0.750000	0.002583	
2025-09-09 10:06:57.084	continuous	6640	2	->	3	4	4	0.504156	False	0.694400	0.750000	0.002583	
2025-09-09 10:06:57.084	continuous	6641	3	->		4	4	0.440202	False	0.878861	0.750000	0.002582	
2025-09-09 10:06:57.084	continuous	6642	4	->	5	6	5	0.336816	False	1.940199	0.750000	0.002582	
2025-09-09 10:06:57.085	continuous	6643	3	->	4	5	4	0.404997	False	1.141434	0.750000	0.002582	
2025-09-09 10:06:57.085	continuous	6644	2	->	3	4	4	0.508881	False	0.670717	0.750000	0.002582	
2025-09-09 10:06:57.085	continuous	6645	3	->		4	4	0.442949	False	0.857576	0.750000	0.002581	
2025-09-09 10:06:57.085	continuous	6646	3	->		4	4	0.445594	False	0.837920	0.750000	0.002581	
2025-09-09 10:06:57.085	continuous	6647	4	->		5	4	0.372927	False	1.125616	0.750000	0.002581	
2025-09-09 10:06:57.085	continuous	6648	3	->		4	4	0.447957	False	0.830757	0.750000	0.002581	
2025-09-09 10:06:57.086	continuous	6649	2	->	3	4	4	0.525368	False	0.603822	0.750000	0.002580	
2025-09-09 10:06:57.086	continuous	6650	2	->	3	4	4	0.530207	False	0.584977	0.750000	0.002580	
2025-09-09 10:06:57.086	continuous	6651	4	->	5	6	5	0.341467	False	1.955828	0.750000	0.002580	
2025-09-09 10:06:57.086	continuous	6652	3	->	4	5	4	0.414292	False	1.196409	0.750000	0.002580	
2025-09-09 10:06:57.086	continuous	6653	5	->		6	4	0.387725	False	2.042022	0.750000	0.002579	
2025-09-09 10:06:57.086	continuous	6654	2	->	3	4	4	0.526897	False	0.592471	0.750000	0.002579	
2025-09-09 10:06:57.087	continuous	6655	4	->	5	6	5	0.339559	False	1.920677	0.750000	0.002579	
2025-09-09 10:06:57.087	continuous	6656	2	->	3	4	4	0.529462	False	0.578565	0.750000	0.002578	
2025-09-09 10:06:57.087	continuous	6657	5	->		6	4	0.386812	False	2.004399	0.750000	0.002578	
2025-09-09 10:06:57.087	continuous	6658	5	->		6	4	0.384783	False	1.977488	0.750000	0.002578	
2025-09-09 10:06:57.087	continuous	6659	4	->	5	6	5	0.335668	False	1.860374	0.750000	0.002578	
2025-09-09 10:06:57.087	continuous	6660	4	->		5	4	0.369292	False	1.174660	0.750000	0.002577	
2025-09-09 10:06:57.088	continuous	6661	4	->	5	6	5	0.335068	False	1.845487	0.750000	0.002577	
2025-09-09 10:06:57.088	continuous	6662	3	->		4	4	0.445198	False	0.809796	0.750000	0.002577	
2025-09-09 10:06:57.088	continuous	6663	3	->		4	4	0.448254	False	0.791491	0.750000	0.002577	
2025-09-09 10:06:57.088	continuous	6664	3	->	4	5	4	0.410789	False	1.236262	0.750000	0.002576	
2025-09-09 10:06:57.088	continuous	6665	3	->	4	5	4	0.410359	False	1.212825	0.750000	0.002576	
2025-09-09 10:06:57.089	continuous	6666	4	->	5	6	5	0.336905	False	1.845276	0.750000	0.002576	
2025-09-09 10:06:57.089	continuous	6667	1	->	2	3	4	0.485965	False	2.191735	0.750000	0.002576	
2025-09-09 10:06:57.089	continuous	6668	3	->		4	4	0.443349	False	0.822342	0.750000	0.002575	
2025-09-09 10:06:57.089	continuous	6669	2	->	3	4	4	0.522826	False	0.589641	0.750000	0.002575	
2025-09-09 10:06:57.089	continuous	6670	4	->		5	4	0.369989	False	1.178573	0.750000	0.002575	
2025-09-09 10:06:57.089	continuous	6671	2	->	3	4	4	0.525716	False	0.583390	0.750000	0.002575	
2025-09-09 10:06:57.090	continuous	6672	2	->	3	4	4	0.530779	False	0.565571	0.750000	0.002574	
2025-09-09 10:06:57.090	continuous	6673	3	->		4	4	0.454325	False	0.763238	0.750000	0.002574	
2025-09-09 10:06:57.090	continuous	6674	4	->		5	4	0.374171	False	1.196716	0.750000	0.002574	
2025-09-09 10:06:57.090	continuous	6675	5	->		6	4	0.387154	False	1.952871	0.750000	0.002574	
2025-09-09 10:06:57.090	continuous	6676	3	->	4	5	4	0.413036	False	1.235670	0.750000	0.002573	
2025-09-09 10:06:57.090	continuous	6677	5	->		6	4	0.385181	False	1.930003	0.750000	0.002573	
2025-09-09 10:06:57.091	continuous	6678	3	->		4	4	0.450311	False	0.787817	0.750000	0.002573	
2025-09-09 10:06:57.091	continuous	6679	3	->		4	4	0.453481	False	0.769967	0.750000	0.002573	
2025-09-09 10:06:57.091	continuous	6680	1	->	2	3	4	0.496314	False	2.236345	0.750000	0.002572	
2025-09-09 10:06:57.091	continuous	6681	4	->	5	6	4	0.335923	False	1.828284	0.750000	0.002572	
2025-09-09 10:06:57.091	continuous	6682	2	->	3	4	4	0.530855	False	0.557153	0.750000	0.002572	
2025-09-09 10:06:57.091	continuous	6683	4	->		5	4	0.370989	False	1.209574	0.750000	0.002572	
2025-09-09 10:06:57.092	continuous	6684	2	->	3	4	4	0.533529	False	0.551995	0.750000	0.002571	
2025-09-09 10:06:57.092	continuous	6685	4	->		5	4	0.372491	False	1.203358	0.750000	0.002571	
2025-09-09 10:06:57.092	continuous	6686	4	->	5	6	4	0.337474	False	1.827068	0.750000	0.002571	
2025-09-09 10:06:57.092	continuous	6687	2	->	3	4	4	0.533746	False	0.551896	0.750000	0.002571	
2025-09-09 10:06:57.092	continuous	6688	3	->		4	4	0.455802	False	0.751805	0.750000	0.002570	
2025-09-09 10:06:57.092	continuous	6689	2	->	3	4	4	0.544232	False	0.519574	0.750000	0.002570	
2025-09-09 10:06:57.093	continuous	6690	4	->	5	6	4	0.339232	False	1.823777	0.750000	0.002570	
2025-09-09 10:06:57.093	continuous	6691	4	->	5	6	4	0.337973	False	1.804840	0.750000	0.002569	
2025-09-09 10:06:57.093	continuous	6692	4	->		5	4	0.372664	False	1.231342	0.750000	0.002569	
2025-09-09 10:06:57.093	continuous	6693	5	->		6	4	0.385779	False	1.876026	0.750000	0.002569	
2025-09-09 10:06:57.093	continuous	6694	3	->	4	5	4	0.412706	False	1.276865	0.750000	0.002569	
2025-09-09 10:06:57.093	continuous	6695	3	->		4	4	0.453105	False	0.765445	0.750000	0.002568	
2025-09-09 10:06:57.094	continuous	6696	2	->	3	4	4	0.540070	False	0.530835	0.750000	0.002568	
2025-09-09 10:06:57.094	continuous	6697	1	->	2	3	4	0.499028	False	2.279837	0.750000	0.002568	
2025-09-09 10:06:57.094	continuous	6698	3	->		4	4	0.455074	False	0.747137	0.750000	0.002568	
2025-09-09 10:06:57.094	continuous	6699	3	->	4	5	4	0.415294	False	1.297894	0.750000	0.002567	
2025-09-09 10:06:57.094	continuous	6700	4	->		5	4	0.372458	False	1.212632	0.750000	0.002567	
2025-09-09 10:06:57.094	continuous	6701	2	->		3	4	0.516695	False	2.303624	0.750000	0.002567	
2025-09-09 10:06:57.095	continuous	6702	4	->	5	6	4	0.334870	False	1.794378	0.750000	0.002567	
2025-09-09 10:06:57.095	continuous	6703	1	->		2	4	0.444957	False	4.116227	0.750000	0.002566	
2025-09-09 10:06:57.095	continuous	6704	5	->		6	4	0.377394	False	1.850971	0.750000	0.002566	
2025-09-09 10:06:57.095	continuous	6705	5	->		6	4	0.375776	False	1.826172	0.750000	0.002566	
2025-09-09 10:06:57.095	continuous	6706	4	->		5	4	0.362291	False	1.210325	0.750000	0.002566	
2025-09-09 10:06:57.095	continuous	6707	3	->	4	5	4	0.401708	False	1.244418	0.750000	0.002565	
2025-09-09 10:06:57.096	continuous	6708	5	->		6	4	0.374635	False	1.810425	0.750000	0.002565	
2025-09-09 10:06:57.096	continuous	6709	3	->		4	4	0.437315	False	0.837633	0.750000	0.002565	
2025-09-09 10:06:57.096	continuous	6710	4	->	5	6	5	0.328841	False	1.723734	0.750000	0.002565	
2025-09-09 10:06:57.096	continuous	6711	3	->	4	5	4	0.400618	False	1.244722	0.750000	0.002564	
2025-09-09 10:06:57.096	continuous	6712	2	->		3	4	0.492683	False	2.242183	0.750000	0.002564	
2025-09-09 10:06:57.096	continuous	6713	1	->	2	3	4	0.468538	False	2.123530	0.750000	0.002564	
2025-09-09 10:06:57.097	continuous	6714	2	->	3	4	4	0.500788	False	0.646807	0.750000	0.002564	
2025-09-09 10:06:57.097	continuous	6715	4	->	5	6	5	0.325147	False	1.717303	0.750000	0.002563	
2025-09-09 10:06:57.097	continuous	6716	4	->	5	6	5	0.324365	False	1.700062	0.750000	0.002563	
2025-09-09 10:06:57.097	continuous	6717	3	->	4	5	4	0.393995	False	1.252741	0.750000	0.002563	
2025-09-09 10:06:57.097	continuous	6718	3	->	4	5	4	0.393917	False	1.229976	0.750000	0.002563	
2025-09-09 10:06:57.098	continuous	6719	4	->		5	5	0.357965	False	1.165799	0.750000	0.002562	
2025-09-09 10:06:57.098	continuous	6720	5	->		6	4	0.369221	False	1.759554	0.750000	0.002562	
2025-09-09 10:06:57.098	continuous	6721	3	->	4	5	4	0.392966	False	1.194304	0.750000	0.002562	
2025-09-09 10:06:57.098	continuous	6722	4	->		5	5	0.358475	False	1.136384	0.750000	0.002562	
2025-09-09 10:06:57.098	continuous	6723	3	->		4	4	0.426569	False	0.931864	0.750000	0.002561	
2025-09-09 10:06:57.098	continuous	6724	2	->	3	4	4	0.494735	False	0.689536	0.750000	0.002561	
2025-09-09 10:06:57.099	continuous	6725	4	->	5	6	5	0.327882	False	1.697853	0.750000	0.002561	
2025-09-09 10:06:57.099	continuous	6726	4	->	5	6	5	0.327132	False	1.680677	0.750000	0.002561	
2025-09-09 10:06:57.099	continuous	6727	1	->	2	3	4	0.461994	False	2.137624	0.750000	0.002560	
2025-09-09 10:06:57.099	continuous	6728	4	->		5	5	0.356882	False	1.159597	0.750000	0.002560	
2025-09-09 10:06:57.099	continuous	6729	4	->		5	5	0.357728	False	1.143404	0.750000	0.002560	
2025-09-09 10:06:57.099	continuous	6730	3	->		4	4	0.425465	False	0.934846	0.750000	0.002559	
2025-09-09 10:06:57.100	continuous	6731	5	->		6	4	0.369531	False	1.740368	0.750000	0.002559	
2025-09-09 10:06:57.100	continuous	6732	3	->		4	4	0.426217	False	0.920535	0.750000	0.002559	
2025-09-09 10:06:57.100	continuous	6733	2	->	3	4	4	0.495333	False	0.677262	0.750000	0.002559	
2025-09-09 10:06:57.100	continuous	6734	2	->		3	4	0.482609	False	2.186024	0.750000	0.002558	
2025-09-09 10:06:57.100	continuous	6735	1	->	2	3	4	0.460210	False	2.072678	0.750000	0.002558	
2025-09-09 10:06:57.100	continuous	6736	5	->		6	4	0.365813	False	1.733001	0.750000	0.002558	
2025-09-09 10:06:57.101	continuous	6737	1	->	2	3	4	0.454468	False	2.018425	0.750000	0.002558	
2025-09-09 10:06:57.101	continuous	6738	2	->	3	4	4	0.483843	False	0.705360	0.750000	0.002557	
2025-09-09 10:06:57.101	continuous	6739	3	->	4	5	4	0.388840	False	1.246526	0.750000	0.002557	
2025-09-09 10:06:57.101	continuous	6740	4	->	5	6	5	0.322097	False	1.666878	0.750000	0.002557	
2025-09-09 10:06:57.101	continuous	6741	3	->		4	4	0.420977	False	0.925311	0.750000	0.002557	
2025-09-09 10:06:57.101	continuous	6742	3	->	4	5	4	0.389677	False	1.243141	0.750000	0.002556	
2025-09-09 10:06:57.102	continuous	6743	4	->		5	5	0.354830	False	1.177498	0.750000	0.002556	
2025-09-09 10:06:57.102	continuous	6744	4	->		5	5	0.355624	False	1.161095	0.750000	0.002556	
2025-09-09 10:06:57.102	continuous	6745	3	->		4	4	0.422759	False	0.940431	0.750000	0.002556	
2025-09-09 10:06:57.102	continuous	6746	5	->		6	4	0.367240	False	1.735262	0.750000	0.002555	
2025-09-09 10:06:57.102	continuous	6747	4	->	5	6	5	0.324375	False	1.656237	0.750000	0.002555	
2025-09-09 10:06:57.102	continuous	6748	4	->		5	5	0.355493	False	1.166559	0.750000	0.002555	
2025-09-09 10:06:57.103	continuous	6749	3	->		4	4	0.422312	False	0.942537	0.750000	0.002555	
2025-09-09 10:06:57.103	continuous	6750	4	->		5	5	0.357048	False	1.161460	0.750000	0.002554	
2025-09-09 10:06:57.103	continuous	6751	2	->		3	4	0.471614	False	2.105099	0.750000	0.002554	
2025-09-09 10:06:57.103	continuous	6752	5	->		6	5	0.365499	False	1.712100	0.750000	0.002554	
2025-09-09 10:06:57.103	continuous	6753	4	->	5	6	5	0.323623	False	1.637338	0.750000	0.002554	
2025-09-09 10:06:57.104	continuous	6754	4	->	5	6	5	0.323104	False	1.620764	0.750000	0.002553	
2025-09-09 10:06:57.104	continuous	6755	4	->		5	5	0.353723	False	1.166441	0.750000	0.002553	
2025-09-09 10:06:57.104	continuous	6756	4	->	5	6	5	0.323614	False	1.609661	0.750000	0.002553	
2025-09-09 10:06:57.104	continuous	6757	4	->	5	6	5	0.323175	False	1.593314	0.750000	0.002553	
2025-09-09 10:06:57.104	continuous	6758	4	->	5	6	5	0.322789	False	1.577116	0.750000	0.002552	
2025-09-09 10:06:57.104	continuous	6759	4	->		5	5	0.353071	False	1.166559	0.750000	0.002552	
2025-09-09 10:06:57.105	continuous	6760	3	->		4	4	0.415049	False	1.003010	0.750000	0.002552	
2025-09-09 10:06:57.105	continuous	6761	4	->		5	5	0.354479	False	1.161372	0.750000	0.002552	
2025-09-09 10:06:57.105	continuous	6762	5	->		6	5	0.364407	False	1.620226	0.750000	0.002551	
2025-09-09 10:06:57.105	continuous	6763	4	->		5	5	0.354766	False	1.151322	0.750000	0.002551	
2025-09-09 10:06:57.105	continuous	6764	3	->	4	5	4	0.387484	False	1.171253	0.750000	0.002551	
2025-09-09 10:06:57.105	continuous	6765	4	->	5	6	5	0.326404	False	1.570686	0.750000	0.002551	
2025-09-09 10:06:57.106	continuous	6766	4	->	5	6	5	0.326051	False	1.554547	0.750000	0.002550	
2025-09-09 10:06:57.106	continuous	6767	4	->	5	6	5	0.325752	False	1.538550	0.750000	0.002550	
2025-09-09 10:06:57.106	continuous	6768	3	->	4	5	5	0.386335	False	1.168907	0.750000	0.002550	
2025-09-09 10:06:57.106	continuous	6769	5	->		6	5	0.364900	False	1.562693	0.750000	0.002550	
2025-09-09 10:06:57.106	continuous	6770	5	->		6	5	0.364321	False	1.541507	0.750000	0.002549	
2025-09-09 10:06:57.106	continuous	6771	3	->		4	4	0.412106	False	1.068090	0.750000	0.002549	
2025-09-09 10:06:57.107	continuous	6772	2	->	3	4	4	0.465358	False	0.824520	0.750000	0.002549	
2025-09-09 10:06:57.107	continuous	6773	4	->		5	5	0.356153	False	1.153065	0.750000	0.002548	
2025-09-09 10:06:57.107	continuous	6774	2	->		3	4	0.456088	False	2.154445	0.750000	0.002548	
2025-09-09 10:06:57.107	continuous	6775	3	->	4	5	5	0.385845	False	1.178094	0.750000	0.002548	
2025-09-09 10:06:57.107	continuous	6776	5	->		6	5	0.364432	False	1.552447	0.750000	0.002548	
2025-09-09 10:06:57.107	continuous	6777	2	->	3	4	4	0.462358	False	0.844375	0.750000	0.002547	
2025-09-09 10:06:57.108	continuous	6778	2	->		3	4	0.453776	False	2.117734	0.750000	0.002547	
2025-09-09 10:06:57.108	continuous	6779	4	->		5	5	0.354106	False	1.149092	0.750000	0.002547	
2025-09-09 10:06:57.108	continuous	6780	4	->		5	5	0.355150	False	1.133199	0.750000	0.002547	
2025-09-09 10:06:57.108	continuous	6781	3	->		4	4	0.412157	False	1.070519	0.750000	0.002546	
2025-09-09 10:06:57.108	continuous	6782	4	->		5	5	0.356423	False	1.128448	0.750000	0.002546	
2025-09-09 10:06:57.108	continuous	6783	3	->	4	5	5	0.387671	False	1.145030	0.750000	0.002546	
2025-09-09 10:06:57.109	continuous	6784	2	->	3	4	4	0.464058	False	0.853106	0.750000	0.002546	
2025-09-09 10:06:57.109	continuous	6785	3	->	4	5	5	0.389258	False	1.139804	0.750000	0.002545	
2025-09-09 10:06:57.109	continuous	6786	4	->	5	6	5	0.330134	False	1.552528	0.750000	0.002545	
2025-09-09 10:06:57.109	continuous	6787	1	->	2	3	4	0.444271	False	2.082999	0.750000	0.002545	
2025-09-09 10:06:57.109	continuous	6788	3	->		4	4	0.413253	False	1.072650	0.750000	0.002545	
2025-09-09 10:06:57.109	continuous	6789	4	->		5	5	0.357750	False	1.114661	0.750000	0.002544	
2025-09-09 10:06:57.110	continuous	6790	4	->	5	6	5	0.329220	False	1.550791	0.750000	0.002544	
2025-09-09 10:06:57.110	continuous	6791	3	->		4	4	0.414497	False	1.063584	0.750000	0.002544	
2025-09-09 10:06:57.110	continuous	6792	3	->	4	5	5	0.389187	False	1.150531	0.750000	0.002544	
2025-09-09 10:06:57.110	continuous	6793	1	->	2	3	4	0.444717	False	2.067047	0.750000	0.002543	
2025-09-09 10:06:57.110	continuous	6794	2	->	3	4	4	0.463703	False	0.844555	0.750000	0.002543	
2025-09-09 10:06:57.111	continuous	6795	3	->		4	4	0.415731	False	1.036031	0.750000	0.002543	
2025-09-09 10:06:57.111	continuous	6796	3	->	4	5	5	0.389595	False	1.166919	0.750000	0.002543	
2025-09-09 10:06:57.111	continuous	6797	3	->		4	4	0.417770	False	1.025650	0.750000	0.002542	
2025-09-09 10:06:57.111	continuous	6798	2	->	3	4	4	0.474505	False	0.779308	0.750000	0.002542	
2025-09-09 10:06:57.111	continuous	6799	4	->	5	6	5	0.329690	False	1.577247	0.750000	0.002542	
2025-09-09 10:06:57.111	continuous	6800	4	->		5	5	0.359410	False	1.140133	0.750000	0.002542	
2025-09-09 10:06:57.112	continuous	6801	2	->	3	4	4	0.476492	False	0.770066	0.750000	0.002541	
2025-09-09 10:06:57.112	continuous	6802	2	->	3	4	4	0.481023	False	0.743840	0.750000	0.002541	
2025-09-09 10:06:57.112	continuous	6803	4	->		5	5	0.361169	False	1.147815	0.750000	0.002541	
2025-09-09 10:06:57.112	continuous	6804	3	->	4	5	4	0.395104	False	1.174248	0.750000	0.002541	
2025-09-09 10:06:57.112	continuous	6805	3	->	4	5	4	0.395658	False	1.152498	0.750000	0.002540	
2025-09-09 10:06:57.112	continuous	6806	3	->	4	5	5	0.396345	False	1.131178	0.750000	0.002540	
2025-09-09 10:06:57.113	continuous	6807	1	->	2	3	4	0.454766	False	2.125274	0.750000	0.002540	
2025-09-09 10:06:57.113	continuous	6808	4	->		5	5	0.363353	False	1.084579	0.750000	0.002540	
2025-09-09 10:06:57.113	continuous	6809	3	->		4	4	0.423028	False	1.022669	0.750000	0.002539	
2025-09-09 10:06:57.113	continuous	6810	1	->	2	3	4	0.453929	False	2.087063	0.750000	0.002539	
2025-09-09 10:06:57.113	continuous	6811	2	->	3	4	4	0.476517	False	0.785998	0.750000	0.002539	
2025-09-09 10:06:57.113	continuous	6812	3	->	4	5	5	0.395142	False	1.138223	0.750000	0.002539	
2025-09-09 10:06:57.114	continuous	6813	4	->	5	6	5	0.333991	False	1.627439	0.750000	0.002538	
2025-09-09 10:06:57.114	continuous	6814	2	->	3	4	4	0.478072	False	0.779148	0.750000	0.002538	
2025-09-09 10:06:57.114	continuous	6815	4	->	5	6	5	0.333384	False	1.615329	0.750000	0.002538	
2025-09-09 10:06:57.114	continuous	6816	2	->		3	4	0.466219	False	2.111533	0.750000	0.002538	
2025-09-09 10:06:57.114	continuous	6817	3	->	4	5	5	0.392641	False	1.150612	0.750000	0.002537	
2025-09-09 10:06:57.115	continuous	6818	3	->	4	5	5	0.393417	False	1.129483	0.750000	0.002537	
2025-09-09 10:06:57.115	continuous	6819	4	->	5	6	5	0.333609	False	1.612665	0.750000	0.002537	
2025-09-09 10:06:57.115	continuous	6820	4	->	5	6	5	0.333066	False	1.595691	0.750000	0.002537	
2025-09-09 10:06:57.115	continuous	6821	4	->		5	5	0.362108	False	1.088846	0.750000	0.002536	
2025-09-09 10:06:57.115	continuous	6822	5	->		6	5	0.371208	False	1.631734	0.750000	0.002536	
2025-09-09 10:06:57.115	continuous	6823	2	->	3	4	4	0.468976	False	0.831949	0.750000	0.002536	
2025-09-09 10:06:57.116	continuous	6824	4	->		5	5	0.362624	False	1.092454	0.750000	0.002536	
2025-09-09 10:06:57.116	continuous	6825	2	->	3	4	4	0.472528	False	0.814932	0.750000	0.002535	
2025-09-09 10:06:57.116	continuous	6826	4	->		5	5	0.363895	False	1.089308	0.750000	0.002535	
2025-09-09 10:06:57.116	continuous	6827	4	->		5	5	0.365137	False	1.073759	0.750000	0.002535	
2025-09-09 10:06:57.116	continuous	6828	4	->		5	5	0.366452	False	1.058417	0.750000	0.002535	
2025-09-09 10:06:57.116	continuous	6829	5	->		6	5	0.375464	False	1.649990	0.750000	0.002534	
2025-09-09 10:06:57.117	continuous	6830	3	->		4	4	0.422645	False	1.054807	0.750000	0.002534	
2025-09-09 10:06:57.117	continuous	6831	3	->	4	5	5	0.397551	False	1.094056	0.750000	0.002534	
2025-09-09 10:06:57.117	continuous	6832	2	->	3	4	4	0.476333	False	0.819082	0.750000	0.002534	
2025-09-09 10:06:57.117	continuous	6833	3	->	4	5	5	0.399224	False	1.089799	0.750000	0.002533	
2025-09-09 10:06:57.117	continuous	6834	4	->		5	5	0.369721	False	1.040025	0.750000	0.002533	
2025-09-09 10:06:57.117	continuous	6835	3	->		4	4	0.427506	False	1.043571	0.750000	0.002533	
2025-09-09 10:06:57.118	continuous	6836	3	->		4	4	0.429100	False	1.017683	0.750000	0.002532	
2025-09-09 10:06:57.118	continuous	6837	3	->	4	5	5	0.402870	False	1.082764	0.750000	0.002532	
2025-09-09 10:06:57.118	continuous	6838	4	->	5	6	5	0.342558	False	1.625694	0.750000	0.002532	
2025-09-09 10:06:57.118	continuous	6839	1	->	2	3	4	0.459369	False	2.168962	0.750000	0.002532	
2025-09-09 10:06:57.118	continuous	6840	3	->		4	4	0.427131	False	1.022798	0.750000	0.002531	
2025-09-09 10:06:57.118	continuous	6841	3	->	4	5	5	0.401162	False	1.091934	0.750000	0.002531	
2025-09-09 10:06:57.119	continuous	6842	3	->		4	4	0.429299	False	1.012607	0.750000	0.002531	
2025-09-09 10:06:57.119	continuous	6843	2	->	3	4	4	0.487219	False	0.760675	0.750000	0.002531	
2025-09-09 10:06:57.119	continuous	6844	3	->	4	5	5	0.403866	False	1.102662	0.750000	0.002530	
2025-09-09 10:06:57.119	continuous	6845	3	->	4	5	5	0.404743	False	1.081683	0.750000	0.002530	
2025-09-09 10:06:57.119	continuous	6846	3	->	4	5	5	0.405752	False	1.061145	0.750000	0.002530	
2025-09-09 10:06:57.120	continuous	6847	4	->	5	6	5	0.345310	False	1.649869	0.750000	0.002530	
2025-09-09 10:06:57.120	continuous	6848	3	->		4	4	0.432759	False	1.013065	0.750000	0.002529	
2025-09-09 10:06:57.120	continuous	6849	2	->	3	4	4	0.490690	False	0.760555	0.750000	0.002529	
2025-09-09 10:06:57.120	continuous	6850	1	->	2	3	4	0.465908	False	2.196302	0.750000	0.002529	
2025-09-09 10:06:57.120	continuous	6851	4	->		5	5	0.372166	False	1.051141	0.750000	0.002529	
2025-09-09 10:06:57.120	continuous	6852	2	->	3	4	4	0.490128	False	0.757274	0.750000	0.002528	
2025-09-09 10:06:57.121	continuous	6853	4	->		5	5	0.373551	False	1.048664	0.750000	0.002528	
2025-09-09 10:06:57.121	continuous	6854	4	->		5	5	0.374884	False	1.033261	0.750000	0.002528	
2025-09-09 10:06:57.121	continuous	6855	3	->		4	4	0.436403	False	0.984289	0.750000	0.002528	
2025-09-09 10:06:57.121	continuous	6856	4	->	5	6	5	0.346038	False	1.669931	0.750000	0.002527	
2025-09-09 10:06:57.121	continuous	6857	4	->		5	5	0.375415	False	1.036324	0.750000	0.002527	
2025-09-09 10:06:57.121	continuous	6858	3	->		4	4	0.437357	False	0.976583	0.750000	0.002527	
2025-09-09 10:06:57.122	continuous	6859	5	->		6	5	0.385330	False	1.729214	0.750000	0.002527	
2025-09-09 10:06:57.122	continuous	6860	2	->	3	4	4	0.496267	False	0.729514	0.750000	0.002526	
2025-09-09 10:06:57.122	continuous	6861	4	->	5	6	5	0.345465	False	1.646388	0.750000	0.002526	
2025-09-09 10:06:57.122	continuous	6862	4	->		5	5	0.374976	False	1.058535	0.750000	0.002526	
2025-09-09 10:06:57.122	continuous	6863	4	->		5	5	0.376238	False	1.042867	0.750000	0.002526	
2025-09-09 10:06:57.122	continuous	6864	4	->		5	5	0.377578	False	1.027427	0.750000	0.002525	
2025-09-09 10:06:57.123	continuous	6865	5	->		6	5	0.386960	False	1.710267	0.750000	0.002525	
2025-09-09 10:06:57.123	continuous	6866	3	->	4	5	5	0.409752	False	1.053599	0.750000	0.002525	
2025-09-09 10:06:57.123	continuous	6867	2	->	3	4	4	0.493242	False	0.769831	0.750000	0.002525	
2025-09-09 10:06:57.123	continuous	6868	3	->		4	4	0.439735	False	0.972401	0.750000	0.002524	
2025-09-09 10:06:57.123	continuous	6869	5	->		6	5	0.387588	False	1.706228	0.750000	0.002524	
2025-09-09 10:06:57.123	continuous	6870	2	->	3	4	4	0.499078	False	0.723299	0.750000	0.002524	
2025-09-09 10:06:57.124	continuous	6871	2	->		3	4	0.487066	False	2.330909	0.750000	0.002524	
2025-09-09 10:06:57.124	continuous	6872	5	->		6	5	0.384113	False	1.688396	0.750000	0.002523	
2025-09-09 10:06:57.124	continuous	6873	2	->		3	4	0.480161	False	2.264620	0.750000	0.002523	
2025-09-09 10:06:57.124	continuous	6874	4	->	5	6	5	0.342736	False	1.607059	0.750000	0.002523	
2025-09-09 10:06:57.124	continuous	6875	4	->		5	5	0.371682	False	1.070671	0.750000	0.002523	
2025-09-09 10:06:57.125	continuous	6876	3	->		4	4	0.432430	False	0.982682	0.750000	0.002522	
2025-09-09 10:06:57.125	continuous	6877	1	->	2	3	4	0.462209	False	2.170857	0.750000	0.002522	
2025-09-09 10:06:57.125	continuous	6878	2	->		3	4	0.473286	False	2.160410	0.750000	0.002522	
2025-09-09 10:06:57.125	continuous	6879	3	->	4	5	5	0.400421	False	1.122403	0.750000	0.002522	
2025-09-09 10:06:57.125	continuous	6880	3	->		4	4	0.428470	False	0.998747	0.750000	0.002521	
2025-09-09 10:06:57.125	continuous	6881	3	->	4	5	5	0.402252	False	1.116207	0.750000	0.002521	
2025-09-09 10:06:57.126	continuous	6882	2	->	3	4	4	0.486084	False	0.758093	0.750000	0.002521	
2025-09-09 10:06:57.126	continuous	6883	2	->	3	4	4	0.490607	False	0.731248	0.750000	0.002521	
2025-09-09 10:06:57.126	continuous	6884	3	->		4	4	0.434805	False	0.939525	0.750000	0.002520	
2025-09-09 10:06:57.126	continuous	6885	3	->	4	5	4	0.406277	False	1.142114	0.750000	0.002520	
2025-09-09 10:06:57.126	continuous	6886	3	->		4	4	0.436974	False	0.931638	0.750000	0.002520	
2025-09-09 10:06:57.126	continuous	6887	1	->	2	3	4	0.467212	False	2.133786	0.750000	0.002520	
2025-09-09 10:06:57.127	continuous	6888	2	->	3	4	4	0.498443	False	0.687465	0.750000	0.002519	
2025-09-09 10:06:57.127	continuous	6889	2	->	3	4	4	0.503497	False	0.663859	0.750000	0.002519	
2025-09-09 10:06:57.127	continuous	6890	2	->	3	4	4	0.508664	False	0.641438	0.750000	0.002519	
2025-09-09 10:06:57.127	continuous	6891	5	->		6	4	0.382684	False	1.737597	0.750000	0.002519	
2025-09-09 10:06:57.127	continuous	6892	2	->		3	4	0.490609	False	2.175727	0.750000	0.002518	
2025-09-09 10:06:57.127	continuous	6893	3	->	4	5	4	0.405246	False	1.197021	0.750000	0.002518	
2025-09-09 10:06:57.128	continuous	6894	2	->		3	4	0.483885	False	2.114745	0.750000	0.002518	
2025-09-09 10:06:57.128	continuous	6895	2	->	3	4	4	0.497826	False	0.675470	0.750000	0.002518	
2025-09-09 10:06:57.128	continuous	6896	4	->		5	5	0.368954	False	1.135454	0.750000	0.002517	
2025-09-09 10:06:57.128	continuous	6897	3	->	4	5	4	0.404546	False	1.173623	0.750000	0.002517	
2025-09-09 10:06:57.128	continuous	6898	4	->	5	6	5	0.340925	False	1.666783	0.750000	0.002517	
2025-09-09 10:06:57.128	continuous	6899	2	->	3	4	4	0.497363	False	0.684578	0.750000	0.002517	
2025-09-09 10:06:57.129	continuous	6900	2	->	3	4	4	0.502485	False	0.661229	0.750000	0.002516	
2025-09-09 10:06:57.129	continuous	6901	3	->		4	4	0.439747	False	0.876537	0.750000	0.002516	
2025-09-09 10:06:57.129	continuous	6902	5	->		6	4	0.381297	False	1.738118	0.750000	0.002516	
2025-09-09 10:06:57.129	continuous	6903	4	->	5	6	5	0.340076	False	1.643038	0.750000	0.002516	
2025-09-09 10:06:57.129	continuous	6904	3	->	4	5	4	0.405707	False	1.213012	0.750000	0.002515	
2025-09-09 10:06:57.130	continuous	6905	4	->	5	6	5	0.340348	False	1.630590	0.750000	0.002515	
2025-09-09 10:06:57.130	continuous	6906	4	->	5	6	5	0.339698	False	1.612815	0.750000	0.002515	
2025-09-09 10:06:57.130	continuous	6907	3	->		4	4	0.435968	False	0.895103	0.750000	0.002515	
2025-09-09 10:06:57.130	continuous	6908	3	->		4	4	0.438798	False	0.873079	0.750000	0.002514	
2025-09-09 10:06:57.130	continuous	6909	5	->		6	4	0.380137	False	1.673520	0.750000	0.002514	
2025-09-09 10:06:57.130	continuous	6910	3	->	4	5	4	0.405889	False	1.236065	0.750000	0.002514	
2025-09-09 10:06:57.131	continuous	6911	2	->	3	4	4	0.506917	False	0.636439	0.750000	0.002514	
2025-09-09 10:06:57.131	continuous	6912	4	->		5	5	0.370852	False	1.161918	0.750000	0.002513	
2025-09-09 10:06:57.131	continuous	6913	3	->		4	4	0.441279	False	0.866006	0.750000	0.002513	
2025-09-09 10:06:57.131	continuous	6914	2	->	3	4	4	0.515727	False	0.606422	0.750000	0.002513	
2025-09-09 10:06:57.131	continuous	6915	4	->	5	6	5	0.342161	False	1.613983	0.750000	0.002513	
2025-09-09 10:06:57.131	continuous	6916	3	->	4	5	4	0.409994	False	1.241691	0.750000	0.002512	
2025-09-09 10:06:57.132	continuous	6917	4	->	5	6	5	0.342336	False	1.601560	0.750000	0.002512	
2025-09-09 10:06:57.132	continuous	6918	4	->		5	5	0.372155	False	1.157501	0.750000	0.002512	
2025-09-09 10:06:57.132	continuous	6919	4	->	5	6	5	0.342636	False	1.589365	0.750000	0.002512	
2025-09-09 10:06:57.132	continuous	6920	5	->		6	4	0.381510	False	1.633564	0.750000	0.002511	
2025-09-09 10:06:57.132	continuous	6921	3	->	4	5	4	0.406789	False	1.213574	0.750000	0.002511	
2025-09-09 10:06:57.132	continuous	6922	4	->	5	6	5	0.342391	False	1.557676	0.750000	0.002511	
2025-09-09 10:06:57.133	continuous	6923	2	->	3	4	4	0.503006	False	0.657597	0.750000	0.002511	
2025-09-09 10:06:57.133	continuous	6924	3	->		4	4	0.440448	False	0.877345	0.750000	0.002510	
2025-09-09 10:06:57.133	continuous	6925	3	->		4	4	0.443382	False	0.855581	0.750000	0.002510	
2025-09-09 10:06:57.133	continuous	6926	3	->	4	5	4	0.411028	False	1.241247	0.750000	0.002510	
2025-09-09 10:06:57.133	continuous	6927	3	->	4	5	4	0.410865	False	1.216311	0.750000	0.002510	
2025-09-09 10:06:57.133	continuous	6928	5	->		6	4	0.384229	False	1.632344	0.750000	0.002509	
2025-09-09 10:06:57.134	continuous	6929	4	->		5	5	0.374073	False	1.137159	0.750000	0.002509	
2025-09-09 10:06:57.134	continuous	6930	3	->		4	4	0.442287	False	0.885312	0.750000	0.002509	
2025-09-09 10:06:57.134	continuous	6931	2	->	3	4	4	0.514333	False	0.621860	0.750000	0.002509	
2025-09-09 10:06:57.134	continuous	6932	4	->	5	6	5	0.345642	False	1.566814	0.750000	0.002508	
2025-09-09 10:06:57.134	continuous	6933	3	->		4	4	0.446570	False	0.848464	0.750000	0.002508	
2025-09-09 10:06:57.135	continuous	6934	5	->		6	4	0.386095	False	1.619168	0.750000	0.002508	
2025-09-09 10:06:57.135	continuous	6935	4	->		5	5	0.375361	False	1.166317	0.750000	0.002508	
2025-09-09 10:06:57.135	continuous	6936	3	->	4	5	4	0.412767	False	1.214765	0.750000	0.002507	
2025-09-09 10:06:57.135	continuous	6937	4	->	5	6	5	0.346665	False	1.546859	0.750000	0.002507	
2025-09-09 10:06:57.135	continuous	6938	2	->	3	4	4	0.513471	False	0.626617	0.750000	0.002507	
2025-09-09 10:06:57.135	continuous	6939	2	->	3	4	4	0.518947	False	0.605462	0.750000	0.002507	
2025-09-09 10:06:57.136	continuous	6940	5	->		6	4	0.387144	False	1.603256	0.750000	0.002506	
2025-09-09 10:06:57.136	continuous	6941	3	->		4	4	0.448828	False	0.836772	0.750000	0.002506	
2025-09-09 10:06:57.136	continuous	6942	2	->	3	4	4	0.527264	False	0.573982	0.750000	0.002506	
2025-09-09 10:06:57.136	continuous	6943	4	->		5	4	0.378127	False	1.185461	0.750000	0.002506	
2025-09-09 10:06:57.136	continuous	6944	3	->	4	5	4	0.417254	False	1.240686	0.750000	0.002505	
2025-09-09 10:06:57.136	continuous	6945	3	->	4	5	4	0.416963	False	1.215226	0.750000	0.002505	
2025-09-09 10:06:57.137	continuous	6946	1	->	2	3	4	0.478752	False	2.345375	0.750000	0.002505	
2025-09-09 10:06:57.137	continuous	6947	3	->		4	4	0.447866	False	0.853008	0.750000	0.002505	
2025-09-09 10:06:57.137	continuous	6948	5	->		6	4	0.387740	False	1.622393	0.750000	0.002504	
2025-09-09 10:06:57.137	continuous	6949	2	->		3	4	0.498738	False	2.366960	0.750000	0.002504	
2025-09-09 10:06:57.137	continuous	6950	2	->	3	4	4	0.515406	False	0.612343	0.750000	0.002504	
2025-09-09 10:06:57.137	continuous	6951	4	->		5	5	0.375298	False	1.162430	0.750000	0.002504	
2025-09-09 10:06:57.138	continuous	6952	2	->	3	4	4	0.518812	False	0.603158	0.750000	0.002503	
2025-09-09 10:06:57.138	continuous	6953	3	->		4	4	0.450075	False	0.827312	0.750000	0.002503	
2025-09-09 10:06:57.138	continuous	6954	2	->	3	4	4	0.530074	False	0.563948	0.750000	0.002503	
2025-09-09 10:06:57.138	continuous	6955	2	->	3	4	4	0.535714	False	0.545873	0.750000	0.002503	
2025-09-09 10:06:57.138	continuous	6956	3	->	4	5	4	0.419955	False	1.271369	0.750000	0.002502	
2025-09-09 10:06:57.138	continuous	6957	2	->	3	4	4	0.537623	False	0.543022	0.750000	0.002502	
2025-09-09 10:06:57.139	continuous	6958	3	->		4	4	0.460834	False	0.768117	0.750000	0.002502	
2025-09-09 10:06:57.139	continuous	6959	3	->	4	5	4	0.423461	False	1.275207	0.750000	0.002502	
2025-09-09 10:06:57.139	continuous	6960	2	->	3	4	4	0.545212	False	0.523094	0.750000	0.002501	
2025-09-09 10:06:57.139	continuous	6961	5	->		6	4	0.393823	False	1.678763	0.750000	0.002501	
2025-09-09 10:06:57.139	continuous	6962	3	->	4	5	4	0.422997	False	1.267389	0.750000	0.002501	
2025-09-09 10:06:57.140	continuous	6963	4	->	5	6	5	0.350242	False	1.584259	0.750000	0.002501	
2025-09-09 10:06:57.140	continuous	6964	2	->		3	4	0.515315	False	2.429562	0.750000	0.002500	
2025-09-09 10:06:57.140	continuous	6965	5	->		6	4	0.388525	False	1.636495	0.750000	0.002500	
2025-09-09 10:06:57.140	continuous	6966	4	->		5	4	0.377311	False	1.175600	0.750000	0.002500	
2025-09-09 10:06:57.140	continuous	6967	1	->	2	3	4	0.479303	False	2.283821	0.750000	0.002500	
2025-09-09 10:06:57.140	continuous	6968	5	->		6	4	0.385093	False	1.618318	0.750000	0.002499	
2025-09-09 10:06:57.141	continuous	6969	2	->	3	4	4	0.520458	False	0.591335	0.750000	0.002499	
2025-09-09 10:06:57.141	continuous	6970	5	->		6	4	0.385136	False	1.602737	0.750000	0.002499	
2025-09-09 10:06:57.141	continuous	6971	2	->	3	4	4	0.523299	False	0.579917	0.750000	0.002499	
2025-09-09 10:06:57.141	continuous	6972	3	->		4	4	0.451195	False	0.808510	0.750000	0.002498	
2025-09-09 10:06:57.141	continuous	6973	4	->	5	6	5	0.345250	False	1.531136	0.750000	0.002498	
2025-09-09 10:06:57.141	continuous	6974	2	->	3	4	4	0.532792	False	0.548280	0.750000	0.002498	
2025-09-09 10:06:57.142	continuous	6975	2	->	3	4	4	0.538549	False	0.530953	0.750000	0.002498	
2025-09-09 10:06:57.142	continuous	6976	5	->		6	4	0.388382	False	1.593247	0.750000	0.002497	
2025-09-09 10:06:57.142	continuous	6977	4	->	5	6	5	0.345291	False	1.505800	0.750000	0.002497	
2025-09-09 10:06:57.142	continuous	6978	3	->	4	5	4	0.416704	False	1.332239	0.750000	0.002497	
2025-09-09 10:06:57.142	continuous	6979	4	->		5	4	0.376229	False	1.220261	0.750000	0.002497	
2025-09-09 10:06:57.142	continuous	6980	3	->		4	4	0.453213	False	0.802299	0.750000	0.002496	
2025-09-09 10:06:57.143	continuous	6981	4	->	5	6	5	0.346564	False	1.506123	0.750000	0.002496	
2025-09-09 10:06:57.143	continuous	6982	2	->	3	4	4	0.535927	False	0.541057	0.750000	0.002496	
2025-09-09 10:06:57.143	continuous	6983	2	->		3	4	0.514471	False	2.413505	0.750000	0.002496	
2025-09-09 10:06:57.143	continuous	6984	3	->	4	5	4	0.415089	False	1.316831	0.750000	0.002495	
2025-09-09 10:06:57.143	continuous	6985	4	->		5	4	0.375466	False	1.207681	0.750000	0.002495	
2025-09-09 10:06:57.143	continuous	6986	4	->		5	5	0.375922	False	1.189194	0.750000	0.002495	
2025-09-09 10:06:57.144	continuous	6987	3	->		4	4	0.450113	False	0.826657	0.750000	0.002495	
2025-09-09 10:06:57.144	continuous	6988	4	->		5	5	0.377300	False	1.182530	0.750000	0.002494	
2025-09-09 10:06:57.144	continuous	6989	3	->		4	4	0.452484	False	0.817405	0.750000	0.002494	
2025-09-09 10:06:57.144	continuous	6990	2	->	3	4	4	0.535048	False	0.548604	0.750000	0.002494	
2025-09-09 10:06:57.144	continuous	6991	5	->		6	4	0.389976	False	1.605718	0.750000	0.002494	
2025-09-09 10:06:57.144	continuous	6992	4	->		5	4	0.378633	False	1.192160	0.750000	0.002493	
2025-09-09 10:06:57.145	continuous	6993	4	->		5	5	0.379113	False	1.173722	0.750000	0.002493	
2025-09-09 10:06:57.145	continuous	6994	3	->	4	5	4	0.418216	False	1.233378	0.750000	0.002493	
2025-09-09 10:06:57.145	continuous	6995	4	->		5	5	0.380335	False	1.134677	0.750000	0.002493	
2025-09-09 10:06:57.145	continuous	6996	4	->		5	5	0.381119	False	1.117176	0.750000	0.002492	
2025-09-09 10:06:57.145	continuous	6997	4	->	5	6	5	0.352119	False	1.545038	0.750000	0.002492	
2025-09-09 10:06:57.145	continuous	6998	4	->		5	5	0.381307	False	1.105949	0.750000	0.002492	
2025-09-09 10:06:57.146	continuous	6999	4	->		5	5	0.382257	False	1.088943	0.750000	0.002492	
2025-09-09 10:06:57.146	continuous	7000	2	->		3	4	0.497228	False	2.414913	0.750000	0.002491	
2025-09-09 10:06:57.146	continuous	7001	4	->		5	5	0.380766	False	1.076267	0.750000	0.002491	
2025-09-09 10:06:57.146	continuous	7002	3	->		4	4	0.446337	False	0.907319	0.750000	0.002491	
2025-09-09 10:06:57.146	continuous	7003	3	->	4	5	4	0.417035	False	1.134118	0.750000	0.002491	
2025-09-09 10:06:57.147	continuous	7004	3	->	4	5	4	0.417530	False	1.110876	0.750000	0.002490	
2025-09-09 10:06:57.147	continuous	7005	3	->		4	4	0.448184	False	0.915850	0.750000	0.002490	
2025-09-09 10:06:57.147	continuous	7006	2	->		3	4	0.496506	False	2.386323	0.750000	0.002490	
2025-09-09 10:06:57.147	continuous	7007	4	->		5	5	0.382316	False	1.050948	0.750000	0.002490	
2025-09-09 10:06:57.147	continuous	7008	3	->	4	5	5	0.416973	False	1.089570	0.750000	0.002489	
2025-09-09 10:06:57.147	continuous	7009	5	->		6	5	0.392554	False	1.651648	0.750000	0.002489	
2025-09-09 10:06:57.148	continuous	7010	4	->	5	6	5	0.355231	False	1.563787	0.750000	0.002489	
2025-09-09 10:06:57.148	continuous	7011	3	->	4	5	5	0.415466	False	1.081301	0.750000	0.002489	
2025-09-09 10:06:57.148	continuous	7012	3	->	4	5	5	0.416411	False	1.059479	0.750000	0.002488	
2025-09-09 10:06:57.148	continuous	7013	2	->	3	4	4	0.501144	False	0.727044	0.750000	0.002488	
2025-09-09 10:06:57.148	continuous	7014	5	->		6	5	0.393255	False	1.628144	0.750000	0.002488	
2025-09-09 10:06:57.148	continuous	7015	2	->	3	4	4	0.503466	False	0.706649	0.750000	0.002488	
2025-09-09 10:06:57.149	continuous	7016	3	->		4	4	0.446385	False	0.935868	0.750000	0.002487	
2025-09-09 10:06:57.149	continuous	7017	3	->		4	4	0.448749	False	0.911046	0.750000	0.002487	
2025-09-09 10:06:57.149	continuous	7018	3	->		4	4	0.451295	False	0.886975	0.750000	0.002487	
2025-09-09 10:06:57.149	continuous	7019	4	->		5	5	0.385454	False	1.063242	0.750000	0.002487	
2025-09-09 10:06:57.149	continuous	7020	3	->		4	4	0.453772	False	0.875866	0.750000	0.002486	
2025-09-09 10:06:57.149	continuous	7021	3	->	4	5	4	0.423105	False	1.124169	0.750000	0.002486	
2025-09-09 10:06:57.150	continuous	7022	2	->		3	4	0.503000	False	2.432862	0.750000	0.002486	
2025-09-09 10:06:57.150	continuous	7023	3	->		4	4	0.451830	False	0.884627	0.750000	0.002486	
2025-09-09 10:06:57.150	continuous	7024	4	->	5	6	5	0.356192	False	1.588857	0.750000	0.002485	
2025-09-09 10:06:57.150	continuous	7025	3	->		4	4	0.453126	False	0.866818	0.750000	0.002485	
2025-09-09 10:06:57.150	continuous	7026	4	->	5	6	5	0.355586	False	1.576241	0.750000	0.002485	
2025-09-09 10:06:57.151	continuous	7027	3	->		4	4	0.454575	False	0.849777	0.750000	0.002485	
2025-09-09 10:06:57.151	continuous	7028	4	->	5	6	5	0.355106	False	1.563923	0.750000	0.002484	
2025-09-09 10:06:57.151	continuous	7029	4	->		5	5	0.384190	False	1.098773	0.750000	0.002484	
2025-09-09 10:06:57.151	continuous	7030	4	->		5	5	0.385142	False	1.081654	0.750000	0.002484	
2025-09-09 10:06:57.151	continuous	7031	5	->		6	5	0.394818	False	1.628163	0.750000	0.002484	
2025-09-09 10:06:57.151	continuous	7032	4	->		5	5	0.385240	False	1.071268	0.750000	0.002483	
2025-09-09 10:06:57.152	continuous	7033	4	->		5	5	0.386354	False	1.054645	0.750000	0.002483	
2025-09-09 10:06:57.152	continuous	7034	3	->		4	4	0.452988	False	0.890093	0.750000	0.002483	
2025-09-09 10:06:57.152	continuous	7035	5	->		6	5	0.396143	False	1.624920	0.750000	0.002483	
2025-09-09 10:06:57.152	continuous	7036	1	->		2	4	0.446043	False	4.464721	0.750000	0.002482	
2025-09-09 10:06:57.152	continuous	7037	4	->	5	6	5	0.354550	False	1.532108	0.750000	0.002482	
2025-09-09 10:06:57.152	continuous	7038	1	->	2	3	4	0.474130	False	2.357790	0.750000	0.002482	
2025-09-09 10:06:57.153	continuous	7039	4	->		5	5	0.380689	False	1.071856	0.750000	0.002482	
2025-09-09 10:06:57.153	continuous	7040	4	->	5	6	5	0.353059	False	1.522628	0.750000	0.002481	
2025-09-09 10:06:57.153	continuous	7041	5	->		6	5	0.389004	False	1.563380	0.750000	0.002481	
2025-09-09 10:06:57.153	continuous	7042	4	->	5	6	5	0.352065	False	1.485529	0.750000	0.002481	
2025-09-09 10:06:57.153	continuous	7043	2	->	3	4	4	0.504702	False	0.674968	0.750000	0.002481	
2025-09-09 10:06:57.153	continuous	7044	2	->	3	4	4	0.510061	False	0.650732	0.750000	0.002480	
2025-09-09 10:06:57.154	continuous	7045	4	->	5	6	5	0.351428	False	1.479744	0.750000	0.002480	
2025-09-09 10:06:57.154	continuous	7046	5	->		6	5	0.388038	False	1.517082	0.750000	0.002480	
2025-09-09 10:06:57.154	continuous	7047	3	->	4	5	4	0.413716	False	1.182052	0.750000	0.002480	
2025-09-09 10:06:57.154	continuous	7048	2	->	3	4	4	0.508759	False	0.656566	0.750000	0.002479	
2025-09-09 10:06:57.154	continuous	7049	3	->	4	5	4	0.415180	False	1.173121	0.750000	0.002479	
2025-09-09 10:06:57.155	continuous	7050	4	->	5	6	5	0.353007	False	1.463035	0.750000	0.002479	
2025-09-09 10:06:57.155	continuous	7051	3	->	4	5	4	0.414820	False	1.155979	0.750000	0.002479	
2025-09-09 10:06:57.155	continuous	7052	4	->		5	5	0.382296	False	1.070795	0.750000	0.002478	
2025-09-09 10:06:57.155	continuous	7053	3	->	4	5	5	0.415999	False	1.113398	0.750000	0.002478	
2025-09-09 10:06:57.155	continuous	7054	2	->	3	4	4	0.504339	False	0.696611	0.750000	0.002478	
2025-09-09 10:06:57.155	continuous	7055	3	->	4	5	5	0.417540	False	1.106572	0.750000	0.002478	
2025-09-09 10:06:57.156	continuous	7056	4	->		5	5	0.386066	False	1.029190	0.750000	0.002477	
2025-09-09 10:06:57.156	continuous	7057	2	->	3	4	4	0.506374	False	0.698729	0.750000	0.002477	
2025-09-09 10:06:57.156	continuous	7058	3	->	4	5	5	0.419907	False	1.081818	0.750000	0.002477	
2025-09-09 10:06:57.156	continuous	7059	2	->	3	4	4	0.509583	False	0.688733	0.750000	0.002477	
2025-09-09 10:06:57.156	continuous	7060	3	->		4	4	0.450730	False	0.925267	0.750000	0.002476	
2025-09-09 10:06:57.156	continuous	7061	4	->	5	6	5	0.359608	False	1.509481	0.750000	0.002476	
2025-09-09 10:06:57.157	continuous	7062	4	->		5	5	0.387780	False	1.038521	0.750000	0.002476	
2025-09-09 10:06:57.157	continuous	7063	3	->	4	5	5	0.422346	False	1.080435	0.750000	0.002476	
2025-09-09 10:06:57.157	continuous	7064	3	->	4	5	5	0.423193	False	1.058068	0.750000	0.002475	
2025-09-09 10:06:57.157	continuous	7065	4	->	5	6	5	0.363670	False	1.513220	0.750000	0.002475	
2025-09-09 10:06:57.157	continuous	7066	3	->		4	4	0.450609	False	0.955965	0.750000	0.002475	
2025-09-09 10:06:57.157	continuous	7067	4	->	5	6	5	0.362665	False	1.500889	0.750000	0.002475	
2025-09-09 10:06:57.158	continuous	7068	3	->	4	5	5	0.423046	False	1.067343	0.750000	0.002474	
2025-09-09 10:06:57.158	continuous	7069	4	->	5	6	5	0.363745	False	1.490757	0.750000	0.002474	
2025-09-09 10:06:57.158	continuous	7070	3	->	4	5	5	0.423095	False	1.052783	0.750000	0.002474	
2025-09-09 10:06:57.158	continuous	7071	3	->		4	4	0.450554	False	0.973267	0.750000	0.002474	
2025-09-09 10:06:57.158	continuous	7072	2	->	3	4	4	0.513599	False	0.683926	0.750000	0.002473	
2025-09-09 10:06:57.158	continuous	7073	3	->		4	4	0.454592	False	0.921259	0.750000	0.002473	
2025-09-09 10:06:57.159	continuous	7074	5	->		6	5	0.399976	False	1.559685	0.750000	0.002473	
2025-09-09 10:06:57.159	continuous	7075	3	->	4	5	5	0.425212	False	1.087760	0.750000	0.002473	
2025-09-09 10:06:57.159	continuous	7076	1	->	2	3	4	0.479615	False	2.514124	0.750000	0.002472	
2025-09-09 10:06:57.159	continuous	7077	3	->		4	4	0.451595	False	0.931052	0.750000	0.002472	
2025-09-09 10:06:57.159	continuous	7078	2	->	3	4	4	0.519809	False	0.643113	0.750000	0.002472	
2025-09-09 10:06:57.159	continuous	7079	4	->		5	5	0.390048	False	1.039380	0.750000	0.002472	
2025-09-09 10:06:57.160	continuous	7080	5	->		6	5	0.398975	False	1.566407	0.750000	0.002471	
2025-09-09 10:06:57.160	continuous	7081	3	->	4	5	5	0.424313	False	1.091491	0.750000	0.002471	
2025-09-09 10:06:57.160	continuous	7082	4	->		5	5	0.391893	False	1.011680	0.750000	0.002471	
2025-09-09 10:06:57.160	continuous	7083	4	->	5	6	5	0.365013	False	1.496253	0.750000	0.002471	
2025-09-09 10:06:57.160	continuous	7084	3	->	4	5	5	0.425022	False	1.057751	0.750000	0.002470	
2025-09-09 10:06:57.160	continuous	7085	4	->	5	6	5	0.366125	False	1.486158	0.750000	0.002470	
2025-09-09 10:06:57.161	continuous	7086	4	->		5	5	0.393529	False	0.992176	0.750000	0.002470	
2025-09-09 10:06:57.161	continuous	7087	3	->	4	5	5	0.426183	False	1.025584	0.750000	0.002470	
2025-09-09 10:06:57.161	continuous	7088	4	->	5	6	5	0.368946	False	1.483647	0.750000	0.002469	
2025-09-09 10:06:57.161	continuous	7089	4	->	5	6	5	0.368400	False	1.466066	0.750000	0.002469	
2025-09-09 10:06:57.161	continuous	7090	4	->	5	6	5	0.367921	False	1.448685	0.750000	0.002469	
2025-09-09 10:06:57.162	continuous	7091	2	->		3	4	0.487484	False	2.576060	0.750000	0.002469	
2025-09-09 10:06:57.162	continuous	7092	3	->	4	5	5	0.421776	False	1.033381	0.750000	0.002468	
2025-09-09 10:06:57.162	continuous	7093	3	->	4	5	5	0.423083	False	1.012365	0.750000	0.002468	
2025-09-09 10:06:57.162	continuous	7094	2	->	3	4	4	0.497867	False	0.781200	0.750000	0.002468	
2025-09-09 10:06:57.162	continuous	7095	3	->		4	4	0.448383	False	1.017666	0.750000	0.002468	
2025-09-09 10:06:57.162	continuous	7096	5	->		6	5	0.400611	False	1.513601	0.750000	0.002467	
2025-09-09 10:06:57.163	continuous	7097	4	->	5	6	5	0.366384	False	1.439399	0.750000	0.002467	
2025-09-09 10:06:57.163	continuous	7098	4	->	5	6	5	0.366026	False	1.422351	0.750000	0.002467	
2025-09-09 10:06:57.163	continuous	7099	3	->	4	5	5	0.422361	False	1.049196	0.750000	0.002467	
2025-09-09 10:06:57.163	continuous	7100	3	->		4	4	0.447088	False	1.023923	0.750000	0.002467	
2025-09-09 10:06:57.163	continuous	7101	2	->		3	4	0.486827	False	2.560816	0.750000	0.002466	
2025-09-09 10:06:57.164	continuous	7102	4	->	5	6	5	0.364272	False	1.420954	0.750000	0.002466	
2025-09-09 10:06:57.164	continuous	7103	5	->		6	5	0.396811	False	1.449834	0.750000	0.002466	
2025-09-09 10:06:57.164	continuous	7104	3	->		4	4	0.443260	False	1.021537	0.750000	0.002466	
2025-09-09 10:06:57.164	continuous	7105	3	->	4	5	5	0.419940	False	1.081181	0.750000	0.002465	
2025-09-09 10:06:57.164	continuous	7106	3	->		4	4	0.445230	False	1.009210	0.750000	0.002465	
2025-09-09 10:06:57.164	continuous	7107	3	->		4	4	0.447090	False	0.981349	0.750000	0.002465	
2025-09-09 10:06:57.165	continuous	7108	3	->		4	4	0.449166	False	0.954325	0.750000	0.002465	
2025-09-09 10:06:57.165	continuous	7109	3	->		4	4	0.451449	False	0.928124	0.750000	0.002464	
2025-09-09 10:06:57.165	continuous	7110	5	->		6	5	0.397913	False	1.477948	0.750000	0.002464	
2025-09-09 10:06:57.165	continuous	7111	4	->		5	5	0.389982	False	1.064509	0.750000	0.002464	
2025-09-09 10:06:57.165	continuous	7112	4	->		5	5	0.391148	False	1.047931	0.750000	0.002464	
2025-09-09 10:06:57.165	continuous	7113	2	->	3	4	4	0.514083	False	0.669049	0.750000	0.002463	
2025-09-09 10:06:57.166	continuous	7114	4	->	5	6	5	0.364564	False	1.422988	0.750000	0.002463	
2025-09-09 10:06:57.166	continuous	7115	2	->		3	4	0.495645	False	2.587463	0.750000	0.002463	
2025-09-09 10:06:57.166	continuous	7116	5	->		6	5	0.396171	False	1.459544	0.750000	0.002463	
2025-09-09 10:06:57.166	continuous	7117	4	->		5	5	0.388777	False	1.061938	0.750000	0.002462	
2025-09-09 10:06:57.166	continuous	7118	2	->		3	4	0.488100	False	2.519401	0.750000	0.002462	
2025-09-09 10:06:57.166	continuous	7119	5	->		6	5	0.394003	False	1.446193	0.750000	0.002462	
2025-09-09 10:06:57.167	continuous	7120	4	->		5	5	0.387160	False	1.057639	0.750000	0.002462	
2025-09-09 10:06:57.167	continuous	7121	3	->	4	5	5	0.418410	False	1.100101	0.750000	0.002461	
2025-09-09 10:06:57.167	continuous	7122	3	->		4	4	0.443899	False	1.000678	0.750000	0.002461	
2025-09-09 10:06:57.167	continuous	7123	5	->		6	5	0.395781	False	1.448604	0.750000	0.002461	
2025-09-09 10:06:57.167	continuous	7124	4	->	5	6	5	0.362542	False	1.381214	0.750000	0.002461	
2025-09-09 10:06:57.167	continuous	7125	5	->		6	5	0.395001	False	1.407559	0.750000	0.002460	
2025-09-09 10:06:57.168	continuous	7126	3	->		4	4	0.443017	False	0.996148	0.750000	0.002460	
2025-09-09 10:06:57.168	continuous	7127	4	->		5	5	0.388353	False	1.069344	0.750000	0.002460	
2025-09-09 10:06:57.168	continuous	7128	3	->		4	4	0.445124	False	0.980185	0.750000	0.002460	
2025-09-09 10:06:57.168	continuous	7129	2	->		3	4	0.486091	False	2.509216	0.750000	0.002459	
2025-09-09 10:06:57.168	continuous	7130	5	->		6	5	0.393219	False	1.413359	0.750000	0.002459	
2025-09-09 10:06:57.168	continuous	7131	3	->	4	5	5	0.416824	False	1.141867	0.750000	0.002459	
2025-09-09 10:06:57.169	continuous	7132	4	->		5	5	0.387915	False	1.056980	0.750000	0.002459	
2025-09-09 10:06:57.169	continuous	7133	4	->	5	6	5	0.363006	False	1.365725	0.750000	0.002458	
2025-09-09 10:06:57.169	continuous	7134	4	->	5	6	5	0.362975	False	1.349466	0.750000	0.002458	
2025-09-09 10:06:57.169	continuous	7135	2	->	3	4	4	0.493997	False	0.746565	0.750000	0.002458	
2025-09-09 10:06:57.169	continuous	7136	3	->		4	4	0.443260	False	0.987409	0.750000	0.002458	
2025-09-09 10:06:57.169	continuous	7137	3	->	4	5	5	0.418794	False	1.146554	0.750000	0.002457	
2025-09-09 10:06:57.170	continuous	7138	2	->		3	4	0.482347	False	2.484641	0.750000	0.002457	
2025-09-09 10:06:57.170	continuous	7139	1	->	2	3	4	0.461617	False	2.356855	0.750000	0.002457	
2025-09-09 10:06:57.170	continuous	7140	1	->	2	3	4	0.458200	False	2.294014	0.750000	0.002457	
2025-09-09 10:06:57.170	continuous	7141	2	->	3	4	4	0.489267	False	0.740486	0.750000	0.002456	
2025-09-09 10:06:57.170	continuous	7142	4	->	5	6	5	0.356160	False	1.370005	0.750000	0.002456	
2025-09-09 10:06:57.170	continuous	7143	3	->	4	5	5	0.411680	False	1.161652	0.750000	0.002456	
2025-09-09 10:06:57.171	continuous	7144	4	->	5	6	5	0.357534	False	1.361741	0.750000	0.002456	
2025-09-09 10:06:57.171	continuous	7145	5	->		6	5	0.389071	False	1.385935	0.750000	0.002455	
2025-09-09 10:06:57.171	continuous	7146	2	->	3	4	4	0.488159	False	0.748312	0.750000	0.002455	
2025-09-09 10:06:57.171	continuous	7147	3	->		4	4	0.437518	False	0.991616	0.750000	0.002455	
2025-09-09 10:06:57.171	continuous	7148	4	->	5	6	5	0.356644	False	1.340327	0.750000	0.002455	
2025-09-09 10:06:57.172	continuous	7149	2	->	3	4	4	0.497172	False	0.700212	0.750000	0.002454	
2025-09-09 10:06:57.172	continuous	7150	4	->	5	6	5	0.356385	False	1.330961	0.750000	0.002454	
2025-09-09 10:06:57.172	continuous	7151	3	->		4	4	0.440908	False	0.952323	0.750000	0.002454	
2025-09-09 10:06:57.172	continuous	7152	4	->		5	5	0.382492	False	1.148025	0.750000	0.002454	
2025-09-09 10:06:57.172	continuous	7153	3	->	4	5	4	0.414805	False	1.208687	0.750000	0.002453	
2025-09-09 10:06:57.172	continuous	7154	5	->		6	5	0.390908	False	1.380487	0.750000	0.002453	
2025-09-09 10:06:57.173	continuous	7155	3	->		4	4	0.441478	False	0.962080	0.750000	0.002453	
2025-09-09 10:06:57.173	continuous	7156	5	->		6	5	0.391021	False	1.368626	0.750000	0.002453	
2025-09-09 10:06:57.173	continuous	7157	4	->	5	6	5	0.358303	False	1.307262	0.750000	0.002452	
2025-09-09 10:06:57.173	continuous	7158	3	->	4	5	4	0.415201	False	1.222695	0.750000	0.002452	
2025-09-09 10:06:57.173	continuous	7159	3	->	4	5	4	0.415468	False	1.197256	0.750000	0.002452	
2025-09-09 10:06:57.173	continuous	7160	4	->		5	5	0.386371	False	1.102257	0.750000	0.002452	
2025-09-09 10:06:57.174	continuous	7161	4	->	5	6	5	0.361956	False	1.315208	0.750000	0.002452	
2025-09-09 10:06:57.174	continuous	7162	4	->		5	5	0.387493	False	1.092831	0.750000	0.002451	
2025-09-09 10:06:57.174	continuous	7163	4	->	5	6	5	0.363322	False	1.307112	0.750000	0.002451	
2025-09-09 10:06:57.174	continuous	7164	4	->		5	5	0.388677	False	1.083678	0.750000	0.002451	
2025-09-09 10:06:57.174	continuous	7165	5	->		6	5	0.395151	False	1.334716	0.750000	0.002451	
2025-09-09 10:06:57.174	continuous	7166	2	->	3	4	4	0.490158	False	0.763903	0.750000	0.002450	
2025-09-09 10:06:57.175	continuous	7167	2	->	3	4	4	0.495146	False	0.734322	0.750000	0.002450	
2025-09-09 10:06:57.175	continuous	7168	3	->	4	5	5	0.418130	False	1.168424	0.750000	0.002450	
2025-09-09 10:06:57.175	continuous	7169	2	->	3	4	4	0.498294	False	0.720987	0.750000	0.002450	
2025-09-09 10:06:57.175	continuous	7170	4	->	5	6	5	0.364139	False	1.309288	0.750000	0.002449	
2025-09-09 10:06:57.175	continuous	7171	5	->		6	5	0.395677	False	1.332007	0.750000	0.002449	
2025-09-09 10:06:57.175	continuous	7172	4	->		5	5	0.389816	False	1.103738	0.750000	0.002449	
2025-09-09 10:06:57.176	continuous	7173	4	->		5	5	0.390838	False	1.086527	0.750000	0.002449	
2025-09-09 10:06:57.176	continuous	7174	3	->		4	4	0.443692	False	1.008201	0.750000	0.002448	
2025-09-09 10:06:57.176	continuous	7175	5	->		6	5	0.397298	False	1.337016	0.750000	0.002448	
2025-09-09 10:06:57.176	continuous	7176	4	->	5	6	5	0.366371	False	1.279777	0.750000	0.002448	
2025-09-09 10:06:57.176	continuous	7177	1	->	2	3	4	0.462999	False	2.451031	0.750000	0.002448	
2025-09-09 10:06:57.176	continuous	7178	1	->	2	3	4	0.459614	False	2.386299	0.750000	0.002447	
2025-09-09 10:06:57.177	continuous	7179	2	->	3	4	4	0.491976	False	0.737964	0.750000	0.002447	
2025-09-09 10:06:57.177	continuous	7180	4	->		5	5	0.386552	False	1.117820	0.750000	0.002447	
2025-09-09 10:06:57.177	continuous	7181	2	->	3	4	4	0.495783	False	0.720231	0.750000	0.002447	
2025-09-09 10:06:57.177	continuous	7182	4	->	5	6	5	0.362042	False	1.294205	0.750000	0.002446	
2025-09-09 10:06:57.177	continuous	7183	2	->	3	4	4	0.499887	False	0.699537	0.750000	0.002446	
2025-09-09 10:06:57.177	continuous	7184	3	->	4	5	4	0.417197	False	1.209923	0.750000	0.002446	
2025-09-09 10:06:57.178	continuous	7185	4	->	5	6	5	0.362931	False	1.293441	0.750000	0.002446	
2025-09-09 10:06:57.178	continuous	7186	1	->	2	3	4	0.461054	False	2.371394	0.750000	0.002445	
2025-09-09 10:06:57.178	continuous	7187	1	->	2	3	4	0.457642	False	2.307915	0.750000	0.002445	
2025-09-09 10:06:57.178	continuous	7188	4	->		5	5	0.383693	False	1.126105	0.750000	0.002445	
2025-09-09 10:06:57.178	continuous	7189	4	->	5	6	5	0.360088	False	1.294305	0.750000	0.002445	
2025-09-09 10:06:57.178	continuous	7190	5	->		6	5	0.390367	False	1.314783	0.750000	0.002444	
2025-09-09 10:06:57.179	continuous	7191	2	->	3	4	4	0.489321	False	0.741206	0.750000	0.002444	
2025-09-09 10:06:57.179	continuous	7192	5	->		6	5	0.390430	False	1.303929	0.750000	0.002444	
2025-09-09 10:06:57.179	continuous	7193	4	->		5	5	0.384970	False	1.142813	0.750000	0.002444	
2025-09-09 10:06:57.179	continuous	7194	2	->	3	4	4	0.491548	False	0.732535	0.750000	0.002443	
2025-09-09 10:06:57.179	continuous	7195	2	->	3	4	4	0.496922	False	0.704636	0.750000	0.002443	
2025-09-09 10:06:57.180	continuous	7196	4	->		5	5	0.385160	False	1.145407	0.750000	0.002443	
2025-09-09 10:06:57.180	continuous	7197	5	->		6	5	0.391958	False	1.318830	0.750000	0.002443	
2025-09-09 10:06:57.180	continuous	7198	2	->	3	4	4	0.498970	False	0.697640	0.750000	0.002442	
2025-09-09 10:06:57.180	continuous	7199	4	->		5	5	0.385950	False	1.145619	0.750000	0.002442	
2025-09-09 10:06:57.180	continuous	7200	2	->		3	4	0.480118	False	2.392300	0.750000	0.002442	
2025-09-09 10:06:57.180	continuous	7201	4	->	5	6	5	0.360044	False	1.280383	0.750000	0.002442	
2025-09-09 10:06:57.181	continuous	7202	4	->		5	5	0.384857	False	1.138678	0.750000	0.002441	
2025-09-09 10:06:57.181	continuous	7203	4	->	5	6	5	0.361416	False	1.272575	0.750000	0.002441	
2025-09-09 10:06:57.181	continuous	7204	2	->	3	4	4	0.493768	False	0.719633	0.750000	0.002441	
2025-09-09 10:06:57.181	continuous	7205	4	->		5	5	0.385647	False	1.138790	0.750000	0.002441	
2025-09-09 10:06:57.181	continuous	7206	3	->		4	4	0.439728	False	0.988769	0.750000	0.002440	
2025-09-09 10:06:57.182	continuous	7207	3	->	4	5	4	0.415592	False	1.216566	0.750000	0.002440	
2025-09-09 10:06:57.182	continuous	7208	4	->	5	6	5	0.362797	False	1.286752	0.750000	0.002440	
2025-09-09 10:06:57.182	continuous	7209	4	->		5	5	0.387462	False	1.118716	0.750000	0.002440	
2025-09-09 10:06:57.182	continuous	7210	4	->		5	5	0.388449	False	1.101239	0.750000	0.002440	
2025-09-09 10:06:57.182	continuous	7211	3	->	4	5	5	0.416912	False	1.158583	0.750000	0.002439	
2025-09-09 10:06:57.182	continuous	7212	5	->		6	5	0.395777	False	1.335257	0.750000	0.002439	
2025-09-09 10:06:57.183	continuous	7213	3	->	4	5	5	0.417395	False	1.143379	0.750000	0.002439	
2025-09-09 10:06:57.183	continuous	7214	3	->		4	4	0.439682	False	1.044612	0.750000	0.002439	
2025-09-09 10:06:57.183	continuous	7215	4	->	5	6	5	0.367487	False	1.292242	0.750000	0.002438	
2025-09-09 10:06:57.183	continuous	7216	3	->	4	5	5	0.418391	False	1.143547	0.750000	0.002438	
2025-09-09 10:06:57.183	continuous	7217	2	->	3	4	4	0.493050	False	0.747827	0.750000	0.002438	
2025-09-09 10:06:57.183	continuous	7218	4	->	5	6	5	0.368259	False	1.291377	0.750000	0.002438	
2025-09-09 10:06:57.184	continuous	7219	3	->		4	4	0.442271	False	1.014460	0.750000	0.002437	
2025-09-09 10:06:57.184	continuous	7220	3	->	4	5	5	0.419804	False	1.158594	0.750000	0.002437	
2025-09-09 10:06:57.184	continuous	7221	5	->		6	5	0.398278	False	1.332566	0.750000	0.002437	
2025-09-09 10:06:57.184	continuous	7222	3	->		4	4	0.443317	False	1.010346	0.750000	0.002437	
2025-09-09 10:06:57.184	continuous	7223	4	->	5	6	5	0.368544	False	1.279183	0.750000	0.002436	
2025-09-09 10:06:57.184	continuous	7224	4	->		5	5	0.392886	False	1.090094	0.750000	0.002436	
2025-09-09 10:06:57.185	continuous	7225	3	->	4	5	5	0.421198	False	1.146972	0.750000	0.002436	
2025-09-09 10:06:57.185	continuous	7226	5	->		6	5	0.400092	False	1.320423	0.750000	0.002436	
2025-09-09 10:06:57.185	continuous	7227	3	->	4	5	5	0.421706	False	1.131946	0.750000	0.002435	
2025-09-09 10:06:57.185	continuous	7228	3	->		4	4	0.443854	False	1.039386	0.750000	0.002435	
2025-09-09 10:06:57.185	continuous	7229	3	->	4	5	5	0.422804	False	1.123630	0.750000	0.002435	
2025-09-09 10:06:57.185	continuous	7230	3	->		4	4	0.445590	False	1.025093	0.750000	0.002435	
2025-09-09 10:06:57.186	continuous	7231	3	->	4	5	5	0.423983	False	1.115586	0.750000	0.002434	
2025-09-09 10:06:57.186	continuous	7232	4	->		5	5	0.398200	False	1.025906	0.750000	0.002434	
2025-09-09 10:06:57.186	continuous	7233	3	->		4	4	0.447624	False	1.022824	0.750000	0.002434	
2025-09-09 10:06:57.186	continuous	7234	3	->	4	5	5	0.426061	False	1.088903	0.750000	0.002434	
2025-09-09 10:06:57.186	continuous	7235	2	->	3	4	4	0.504214	False	0.719242	0.750000	0.002433	
2025-09-09 10:06:57.186	continuous	7236	4	->		5	5	0.399669	False	1.013683	0.750000	0.002433	
2025-09-09 10:06:57.187	continuous	7237	3	->		4	4	0.451501	False	0.992777	0.750000	0.002433	
2025-09-09 10:06:57.187	continuous	7238	5	->		6	5	0.405579	False	1.397515	0.750000	0.002433	
2025-09-09 10:06:57.187	continuous	7239	2	->	3	4	4	0.511433	False	0.682780	0.750000	0.002432	
2025-09-09 10:06:57.187	continuous	7240	4	->	5	6	5	0.375101	False	1.330605	0.750000	0.002432	
2025-09-09 10:06:57.187	continuous	7241	4	->		5	5	0.399413	False	1.037016	0.750000	0.002432	
2025-09-09 10:06:57.188	continuous	7242	5	->		6	5	0.405818	False	1.372761	0.750000	0.002432	
2025-09-09 10:06:57.188	continuous	7243	3	->		4	4	0.452646	False	0.972659	0.750000	0.002431	
2025-09-09 10:06:57.188	continuous	7244	2	->	3	4	4	0.517352	False	0.654889	0.750000	0.002431	
2025-09-09 10:06:57.188	continuous	7245	2	->	3	4	4	0.523030	False	0.629926	0.750000	0.002431	
2025-09-09 10:06:57.188	continuous	7246	3	->	4	5	4	0.430165	False	1.147414	0.750000	0.002431	
2025-09-09 10:06:57.188	continuous	7247	3	->	4	5	5	0.430632	False	1.122090	0.750000	0.002431	
2025-09-09 10:06:57.189	continuous	7248	3	->		4	4	0.458268	False	0.927543	0.750000	0.002430	
2025-09-09 10:06:57.189	continuous	7249	5	->		6	5	0.407437	False	1.402898	0.750000	0.002430	
2025-09-09 10:06:57.189	continuous	7250	2	->		3	4	0.500965	False	2.651271	0.750000	0.002430	
2025-09-09 10:06:57.189	continuous	7251	4	->	5	6	5	0.374163	False	1.326749	0.750000	0.002430	
2025-09-09 10:06:57.189	continuous	7252	2	->	3	4	4	0.519501	False	0.639892	0.750000	0.002429	
2025-09-09 10:06:57.189	continuous	7253	4	->		5	5	0.398135	False	1.063585	0.750000	0.002429	
2025-09-09 10:06:57.190	continuous	7254	4	->	5	6	5	0.374817	False	1.323894	0.750000	0.002429	
2025-09-09 10:06:57.190	continuous	7255	5	->		6	5	0.404810	False	1.359930	0.750000	0.002429	
2025-09-09 10:06:57.190	continuous	7256	2	->		3	4	0.494565	False	2.598500	0.750000	0.002428	
2025-09-09 10:06:57.190	continuous	7257	4	->		5	5	0.396631	False	1.065825	0.750000	0.002428	
2025-09-09 10:06:57.190	continuous	7258	1	->	2	3	4	0.468814	False	2.458143	0.750000	0.002428	
2025-09-09 10:06:57.190	continuous	7259	3	->		4	4	0.447912	False	0.969335	0.750000	0.002428	
2025-09-09 10:06:57.191	continuous	7260	4	->	5	6	5	0.370899	False	1.309158	0.750000	0.002427	
2025-09-09 10:06:57.191	continuous	7261	3	->		4	4	0.449622	False	0.947882	0.750000	0.002427	
2025-09-09 10:06:57.191	continuous	7262	2	->		3	4	0.492319	False	2.490650	0.750000	0.002427	
2025-09-09 10:06:57.191	continuous	7263	4	->	5	6	5	0.368276	False	1.302438	0.750000	0.002427	
2025-09-09 10:06:57.191	continuous	7264	4	->	5	6	5	0.368465	False	1.286265	0.750000	0.002426	
2025-09-09 10:06:57.191	continuous	7265	4	->	5	6	5	0.368718	False	1.270273	0.750000	0.002426	
2025-09-09 10:06:57.192	continuous	7266	1	->	2	3	4	0.462868	False	2.360565	0.750000	0.002426	
2025-09-09 10:06:57.192	continuous	7267	2	->	3	4	4	0.504217	False	0.674266	0.750000	0.002426	
2025-09-09 10:06:57.192	continuous	7268	2	->	3	4	4	0.510027	False	0.648861	0.750000	0.002425	
2025-09-09 10:06:57.192	continuous	7269	5	->		6	5	0.395713	False	1.321802	0.750000	0.002425	
2025-09-09 10:06:57.192	continuous	7270	3	->	4	5	4	0.419472	False	1.240212	0.750000	0.002425	
2025-09-09 10:06:57.192	continuous	7271	3	->		4	4	0.446635	False	0.941772	0.750000	0.002425	
2025-09-09 10:06:57.193	continuous	7272	1	->	2	3	4	0.465410	False	2.337760	0.750000	0.002424	
2025-09-09 10:06:57.193	continuous	7273	4	->		5	5	0.388316	False	1.137453	0.750000	0.002424	
2025-09-09 10:06:57.193	continuous	7274	5	->		6	5	0.394896	False	1.330765	0.750000	0.002424	
2025-09-09 10:06:57.193	continuous	7275	2	->	3	4	4	0.508314	False	0.653451	0.750000	0.002424	
2025-09-09 10:06:57.193	continuous	7276	2	->	3	4	4	0.514220	False	0.629263	0.750000	0.002423	
2025-09-09 10:06:57.193	continuous	7277	4	->		5	5	0.388931	False	1.146748	0.750000	0.002423	
2025-09-09 10:06:57.194	continuous	7278	3	->		4	4	0.449148	False	0.909327	0.750000	0.002423	
2025-09-09 10:06:57.194	continuous	7279	2	->		3	4	0.495186	False	2.399559	0.750000	0.002423	
2025-09-09 10:06:57.194	continuous	7280	3	->	4	5	4	0.418231	False	1.242592	0.750000	0.002423	
2025-09-09 10:06:57.194	continuous	7281	3	->	4	5	4	0.418338	False	1.215613	0.750000	0.002422	
2025-09-09 10:06:57.194	continuous	7282	4	->	5	6	5	0.365945	False	1.309261	0.750000	0.002422	
2025-09-09 10:06:57.194	continuous	7283	2	->		3	4	0.484438	False	2.333890	0.750000	0.002422	
2025-09-09 10:06:57.195	continuous	7284	4	->	5	6	5	0.364223	False	1.296575	0.750000	0.002422	
2025-09-09 10:06:57.195	continuous	7285	3	->	4	5	4	0.415483	False	1.208133	0.750000	0.002421	
2025-09-09 10:06:57.195	continuous	7286	5	->		6	5	0.393810	False	1.338543	0.750000	0.002421	
2025-09-09 10:06:57.195	continuous	7287	2	->		3	4	0.475507	False	2.273802	0.750000	0.002421	
2025-09-09 10:06:57.195	continuous	7288	4	->		5	5	0.386900	False	1.109165	0.750000	0.002421	
2025-09-09 10:06:57.196	continuous	7289	4	->		5	5	0.387982	False	1.091766	0.750000	0.002420	
2025-09-09 10:06:57.196	continuous	7290	4	->		5	5	0.389146	False	1.074646	0.750000	0.002420	
2025-09-09 10:06:57.196	continuous	7291	4	->	5	6	5	0.367913	False	1.298462	0.750000	0.002420	
2025-09-09 10:06:57.196	continuous	7292	4	->	5	6	5	0.368111	False	1.282359	0.750000	0.002420	
2025-09-09 10:06:57.196	continuous	7293	5	->		6	5	0.394632	False	1.309662	0.750000	0.002419	
2025-09-09 10:06:57.196	continuous	7294	4	->	5	6	5	0.368718	False	1.248516	0.750000	0.002419	
2025-09-09 10:06:57.197	continuous	7295	4	->	5	6	5	0.369118	False	1.232977	0.750000	0.002419	
2025-09-09 10:06:57.197	continuous	7296	2	->	3	4	4	0.484298	False	0.767125	0.750000	0.002419	
2025-09-09 10:06:57.197	continuous	7297	3	->	4	5	5	0.415254	False	1.192542	0.750000	0.002418	
2025-09-09 10:06:57.197	continuous	7298	3	->		4	4	0.436334	False	1.053039	0.750000	0.002418	
2025-09-09 10:06:57.197	continuous	7299	4	->	5	6	5	0.368968	False	1.239940	0.750000	0.002418	
2025-09-09 10:06:57.197	continuous	7300	1	->	2	3	4	0.452867	False	2.224570	0.750000	0.002418	
2025-09-09 10:06:57.198	continuous	7301	3	->		4	4	0.435265	False	1.039394	0.750000	0.002417	
2025-09-09 10:06:57.198	continuous	7302	5	->		6	5	0.393290	False	1.279492	0.750000	0.002417	
2025-09-09 10:06:57.198	continuous	7303	4	->		5	5	0.389172	False	1.131719	0.750000	0.002417	
2025-09-09 10:06:57.198	continuous	7304	4	->	5	6	5	0.368116	False	1.227158	0.750000	0.002417	
2025-09-09 10:06:57.198	continuous	7305	5	->		6	5	0.394656	False	1.250192	0.750000	0.002416	
2025-09-09 10:06:57.198	continuous	7306	5	->		6	5	0.395067	False	1.230221	0.750000	0.002416	
2025-09-09 10:06:57.199	continuous	7307	3	->	4	5	5	0.415552	False	1.227516	0.750000	0.002416	
2025-09-09 10:06:57.199	continuous	7308	3	->		4	4	0.435586	False	1.070694	0.750000	0.002416	
2025-09-09 10:06:57.199	continuous	7309	3	->	4	5	5	0.416196	False	1.216213	0.750000	0.002415	
2025-09-09 10:06:57.199	continuous	7310	4	->		5	5	0.392945	False	1.107565	0.750000	0.002415	
2025-09-09 10:06:57.199	continuous	7311	3	->	4	5	5	0.417261	False	1.169868	0.750000	0.002415	
2025-09-09 10:06:57.199	continuous	7312	4	->	5	6	5	0.373689	False	1.220623	0.750000	0.002415	
2025-09-09 10:06:57.200	continuous	7313	5	->		6	5	0.398936	False	1.240640	0.750000	0.002415	
2025-09-09 10:06:57.200	continuous	7314	4	->		5	5	0.396108	False	1.087564	0.750000	0.002414	
2025-09-09 10:06:57.200	continuous	7315	4	->		5	5	0.397210	False	1.070355	0.750000	0.002414	
2025-09-09 10:06:57.200	continuous	7316	3	->	4	5	5	0.419870	False	1.124421	0.750000	0.002414	
2025-09-09 10:06:57.200	continuous	7317	2	->	3	4	4	0.479396	False	0.825660	0.750000	0.002414	
2025-09-09 10:06:57.200	continuous	7318	4	->	5	6	5	0.377276	False	1.221325	0.750000	0.002413	
2025-09-09 10:06:57.201	continuous	7319	4	->	5	6	5	0.377686	False	1.205816	0.750000	0.002413	
2025-09-09 10:06:57.201	continuous	7320	5	->		6	5	0.402209	False	1.223522	0.750000	0.002413	
2025-09-09 10:06:57.201	continuous	7321	3	->		4	4	0.437635	False	1.120918	0.750000	0.002413	
2025-09-09 10:06:57.201	continuous	7322	3	->	4	5	5	0.420890	False	1.159251	0.750000	0.002412	
2025-09-09 10:06:57.201	continuous	7323	4	->		5	5	0.400011	False	1.061422	0.750000	0.002412	
2025-09-09 10:06:57.201	continuous	7324	5	->		6	5	0.403928	False	1.232962	0.750000	0.002412	
2025-09-09 10:06:57.202	continuous	7325	4	->		5	5	0.401645	False	1.054072	0.750000	0.002412	
2025-09-09 10:06:57.202	continuous	7326	4	->		5	5	0.402866	False	1.037289	0.750000	0.002411	
2025-09-09 10:06:57.202	continuous	7327	2	->	3	4	4	0.480826	False	0.835103	0.750000	0.002411	
2025-09-09 10:06:57.202	continuous	7328	3	->		4	4	0.440535	False	1.109670	0.750000	0.002411	
2025-09-09 10:06:57.202	continuous	7329	4	->		5	5	0.401676	False	1.041874	0.750000	0.002411	
2025-09-09 10:06:57.202	continuous	7330	3	->	4	5	5	0.424598	False	1.096609	0.750000	0.002410	
2025-09-09 10:06:57.203	continuous	7331	1	->	2	3	5	0.458660	False	2.355967	0.750000	0.002410	
2025-09-09 10:06:57.203	continuous	7332	3	->	4	5	5	0.423120	False	1.080447	0.750000	0.002410	
2025-09-09 10:06:57.203	continuous	7333	4	->	5	6	5	0.382707	False	1.244922	0.750000	0.002410	
2025-09-09 10:06:57.203	continuous	7334	3	->	4	5	5	0.424298	False	1.067245	0.750000	0.002409	
2025-09-09 10:06:57.203	continuous	7335	5	->		6	5	0.407656	False	1.277632	0.750000	0.002409	
2025-09-09 10:06:57.204	continuous	7336	4	->	5	6	5	0.384895	False	1.220647	0.750000	0.002409	
2025-09-09 10:06:57.204	continuous	7337	2	->	3	4	4	0.479232	False	0.850618	0.750000	0.002409	
2025-09-09 10:06:57.204	continuous	7338	5	->		6	5	0.406802	False	1.247692	0.750000	0.002408	
2025-09-09 10:06:57.204	continuous	7339	2	->	3	4	4	0.482540	False	0.823682	0.750000	0.002408	
2025-09-09 10:06:57.204	continuous	7340	5	->		6	5	0.406076	False	1.236343	0.750000	0.002408	
2025-09-09 10:06:57.204	continuous	7341	3	->	4	5	5	0.424711	False	1.115389	0.750000	0.002408	
2025-09-09 10:06:57.205	continuous	7342	4	->		5	5	0.405388	False	1.023986	0.750000	0.002408	
2025-09-09 10:06:57.205	continuous	7343	4	->		5	5	0.406739	False	1.007608	0.750000	0.002407	
2025-09-09 10:06:57.205	continuous	7344	3	->		4	4	0.442050	False	1.148161	0.750000	0.002407	
2025-09-09 10:06:57.205	continuous	7345	2	->	3	4	4	0.487715	False	0.799567	0.750000	0.002407	
2025-09-09 10:06:57.205	continuous	7346	3	->		4	4	0.444262	False	1.080858	0.750000	0.002407	
2025-09-09 10:06:57.205	continuous	7347	3	->	4	5	5	0.426639	False	1.099484	0.750000	0.002406	
2025-09-09 10:06:57.206	continuous	7348	3	->		4	4	0.445900	False	1.064054	0.750000	0.002406	
2025-09-09 10:06:57.206	continuous	7349	4	->		5	5	0.404784	False	1.015695	0.750000	0.002406	
2025-09-09 10:06:57.206	continuous	7350	3	->	4	5	5	0.428574	False	1.072231	0.750000	0.002406	
2025-09-09 10:06:57.206	continuous	7351	5	->		6	5	0.410534	False	1.311318	0.750000	0.002405	
2025-09-09 10:06:57.206	continuous	7352	3	->	4	5	5	0.429488	False	1.059116	0.750000	0.002405	
2025-09-09 10:06:57.206	continuous	7353	4	->		5	5	0.409691	False	0.971232	0.750000	0.002405	
2025-09-09 10:06:57.207	continuous	7354	2	->		3	4	0.477018	False	2.484096	0.750000	0.002405	
2025-09-09 10:06:57.207	continuous	7355	2	->	3	4	4	0.490428	False	0.791021	0.750000	0.002404	
2025-09-09 10:06:57.207	continuous	7356	4	->	5	6	5	0.386505	False	1.271788	0.750000	0.002404	
2025-09-09 10:06:57.207	continuous	7357	4	->		5	5	0.407435	False	0.981383	0.750000	0.002404	
2025-09-09 10:06:57.207	continuous	7358	1	->	2	3	5	0.462971	False	2.384857	0.750000	0.002404	
2025-09-09 10:06:57.207	continuous	7359	3	->	4	5	5	0.426975	False	1.038173	0.750000	0.002403	
2025-09-09 10:06:57.208	continuous	7360	2	->	3	4	4	0.488699	False	0.796864	0.750000	0.002403	
2025-09-09 10:06:57.208	continuous	7361	4	->		5	5	0.406972	False	0.965922	0.750000	0.002403	
2025-09-09 10:06:57.208	continuous	7362	4	->		5	5	0.408653	False	0.950477	0.750000	0.002403	
2025-09-09 10:06:57.208	continuous	7363	3	->		4	4	0.446236	False	1.104448	0.750000	0.002402	
2025-09-09 10:06:57.208	continuous	7364	1	->	2	3	5	0.464593	False	2.358056	0.750000	0.002402	
2025-09-09 10:06:57.208	continuous	7365	3	->		4	4	0.444508	False	1.078525	0.750000	0.002402	
2025-09-09 10:06:57.209	continuous	7366	3	->	4	5	5	0.427150	False	1.036558	0.750000	0.002402	
2025-09-09 10:06:57.209	continuous	7367	4	->		5	5	0.407128	False	0.948016	0.750000	0.002402	
2025-09-09 10:06:57.209	continuous	7368	2	->	3	4	4	0.496420	False	0.756751	0.750000	0.002401	
2025-09-09 10:06:57.209	continuous	7369	5	->		6	5	0.410104	False	1.397903	0.750000	0.002401	
2025-09-09 10:06:57.209	continuous	7370	5	->		6	5	0.409663	False	1.374837	0.750000	0.002401	
2025-09-09 10:06:57.209	continuous	7371	3	->	4	5	5	0.428381	False	1.031962	0.750000	0.002401	
2025-09-09 10:06:57.210	continuous	7372	2	->	3	4	4	0.496306	False	0.755457	0.750000	0.002400	
2025-09-09 10:06:57.210	continuous	7373	3	->	4	5	5	0.429516	False	1.025277	0.750000	0.002400	
2025-09-09 10:06:57.210	continuous	7374	4	->		5	5	0.409701	False	0.937839	0.750000	0.002400	
2025-09-09 10:06:57.210	continuous	7375	3	->	4	5	5	0.432440	False	0.985305	0.750000	0.002400	
2025-09-09 10:06:57.210	continuous	7376	4	->		5	5	0.413689	False	0.905493	0.750000	0.002399	
2025-09-09 10:06:57.210	continuous	7377	4	->		5	5	0.415654	False	0.891024	0.750000	0.002399	
2025-09-09 10:06:57.211	continuous	7378	4	->	5	6	5	0.396694	False	1.358109	0.750000	0.002399	
2025-09-09 10:06:57.211	continuous	7379	3	->	4	5	5	0.436674	False	0.940215	0.750000	0.002399	
2025-09-09 10:06:57.211	continuous	7380	2	->	3	4	4	0.495476	False	0.810686	0.750000	0.002398	
2025-09-09 10:06:57.211	continuous	7381	3	->	4	5	5	0.437705	False	0.936583	0.750000	0.002398	
2025-09-09 10:06:57.211	continuous	7382	4	->	5	6	5	0.399004	False	1.363545	0.750000	0.002398	
2025-09-09 10:06:57.212	continuous	7383	3	->	4	5	5	0.438862	False	0.926201	0.750000	0.002398	
2025-09-09 10:06:57.212	continuous	7384	3	->		4	5	0.454072	False	1.137566	0.750000	0.002397	
2025-09-09 10:06:57.212	continuous	7385	4	->	5	6	5	0.398920	False	1.359505	0.750000	0.002397	
2025-09-09 10:06:57.212	continuous	7386	3	->		4	5	0.453694	False	1.106189	0.750000	0.002397	
2025-09-09 10:06:57.212	continuous	7387	3	->		4	5	0.454684	False	1.071528	0.750000	0.002397	
2025-09-09 10:06:57.212	continuous	7388	3	->		4	4	0.455977	False	1.038052	0.750000	0.002396	
2025-09-09 10:06:57.213	continuous	7389	2	->		3	4	0.491937	False	2.517675	0.750000	0.002396	
2025-09-09 10:06:57.213	continuous	7390	4	->	5	6	5	0.391138	False	1.357209	0.750000	0.002396	
2025-09-09 10:06:57.213	continuous	7391	3	->	4	5	5	0.433724	False	0.999200	0.750000	0.002396	
2025-09-09 10:06:57.213	continuous	7392	2	->	3	4	4	0.506893	False	0.719760	0.750000	0.002396	
2025-09-09 10:06:57.213	continuous	7393	2	->		3	4	0.489027	False	2.463480	0.750000	0.002395	
2025-09-09 10:06:57.213	continuous	7394	4	->		5	5	0.410034	False	0.929610	0.750000	0.002395	
2025-09-09 10:06:57.214	continuous	7395	3	->		4	4	0.452102	False	1.036120	0.750000	0.002395	
2025-09-09 10:06:57.214	continuous	7396	3	->	4	5	5	0.433314	False	0.998274	0.750000	0.002395	
2025-09-09 10:06:57.214	continuous	7397	5	->		6	5	0.415034	False	1.448164	0.750000	0.002394	
2025-09-09 10:06:57.214	continuous	7398	3	->	4	5	5	0.433973	False	0.985910	0.750000	0.002394	
2025-09-09 10:06:57.214	continuous	7399	3	->	4	5	5	0.435685	False	0.964210	0.750000	0.002394	
2025-09-09 10:06:57.214	continuous	7400	3	->		4	5	0.454259	False	1.063123	0.750000	0.002394	
2025-09-09 10:06:57.215	continuous	7401	4	->		5	5	0.415161	False	0.896007	0.750000	0.002393	
2025-09-09 10:06:57.215	continuous	7402	4	->		5	5	0.417175	False	0.881555	0.750000	0.002393	
2025-09-09 10:06:57.215	continuous	7403	4	->		5	5	0.419254	False	0.867359	0.750000	0.002393	
2025-09-09 10:06:57.215	continuous	7404	3	->	4	5	5	0.442035	False	0.910238	0.750000	0.002393	
2025-09-09 10:06:57.215	continuous	7405	2	->	3	4	4	0.507740	False	0.760508	0.750000	0.002392	
2025-09-09 10:06:57.215	continuous	7406	4	->		5	5	0.422140	False	0.849623	0.750000	0.002392	
2025-09-09 10:06:57.216	continuous	7407	2	->	3	4	4	0.512019	False	0.739601	0.750000	0.002392	
2025-09-09 10:06:57.216	continuous	7408	3	->		4	5	0.462161	False	1.031891	0.750000	0.002392	
2025-09-09 10:06:57.216	continuous	7409	4	->	5	6	5	0.399692	False	1.435383	0.750000	0.002391	
2025-09-09 10:06:57.216	continuous	7410	2	->		3	4	0.497137	False	2.511345	0.750000	0.002391	
2025-09-09 10:06:57.216	continuous	7411	4	->		5	5	0.417471	False	0.875904	0.750000	0.002391	
2025-09-09 10:06:57.216	continuous	7412	4	->	5	6	5	0.398541	False	1.425601	0.750000	0.002391	
2025-09-09 10:06:57.217	continuous	7413	5	->		6	5	0.420379	False	1.481884	0.750000	0.002390	
2025-09-09 10:06:57.217	continuous	7414	4	->	5	6	5	0.397164	False	1.385110	0.750000	0.002390	
2025-09-09 10:06:57.217	continuous	7415	3	->	4	5	5	0.437893	False	0.953599	0.750000	0.002390	
2025-09-09 10:06:57.217	continuous	7416	3	->	4	5	5	0.439800	False	0.932554	0.750000	0.002390	
2025-09-09 10:06:57.217	continuous	7417	3	->	4	5	5	0.441837	False	0.912083	0.750000	0.002390	
2025-09-09 10:06:57.218	continuous	7418	5	->		6	5	0.425299	False	1.466571	0.750000	0.002389	
2025-09-09 10:06:57.218	continuous	7419	3	->	4	5	5	0.442787	False	0.902633	0.750000	0.002389	
2025-09-09 10:06:57.218	continuous	7420	4	->		5	5	0.426102	False	0.833334	0.750000	0.002389	
2025-09-09 10:06:57.218	continuous	7421	4	->		5	5	0.428373	False	0.820017	0.750000	0.002389	
2025-09-09 10:06:57.218	continuous	7422	3	->	4	5	5	0.449043	False	0.852237	0.750000	0.002388	
2025-09-09 10:06:57.218	continuous	7423	5	->		6	5	0.433355	False	1.483225	0.750000	0.002388	
2025-09-09 10:06:57.219	continuous	7424	4	->		5	5	0.432249	False	0.802247	0.750000	0.002388	
2025-09-09 10:06:57.219	continuous	7425	3	->		4	5	0.462204	False	1.180170	0.750000	0.002388	
2025-09-09 10:06:57.219	continuous	7426	4	->		5	5	0.432267	False	0.802138	0.750000	0.002387	
2025-09-09 10:06:57.219	continuous	7427	3	->		4	5	0.463666	False	1.154415	0.750000	0.002387	
2025-09-09 10:06:57.219	continuous	7428	4	->	5	6	5	0.411602	False	1.415794	0.750000	0.002387	
2025-09-09 10:06:57.219	continuous	7429	4	->		5	5	0.431280	False	0.811416	0.750000	0.002387	
2025-09-09 10:06:57.220	continuous	7430	3	->		4	5	0.463804	False	1.132701	0.750000	0.002386	
2025-09-09 10:06:57.220	continuous	7431	5	->		6	5	0.431786	False	1.482884	0.750000	0.002386	
2025-09-09 10:06:57.220	continuous	7432	3	->		4	5	0.462553	False	1.101781	0.750000	0.002386	
2025-09-09 10:06:57.220	continuous	7433	2	->	3	4	4	0.513540	False	0.738205	0.750000	0.002386	
2025-09-09 10:06:57.220	continuous	7434	5	->		6	5	0.427606	False	1.469179	0.750000	0.002385	
2025-09-09 10:06:57.220	continuous	7435	3	->	4	5	5	0.445856	False	0.918493	0.750000	0.002385	
2025-09-09 10:06:57.221	continuous	7436	4	->		5	5	0.428126	False	0.839145	0.750000	0.002385	
2025-09-09 10:06:57.221	continuous	7437	1	->	2	3	5	0.484730	False	2.534108	0.750000	0.002385	
2025-09-09 10:06:57.221	continuous	7438	3	->	4	5	5	0.446491	False	0.891445	0.750000	0.002385	
2025-09-09 10:06:57.221	continuous	7439	5	->		6	5	0.430096	False	1.475304	0.750000	0.002384	
2025-09-09 10:06:57.221	continuous	7440	4	->		5	5	0.428780	False	0.828573	0.750000	0.002384	
2025-09-09 10:06:57.222	continuous	7441	3	->	4	5	5	0.449384	False	0.866778	0.750000	0.002384	
2025-09-09 10:06:57.222	continuous	7442	3	->		4	5	0.463520	False	1.130314	0.750000	0.002384	
2025-09-09 10:06:57.222	continuous	7443	4	->		5	5	0.431551	False	0.812554	0.750000	0.002383	
2025-09-09 10:06:57.222	continuous	7444	3	->	4	5	5	0.452437	False	0.850219	0.750000	0.002383	
2025-09-09 10:06:57.222	continuous	7445	2	->	3	4	4	0.510947	False	0.791707	0.750000	0.002383	
2025-09-09 10:06:57.222	continuous	7446	5	->		6	5	0.434490	False	1.502012	0.750000	0.002383	
2025-09-09 10:06:57.223	continuous	7447	2	->	3	4	4	0.512791	False	0.760523	0.750000	0.002382	
2025-09-09 10:06:57.223	continuous	7448	2	->		3	4	0.497433	False	2.581274	0.750000	0.002382	
2025-09-09 10:06:57.223	continuous	7449	4	->	5	6	5	0.408028	False	1.405741	0.750000	0.002382	
2025-09-09 10:06:57.223	continuous	7450	3	->	4	5	5	0.446274	False	0.893950	0.750000	0.002382	
2025-09-09 10:06:57.223	continuous	7451	5	->		6	5	0.430034	False	1.469515	0.750000	0.002381	
2025-09-09 10:06:57.223	continuous	7452	2	->	3	4	4	0.507830	False	0.762644	0.750000	0.002381	
2025-09-09 10:06:57.224	continuous	7453	4	->	5	6	5	0.406990	False	1.377840	0.750000	0.002381	
2025-09-09 10:06:57.224	continuous	7454	2	->	3	4	4	0.510961	False	0.732361	0.750000	0.002381	
2025-09-09 10:06:57.224	continuous	7455	3	->	4	5	5	0.444240	False	0.928148	0.750000	0.002380	
2025-09-09 10:06:57.224	continuous	7456	2	->	3	4	4	0.514796	False	0.717135	0.750000	0.002380	
2025-09-09 10:06:57.224	continuous	7457	4	->	5	6	5	0.405180	False	1.375643	0.750000	0.002380	
2025-09-09 10:06:57.224	continuous	7458	3	->	4	5	5	0.444464	False	0.933674	0.750000	0.002380	
2025-09-09 10:06:57.225	continuous	7459	4	->	5	6	5	0.406989	False	1.366697	0.750000	0.002380	
2025-09-09 10:06:57.225	continuous	7460	4	->	5	6	5	0.406377	False	1.347963	0.750000	0.002379	
2025-09-09 10:06:57.225	continuous	7461	5	->		6	5	0.426002	False	1.397050	0.750000	0.002379	
2025-09-09 10:06:57.225	continuous	7462	3	->	4	5	5	0.443591	False	0.943229	0.750000	0.002379	
2025-09-09 10:06:57.225	continuous	7463	5	->		6	5	0.427442	False	1.383798	0.750000	0.002379	
2025-09-09 10:06:57.225	continuous	7464	4	->		5	5	0.426613	False	0.872155	0.750000	0.002378	
2025-09-09 10:06:57.226	continuous	7465	5	->		6	5	0.428625	False	1.370223	0.750000	0.002378	
2025-09-09 10:06:57.226	continuous	7466	4	->		5	5	0.428093	False	0.868248	0.750000	0.002378	
2025-09-09 10:06:57.226	continuous	7467	5	->		6	5	0.429850	False	1.356972	0.750000	0.002378	
2025-09-09 10:06:57.226	continuous	7468	2	->	3	4	4	0.503394	False	0.777070	0.750000	0.002377	
2025-09-09 10:06:57.226	continuous	7469	4	->		5	5	0.427690	False	0.875906	0.750000	0.002377	
2025-09-09 10:06:57.226	continuous	7470	4	->		5	5	0.429707	False	0.861557	0.750000	0.002377	
2025-09-09 10:06:57.227	continuous	7471	3	->	4	5	5	0.448686	False	0.904694	0.750000	0.002377	
2025-09-09 10:06:57.227	continuous	7472	4	->		5	5	0.434280	False	0.831276	0.750000	0.002376	
2025-09-09 10:06:57.227	continuous	7473	4	->	5	6	5	0.417196	False	1.320684	0.750000	0.002376	
2025-09-09 10:06:57.227	continuous	7474	4	->		5	5	0.435730	False	0.827606	0.750000	0.002376	
2025-09-09 10:06:57.227	continuous	7475	4	->		5	5	0.437946	False	0.814142	0.750000	0.002376	
2025-09-09 10:06:57.228	continuous	7476	3	->	4	5	5	0.455796	False	0.848364	0.750000	0.002375	
2025-09-09 10:06:57.228	continuous	7477	3	->		4	5	0.466340	False	1.186885	0.750000	0.002375	
2025-09-09 10:06:57.228	continuous	7478	4	->	5	6	5	0.421003	False	1.336161	0.750000	0.002375	
2025-09-09 10:06:57.228	continuous	7479	2	->	3	4	4	0.507212	False	0.801876	0.750000	0.002375	
2025-09-09 10:06:57.228	continuous	7480	2	->	3	4	4	0.511576	False	0.765211	0.750000	0.002375	
2025-09-09 10:06:57.228	continuous	7481	4	->		5	5	0.435081	False	0.831858	0.750000	0.002374	
2025-09-09 10:06:57.229	continuous	7482	4	->		5	5	0.437293	False	0.818205	0.750000	0.002374	
2025-09-09 10:06:57.229	continuous	7483	3	->	4	5	5	0.456261	False	0.859546	0.750000	0.002374	
2025-09-09 10:06:57.229	continuous	7484	5	->		6	5	0.441210	False	1.422610	0.750000	0.002374	
2025-09-09 10:06:57.229	continuous	7485	1	->	2	3	5	0.488305	False	2.648822	0.750000	0.002373	
2025-09-09 10:06:57.229	continuous	7486	3	->	4	5	5	0.453935	False	0.861531	0.750000	0.002373	
2025-09-09 10:06:57.229	continuous	7487	4	->		5	5	0.440541	False	0.793631	0.750000	0.002373	
2025-09-09 10:06:57.230	continuous	7488	5	->		6	5	0.441463	False	1.420232	0.750000	0.002373	
2025-09-09 10:06:57.230	continuous	7489	3	->	4	5	5	0.457160	False	0.839073	0.750000	0.002372	
2025-09-09 10:06:57.230	continuous	7490	4	->		5	5	0.444588	False	0.776620	0.750000	0.002372	
2025-09-09 10:06:57.230	continuous	7491	4	->	5	6	5	0.427735	False	1.352642	0.750000	0.002372	
2025-09-09 10:06:57.230	continuous	7492	5	->		6	5	0.444081	False	1.395912	0.750000	0.002372	
2025-09-09 10:06:57.230	continuous	7493	4	->		5	5	0.444878	False	0.785172	0.750000	0.002371	
2025-09-09 10:06:57.231	continuous	7494	2	->		3	5	0.491879	False	2.663198	0.750000	0.002371	
2025-09-09 10:06:57.231	continuous	7495	3	->	4	5	5	0.458065	False	0.822876	0.750000	0.002371	
2025-09-09 10:06:57.231	continuous	7496	4	->	5	6	5	0.427747	False	1.333763	0.750000	0.002371	
2025-09-09 10:06:57.231	continuous	7497	2	->	3	4	4	0.498218	False	0.887436	0.750000	0.002370	
2025-09-09 10:06:57.231	continuous	7498	4	->	5	6	5	0.424224	False	1.317271	0.750000	0.002370	
2025-09-09 10:06:57.231	continuous	7499	4	->		5	5	0.442117	False	0.798461	0.750000	0.002370	
2025-09-09 10:06:57.232	continuous	7500	4	->		5	5	0.444436	False	0.785524	0.750000	0.002370	
2025-09-09 10:06:57.232	continuous	7501	2	->	3	4	4	0.500824	False	0.872174	0.750000	0.002370	
2025-09-09 10:06:57.232	continuous	7502	4	->		5	5	0.444072	False	0.784987	0.750000	0.002369	
2025-09-09 10:06:57.232	continuous	7503	3	->	4	5	5	0.460478	False	0.816354	0.750000	0.002369	
2025-09-09 10:06:57.232	continuous	7504	4	->		5	5	0.449274	False	0.757782	0.750000	0.002369	
2025-09-09 10:06:57.232	continuous	7505	3	->		4	5	0.470623	False	1.233137	0.750000	0.002369	
2025-09-09 10:06:57.233	continuous	7506	3	->	4	5	5	0.463124	False	0.801964	0.750000	0.002368	
2025-09-09 10:06:57.233	continuous	7507	5	->		6	5	0.449377	False	1.434001	0.750000	0.002368	
2025-09-09 10:06:57.233	continuous	7508	2	->	3	4	4	0.506698	False	0.852771	0.750000	0.002368	
2025-09-09 10:06:57.233	continuous	7509	3	->	4	5	5	0.462077	False	0.813547	0.750000	0.002368	
2025-09-09 10:06:57.233	continuous	7510	5	->		6	5	0.448222	False	1.424386	0.750000	0.002367	
2025-09-09 10:06:57.233	continuous	7511	3	->	4	5	5	0.463286	False	0.807545	0.750000	0.002367	
2025-09-09 10:06:57.234	continuous	7512	3	->	4	5	5	0.466028	False	0.789909	0.750000	0.002367	
2025-09-09 10:06:57.234	continuous	7513	4	->		5	5	0.454983	False	0.735435	0.750000	0.002367	
2025-09-09 10:06:57.234	continuous	7514	2	->	3	4	4	0.509429	False	0.880090	0.750000	0.002366	
2025-09-09 10:06:57.234	continuous	7515	5	->		6	5	0.451950	False	1.437531	0.750000	0.002366	
2025-09-09 10:06:57.234	continuous	7516	3	->		4	5	0.472679	False	1.206843	0.750000	0.002366	
2025-09-09 10:06:57.234	continuous	7517	5	->		6	5	0.448007	False	1.416709	0.750000	0.002366	
2025-09-09 10:06:57.235	continuous	7518	4	->	5	6	5	0.430485	False	1.326848	0.750000	0.002366	
2025-09-09 10:06:57.235	continuous	7519	1	->	2	3	5	0.490087	False	2.677577	0.750000	0.002365	
2025-09-09 10:06:57.235	continuous	7520	3	->	4	5	5	0.458490	False	0.839171	0.750000	0.002365	
2025-09-09 10:06:57.235	continuous	7521	4	->		5	5	0.447248	False	0.775370	0.750000	0.002365	
2025-09-09 10:06:57.235	continuous	7522	2	->	3	4	4	0.506588	False	0.839555	0.750000	0.002365	
2025-09-09 10:06:57.235	continuous	7523	3	->	4	5	5	0.461125	False	0.822992	0.750000	0.002364	
2025-09-09 10:06:57.236	continuous	7524	3	->	4	5	5	0.463794	False	0.804823	0.750000	0.002364	
2025-09-09 10:06:57.236	continuous	7525	3	->	4	5	5	0.466556	False	0.787178	0.750000	0.002364	
2025-09-09 10:06:57.236	continuous	7526	4	->		5	5	0.455556	False	0.731860	0.750000	0.002364	
2025-09-09 10:06:57.236	continuous	7527	2	->		3	5	0.500523	False	2.703698	0.750000	0.002363	
2025-09-09 10:06:57.236	continuous	7528	3	->	4	5	5	0.468075	False	0.765851	0.750000	0.002363	
2025-09-09 10:06:57.237	continuous	7529	3	->		4	5	0.474377	False	1.255579	0.750000	0.002363	
2025-09-09 10:06:57.237	continuous	7530	4	->		5	5	0.454415	False	0.727994	0.750000	0.002363	
2025-09-09 10:06:57.237	continuous	7531	4	->		5	5	0.457035	False	0.716328	0.750000	0.002362	
2025-09-09 10:06:57.237	continuous	7532	5	->		6	5	0.456564	False	1.481682	0.750000	0.002362	
2025-09-09 10:06:57.237	continuous	7533	3	->	4	5	5	0.471349	False	0.752213	0.750000	0.002362	
2025-09-09 10:06:57.237	continuous	7534	5	->		6	5	0.457790	False	1.466940	0.750000	0.002362	
2025-09-09 10:06:57.238	continuous	7535	3	->		4	5	0.475280	False	1.262813	0.750000	0.002362	
2025-09-09 10:06:57.238	continuous	7536	2	->	3	4	4	0.510546	False	0.850218	0.750000	0.002361	
2025-09-09 10:06:57.238	continuous	7537	4	->	5	6	5	0.434698	False	1.376129	0.750000	0.002361	
2025-09-09 10:06:57.238	continuous	7538	4	->		5	5	0.451907	False	0.749359	0.750000	0.002361	
2025-09-09 10:06:57.238	continuous	7539	3	->	4	5	5	0.467991	False	0.779949	0.750000	0.002361	
2025-09-09 10:06:57.238	continuous	7540	4	->		5	5	0.457417	False	0.723349	0.750000	0.002360	
2025-09-09 10:06:57.239	continuous	7541	2	->	3	4	4	0.513367	False	0.852629	0.750000	0.002360	
2025-09-09 10:06:57.239	continuous	7542	3	->		4	5	0.476464	False	1.183009	0.750000	0.002360	
2025-09-09 10:06:57.239	continuous	7543	4	->		5	5	0.453943	False	0.737097	0.750000	0.002360	
2025-09-09 10:06:57.239	continuous	7544	2	->	3	4	4	0.520717	False	0.784754	0.750000	0.002359	
2025-09-09 10:06:57.239	continuous	7545	2	->	3	4	4	0.524835	False	0.747579	0.750000	0.002359	
2025-09-09 10:06:57.239	continuous	7546	4	->	5	6	5	0.432704	False	1.404010	0.750000	0.002359	
2025-09-09 10:06:57.240	continuous	7547	2	->	3	4	4	0.527514	False	0.714948	0.750000	0.002359	
2025-09-09 10:06:57.240	continuous	7548	3	->		4	5	0.476310	False	1.050573	0.750000	0.002358	
2025-09-09 10:06:57.240	continuous	7549	3	->		4	5	0.477293	False	1.014416	0.750000	0.002358	
2025-09-09 10:06:57.240	continuous	7550	5	->		6	5	0.442121	False	1.478442	0.750000	0.002358	
2025-09-09 10:06:57.240	continuous	7551	5	->		6	5	0.440908	False	1.452054	0.750000	0.002358	
2025-09-09 10:06:57.240	continuous	7552	4	->		5	5	0.440833	False	0.817061	0.750000	0.002357	
2025-09-09 10:06:57.241	continuous	7553	3	->	4	5	5	0.460063	False	0.874919	0.750000	0.002357	
2025-09-09 10:06:57.241	continuous	7554	5	->		6	5	0.444301	False	1.447383	0.750000	0.002357	
2025-09-09 10:06:57.241	continuous	7555	3	->	4	5	5	0.460893	False	0.865561	0.750000	0.002357	
2025-09-09 10:06:57.241	continuous	7556	3	->	4	5	5	0.463240	False	0.845506	0.750000	0.002357	
2025-09-09 10:06:57.241	continuous	7557	3	->	4	5	5	0.465710	False	0.826032	0.750000	0.002356	
2025-09-09 10:06:57.242	continuous	7558	5	->		6	5	0.450875	False	1.455280	0.750000	0.002356	
2025-09-09 10:06:57.242	continuous	7559	3	->		4	5	0.476704	False	1.090266	0.750000	0.002356	
2025-09-09 10:06:57.242	continuous	7560	4	->		5	5	0.449402	False	0.775002	0.750000	0.002356	
2025-09-09 10:06:57.242	continuous	7561	3	->	4	5	5	0.467092	False	0.821680	0.750000	0.002355	
2025-09-09 10:06:57.242	continuous	7562	3	->		4	5	0.479829	False	1.083432	0.750000	0.002355	
2025-09-09 10:06:57.242	continuous	7563	4	->	5	6	5	0.434030	False	1.380972	0.750000	0.002355	
2025-09-09 10:06:57.243	continuous	7564	3	->		4	5	0.478832	False	1.048526	0.750000	0.002355	
2025-09-09 10:06:57.243	continuous	7565	3	->	4	5	5	0.465107	False	0.850710	0.750000	0.002354	
2025-09-09 10:06:57.243	continuous	7566	3	->	4	5	5	0.467503	False	0.830827	0.750000	0.002354	
2025-09-09 10:06:57.243	continuous	7567	4	->		5	5	0.454233	False	0.751902	0.750000	0.002354	
2025-09-09 10:06:57.243	continuous	7568	3	->	4	5	5	0.472195	False	0.796738	0.750000	0.002354	
2025-09-09 10:06:57.243	continuous	7569	4	->		5	5	0.459774	False	0.724936	0.750000	0.002353	
2025-09-09 10:06:57.244	continuous	7570	4	->		5	5	0.462399	False	0.712996	0.750000	0.002353	
2025-09-09 10:06:57.244	continuous	7571	5	->		6	5	0.461954	False	1.511424	0.750000	0.002353	
2025-09-09 10:06:57.244	continuous	7572	4	->		5	5	0.463302	False	0.712267	0.750000	0.002353	
2025-09-09 10:06:57.244	continuous	7573	4	->		5	5	0.465958	False	0.700601	0.750000	0.002353	
2025-09-09 10:06:57.244	continuous	7574	4	->	5	6	5	0.450237	False	1.422887	0.750000	0.002352	
2025-09-09 10:06:57.244	continuous	7575	4	->	5	6	5	0.448686	False	1.401411	0.750000	0.002352	
2025-09-09 10:06:57.245	continuous	7576	3	->	4	5	5	0.478633	False	0.757173	0.750000	0.002352	
2025-09-09 10:06:57.245	continuous	7577	5	->		6	5	0.464727	False	1.469772	0.750000	0.002352	
2025-09-09 10:06:57.245	continuous	7578	2	->	3	4	4	0.526911	False	0.782546	0.750000	0.002351	
2025-09-09 10:06:57.245	continuous	7579	2	->	3	4	4	0.531009	False	0.744358	0.750000	0.002351	
2025-09-09 10:06:57.245	continuous	7580	4	->	5	6	5	0.443122	False	1.370546	0.750000	0.002351	
2025-09-09 10:06:57.245	continuous	7581	5	->		6	5	0.456556	False	1.426537	0.750000	0.002351	
2025-09-09 10:06:57.246	continuous	7582	4	->	5	6	5	0.440832	False	1.327342	0.750000	0.002350	
2025-09-09 10:06:57.246	continuous	7583	4	->		5	5	0.457082	False	0.763753	0.750000	0.002350	
2025-09-09 10:06:57.246	continuous	7584	3	->		4	5	0.480619	False	1.110637	0.750000	0.002350	
2025-09-09 10:06:57.246	continuous	7585	2	->	3	4	4	0.534443	False	0.693132	0.750000	0.002350	
2025-09-09 10:06:57.246	continuous	7586	4	->		5	5	0.454416	False	0.774896	0.750000	0.002349	
2025-09-09 10:06:57.246	continuous	7587	3	->		4	5	0.482609	False	1.050176	0.750000	0.002349	
2025-09-09 10:06:57.247	continuous	7588	3	->	4	5	5	0.469671	False	0.843780	0.750000	0.002349	
2025-09-09 10:06:57.247	continuous	7589	2	->	3	4	4	0.543154	False	0.656699	0.750000	0.002349	
2025-09-09 10:06:57.247	continuous	7590	5	->		6	5	0.452766	False	1.432676	0.750000	0.002349	
2025-09-09 10:06:57.247	continuous	7591	2	->	3	4	4	0.546127	False	0.631969	0.750000	0.002348	
2025-09-09 10:06:57.247	continuous	7592	4	->	5	6	5	0.434437	False	1.329980	0.750000	0.002348	
2025-09-09 10:06:57.247	continuous	7593	3	->	4	5	5	0.466902	False	0.878569	0.750000	0.002348	
2025-09-09 10:06:57.248	continuous	7594	4	->		5	5	0.453473	False	0.785596	0.750000	0.002348	
2025-09-09 10:06:57.248	continuous	7595	3	->		4	5	0.484789	False	1.010607	0.750000	0.002347	
2025-09-09 10:06:57.248	continuous	7596	5	->		6	5	0.451533	False	1.417607	0.750000	0.002347	
2025-09-09 10:06:57.248	continuous	7597	4	->		5	5	0.452419	False	0.795562	0.750000	0.002347	
2025-09-09 10:06:57.248	continuous	7598	4	->	5	6	5	0.437603	False	1.322639	0.750000	0.002347	
2025-09-09 10:06:57.248	continuous	7599	3	->	4	5	5	0.468920	False	0.866300	0.750000	0.002346	
2025-09-09 10:06:57.249	continuous	7600	4	->		5	5	0.456450	False	0.776111	0.750000	0.002346	
2025-09-09 10:06:57.249	continuous	7601	5	->		6	5	0.456050	False	1.402579	0.750000	0.002346	
2025-09-09 10:06:57.249	continuous	7602	3	->	4	5	5	0.471709	False	0.841647	0.750000	0.002346	
2025-09-09 10:06:57.249	continuous	7603	3	->	4	5	5	0.474150	False	0.821805	0.750000	0.002346	
2025-09-09 10:06:57.249	continuous	7604	4	->		5	5	0.463399	False	0.743236	0.750000	0.002345	
2025-09-09 10:06:57.249	continuous	7605	3	->	4	5	5	0.478887	False	0.787794	0.750000	0.002345	
2025-09-09 10:06:57.250	continuous	7606	2	->		3	4	0.518278	False	3.032657	0.750000	0.002345	
2025-09-09 10:06:57.250	continuous	7607	5	->		6	5	0.461749	False	1.421483	0.750000	0.002345	
2025-09-09 10:06:57.250	continuous	7608	4	->	5	6	5	0.447215	False	1.322228	0.750000	0.002344	
2025-09-09 10:06:57.250	continuous	7609	4	->	5	6	5	0.446159	False	1.302234	0.750000	0.002344	
2025-09-09 10:06:57.250	continuous	7610	4	->		5	5	0.461745	False	0.755966	0.750000	0.002344	
2025-09-09 10:06:57.251	continuous	7611	4	->	5	6	5	0.447541	False	1.293307	0.750000	0.002344	
2025-09-09 10:06:57.251	continuous	7612	3	->		4	5	0.480293	False	1.136779	0.750000	0.002343	
2025-09-09 10:06:57.251	continuous	7613	5	->		6	5	0.456650	False	1.345832	0.750000	0.002343	
2025-09-09 10:06:57.251	continuous	7614	3	->	4	5	5	0.471070	False	0.838667	0.750000	0.002343	
2025-09-09 10:06:57.251	continuous	7615	3	->	4	5	5	0.473568	False	0.819243	0.750000	0.002343	
2025-09-09 10:06:57.251	continuous	7616	3	->	4	5	5	0.476176	False	0.800385	0.750000	0.002342	
2025-09-09 10:06:57.252	continuous	7617	3	->	4	5	5	0.478890	False	0.782073	0.750000	0.002342	
2025-09-09 10:06:57.252	continuous	7618	2	->	3	4	4	0.526821	False	0.777639	0.750000	0.002342	
2025-09-09 10:06:57.252	continuous	7619	4	->	5	6	5	0.450995	False	1.303649	0.750000	0.002342	
2025-09-09 10:06:57.252	continuous	7620	4	->		5	5	0.466377	False	0.740811	0.750000	0.002342	
2025-09-09 10:06:57.252	continuous	7621	4	->		5	5	0.468830	False	0.728426	0.750000	0.002341	
2025-09-09 10:06:57.253	continuous	7622	4	->		5	5	0.471330	False	0.716288	0.750000	0.002341	
2025-09-09 10:06:57.253	continuous	7623	2	->	3	4	4	0.529498	False	0.775775	0.750000	0.002341	
2025-09-09 10:06:57.253	continuous	7624	4	->		5	5	0.470809	False	0.716191	0.750000	0.002341	
2025-09-09 10:06:57.253	continuous	7625	3	->		4	5	0.488821	False	1.147086	0.750000	0.002340	
2025-09-09 10:06:57.253	continuous	7626	3	->	4	5	5	0.481953	False	0.771469	0.750000	0.002340	
2025-09-09 10:06:57.253	continuous	7627	4	->	5	6	5	0.456451	False	1.342225	0.750000	0.002340	
2025-09-09 10:06:57.254	continuous	7628	4	->	5	6	5	0.455157	False	1.321498	0.750000	0.002340	
2025-09-09 10:06:57.254	continuous	7629	5	->		6	5	0.466062	False	1.373477	0.750000	0.002339	
2025-09-09 10:06:57.254	continuous	7630	1	->	2	3	5	0.505385	False	2.979291	0.750000	0.002339	
2025-09-09 10:06:57.254	continuous	7631	4	->	5	6	5	0.449276	False	1.278373	0.750000	0.002339	
2025-09-09 10:06:57.254	continuous	7632	4	->		5	5	0.464284	False	0.755651	0.750000	0.002339	
2025-09-09 10:06:57.254	continuous	7633	4	->	5	6	5	0.450684	False	1.269818	0.750000	0.002338	
2025-09-09 10:06:57.255	continuous	7634	4	->		5	5	0.465617	False	0.753924	0.750000	0.002338	
2025-09-09 10:06:57.255	continuous	7635	2	->	3	4	4	0.525006	False	0.762643	0.750000	0.002338	
2025-09-09 10:06:57.255	continuous	7636	2	->		3	4	0.508865	False	2.977981	0.750000	0.002338	
2025-09-09 10:06:57.255	continuous	7637	4	->		5	5	0.462008	False	0.758976	0.750000	0.002338	
2025-09-09 10:06:57.255	continuous	7638	3	->	4	5	5	0.474587	False	0.800733	0.750000	0.002337	
2025-09-09 10:06:57.255	continuous	7639	4	->	5	6	5	0.451312	False	1.286277	0.750000	0.002337	
2025-09-09 10:06:57.256	continuous	7640	5	->		6	5	0.461497	False	1.332889	0.750000	0.002337	
2025-09-09 10:06:57.256	continuous	7641	4	->	5	6	5	0.449494	False	1.244928	0.750000	0.002337	
2025-09-09 10:06:57.256	continuous	7642	4	->	5	6	5	0.448750	False	1.225961	0.750000	0.002336	
2025-09-09 10:06:57.256	continuous	7643	3	->	4	5	5	0.472548	False	0.830964	0.750000	0.002336	
2025-09-09 10:06:57.256	continuous	7644	4	->		5	5	0.466042	False	0.761188	0.750000	0.002336	
2025-09-09 10:06:57.256	continuous	7645	4	->	5	6	5	0.452876	False	1.230553	0.750000	0.002336	
2025-09-09 10:06:57.257	continuous	7646	4	->	5	6	5	0.452143	False	1.211678	0.750000	0.002335	
2025-09-09 10:06:57.257	continuous	7647	5	->		6	5	0.461785	False	1.248880	0.750000	0.002335	
2025-09-09 10:06:57.257	continuous	7648	2	->	3	4	4	0.512821	False	0.809563	0.750000	0.002335	
2025-09-09 10:06:57.257	continuous	7649	3	->		4	5	0.475048	False	1.180132	0.750000	0.002335	
2025-09-09 10:06:57.257	continuous	7650	4	->	5	6	5	0.445458	False	1.179841	0.750000	0.002335	
2025-09-09 10:06:57.257	continuous	7651	2	->	3	4	4	0.521231	False	0.735214	0.750000	0.002334	
2025-09-09 10:06:57.258	continuous	7652	4	->	5	6	5	0.442712	False	1.165650	0.750000	0.002334	
2025-09-09 10:06:57.258	continuous	7653	4	->	5	6	5	0.442509	False	1.148081	0.750000	0.002334	
2025-09-09 10:06:57.258	continuous	7654	4	->	5	6	5	0.442402	False	1.130797	0.750000	0.002334	
2025-09-09 10:06:57.258	continuous	7655	4	->	5	6	5	0.442391	False	1.113790	0.750000	0.002333	
2025-09-09 10:06:57.258	continuous	7656	3	->	4	5	5	0.465779	False	0.943109	0.750000	0.002333	
2025-09-09 10:06:57.258	continuous	7657	2	->		3	4	0.498214	False	2.963392	0.750000	0.002333	
2025-09-09 10:06:57.259	continuous	7658	2	->	3	4	4	0.516330	False	0.739932	0.750000	0.002333	
2025-09-09 10:06:57.259	continuous	7659	3	->	4	5	5	0.462960	False	0.939952	0.750000	0.002332	
2025-09-09 10:06:57.259	continuous	7660	4	->	5	6	5	0.441535	False	1.128558	0.750000	0.002332	
2025-09-09 10:06:57.259	continuous	7661	4	->	5	6	5	0.441541	False	1.111620	0.750000	0.002332	
2025-09-09 10:06:57.259	continuous	7662	5	->		6	5	0.451456	False	1.144963	0.750000	0.002332	
2025-09-09 10:06:57.259	continuous	7663	2	->		3	4	0.494252	False	2.901964	0.750000	0.002331	
2025-09-09 10:06:57.260	continuous	7664	3	->	4	5	5	0.461364	False	0.959602	0.750000	0.002331	
2025-09-09 10:06:57.260	continuous	7665	5	->		6	5	0.450653	False	1.140244	0.750000	0.002331	
2025-09-09 10:06:57.260	continuous	7666	2	->	3	4	4	0.509956	False	0.765907	0.750000	0.002331	
2025-09-09 10:06:57.260	continuous	7667	2	->	3	4	4	0.515334	False	0.729745	0.750000	0.002331	
2025-09-09 10:06:57.260	continuous	7668	3	->		4	4	0.467531	False	1.108169	0.750000	0.002330	
2025-09-09 10:06:57.260	continuous	7669	4	->		5	5	0.448292	False	0.911157	0.750000	0.002330	
2025-09-09 10:06:57.261	continuous	7670	3	->		4	4	0.468931	False	1.079614	0.750000	0.002330	
2025-09-09 10:06:57.261	continuous	7671	3	->		4	4	0.470203	False	1.041630	0.750000	0.002330	
2025-09-09 10:06:57.261	continuous	7672	5	->		6	5	0.442502	False	1.172769	0.750000	0.002329	
2025-09-09 10:06:57.261	continuous	7673	2	->	3	4	4	0.537676	False	0.616428	0.750000	0.002329	
2025-09-09 10:06:57.261	continuous	7674	1	->	2	3	4	0.485459	False	2.819069	0.750000	0.002329	
2025-09-09 10:06:57.261	continuous	7675	4	->	5	6	5	0.427280	False	1.101445	0.750000	0.002329	
2025-09-09 10:06:57.262	continuous	7676	4	->		5	5	0.441511	False	0.951899	0.750000	0.002328	
2025-09-09 10:06:57.262	continuous	7677	3	->		4	4	0.469165	False	1.008271	0.750000	0.002328	
2025-09-09 10:06:57.262	continuous	7678	3	->	4	5	5	0.453848	False	1.047180	0.750000	0.002328	
2025-09-09 10:06:57.262	continuous	7679	3	->	4	5	5	0.455074	False	1.021801	0.750000	0.002328	
2025-09-09 10:06:57.262	continuous	7680	4	->	5	6	5	0.430971	False	1.124976	0.750000	0.002328	
2025-09-09 10:06:57.263	continuous	7681	4	->	5	6	5	0.431188	False	1.108337	0.750000	0.002327	
2025-09-09 10:06:57.263	continuous	7682	3	->		4	4	0.469855	False	1.018025	0.750000	0.002327	
2025-09-09 10:06:57.263	continuous	7683	5	->		6	5	0.440348	False	1.160694	0.750000	0.002327	
2025-09-09 10:06:57.263	continuous	7684	3	->		4	4	0.471141	False	0.991827	0.750000	0.002327	
2025-09-09 10:06:57.263	continuous	7685	4	->	5	6	5	0.427792	False	1.085735	0.750000	0.002326	
2025-09-09 10:06:57.264	continuous	7686	2	->	3	4	4	0.547665	False	0.572534	0.750000	0.002326	
2025-09-09 10:06:57.264	continuous	7687	4	->		5	5	0.440495	False	0.978676	0.750000	0.002326	
2025-09-09 10:06:57.264	continuous	7688	3	->	4	5	5	0.455242	False	1.068897	0.750000	0.002326	
2025-09-09 10:06:57.264	continuous	7689	5	->		6	5	0.440958	False	1.161889	0.750000	0.002325	
2025-09-09 10:06:57.264	continuous	7690	3	->	4	5	5	0.456329	False	1.054515	0.750000	0.002325	
2025-09-09 10:06:57.264	continuous	7691	3	->		4	4	0.472969	False	0.989441	0.750000	0.002325	
2025-09-09 10:06:57.265	continuous	7692	3	->	4	5	5	0.456786	False	1.045583	0.750000	0.002325	
2025-09-09 10:06:57.265	continuous	7693	3	->		4	4	0.474725	False	0.971605	0.750000	0.002324	
2025-09-09 10:06:57.265	continuous	7694	4	->		5	5	0.443787	False	0.932997	0.750000	0.002324	
2025-09-09 10:06:57.265	continuous	7695	4	->		5	5	0.445350	False	0.916485	0.750000	0.002324	
2025-09-09 10:06:57.265	continuous	7696	3	->	4	5	5	0.459493	False	0.997710	0.750000	0.002324	
2025-09-09 10:06:57.265	continuous	7697	5	->		6	5	0.445910	False	1.217083	0.750000	0.002324	
2025-09-09 10:06:57.266	continuous	7698	3	->	4	5	5	0.460639	False	0.985263	0.750000	0.002323	
2025-09-09 10:06:57.266	continuous	7699	3	->	4	5	5	0.462229	False	0.961325	0.750000	0.002323	
2025-09-09 10:06:57.266	continuous	7700	1	->	2	3	5	0.490322	False	2.870203	0.750000	0.002323	
2025-09-09 10:06:57.266	continuous	7701	2	->	3	4	4	0.538698	False	0.619284	0.750000	0.002323	
2025-09-09 10:06:57.266	continuous	7702	5	->		6	5	0.445165	False	1.227504	0.750000	0.002322	
2025-09-09 10:06:57.266	continuous	7703	2	->	3	4	4	0.542905	False	0.599080	0.750000	0.002322	
2025-09-09 10:06:57.267	continuous	7704	2	->	3	4	4	0.549381	False	0.573530	0.750000	0.002322	
2025-09-09 10:06:57.267	continuous	7705	1	->	2	3	4	0.489484	False	2.815091	0.750000	0.002322	
2025-09-09 10:06:57.267	continuous	7706	3	->		4	4	0.473288	False	0.954847	0.750000	0.002321	
2025-09-09 10:06:57.267	continuous	7707	5	->		6	5	0.438184	False	1.229704	0.750000	0.002321	
2025-09-09 10:06:57.267	continuous	7708	2	->	3	4	4	0.557035	False	0.537265	0.750000	0.002321	
2025-09-09 10:06:57.267	continuous	7709	3	->		4	4	0.476781	False	0.905075	0.750000	0.002321	
2025-09-09 10:06:57.268	continuous	7710	4	->		5	5	0.437688	False	0.945831	0.750000	0.002321	
2025-09-09 10:06:57.268	continuous	7711	3	->		4	4	0.479382	False	0.884507	0.750000	0.002320	
2025-09-09 10:06:57.268	continuous	7712	3	->	4	5	5	0.454905	False	1.060096	0.750000	0.002320	
2025-09-09 10:06:57.268	continuous	7713	3	->	4	5	5	0.455922	False	1.033482	0.750000	0.002320	
2025-09-09 10:06:57.268	continuous	7714	3	->		4	4	0.480776	False	0.889531	0.750000	0.002320	
2025-09-09 10:06:57.268	continuous	7715	3	->	4	5	5	0.457039	False	1.025637	0.750000	0.002319	
2025-09-09 10:06:57.269	continuous	7716	4	->	5	6	5	0.428329	False	1.197384	0.750000	0.002319	
2025-09-09 10:06:57.269	continuous	7717	3	->	4	5	5	0.457685	False	1.010735	0.750000	0.002319	
2025-09-09 10:06:57.269	continuous	7718	3	->	4	5	5	0.459047	False	0.985566	0.750000	0.002319	
2025-09-09 10:06:57.269	continuous	7719	5	->		6	5	0.443864	False	1.286138	0.750000	0.002318	
2025-09-09 10:06:57.269	continuous	7720	4	->		5	5	0.446410	False	0.874828	0.750000	0.002318	
2025-09-09 10:06:57.269	continuous	7721	4	->	5	6	5	0.434742	False	1.191625	0.750000	0.002318	
2025-09-09 10:06:57.270	continuous	7722	4	->	5	6	5	0.434574	False	1.173694	0.750000	0.002318	
2025-09-09 10:06:57.270	continuous	7723	3	->	4	5	5	0.460090	False	0.976628	0.750000	0.002318	
2025-09-09 10:06:57.270	continuous	7724	3	->		4	4	0.478014	False	0.964346	0.750000	0.002317	
2025-09-09 10:06:57.270	continuous	7725	4	->	5	6	5	0.434554	False	1.172335	0.750000	0.002317	
2025-09-09 10:06:57.270	continuous	7726	5	->		6	5	0.444614	False	1.233097	0.750000	0.002317	
2025-09-09 10:06:57.271	continuous	7727	5	->		6	5	0.444523	False	1.210210	0.750000	0.002317	
2025-09-09 10:06:57.271	continuous	7728	3	->		4	4	0.477280	False	0.952463	0.750000	0.002316	
2025-09-09 10:06:57.271	continuous	7729	4	->		5	5	0.445898	False	0.917103	0.750000	0.002316	
2025-09-09 10:06:57.271	continuous	7730	4	->	5	6	5	0.434485	False	1.132038	0.750000	0.002316	
2025-09-09 10:06:57.271	continuous	7731	2	->	3	4	4	0.560749	False	0.536040	0.750000	0.002316	
2025-09-09 10:06:57.271	continuous	7732	5	->		6	5	0.443268	False	1.195807	0.750000	0.002315	
2025-09-09 10:06:57.272	continuous	7733	4	->		5	5	0.446303	False	0.931012	0.750000	0.002315	
2025-09-09 10:06:57.272	continuous	7734	4	->		5	5	0.447850	False	0.914472	0.750000	0.002315	
2025-09-09 10:06:57.272	continuous	7735	1	->	2	3	4	0.491953	False	2.878718	0.750000	0.002315	
2025-09-09 10:06:57.272	continuous	7736	3	->		4	4	0.476410	False	0.946874	0.750000	0.002315	
2025-09-09 10:06:57.272	continuous	7737	1	->	2	3	4	0.490594	False	2.810906	0.750000	0.002314	
2025-09-09 10:06:57.272	continuous	7738	5	->		6	5	0.439004	False	1.209577	0.750000	0.002314	
2025-09-09 10:06:57.273	continuous	7739	3	->		4	4	0.474536	False	0.931203	0.750000	0.002314	
2025-09-09 10:06:57.273	continuous	7740	2	->	3	4	4	0.566054	False	0.507312	0.750000	0.002314	
2025-09-09 10:06:57.273	continuous	7741	2	->	3	4	4	0.572802	False	0.487475	0.750000	0.002313	
2025-09-09 10:06:57.273	continuous	7742	3	->	4	5	5	0.454145	False	1.080514	0.750000	0.002313	
2025-09-09 10:06:57.273	continuous	7743	4	->		5	5	0.439832	False	0.935097	0.750000	0.002313	
2025-09-09 10:06:57.273	continuous	7744	4	->	5	6	5	0.428430	False	1.148855	0.750000	0.002313	
2025-09-09 10:06:57.274	continuous	7745	2	->		3	4	0.525343	False	2.877732	0.750000	0.002312	
2025-09-09 10:06:57.274	continuous	7746	5	->		6	5	0.436432	False	1.213394	0.750000	0.002312	
2025-09-09 10:06:57.274	continuous	7747	5	->		6	5	0.436577	False	1.191149	0.750000	0.002312	
2025-09-09 10:06:57.274	continuous	7748	3	->	4	5	5	0.452361	False	1.066831	0.750000	0.002312	
2025-09-09 10:06:57.274	continuous	7749	4	->	5	6	5	0.429324	False	1.107214	0.750000	0.002312	
2025-09-09 10:06:57.274	continuous	7750	4	->	5	6	5	0.429674	False	1.090802	0.750000	0.002311	
2025-09-09 10:06:57.275	continuous	7751	3	->	4	5	5	0.453389	False	1.063384	0.750000	0.002311	
2025-09-09 10:06:57.275	continuous	7752	3	->	4	5	5	0.454535	False	1.037351	0.750000	0.002311	
2025-09-09 10:06:57.275	continuous	7753	2	->	3	4	4	0.547323	False	0.569053	0.750000	0.002311	
2025-09-09 10:06:57.275	continuous	7754	5	->		6	5	0.440685	False	1.174768	0.750000	0.002310	
2025-09-09 10:06:57.275	continuous	7755	4	->	5	6	5	0.432710	False	1.083541	0.750000	0.002310	
2025-09-09 10:06:57.275	continuous	7756	3	->	4	5	5	0.455158	False	1.048711	0.750000	0.002310	
2025-09-09 10:06:57.276	continuous	7757	2	->	3	4	4	0.547509	False	0.569442	0.750000	0.002310	
2025-09-09 10:06:57.276	continuous	7758	3	->	4	5	5	0.455713	False	1.036094	0.750000	0.002309	
2025-09-09 10:06:57.276	continuous	7759	3	->		4	4	0.472631	False	0.974398	0.750000	0.002309	
2025-09-09 10:06:57.276	continuous	7760	3	->		4	4	0.474970	False	0.939700	0.750000	0.002309	
2025-09-09 10:06:57.276	continuous	7761	2	->	3	4	4	0.567321	False	0.505430	0.750000	0.002309	
2025-09-09 10:06:57.276	continuous	7762	5	->		6	5	0.439064	False	1.191473	0.750000	0.002309	
2025-09-09 10:06:57.277	continuous	7763	4	->		5	5	0.442202	False	0.951996	0.750000	0.002308	
2025-09-09 10:06:57.277	continuous	7764	3	->	4	5	5	0.456213	False	1.048298	0.750000	0.002308	
2025-09-09 10:06:57.277	continuous	7765	5	->		6	5	0.442140	False	1.191869	0.750000	0.002308	
2025-09-09 10:06:57.277	continuous	7766	4	->		5	5	0.445934	False	0.926300	0.750000	0.002308	
2025-09-09 10:06:57.277	continuous	7767	2	->	3	4	4	0.561457	False	0.527577	0.750000	0.002307	
2025-09-09 10:06:57.277	continuous	7768	3	->		4	4	0.478721	False	0.912355	0.750000	0.002307	
2025-09-09 10:06:57.278	continuous	7769	4	->	5	6	5	0.431880	False	1.115177	0.750000	0.002307	
2025-09-09 10:06:57.278	continuous	7770	4	->	5	6	5	0.432174	False	1.098460	0.750000	0.002307	
2025-09-09 10:06:57.278	continuous	7771	4	->	5	6	5	0.432553	False	1.082010	0.750000	0.002306	
2025-09-09 10:06:57.278	continuous	7772	4	->		5	5	0.444824	False	0.960422	0.750000	0.002306	
2025-09-09 10:06:57.278	continuous	7773	3	->	4	5	5	0.457832	False	1.057705	0.750000	0.002306	
2025-09-09 10:06:57.278	continuous	7774	4	->		5	5	0.448096	False	0.923023	0.750000	0.002306	
2025-09-09 10:06:57.279	continuous	7775	4	->	5	6	5	0.438002	False	1.099091	0.750000	0.002306	
2025-09-09 10:06:57.279	continuous	7776	5	->		6	5	0.445674	False	1.156570	0.750000	0.002305	
2025-09-09 10:06:57.279	continuous	7777	2	->		3	4	0.517152	False	2.930077	0.750000	0.002305	
2025-09-09 10:06:57.279	continuous	7778	3	->	4	5	5	0.456960	False	1.036027	0.750000	0.002305	
2025-09-09 10:06:57.279	continuous	7779	5	->		6	5	0.445169	False	1.148962	0.750000	0.002305	
2025-09-09 10:06:57.279	continuous	7780	3	->	4	5	5	0.458304	False	1.022899	0.750000	0.002304	
2025-09-09 10:06:57.280	continuous	7781	3	->	4	5	5	0.459700	False	0.997962	0.750000	0.002304	
2025-09-09 10:06:57.280	continuous	7782	3	->	4	5	5	0.461258	False	0.973743	0.750000	0.002304	
2025-09-09 10:06:57.280	continuous	7783	1	->	2	3	5	0.484941	False	2.782693	0.750000	0.002304	
2025-09-09 10:06:57.280	continuous	7784	2	->	3	4	4	0.537291	False	0.610924	0.750000	0.002303	
2025-09-09 10:06:57.280	continuous	7785	5	->		6	5	0.446222	False	1.174807	0.750000	0.002303	
2025-09-09 10:06:57.280	continuous	7786	3	->	4	5	5	0.458675	False	0.982502	0.750000	0.002303	
2025-09-09 10:06:57.281	continuous	7787	2	->	3	4	4	0.539472	False	0.603513	0.750000	0.002303	
2025-09-09 10:06:57.281	continuous	7788	1	->	2	3	4	0.483275	False	2.729042	0.750000	0.002303	
2025-09-09 10:06:57.281	continuous	7789	3	->		4	4	0.468052	False	1.015115	0.750000	0.002302	
2025-09-09 10:06:57.281	continuous	7790	4	->	5	6	5	0.435413	False	1.108129	0.750000	0.002302	
2025-09-09 10:06:57.281	continuous	7791	4	->	5	6	5	0.435652	False	1.091495	0.750000	0.002302	
2025-09-09 10:06:57.282	continuous	7792	1	->		2	5	0.462008	False	5.148836	0.750000	0.002302	
2025-09-09 10:06:57.282	continuous	7793	4	->		5	5	0.444469	False	0.923191	0.750000	0.002301	
2025-09-09 10:06:57.282	continuous	7794	3	->		4	4	0.467343	False	1.003246	0.750000	0.002301	
2025-09-09 10:06:57.282	continuous	7795	4	->		5	5	0.443826	False	0.917225	0.750000	0.002301	
2025-09-09 10:06:57.282	continuous	7796	4	->		5	5	0.445441	False	0.901349	0.750000	0.002301	
2025-09-09 10:06:57.282	continuous	7797	4	->		5	5	0.447135	False	0.885787	0.750000	0.002300	
2025-09-09 10:06:57.283	continuous	7798	3	->		4	4	0.469993	False	0.997881	0.750000	0.002300	
2025-09-09 10:06:57.283	continuous	7799	5	->		6	5	0.441887	False	1.208651	0.750000	0.002300	
2025-09-09 10:06:57.283	continuous	7800	4	->		5	5	0.446753	False	0.892215	0.750000	0.002300	
2025-09-09 10:06:57.283	continuous	7801	3	->	4	5	5	0.456775	False	0.972776	0.750000	0.002300	
2025-09-09 10:06:57.283	continuous	7802	3	->		4	4	0.471386	False	0.997712	0.750000	0.002299	
2025-09-09 10:06:57.283	continuous	7803	4	->		5	5	0.448448	False	0.869124	0.750000	0.002299	
2025-09-09 10:06:57.284	continuous	7804	4	->		5	5	0.450319	False	0.854152	0.750000	0.002299	
2025-09-09 10:06:57.284	continuous	7805	3	->		4	4	0.474092	False	0.982771	0.750000	0.002299	
2025-09-09 10:06:57.284	continuous	7806	4	->	5	6	5	0.438322	False	1.163176	0.750000	0.002298	
2025-09-09 10:06:57.284	continuous	7807	3	->	4	5	5	0.458653	False	0.959851	0.750000	0.002298	
2025-09-09 10:06:57.284	continuous	7808	4	->		5	5	0.452060	False	0.843050	0.750000	0.002298	
2025-09-09 10:06:57.284	continuous	7809	2	->	3	4	4	0.555511	False	0.552737	0.750000	0.002298	
2025-09-09 10:06:57.285	continuous	7810	5	->		6	5	0.447004	False	1.257296	0.750000	0.002297	
2025-09-09 10:06:57.285	continuous	7811	4	->	5	6	5	0.440600	False	1.150895	0.750000	0.002297	
2025-09-09 10:06:57.285	continuous	7812	3	->	4	5	5	0.459917	False	0.956257	0.750000	0.002297	
2025-09-09 10:06:57.285	continuous	7813	3	->		4	4	0.475381	False	0.981110	0.750000	0.002297	
2025-09-09 10:06:57.285	continuous	7814	3	->	4	5	5	0.460633	False	0.950512	0.750000	0.002297	
2025-09-09 10:06:57.285	continuous	7815	3	->		4	4	0.477549	False	0.963019	0.750000	0.002296	
2025-09-09 10:06:57.286	continuous	7816	4	->	5	6	5	0.440427	False	1.165281	0.750000	0.002296	
2025-09-09 10:06:57.286	continuous	7817	4	->	5	6	5	0.440284	False	1.147557	0.750000	0.002296	
2025-09-09 10:06:57.286	continuous	7818	4	->		5	5	0.451359	False	0.866721	0.750000	0.002296	
2025-09-09 10:06:57.286	continuous	7819	4	->	5	6	5	0.442089	False	1.141035	0.750000	0.002295	
2025-09-09 10:06:57.286	continuous	7820	4	->		5	5	0.453024	False	0.862632	0.750000	0.002295	
2025-09-09 10:06:57.286	continuous	7821	3	->	4	5	5	0.462600	False	0.943388	0.750000	0.002295	
2025-09-09 10:06:57.287	continuous	7822	4	->		5	5	0.457318	False	0.829996	0.750000	0.002295	
2025-09-09 10:06:57.287	continuous	7823	4	->	5	6	5	0.448256	False	1.157496	0.750000	0.002294	
2025-09-09 10:06:57.287	continuous	7824	3	->	4	5	5	0.465431	False	0.915059	0.750000	0.002294	
2025-09-09 10:06:57.287	continuous	7825	4	->	5	6	5	0.450455	False	1.151579	0.750000	0.002294	
2025-09-09 10:06:57.287	continuous	7826	4	->	5	6	5	0.450207	False	1.133770	0.750000	0.002294	
2025-09-09 10:06:57.288	continuous	7827	2	->	3	4	4	0.549710	False	0.579716	0.750000	0.002294	
2025-09-09 10:06:57.288	continuous	7828	5	->		6	5	0.452622	False	1.199523	0.750000	0.002293	
2025-09-09 10:06:57.288	continuous	7829	4	->	5	6	5	0.448127	False	1.100039	0.750000	0.002293	
2025-09-09 10:06:57.288	continuous	7830	4	->		5	5	0.458587	False	0.863668	0.750000	0.002293	
2025-09-09 10:06:57.288	continuous	7831	4	->	5	6	5	0.449937	False	1.094483	0.750000	0.002293	
2025-09-09 10:06:57.288	continuous	7832	5	->		6	5	0.453915	False	1.151009	0.750000	0.002292	
2025-09-09 10:06:57.289	continuous	7833	4	->	5	6	5	0.450358	False	1.059031	0.750000	0.002292	
2025-09-09 10:06:57.289	continuous	7834	4	->	5	6	5	0.450632	False	1.042783	0.750000	0.002292	
2025-09-09 10:06:57.289	continuous	7835	4	->		5	5	0.460898	False	0.895045	0.750000	0.002292	
2025-09-09 10:06:57.289	continuous	7836	5	->		6	5	0.455724	False	1.105474	0.750000	0.002291	
2025-09-09 10:06:57.289	continuous	7837	3	->	4	5	5	0.466396	False	0.981014	0.750000	0.002291	
2025-09-09 10:06:57.289	continuous	7838	3	->	4	5	5	0.467996	False	0.957217	0.750000	0.002291	
2025-09-09 10:06:57.290	continuous	7839	3	->	4	5	5	0.469747	False	0.934117	0.750000	0.002291	
2025-09-09 10:06:57.290	continuous	7840	5	->		6	5	0.461633	False	1.124687	0.750000	0.002291	
2025-09-09 10:06:57.290	continuous	7841	2	->	3	4	4	0.534331	False	0.647709	0.750000	0.002290	
2025-09-09 10:06:57.290	continuous	7842	4	->	5	6	5	0.456921	False	1.043574	0.750000	0.002290	
2025-09-09 10:06:57.290	continuous	7843	4	->		5	5	0.466889	False	0.869085	0.750000	0.002290	
2025-09-09 10:06:57.290	continuous	7844	4	->	5	6	5	0.458720	False	1.039167	0.750000	0.002290	
2025-09-09 10:06:57.291	continuous	7845	5	->		6	5	0.461304	False	1.086152	0.750000	0.002289	
2025-09-09 10:06:57.291	continuous	7846	3	->		4	4	0.474149	False	1.101897	0.750000	0.002289	
2025-09-09 10:06:57.291	continuous	7847	4	->	5	6	5	0.456693	False	1.010393	0.750000	0.002289	
2025-09-09 10:06:57.291	continuous	7848	4	->		5	5	0.466565	False	0.899271	0.750000	0.002289	
2025-09-09 10:06:57.291	continuous	7849	3	->		4	4	0.475221	False	1.074981	0.750000	0.002289	
2025-09-09 10:06:57.291	continuous	7850	4	->	5	6	5	0.455779	False	1.011829	0.750000	0.002288	
2025-09-09 10:06:57.292	continuous	7851	4	->		5	5	0.465578	False	0.904299	0.750000	0.002288	
2025-09-09 10:06:57.292	continuous	7852	4	->		5	5	0.466961	False	0.888106	0.750000	0.002288	
2025-09-09 10:06:57.292	continuous	7853	3	->		4	4	0.476715	False	1.058482	0.750000	0.002288	
2025-09-09 10:06:57.292	continuous	7854	3	->	4	5	5	0.469036	False	0.975169	0.750000	0.002287	
2025-09-09 10:06:57.292	continuous	7855	5	->		6	5	0.460534	False	1.107293	0.750000	0.002287	
2025-09-09 10:06:57.292	continuous	7856	3	->		4	4	0.477668	False	1.043435	0.750000	0.002287	
2025-09-09 10:06:57.293	continuous	7857	4	->		5	5	0.465375	False	0.885033	0.750000	0.002287	
2025-09-09 10:06:57.293	continuous	7858	4	->		5	5	0.466911	False	0.869229	0.750000	0.002286	
2025-09-09 10:06:57.293	continuous	7859	5	->		6	5	0.461273	False	1.119686	0.750000	0.002286	
2025-09-09 10:06:57.293	continuous	7860	5	->		6	5	0.461502	False	1.098351	0.750000	0.002286	
2025-09-09 10:06:57.293	continuous	7861	4	->		5	5	0.469205	False	0.878762	0.750000	0.002286	
2025-09-09 10:06:57.293	continuous	7862	5	->		6	5	0.463186	False	1.090058	0.750000	0.002286	
2025-09-09 10:06:57.294	continuous	7863	4	->		5	5	0.471120	False	0.875673	0.750000	0.002285	
2025-09-09 10:06:57.294	continuous	7864	5	->		6	5	0.464878	False	1.082007	0.750000	0.002285	
2025-09-09 10:06:57.294	continuous	7865	4	->		5	5	0.473027	False	0.872723	0.750000	0.002285	
2025-09-09 10:06:57.294	continuous	7866	4	->		5	5	0.474511	False	0.857042	0.750000	0.002285	
2025-09-09 10:06:57.294	continuous	7867	2	->	3	4	4	0.541285	False	0.630786	0.750000	0.002284	
2025-09-09 10:06:57.294	continuous	7868	4	->		5	5	0.473686	False	0.849431	0.750000	0.002284	
2025-09-09 10:06:57.295	continuous	7869	5	->		6	5	0.467294	False	1.106138	0.750000	0.002284	
2025-09-09 10:06:57.295	continuous	7870	4	->	5	6	5	0.466521	False	1.020932	0.750000	0.002284	
2025-09-09 10:06:57.295	continuous	7871	4	->		5	5	0.475686	False	0.859159	0.750000	0.002283	
2025-09-09 10:06:57.295	continuous	7872	4	->		5	5	0.477226	False	0.843708	0.750000	0.002283	
2025-09-09 10:06:57.295	continuous	7873	3	->	4	5	5	0.478638	False	0.908538	0.750000	0.002283	
2025-09-09 10:06:57.295	continuous	7874	4	->		5	5	0.481025	False	0.811101	0.750000	0.002283	
2025-09-09 10:06:57.296	continuous	7875	3	->	4	5	5	0.482207	False	0.869367	0.750000	0.002283	
2025-09-09 10:06:57.296	continuous	7876	5	->		6	5	0.476303	False	1.133737	0.750000	0.002282	
2025-09-09 10:06:57.296	continuous	7877	4	->		5	5	0.484973	False	0.793167	0.750000	0.002282	
2025-09-09 10:06:57.296	continuous	7878	2	->		3	4	0.506701	False	3.100808	0.750000	0.002282	
2025-09-09 10:06:57.296	continuous	7879	5	->		6	5	0.474946	False	1.126056	0.750000	0.002282	
2025-09-09 10:06:57.296	continuous	7880	2	->	3	4	4	0.529300	False	0.695135	0.750000	0.002281	
2025-09-09 10:06:57.297	continuous	7881	4	->		5	5	0.481080	False	0.805230	0.750000	0.002281	
2025-09-09 10:06:57.297	continuous	7882	3	->	4	5	5	0.481612	False	0.861664	0.750000	0.002281	
2025-09-09 10:06:57.297	continuous	7883	1	->	2	3	5	0.495997	False	2.980602	0.750000	0.002281	
2025-09-09 10:06:57.297	continuous	7884	3	->	4	5	5	0.480499	False	0.849008	0.750000	0.002281	
2025-09-09 10:06:57.297	continuous	7885	4	->	5	6	5	0.474881	False	1.086589	0.750000	0.002280	
2025-09-09 10:06:57.297	continuous	7886	3	->	4	5	5	0.482247	False	0.841980	0.750000	0.002280	
2025-09-09 10:06:57.298	continuous	7887	4	->	5	6	5	0.476860	False	1.082195	0.750000	0.002280	
2025-09-09 10:06:57.298	continuous	7888	4	->	5	6	5	0.476563	False	1.064628	0.750000	0.002280	
2025-09-09 10:06:57.298	continuous	7889	5	->		6	5	0.476153	False	1.108943	0.750000	0.002279	
2025-09-09 10:06:57.298	continuous	7890	5	->		6	5	0.476086	False	1.087406	0.750000	0.002279	
2025-09-09 10:06:57.298	continuous	7891	2	->	3	4	4	0.521830	False	0.728766	0.750000	0.002279	
2025-09-09 10:06:57.298	continuous	7892	1	->	2	3	5	0.490576	False	2.931343	0.750000	0.002279	
2025-09-09 10:06:57.299	continuous	7893	3	->	4	5	5	0.477221	False	0.897483	0.750000	0.002278	
2025-09-09 10:06:57.299	continuous	7894	4	->		5	5	0.481324	False	0.809716	0.750000	0.002278	
2025-09-09 10:06:57.299	continuous	7895	3	->		4	5	0.475335	False	1.205536	0.750000	0.002278	
2025-09-09 10:06:57.299	continuous	7896	4	->		5	5	0.479738	False	0.805048	0.750000	0.002278	
2025-09-09 10:06:57.299	continuous	7897	4	->		5	5	0.481556	False	0.790886	0.750000	0.002278	
2025-09-09 10:06:57.299	continuous	7898	5	->		6	5	0.474035	False	1.136146	0.750000	0.002277	
2025-09-09 10:06:57.300	continuous	7899	4	->	5	6	5	0.474528	False	1.050918	0.750000	0.002277	
2025-09-09 10:06:57.300	continuous	7900	4	->	5	6	5	0.474458	False	1.033976	0.750000	0.002277	
2025-09-09 10:06:57.300	continuous	7901	2	->	3	4	4	0.524898	False	0.702329	0.750000	0.002277	
2025-09-09 10:06:57.300	continuous	7902	3	->	4	5	5	0.477948	False	0.896019	0.750000	0.002276	
2025-09-09 10:06:57.300	continuous	7903	3	->	4	5	5	0.480027	False	0.874447	0.750000	0.002276	
2025-09-09 10:06:57.301	continuous	7904	2	->	3	4	4	0.528176	False	0.693607	0.750000	0.002276	
2025-09-09 10:06:57.301	continuous	7905	2	->	3	4	4	0.534429	False	0.659203	0.750000	0.002276	
2025-09-09 10:06:57.301	continuous	7906	5	->		6	5	0.470103	False	1.121808	0.750000	0.002275	
2025-09-09 10:06:57.301	continuous	7907	2	->	3	4	4	0.539221	False	0.632693	0.750000	0.002275	
2025-09-09 10:06:57.301	continuous	7908	3	->		4	4	0.477535	False	1.083522	0.750000	0.002275	
2025-09-09 10:06:57.301	continuous	7909	5	->		6	5	0.465119	False	1.113571	0.750000	0.002275	
2025-09-09 10:06:57.302	continuous	7910	4	->	5	6	5	0.466156	False	1.022541	0.750000	0.002275	
2025-09-09 10:06:57.302	continuous	7911	4	->	5	6	5	0.466417	False	1.006311	0.750000	0.002274	
2025-09-09 10:06:57.302	continuous	7912	5	->		6	5	0.465654	False	1.056238	0.750000	0.002274	
2025-09-09 10:06:57.302	continuous	7913	5	->		6	5	0.466186	False	1.036053	0.750000	0.002274	
2025-09-09 10:06:57.302	continuous	7914	4	->	5	6	5	0.468179	False	0.955797	0.750000	0.002274	
2025-09-09 10:06:57.302	continuous	7915	4	->	5	6	5	0.468823	False	0.940760	0.750000	0.002273	
2025-09-09 10:06:57.303	continuous	7916	3	->		4	4	0.476764	False	1.086974	0.750000	0.002273	
2025-09-09 10:06:57.303	continuous	7917	3	->		4	4	0.477984	False	1.045114	0.750000	0.002273	
2025-09-09 10:06:57.303	continuous	7918	4	->		5	5	0.471122	False	0.938990	0.750000	0.002273	
2025-09-09 10:06:57.303	continuous	7919	5	->		6	5	0.463756	False	1.014679	0.750000	0.002273	
2025-09-09 10:06:57.303	continuous	7920	3	->	4	5	5	0.472084	False	1.040448	0.750000	0.002272	
2025-09-09 10:06:57.303	continuous	7921	4	->	5	6	5	0.467462	False	0.946044	0.750000	0.002272	
2025-09-09 10:06:57.304	continuous	7922	3	->	4	5	5	0.473632	False	1.027498	0.750000	0.002272	
2025-09-09 10:06:57.304	continuous	7923	2	->		3	4	0.510052	False	3.049594	0.750000	0.002272	
2025-09-09 10:06:57.304	continuous	7924	4	->		5	5	0.474369	False	0.908274	0.750000	0.002271	
2025-09-09 10:06:57.304	continuous	7925	5	->		6	5	0.466470	False	1.022504	0.750000	0.002271	
2025-09-09 10:06:57.304	continuous	7926	3	->		4	4	0.475300	False	1.088376	0.750000	0.002271	
2025-09-09 10:06:57.304	continuous	7927	4	->	5	6	5	0.466346	False	0.948586	0.750000	0.002271	
2025-09-09 10:06:57.305	continuous	7928	3	->		4	4	0.476511	False	1.051909	0.750000	0.002270	
2025-09-09 10:06:57.305	continuous	7929	3	->	4	5	5	0.470003	False	1.041119	0.750000	0.002270	
2025-09-09 10:06:57.305	continuous	7930	3	->	4	5	5	0.471163	False	1.015001	0.750000	0.002270	
2025-09-09 10:06:57.305	continuous	7931	5	->		6	5	0.465470	False	1.032062	0.750000	0.002270	
2025-09-09 10:06:57.305	continuous	7932	4	->		5	5	0.475208	False	0.906452	0.750000	0.002270	
2025-09-09 10:06:57.305	continuous	7933	3	->	4	5	5	0.473864	False	0.983769	0.750000	0.002269	
2025-09-09 10:06:57.306	continuous	7934	5	->		6	5	0.468863	False	1.039275	0.750000	0.002269	
2025-09-09 10:06:57.306	continuous	7935	5	->		6	5	0.469448	False	1.019308	0.750000	0.002269	
2025-09-09 10:06:57.306	continuous	7936	3	->		4	4	0.477077	False	1.092634	0.750000	0.002269	
2025-09-09 10:06:57.306	continuous	7937	4	->	5	6	5	0.469743	False	0.945026	0.750000	0.002268	
2025-09-09 10:06:57.306	continuous	7938	2	->	3	4	4	0.551384	False	0.578442	0.750000	0.002268	
2025-09-09 10:06:57.306	continuous	7939	4	->	5	6	5	0.468326	False	0.934263	0.750000	0.002268	
2025-09-09 10:06:57.307	continuous	7940	5	->		6	6	0.466680	False	0.982672	0.750000	0.002268	
2025-09-09 10:06:57.307	continuous	7941	3	->	4	5	6	0.474128	False	1.054228	0.750000	0.002268	
2025-09-09 10:06:57.307	continuous	7942	4	->	5	6	5	0.471554	False	0.916773	0.750000	0.002267	
2025-09-09 10:06:57.307	continuous	7943	3	->		4	4	0.479012	False	1.059828	0.750000	0.002267	
2025-09-09 10:06:57.307	continuous	7944	5	->		6	6	0.466981	False	0.971445	0.750000	0.002267	
2025-09-09 10:06:57.307	continuous	7945	3	->	4	5	6	0.474534	False	1.069717	0.750000	0.002267	
2025-09-09 10:06:57.308	continuous	7946	2	->	3	4	4	0.555779	False	0.565600	0.750000	0.002266	
2025-09-09 10:06:57.308	continuous	7947	4	->	5	6	6	0.469904	False	0.909942	0.750000	0.002266	
2025-09-09 10:06:57.308	continuous	7948	4	->		5	6	0.477097	False	0.958461	0.750000	0.002266	
2025-09-09 10:06:57.308	continuous	7949	1	->		2	6	0.478400	False	5.282469	0.750000	0.002266	
2025-09-09 10:06:57.308	continuous	7950	4	->	5	6	6	0.468720	False	0.910544	0.750000	0.002266	
2025-09-09 10:06:57.309	continuous	7951	5	->		6	6	0.467177	False	0.957337	0.750000	0.002265	
2025-09-09 10:06:57.309	continuous	7952	2	->	3	4	4	0.556571	False	0.562946	0.750000	0.002265	
2025-09-09 10:06:57.309	continuous	7953	4	->		5	6	0.475375	False	0.973217	0.750000	0.002265	
2025-09-09 10:06:57.309	continuous	7954	5	->		6	6	0.467014	False	0.959770	0.750000	0.002265	
2025-09-09 10:06:57.309	continuous	7955	5	->		6	6	0.468173	False	0.941681	0.750000	0.002264	
2025-09-09 10:06:57.309	continuous	7956	4	->		5	6	0.478670	False	0.981114	0.750000	0.002264	
2025-09-09 10:06:57.310	continuous	7957	3	->	4	5	6	0.476001	False	1.068641	0.750000	0.002264	
2025-09-09 10:06:57.310	continuous	7958	2	->	3	4	4	0.554167	False	0.573833	0.750000	0.002264	
2025-09-09 10:06:57.310	continuous	7959	4	->		5	6	0.478232	False	0.947223	0.750000	0.002263	
2025-09-09 10:06:57.310	continuous	7960	3	->	4	5	5	0.475813	False	1.031682	0.750000	0.002263	
2025-09-09 10:06:57.310	continuous	7961	4	->	5	6	5	0.474059	False	0.922737	0.750000	0.002263	
2025-09-09 10:06:57.310	continuous	7962	5	->		6	5	0.471578	False	0.969188	0.750000	0.002263	
2025-09-09 10:06:57.311	continuous	7963	4	->		5	6	0.482291	False	0.934958	0.750000	0.002263	
2025-09-09 10:06:57.311	continuous	7964	4	->		5	5	0.483185	False	0.917557	0.750000	0.002262	
2025-09-09 10:06:57.311	continuous	7965	2	->	3	4	4	0.551598	False	0.586701	0.750000	0.002262	
2025-09-09 10:06:57.311	continuous	7966	3	->	4	5	5	0.477811	False	1.003876	0.750000	0.002262	
2025-09-09 10:06:57.311	continuous	7967	5	->		6	5	0.473479	False	0.998279	0.750000	0.002262	
2025-09-09 10:06:57.311	continuous	7968	4	->		5	5	0.484224	False	0.900121	0.750000	0.002261	
2025-09-09 10:06:57.312	continuous	7969	3	->	4	5	5	0.480510	False	0.973326	0.750000	0.002261	
2025-09-09 10:06:57.312	continuous	7970	4	->	5	6	5	0.480531	False	0.944161	0.750000	0.002261	
2025-09-09 10:06:57.312	continuous	7971	5	->		6	5	0.477185	False	0.989842	0.750000	0.002261	
2025-09-09 10:06:57.312	continuous	7972	3	->	4	5	5	0.482752	False	0.977142	0.750000	0.002261	
2025-09-09 10:06:57.312	continuous	7973	3	->	4	5	5	0.484139	False	0.952851	0.750000	0.002260	
2025-09-09 10:06:57.312	continuous	7974	4	->	5	6	5	0.484891	False	0.939805	0.750000	0.002260	
2025-09-09 10:06:57.313	continuous	7975	4	->	5	6	5	0.485386	False	0.924554	0.750000	0.002260	
2025-09-09 10:06:57.313	continuous	7976	3	->		4	5	0.481397	False	1.149150	0.750000	0.002260	
2025-09-09 10:06:57.313	continuous	7977	5	->		6	5	0.478657	False	0.974946	0.750000	0.002259	
2025-09-09 10:06:57.313	continuous	7978	4	->	5	6	5	0.483776	False	0.898258	0.750000	0.002259	
2025-09-09 10:06:57.313	continuous	7979	4	->	5	6	6	0.484567	False	0.883857	0.750000	0.002259	
2025-09-09 10:06:57.313	continuous	7980	3	->		4	4	0.482274	False	1.122986	0.750000	0.002259	
2025-09-09 10:06:57.314	continuous	7981	3	->		4	4	0.483036	False	1.078389	0.750000	0.002258	
2025-09-09 10:06:57.314	continuous	7982	3	->	4	5	6	0.480332	False	1.042090	0.750000	0.002258	
2025-09-09 10:06:57.314	continuous	7983	3	->	4	5	5	0.481314	False	1.015685	0.750000	0.002258	
2025-09-09 10:06:57.314	continuous	7984	5	->		6	5	0.477471	False	0.971768	0.750000	0.002258	
2025-09-09 10:06:57.314	continuous	7985	2	->	3	4	4	0.556798	False	0.574775	0.750000	0.002258	
2025-09-09 10:06:57.314	continuous	7986	2	->	3	4	4	0.563905	False	0.548047	0.750000	0.002257	
2025-09-09 10:06:57.315	continuous	7987	3	->		4	4	0.485610	False	1.011064	0.750000	0.002257	
2025-09-09 10:06:57.315	continuous	7988	3	->	4	5	5	0.477926	False	1.041053	0.750000	0.002257	
2025-09-09 10:06:57.315	continuous	7989	5	->		6	5	0.472883	False	0.989886	0.750000	0.002257	
2025-09-09 10:06:57.315	continuous	7990	5	->		6	6	0.473788	False	0.970732	0.750000	0.002256	
2025-09-09 10:06:57.315	continuous	7991	4	->	5	6	6	0.479384	False	0.886171	0.750000	0.002256	
2025-09-09 10:06:57.315	continuous	7992	2	->	3	4	4	0.571847	False	0.522998	0.750000	0.002256	
2025-09-09 10:06:57.316	continuous	7993	5	->		6	6	0.473750	False	0.943232	0.750000	0.002256	
2025-09-09 10:06:57.316	continuous	7994	3	->		4	4	0.487877	False	0.991860	0.750000	0.002256	
2025-09-09 10:06:57.316	continuous	7995	3	->	4	5	6	0.478689	False	1.094397	0.750000	0.002255	
2025-09-09 10:06:57.316	continuous	7996	2	->	3	4	4	0.582552	False	0.489655	0.750000	0.002255	
2025-09-09 10:06:57.316	continuous	7997	5	->		6	6	0.471621	False	0.955715	0.750000	0.002255	
2025-09-09 10:06:57.317	continuous	7998	5	->		6	6	0.472805	False	0.937316	0.750000	0.002255	
2025-09-09 10:06:57.317	continuous	7999	3	->		4	4	0.490302	False	0.960692	0.750000	0.002254	
2025-09-09 10:06:57.317	continuous	8000	4	->	5	6	6	0.476052	False	0.859028	0.750000	0.002254	
2025-09-09 10:06:57.317	continuous	8001	3	->	4	5	6	0.479237	False	1.131414	0.750000	0.002254	
2025-09-09 10:06:57.317	continuous	8002	5	->		6	6	0.473425	False	0.927974	0.750000	0.002254	
2025-09-09 10:06:57.317	continuous	8003	2	->	3	4	4	0.587864	False	0.477589	0.750000	0.002254	
2025-09-09 10:06:57.318	continuous	8004	5	->		6	6	0.473068	False	0.917356	0.750000	0.002253	
2025-09-09 10:06:57.318	continuous	8005	3	->		4	4	0.493044	False	0.937956	0.750000	0.002253	
2025-09-09 10:06:57.318	continuous	8006	5	->		6	6	0.472082	False	0.910348	0.750000	0.002253	
2025-09-09 10:06:57.318	continuous	8007	3	->		4	4	0.495529	False	0.911462	0.750000	0.002253	
2025-09-09 10:06:57.318	continuous	8008	1	->	2	3	4	0.505324	False	3.212326	0.750000	0.002252	
2025-09-09 10:06:57.318	continuous	8009	3	->	4	5	6	0.476165	False	1.180474	0.750000	0.002252	
2025-09-09 10:06:57.319	continuous	8010	3	->	4	5	6	0.476300	False	1.149675	0.750000	0.002252	
2025-09-09 10:06:57.319	continuous	8011	3	->	4	5	6	0.476636	False	1.119802	0.750000	0.002252	
2025-09-09 10:06:57.319	continuous	8012	4	->	5	6	6	0.475729	False	0.874823	0.750000	0.002252	
2025-09-09 10:06:57.319	continuous	8013	3	->	4	5	6	0.477866	False	1.103919	0.750000	0.002251	
2025-09-09 10:06:57.319	continuous	8014	2	->	3	4	4	0.588681	False	0.470330	0.750000	0.002251	
2025-09-09 10:06:57.320	continuous	8015	4	->	5	6	6	0.476107	False	0.878060	0.750000	0.002251	
2025-09-09 10:06:57.320	continuous	8016	3	->	4	5	6	0.478074	False	1.098369	0.750000	0.002251	
2025-09-09 10:06:57.320	continuous	8017	2	->	3	4	4	0.590931	False	0.464523	0.750000	0.002250	
2025-09-09 10:06:57.320	continuous	8018	3	->	4	5	6	0.477675	False	1.079913	0.750000	0.002250	
2025-09-09 10:06:57.320	continuous	8019	4	->	5	6	6	0.477767	False	0.894257	0.750000	0.002250	
2025-09-09 10:06:57.320	continuous	8020	5	->		6	6	0.473026	False	0.955123	0.750000	0.002250	
2025-09-09 10:06:57.321	continuous	8021	5	->		6	6	0.474198	False	0.936639	0.750000	0.002249	
2025-09-09 10:06:57.321	continuous	8022	5	->		6	6	0.475472	False	0.918575	0.750000	0.002249	
2025-09-09 10:06:57.321	continuous	8023	4	->	5	6	6	0.482913	False	0.833747	0.750000	0.002249	
2025-09-09 10:06:57.321	continuous	8024	3	->		4	4	0.490723	False	0.974443	0.750000	0.002249	
2025-09-09 10:06:57.321	continuous	8025	3	->	4	5	6	0.480948	False	1.134084	0.750000	0.002249	
2025-09-09 10:06:57.321	continuous	8026	5	->		6	6	0.476012	False	0.910320	0.750000	0.002248	
2025-09-09 10:06:57.322	continuous	8027	4	->		5	6	0.487840	False	1.001434	0.750000	0.002248	
2025-09-09 10:06:57.322	continuous	8028	3	->	4	5	6	0.482531	False	1.095707	0.750000	0.002248	
2025-09-09 10:06:57.322	continuous	8029	3	->	4	5	6	0.483128	False	1.067408	0.750000	0.002248	
2025-09-09 10:06:57.322	continuous	8030	4	->	5	6	6	0.486075	False	0.865014	0.750000	0.002247	
2025-09-09 10:06:57.322	continuous	8031	3	->		4	4	0.489465	False	1.001324	0.750000	0.002247	
2025-09-09 10:06:57.322	continuous	8032	3	->	4	5	6	0.482540	False	1.068109	0.750000	0.002247	
2025-09-09 10:06:57.323	continuous	8033	4	->	5	6	6	0.485304	False	0.870297	0.750000	0.002247	
2025-09-09 10:06:57.323	continuous	8034	4	->		5	6	0.490330	False	0.949479	0.750000	0.002247	
2025-09-09 10:06:57.323	continuous	8035	3	->		4	4	0.490326	False	0.988651	0.750000	0.002246	
2025-09-09 10:06:57.323	continuous	8036	4	->		5	6	0.488080	False	0.938855	0.750000	0.002246	
2025-09-09 10:06:57.323	continuous	8037	4	->		5	5	0.488919	False	0.920991	0.750000	0.002246	
2025-09-09 10:06:57.324	continuous	8038	5	->		6	5	0.478961	False	0.976776	0.750000	0.002246	
2025-09-09 10:06:57.324	continuous	8039	4	->		5	5	0.490862	False	0.917037	0.750000	0.002245	
2025-09-09 10:06:57.324	continuous	8040	4	->		5	5	0.491800	False	0.899621	0.750000	0.002245	
2025-09-09 10:06:57.324	continuous	8041	4	->		5	5	0.492843	False	0.882603	0.750000	0.002245	
2025-09-09 10:06:57.324	continuous	8042	4	->	5	6	5	0.489751	False	0.922158	0.750000	0.002245	
2025-09-09 10:06:57.324	continuous	8043	2	->	3	4	4	0.581388	False	0.500420	0.750000	0.002245	
2025-09-09 10:06:57.325	continuous	8044	4	->	5	6	5	0.488304	False	0.910144	0.750000	0.002244	
2025-09-09 10:06:57.325	continuous	8045	3	->		4	4	0.492157	False	0.977371	0.750000	0.002244	
2025-09-09 10:06:57.325	continuous	8046	3	->	4	5	5	0.483700	False	1.013265	0.750000	0.002244	
2025-09-09 10:06:57.325	continuous	8047	3	->		4	4	0.493786	False	0.953513	0.750000	0.002244	
2025-09-09 10:06:57.325	continuous	8048	3	->	4	5	5	0.483135	False	1.002970	0.750000	0.002243	
2025-09-09 10:06:57.325	continuous	8049	5	->		6	5	0.479304	False	1.016250	0.750000	0.002243	
2025-09-09 10:06:57.326	continuous	8050	3	->	4	5	5	0.484743	False	0.990833	0.750000	0.002243	
2025-09-09 10:06:57.326	continuous	8051	5	->		6	5	0.481538	False	1.009993	0.750000	0.002243	
2025-09-09 10:06:57.326	continuous	8052	3	->	4	5	5	0.486424	False	0.979338	0.750000	0.002243	
2025-09-09 10:06:57.326	continuous	8053	5	->		6	5	0.483763	False	1.004044	0.750000	0.002242	
2025-09-09 10:06:57.326	continuous	8054	2	->	3	4	4	0.586552	False	0.487479	0.750000	0.002242	
2025-09-09 10:06:57.326	continuous	8055	2	->	3	4	4	0.593908	False	0.465777	0.750000	0.002242	
2025-09-09 10:06:57.327	continuous	8056	3	->	4	5	5	0.485383	False	0.989842	0.750000	0.002242	
2025-09-09 10:06:57.327	continuous	8057	4	->	5	6	5	0.489805	False	0.926887	0.750000	0.002241	
2025-09-09 10:06:57.327	continuous	8058	4	->		5	5	0.493988	False	0.878579	0.750000	0.002241	
2025-09-09 10:06:57.327	continuous	8059	2	->	3	4	4	0.594811	False	0.464888	0.750000	0.002241	
2025-09-09 10:06:57.327	continuous	8060	4	->	5	6	5	0.489546	False	0.927216	0.750000	0.002241	
2025-09-09 10:06:57.327	continuous	8061	3	->	4	5	5	0.486597	False	0.982408	0.750000	0.002240	
2025-09-09 10:06:57.328	continuous	8062	2	->	3	4	4	0.597395	False	0.458325	0.750000	0.002240	
2025-09-09 10:06:57.328	continuous	8063	4	->		5	5	0.493325	False	0.866439	0.750000	0.002240	
2025-09-09 10:06:57.328	continuous	8064	3	->		4	4	0.497370	False	0.937517	0.750000	0.002240	
2025-09-09 10:06:57.328	continuous	8065	2	->	3	4	4	0.612399	False	0.419678	0.750000	0.002240	
2025-09-09 10:06:57.328	continuous	8066	3	->		4	4	0.501805	False	0.875814	0.750000	0.002239	
2025-09-09 10:06:57.328	continuous	8067	3	->		4	4	0.505034	False	0.840556	0.750000	0.002239	
2025-09-09 10:06:57.329	continuous	8068	3	->	4	5	5	0.482545	False	1.009138	0.750000	0.002239	
2025-09-09 10:06:57.329	continuous	8069	5	->		6	5	0.476122	False	1.071218	0.750000	0.002239	
2025-09-09 10:06:57.329	continuous	8070	5	->		6	5	0.476576	False	1.049541	0.750000	0.002238	
2025-09-09 10:06:57.329	continuous	8071	4	->		5	5	0.487851	False	0.887425	0.750000	0.002238	
2025-09-09 10:06:57.329	continuous	8072	4	->	5	6	5	0.485894	False	0.946326	0.750000	0.002238	
2025-09-09 10:06:57.330	continuous	8073	4	->	5	6	5	0.486430	False	0.930540	0.750000	0.002238	
2025-09-09 10:06:57.330	continuous	8074	4	->	5	6	5	0.487060	False	0.915061	0.750000	0.002238	
2025-09-09 10:06:57.330	continuous	8075	3	->	4	5	5	0.484970	False	1.027862	0.750000	0.002237	
2025-09-09 10:06:57.330	continuous	8076	4	->		5	5	0.492241	False	0.888049	0.750000	0.002237	
2025-09-09 10:06:57.330	continuous	8077	3	->	4	5	5	0.486956	False	0.980534	0.750000	0.002237	
2025-09-09 10:06:57.330	continuous	8078	5	->		6	5	0.483668	False	1.030143	0.750000	0.002237	
2025-09-09 10:06:57.331	continuous	8079	3	->	4	5	5	0.488528	False	0.968770	0.750000	0.002236	
2025-09-09 10:06:57.331	continuous	8080	4	->	5	6	5	0.494613	False	0.935229	0.750000	0.002236	
2025-09-09 10:06:57.331	continuous	8081	2	->	3	4	4	0.606350	False	0.437876	0.750000	0.002236	
2025-09-09 10:06:57.331	continuous	8082	4	->		5	5	0.496122	False	0.864145	0.750000	0.002236	
2025-09-09 10:06:57.331	continuous	8083	5	->		6	5	0.485544	False	1.024546	0.750000	0.002236	
2025-09-09 10:06:57.331	continuous	8084	4	->	5	6	5	0.495137	False	0.917291	0.750000	0.002235	
2025-09-09 10:06:57.332	continuous	8085	4	->	5	6	5	0.495715	False	0.901827	0.750000	0.002235	
2025-09-09 10:06:57.332	continuous	8086	3	->	4	5	5	0.490217	False	0.989620	0.750000	0.002235	
2025-09-09 10:06:57.332	continuous	8087	4	->		5	5	0.500609	False	0.867417	0.750000	0.002235	
2025-09-09 10:06:57.332	continuous	8088	5	->		6	5	0.489490	False	0.997626	0.750000	0.002234	
2025-09-09 10:06:57.332	continuous	8089	3	->	4	5	5	0.492776	False	0.958707	0.750000	0.002234	
2025-09-09 10:06:57.332	continuous	8090	4	->	5	6	5	0.501252	False	0.910039	0.750000	0.002234	
2025-09-09 10:06:57.333	continuous	8091	4	->	5	6	5	0.501781	False	0.894542	0.750000	0.002234	
2025-09-09 10:06:57.333	continuous	8092	3	->	4	5	5	0.494567	False	0.961679	0.750000	0.002234	
2025-09-09 10:06:57.333	continuous	8093	3	->		4	4	0.497161	False	1.005574	0.750000	0.002233	
2025-09-09 10:06:57.333	continuous	8094	3	->	4	5	5	0.493577	False	0.952351	0.750000	0.002233	
2025-09-09 10:06:57.333	continuous	8095	4	->	5	6	5	0.502348	False	0.911656	0.750000	0.002233	
2025-09-09 10:06:57.334	continuous	8096	5	->		6	5	0.492894	False	0.977890	0.750000	0.002233	
2025-09-09 10:06:57.334	continuous	8097	4	->		5	5	0.506261	False	0.868103	0.750000	0.002232	
2025-09-09 10:06:57.334	continuous	8098	3	->		4	4	0.497976	False	0.999512	0.750000	0.002232	
2025-09-09 10:06:57.334	continuous	8099	3	->	4	5	5	0.494042	False	0.952290	0.750000	0.002232	
2025-09-09 10:06:57.334	continuous	8100	1	->		2	5	0.496195	False	5.431355	0.750000	0.002232	
2025-09-09 10:06:57.334	continuous	8101	4	->		5	5	0.503332	False	0.843355	0.750000	0.002232	
2025-09-09 10:06:57.335	continuous	8102	2	->	3	4	4	0.597237	False	0.466868	0.750000	0.002231	
2025-09-09 10:06:57.335	continuous	8103	2	->	3	4	4	0.604657	False	0.445884	0.750000	0.002231	
2025-09-09 10:06:57.335	continuous	8104	5	->		6	5	0.488063	False	1.018890	0.750000	0.002231	
2025-09-09 10:06:57.335	continuous	8105	4	->		5	5	0.500988	False	0.852579	0.750000	0.002231	
2025-09-09 10:06:57.335	continuous	8106	4	->	5	6	5	0.499278	False	0.924606	0.750000	0.002230	
2025-09-09 10:06:57.335	continuous	8107	4	->		5	5	0.502550	False	0.849505	0.750000	0.002230	
2025-09-09 10:06:57.336	continuous	8108	5	->		6	5	0.491133	False	1.008381	0.750000	0.002230	
2025-09-09 10:06:57.336	continuous	8109	4	->		5	5	0.504373	False	0.847361	0.750000	0.002230	
2025-09-09 10:06:57.336	continuous	8110	4	->	5	6	5	0.502651	False	0.917595	0.750000	0.002230	
2025-09-09 10:06:57.336	continuous	8111	5	->		6	5	0.493054	False	0.984393	0.750000	0.002229	
2025-09-09 10:06:57.336	continuous	8112	4	->		5	5	0.506603	False	0.858523	0.750000	0.002229	
2025-09-09 10:06:57.336	continuous	8113	4	->	5	6	5	0.504878	False	0.898062	0.750000	0.002229	
2025-09-09 10:06:57.337	continuous	8114	4	->		5	5	0.508120	False	0.855355	0.750000	0.002229	
2025-09-09 10:06:57.337	continuous	8115	3	->		4	4	0.498314	False	1.003906	0.750000	0.002228	
2025-09-09 10:06:57.337	continuous	8116	5	->		6	5	0.493034	False	0.983707	0.750000	0.002228	
2025-09-09 10:06:57.337	continuous	8117	4	->	5	6	5	0.504173	False	0.883123	0.750000	0.002228	
2025-09-09 10:06:57.337	continuous	8118	3	->	4	5	5	0.495556	False	0.967093	0.750000	0.002228	
2025-09-09 10:06:57.337	continuous	8119	5	->		6	5	0.495619	False	0.961739	0.750000	0.002228	
2025-09-09 10:06:57.338	continuous	8120	4	->	5	6	5	0.507094	False	0.865364	0.750000	0.002227	
2025-09-09 10:06:57.338	continuous	8121	2	->	3	4	4	0.595058	False	0.473742	0.750000	0.002227	
2025-09-09 10:06:57.338	continuous	8122	4	->		5	5	0.507998	False	0.886955	0.750000	0.002227	
2025-09-09 10:06:57.338	continuous	8123	3	->	4	5	5	0.496736	False	0.960713	0.750000	0.002227	
2025-09-09 10:06:57.338	continuous	8124	1	->	2	3	4	0.508630	False	3.469771	0.750000	0.002226	
2025-09-09 10:06:57.339	continuous	8125	4	->	5	6	5	0.504984	False	0.883745	0.750000	0.002226	
2025-09-09 10:06:57.339	continuous	8126	3	->	4	5	5	0.495573	False	0.953440	0.750000	0.002226	
2025-09-09 10:06:57.339	continuous	8127	4	->	5	6	5	0.506979	False	0.882740	0.750000	0.002226	
2025-09-09 10:06:57.339	continuous	8128	3	->	4	5	5	0.497231	False	0.942929	0.750000	0.002226	
2025-09-09 10:06:57.339	continuous	8129	3	->		4	4	0.495932	False	1.037050	0.750000	0.002225	
2025-09-09 10:06:57.339	continuous	8130	5	->		6	5	0.494799	False	0.967655	0.750000	0.002225	
2025-09-09 10:06:57.340	continuous	8131	3	->	4	5	5	0.496361	False	0.948737	0.750000	0.002225	
2025-09-09 10:06:57.340	continuous	8132	3	->	4	5	5	0.497862	False	0.924327	0.750000	0.002225	
2025-09-09 10:06:57.340	continuous	8133	4	->		5	5	0.512122	False	0.825338	0.750000	0.002224	
2025-09-09 10:06:57.340	continuous	8134	4	->		5	5	0.513354	False	0.809631	0.750000	0.002224	
2025-09-09 10:06:57.340	continuous	8135	4	->		5	5	0.514681	False	0.794294	0.750000	0.002224	
2025-09-09 10:06:57.340	continuous	8136	4	->		5	5	0.516100	False	0.779318	0.750000	0.002224	
2025-09-09 10:06:57.341	continuous	8137	4	->		5	5	0.517606	False	0.764694	0.750000	0.002224	
2025-09-09 10:06:57.341	continuous	8138	4	->		5	5	0.519196	False	0.750414	0.750000	0.002223	
2025-09-09 10:06:57.341	continuous	8139	4	->	5	6	5	0.517276	False	0.977398	0.750000	0.002223	
2025-09-09 10:06:57.341	continuous	8140	2	->	3	4	4	0.581638	False	0.528261	0.750000	0.002223	
2025-09-09 10:06:57.341	continuous	8141	4	->	5	6	5	0.514802	False	0.961385	0.750000	0.002223	
2025-09-09 10:06:57.341	continuous	8142	5	->		6	5	0.503818	False	1.029477	0.750000	0.002222	
2025-09-09 10:06:57.342	continuous	8143	3	->		4	5	0.498765	False	1.059519	0.750000	0.002222	
2025-09-09 10:06:57.342	continuous	8144	4	->	5	6	5	0.511843	False	0.929117	0.750000	0.002222	
2025-09-09 10:06:57.342	continuous	8145	3	->	4	5	5	0.501101	False	0.882210	0.750000	0.002222	
2025-09-09 10:06:57.342	continuous	8146	4	->		5	5	0.516377	False	0.787830	0.750000	0.002222	
2025-09-09 10:06:57.342	continuous	8147	3	->	4	5	5	0.504510	False	0.842446	0.750000	0.002221	
2025-09-09 10:06:57.342	continuous	8148	4	->	5	6	5	0.516908	False	0.954417	0.750000	0.002221	
2025-09-09 10:06:57.343	continuous	8149	5	->		6	5	0.505649	False	1.022415	0.750000	0.002221	
2025-09-09 10:06:57.343	continuous	8150	4	->		5	5	0.519873	False	0.784093	0.750000	0.002221	
2025-09-09 10:06:57.343	continuous	8151	4	->		5	5	0.521289	False	0.769211	0.750000	0.002220	
2025-09-09 10:06:57.343	continuous	8152	4	->		5	5	0.522792	False	0.754684	0.750000	0.002220	
2025-09-09 10:06:57.343	continuous	8153	5	->		6	5	0.510124	False	1.044763	0.750000	0.002220	
2025-09-09 10:06:57.343	continuous	8154	3	->	4	5	5	0.510063	False	0.815510	0.750000	0.002220	
2025-09-09 10:06:57.344	continuous	8155	5	->		6	5	0.512072	False	1.038077	0.750000	0.002220	
2025-09-09 10:06:57.344	continuous	8156	4	->	5	6	5	0.523110	False	0.935564	0.750000	0.002219	
2025-09-09 10:06:57.344	continuous	8157	2	->	3	4	4	0.575599	False	0.550573	0.750000	0.002219	
2025-09-09 10:06:57.344	continuous	8158	3	->	4	5	5	0.508891	False	0.836061	0.750000	0.002219	
2025-09-09 10:06:57.344	continuous	8159	3	->	4	5	5	0.511069	False	0.814992	0.750000	0.002219	
2025-09-09 10:06:57.344	continuous	8160	4	->	5	6	5	0.524321	False	0.949088	0.750000	0.002218	
2025-09-09 10:06:57.345	continuous	8161	4	->	5	6	5	0.524234	False	0.931941	0.750000	0.002218	
2025-09-09 10:06:57.345	continuous	8162	4	->		5	5	0.527074	False	0.767169	0.750000	0.002218	
2025-09-09 10:06:57.345	continuous	8163	2	->	3	4	4	0.575845	False	0.554157	0.750000	0.002218	
2025-09-09 10:06:57.345	continuous	8164	4	->		5	5	0.525846	False	0.758713	0.750000	0.002218	
2025-09-09 10:06:57.345	continuous	8165	2	->	3	4	4	0.582357	False	0.532117	0.750000	0.002217	
2025-09-09 10:06:57.345	continuous	8166	5	->		6	5	0.510308	False	1.031752	0.750000	0.002217	
2025-09-09 10:06:57.346	continuous	8167	4	->		5	5	0.524768	False	0.765212	0.750000	0.002217	
2025-09-09 10:06:57.346	continuous	8168	5	->		6	5	0.511733	False	1.024639	0.750000	0.002217	
2025-09-09 10:06:57.346	continuous	8169	2	->	3	4	4	0.585112	False	0.519020	0.750000	0.002216	
2025-09-09 10:06:57.346	continuous	8170	4	->	5	6	5	0.521531	False	0.922882	0.750000	0.002216	
2025-09-09 10:06:57.346	continuous	8171	5	->		6	5	0.509192	False	0.988547	0.750000	0.002216	
2025-09-09 10:06:57.346	continuous	8172	5	->		6	5	0.509506	False	0.967833	0.750000	0.002216	
2025-09-09 10:06:57.347	continuous	8173	3	->	4	5	5	0.508407	False	0.882925	0.750000	0.002216	
2025-09-09 10:06:57.347	continuous	8174	2	->	3	4	4	0.585515	False	0.514236	0.750000	0.002215	
2025-09-09 10:06:57.347	continuous	8175	4	->	5	6	5	0.521947	False	0.887430	0.750000	0.002215	
2025-09-09 10:06:57.347	continuous	8176	3	->	4	5	5	0.507849	False	0.885183	0.750000	0.002215	
2025-09-09 10:06:57.347	continuous	8177	5	->		6	5	0.510969	False	0.965653	0.750000	0.002215	
2025-09-09 10:06:57.348	continuous	8178	4	->		5	5	0.526065	False	0.812121	0.750000	0.002214	
2025-09-09 10:06:57.348	continuous	8179	4	->		5	5	0.527179	False	0.796260	0.750000	0.002214	
2025-09-09 10:06:57.348	continuous	8180	4	->		5	5	0.528394	False	0.780788	0.750000	0.002214	
2025-09-09 10:06:57.348	continuous	8181	3	->	4	5	5	0.513615	False	0.824780	0.750000	0.002214	
2025-09-09 10:06:57.348	continuous	8182	5	->		6	5	0.516869	False	1.005845	0.750000	0.002214	
2025-09-09 10:06:57.348	continuous	8183	3	->	4	5	5	0.515459	False	0.819630	0.750000	0.002213	
2025-09-09 10:06:57.349	continuous	8184	4	->	5	6	5	0.530963	False	0.920541	0.750000	0.002213	
2025-09-09 10:06:57.349	continuous	8185	3	->		4	5	0.502596	False	1.142671	0.750000	0.002213	
2025-09-09 10:06:57.349	continuous	8186	4	->	5	6	5	0.527604	False	0.906649	0.750000	0.002213	
2025-09-09 10:06:57.349	continuous	8187	4	->	5	6	5	0.527776	False	0.890264	0.750000	0.002212	
2025-09-09 10:06:57.349	continuous	8188	5	->		6	5	0.514910	False	0.951931	0.750000	0.002212	
2025-09-09 10:06:57.349	continuous	8189	1	->	2	3	5	0.512603	False	3.574445	0.750000	0.002212	
2025-09-09 10:06:57.350	continuous	8190	4	->	5	6	5	0.525499	False	0.859224	0.750000	0.002212	
2025-09-09 10:06:57.350	continuous	8191	4	->		5	5	0.527487	False	0.829545	0.750000	0.002212	
2025-09-09 10:06:57.350	continuous	8192	4	->	5	6	5	0.526805	False	0.857914	0.750000	0.002211	
2025-09-09 10:06:57.350	continuous	8193	3	->	4	5	5	0.511240	False	0.888828	0.750000	0.002211	
2025-09-09 10:06:57.350	continuous	8194	3	->		4	5	0.498919	False	1.132972	0.750000	0.002211	
2025-09-09 10:06:57.350	continuous	8195	5	->		6	5	0.511556	False	0.938879	0.750000	0.002211	
2025-09-09 10:06:57.351	continuous	8196	4	->	5	6	5	0.525953	False	0.844051	0.750000	0.002210	
2025-09-09 10:06:57.351	continuous	8197	4	->	5	6	6	0.526584	False	0.829173	0.750000	0.002210	
2025-09-09 10:06:57.351	continuous	8198	5	->		6	6	0.513203	False	0.886676	0.750000	0.002210	
2025-09-09 10:06:57.351	continuous	8199	3	->		4	4	0.498562	False	1.106569	0.750000	0.002210	
2025-09-09 10:06:57.351	continuous	8200	2	->	3	4	4	0.591773	False	0.487600	0.750000	0.002210	
2025-09-09 10:06:57.351	continuous	8201	3	->		4	4	0.500091	False	1.027045	0.750000	0.002209	
2025-09-09 10:06:57.352	continuous	8202	2	->	3	4	4	0.609433	False	0.436705	0.750000	0.002209	
2025-09-09 10:06:57.352	continuous	8203	5	->		6	6	0.502956	False	0.895450	0.750000	0.002209	
2025-09-09 10:06:57.352	continuous	8204	5	->		6	6	0.504112	False	0.877179	0.750000	0.002209	
2025-09-09 10:06:57.352	continuous	8205	4	->		5	6	0.520510	False	0.924132	0.750000	0.002208	
2025-09-09 10:06:57.352	continuous	8206	3	->		4	4	0.502232	False	0.979085	0.750000	0.002208	
2025-09-09 10:06:57.352	continuous	8207	3	->		4	4	0.504407	False	0.936509	0.750000	0.002208	
2025-09-09 10:06:57.353	continuous	8208	4	->		5	6	0.514387	False	0.918191	0.750000	0.002208	
2025-09-09 10:06:57.353	continuous	8209	4	->	5	6	6	0.515432	False	0.819496	0.750000	0.002208	
2025-09-09 10:06:57.353	continuous	8210	3	->		4	4	0.506483	False	0.907204	0.750000	0.002207	
2025-09-09 10:06:57.353	continuous	8211	3	->	4	5	6	0.496573	False	1.032425	0.750000	0.002207	
2025-09-09 10:06:57.353	continuous	8212	5	->		6	6	0.498946	False	0.914031	0.750000	0.002207	
2025-09-09 10:06:57.353	continuous	8213	4	->		5	6	0.515120	False	0.912895	0.750000	0.002207	
2025-09-09 10:06:57.354	continuous	8214	4	->		5	6	0.515723	False	0.894644	0.750000	0.002206	
2025-09-09 10:06:57.354	continuous	8215	5	->		6	5	0.501300	False	0.924335	0.750000	0.002206	
2025-09-09 10:06:57.354	continuous	8216	3	->		4	4	0.506652	False	0.913688	0.750000	0.002206	
2025-09-09 10:06:57.354	continuous	8217	4	->	5	6	6	0.515122	False	0.823869	0.750000	0.002206	
2025-09-09 10:06:57.354	continuous	8218	3	->	4	5	6	0.498132	False	1.021199	0.750000	0.002206	
2025-09-09 10:06:57.355	continuous	8219	3	->		4	4	0.508288	False	0.893893	0.750000	0.002205	
2025-09-09 10:06:57.355	continuous	8220	3	->	4	5	5	0.497083	False	1.009075	0.750000	0.002205	
2025-09-09 10:06:57.355	continuous	8221	4	->		5	5	0.514732	False	0.876207	0.750000	0.002205	
2025-09-09 10:06:57.355	continuous	8222	3	->	4	5	5	0.499008	False	0.961541	0.750000	0.002205	
2025-09-09 10:06:57.355	continuous	8223	4	->	5	6	5	0.517649	False	0.869806	0.750000	0.002204	
2025-09-09 10:06:57.355	continuous	8224	5	->		6	5	0.502399	False	0.947816	0.750000	0.002204	
2025-09-09 10:06:57.356	continuous	8225	3	->		4	4	0.508243	False	0.905693	0.750000	0.002204	
2025-09-09 10:06:57.356	continuous	8226	3	->	4	5	5	0.498697	False	0.980260	0.750000	0.002204	
2025-09-09 10:06:57.356	continuous	8227	4	->	5	6	5	0.517675	False	0.855884	0.750000	0.002204	
2025-09-09 10:06:57.356	continuous	8228	3	->		4	4	0.509924	False	0.886184	0.750000	0.002203	
2025-09-09 10:06:57.356	continuous	8229	4	->	5	6	6	0.515506	False	0.845047	0.750000	0.002203	
2025-09-09 10:06:57.356	continuous	8230	4	->	5	6	6	0.516329	False	0.830301	0.750000	0.002203	
2025-09-09 10:06:57.357	continuous	8231	4	->	5	6	6	0.517244	False	0.815872	0.750000	0.002203	
2025-09-09 10:06:57.357	continuous	8232	4	->	5	6	6	0.518245	False	0.801754	0.750000	0.002203	
2025-09-09 10:06:57.357	continuous	8233	3	->	4	5	6	0.499661	False	1.039509	0.750000	0.002202	
2025-09-09 10:06:57.357	continuous	8234	3	->		4	4	0.510583	False	0.880663	0.750000	0.002202	
2025-09-09 10:06:57.357	continuous	8235	5	->		6	6	0.500289	False	0.901758	0.750000	0.002202	
2025-09-09 10:06:57.357	continuous	8236	5	->		6	6	0.501532	False	0.883126	0.750000	0.002202	
2025-09-09 10:06:57.358	continuous	8237	4	->	5	6	6	0.520254	False	0.775663	0.750000	0.002201	
2025-09-09 10:06:57.358	continuous	8238	4	->		5	6	0.519662	False	0.956602	0.750000	0.002201	
2025-09-09 10:06:57.358	continuous	8239	3	->		4	4	0.511884	False	0.871245	0.750000	0.002201	
2025-09-09 10:06:57.358	continuous	8240	4	->	5	6	6	0.518723	False	0.781068	0.750000	0.002201	
2025-09-09 10:06:57.358	continuous	8241	3	->	4	5	6	0.499573	False	1.075615	0.750000	0.002201	
2025-09-09 10:06:57.358	continuous	8242	3	->	4	5	6	0.500200	False	1.046193	0.750000	0.002200	
2025-09-09 10:06:57.359	continuous	8243	3	->	4	5	6	0.501028	False	1.017721	0.750000	0.002200	
2025-09-09 10:06:57.359	continuous	8244	5	->		6	6	0.505113	False	0.902927	0.750000	0.002200	
2025-09-09 10:06:57.359	continuous	8245	3	->		4	4	0.510757	False	0.891522	0.750000	0.002200	
2025-09-09 10:06:57.359	continuous	8246	3	->	4	5	6	0.500522	False	1.020074	0.750000	0.002199	
2025-09-09 10:06:57.359	continuous	8247	3	->	4	5	5	0.501548	False	0.992376	0.750000	0.002199	
2025-09-09 10:06:57.359	continuous	8248	5	->		6	5	0.505669	False	0.922474	0.750000	0.002199	
2025-09-09 10:06:57.360	continuous	8249	4	->		5	6	0.522630	False	0.884083	0.750000	0.002199	
2025-09-09 10:06:57.360	continuous	8250	4	->		5	5	0.523325	False	0.866281	0.750000	0.002199	
2025-09-09 10:06:57.360	continuous	8251	5	->		6	5	0.508104	False	0.932879	0.750000	0.002198	
2025-09-09 10:06:57.360	continuous	8252	3	->	4	5	5	0.505117	False	0.954835	0.750000	0.002198	
2025-09-09 10:06:57.360	continuous	8253	3	->	4	5	5	0.506549	False	0.929270	0.750000	0.002198	
2025-09-09 10:06:57.360	continuous	8254	5	->		6	5	0.511865	False	0.943689	0.750000	0.002198	
2025-09-09 10:06:57.361	continuous	8255	3	->		4	4	0.508739	False	0.950672	0.750000	0.002197	
2025-09-09 10:06:57.361	continuous	8256	3	->	4	5	5	0.505682	False	0.935222	0.750000	0.002197	
2025-09-09 10:06:57.361	continuous	8257	4	->	5	6	5	0.527963	False	0.851023	0.750000	0.002197	
2025-09-09 10:06:57.361	continuous	8258	2	->	3	4	4	0.629544	False	0.395638	0.750000	0.002197	
2025-09-09 10:06:57.361	continuous	8259	3	->		4	4	0.511796	False	0.903021	0.750000	0.002197	
2025-09-09 10:06:57.361	continuous	8260	3	->	4	5	5	0.503393	False	0.949487	0.750000	0.002196	
2025-09-09 10:06:57.362	continuous	8261	4	->	5	6	5	0.525281	False	0.855525	0.750000	0.002196	
2025-09-09 10:06:57.362	continuous	8262	2	->	3	4	4	0.642167	False	0.367182	0.750000	0.002196	
2025-09-09 10:06:57.362	continuous	8263	4	->	5	6	6	0.524285	False	0.841960	0.750000	0.002196	
2025-09-09 10:06:57.362	continuous	8264	3	->		4	4	0.514754	False	0.864083	0.750000	0.002195	
2025-09-09 10:06:57.362	continuous	8265	4	->		5	5	0.520017	False	0.871057	0.750000	0.002195	
2025-09-09 10:06:57.362	continuous	8266	3	->		4	4	0.517917	False	0.833152	0.750000	0.002195	
2025-09-09 10:06:57.363	continuous	8267	3	->	4	5	5	0.500590	False	0.972777	0.750000	0.002195	
2025-09-09 10:06:57.363	continuous	8268	4	->		5	5	0.519578	False	0.840546	0.750000	0.002195	
2025-09-09 10:06:57.363	continuous	8269	4	->	5	6	5	0.522450	False	0.876195	0.750000	0.002194	
2025-09-09 10:06:57.363	continuous	8270	2	->	3	4	4	0.659715	False	0.332216	0.750000	0.002194	
2025-09-09 10:06:57.363	continuous	8271	2	->	3	4	4	0.666132	False	0.319785	0.750000	0.002194	
2025-09-09 10:06:57.364	continuous	8272	4	->	5	6	5	0.520041	False	0.863585	0.750000	0.002194	
2025-09-09 10:06:57.364	continuous	8273	4	->		5	5	0.518273	False	0.859798	0.750000	0.002193	
2025-09-09 10:06:57.364	continuous	8274	4	->		5	5	0.519278	False	0.842664	0.750000	0.002193	
2025-09-09 10:06:57.364	continuous	8275	5	->		6	5	0.504253	False	0.987712	0.750000	0.002193	
2025-09-09 10:06:57.364	continuous	8276	4	->		5	5	0.521095	False	0.840631	0.750000	0.002193	
2025-09-09 10:06:57.365	continuous	8277	5	->		6	5	0.505897	False	0.981223	0.750000	0.002193	
2025-09-09 10:06:57.365	continuous	8278	4	->		5	5	0.522885	False	0.838699	0.750000	0.002192	
2025-09-09 10:06:57.365	continuous	8279	4	->	5	6	5	0.525911	False	0.867615	0.750000	0.002192	
2025-09-09 10:06:57.365	continuous	8280	5	->		6	5	0.507812	False	0.957259	0.750000	0.002192	
2025-09-09 10:06:57.365	continuous	8281	4	->	5	6	6	0.527407	False	0.834587	0.750000	0.002192	
2025-09-09 10:06:57.365	continuous	8282	3	->	4	5	5	0.504894	False	0.965561	0.750000	0.002192	
2025-09-09 10:06:57.366	continuous	8283	2	->	3	4	4	0.651272	False	0.349675	0.750000	0.002191	
2025-09-09 10:06:57.366	continuous	8284	4	->	5	6	6	0.527841	False	0.835490	0.750000	0.002191	
2025-09-09 10:06:57.366	continuous	8285	4	->	5	6	6	0.528582	False	0.820454	0.750000	0.002191	
2025-09-09 10:06:57.366	continuous	8286	4	->		5	6	0.526733	False	0.876425	0.750000	0.002191	
2025-09-09 10:06:57.366	continuous	8287	3	->	4	5	5	0.506070	False	0.955907	0.750000	0.002190	
2025-09-09 10:06:57.366	continuous	8288	4	->	5	6	6	0.531180	False	0.834016	0.750000	0.002190	
2025-09-09 10:06:57.367	continuous	8289	3	->		4	4	0.515898	False	0.875252	0.750000	0.002190	
2025-09-09 10:06:57.367	continuous	8290	4	->	5	6	6	0.528985	False	0.822740	0.750000	0.002190	
2025-09-09 10:06:57.367	continuous	8291	4	->		5	6	0.526948	False	0.873206	0.750000	0.002190	
2025-09-09 10:06:57.367	continuous	8292	3	->		4	4	0.518468	False	0.846694	0.750000	0.002189	
2025-09-09 10:06:57.367	continuous	8293	5	->		6	5	0.507748	False	0.932695	0.750000	0.002189	
2025-09-09 10:06:57.368	continuous	8294	5	->		6	6	0.508696	False	0.912758	0.750000	0.002189	
2025-09-09 10:06:57.368	continuous	8295	5	->		6	6	0.509767	False	0.893346	0.750000	0.002189	
2025-09-09 10:06:57.368	continuous	8296	4	->	5	6	6	0.531303	False	0.776889	0.750000	0.002188	
2025-09-09 10:06:57.368	continuous	8297	4	->		5	6	0.529038	False	0.921169	0.750000	0.002188	
2025-09-09 10:06:57.368	continuous	8298	4	->	5	6	6	0.532588	False	0.777225	0.750000	0.002188	
2025-09-09 10:06:57.368	continuous	8299	4	->	5	6	6	0.533680	False	0.763451	0.750000	0.002188	
2025-09-09 10:06:57.369	continuous	8300	4	->	5	6	6	0.534855	False	0.749987	0.750000	0.002188	
2025-09-09 10:06:57.369	continuous	8301	4	->	5	6	6	0.536108	False	0.736825	0.750000	0.002187	
2025-09-09 10:06:57.369	continuous	8302	3	->	4	5	6	0.508963	False	1.063064	0.750000	0.002187	
2025-09-09 10:06:57.369	continuous	8303	5	->		6	6	0.516734	False	0.829273	0.750000	0.002187	
2025-09-09 10:06:57.369	continuous	8304	5	->		6	6	0.518259	False	0.811960	0.750000	0.002187	
2025-09-09 10:06:57.369	continuous	8305	3	->	4	5	6	0.511774	False	1.064424	0.750000	0.002186	
2025-09-09 10:06:57.370	continuous	8306	4	->	5	6	6	0.541407	False	0.724085	0.750000	0.002186	
2025-09-09 10:06:57.370	continuous	8307	3	->	4	5	6	0.513084	False	1.049542	0.750000	0.002186	
2025-09-09 10:06:57.370	continuous	8308	2	->		3	4	0.559678	False	3.944756	0.750000	0.002186	
2025-09-09 10:06:57.370	continuous	8309	5	->		6	6	0.520257	False	0.813147	0.750000	0.002186	
2025-09-09 10:06:57.370	continuous	8310	4	->	5	6	6	0.542753	False	0.713782	0.750000	0.002185	
2025-09-09 10:06:57.370	continuous	8311	3	->	4	5	6	0.513912	False	1.047643	0.750000	0.002185	
2025-09-09 10:06:57.371	continuous	8312	4	->	5	6	6	0.544232	False	0.715993	0.750000	0.002185	
2025-09-09 10:06:57.371	continuous	8313	4	->		5	6	0.542490	False	0.953555	0.750000	0.002185	
2025-09-09 10:06:57.371	continuous	8314	5	->		6	6	0.524353	False	0.799691	0.750000	0.002185	
2025-09-09 10:06:57.371	continuous	8315	4	->		5	6	0.543888	False	0.948801	0.750000	0.002184	
2025-09-09 10:06:57.371	continuous	8316	4	->	5	6	6	0.546530	False	0.718042	0.750000	0.002184	
2025-09-09 10:06:57.371	continuous	8317	3	->	4	5	6	0.517236	False	1.018469	0.750000	0.002184	
2025-09-09 10:06:57.372	continuous	8318	3	->	4	5	6	0.517830	False	0.990697	0.750000	0.002184	
2025-09-09 10:06:57.372	continuous	8319	4	->	5	6	6	0.548240	False	0.735031	0.750000	0.002183	
2025-09-09 10:06:57.372	continuous	8320	5	->		6	6	0.528836	False	0.802149	0.750000	0.002183	
2025-09-09 10:06:57.372	continuous	8321	3	->	4	5	6	0.520421	False	0.994875	0.750000	0.002183	
2025-09-09 10:06:57.372	continuous	8322	3	->		4	4	0.507446	False	1.046558	0.750000	0.002183	
2025-09-09 10:06:57.372	continuous	8323	4	->	5	6	6	0.547875	False	0.726956	0.750000	0.002183	
2025-09-09 10:06:57.373	continuous	8324	5	->		6	6	0.528025	False	0.795486	0.750000	0.002182	
2025-09-09 10:06:57.373	continuous	8325	2	->	3	4	4	0.616478	False	0.429487	0.750000	0.002182	
2025-09-09 10:06:57.373	continuous	8326	4	->	5	6	6	0.548823	False	0.702536	0.750000	0.002182	
2025-09-09 10:06:57.373	continuous	8327	3	->	4	5	6	0.518295	False	1.034112	0.750000	0.002182	
2025-09-09 10:06:57.373	continuous	8328	4	->		5	6	0.547005	False	0.935443	0.750000	0.002181	
2025-09-09 10:06:57.374	continuous	8329	4	->		5	6	0.546851	False	0.915385	0.750000	0.002181	
2025-09-09 10:06:57.374	continuous	8330	5	->		6	6	0.528767	False	0.817757	0.750000	0.002181	
2025-09-09 10:06:57.374	continuous	8331	3	->		4	4	0.508821	False	1.017099	0.750000	0.002181	
2025-09-09 10:06:57.374	continuous	8332	4	->		5	6	0.544676	False	0.916640	0.750000	0.002181	
2025-09-09 10:06:57.374	continuous	8333	4	->	5	6	6	0.547870	False	0.738130	0.750000	0.002180	
2025-09-09 10:06:57.374	continuous	8334	5	->		6	6	0.527484	False	0.809744	0.750000	0.002180	
2025-09-09 10:06:57.375	continuous	8335	2	->	3	4	4	0.623383	False	0.412556	0.750000	0.002180	
2025-09-09 10:06:57.375	continuous	8336	4	->	5	6	6	0.548761	False	0.712830	0.750000	0.002180	
2025-09-09 10:06:57.375	continuous	8337	2	->	3	4	4	0.629935	False	0.396593	0.750000	0.002180	
2025-09-09 10:06:57.375	continuous	8338	4	->	5	6	6	0.548350	False	0.702656	0.750000	0.002179	
2025-09-09 10:06:57.375	continuous	8339	5	->		6	6	0.527103	False	0.774141	0.750000	0.002179	
2025-09-09 10:06:57.375	continuous	8340	4	->		5	6	0.547497	False	0.977833	0.750000	0.002179	
2025-09-09 10:06:57.376	continuous	8341	3	->	4	5	6	0.517559	False	1.036180	0.750000	0.002179	
2025-09-09 10:06:57.376	continuous	8342	5	->		6	6	0.528769	False	0.789831	0.750000	0.002178	
2025-09-09 10:06:57.376	continuous	8343	5	->		6	6	0.530350	False	0.773335	0.750000	0.002178	
2025-09-09 10:06:57.376	continuous	8344	3	->	4	5	6	0.520585	False	1.039809	0.750000	0.002178	
2025-09-09 10:06:57.376	continuous	8345	5	->		6	6	0.532192	False	0.773467	0.750000	0.002178	
2025-09-09 10:06:57.376	continuous	8346	4	->	5	6	6	0.555999	False	0.679355	0.750000	0.002178	
2025-09-09 10:06:57.377	continuous	8347	5	->		6	6	0.535130	False	0.744005	0.750000	0.002177	
2025-09-09 10:06:57.377	continuous	8348	3	->	4	5	6	0.524800	False	1.058496	0.750000	0.002177	
2025-09-09 10:06:57.377	continuous	8349	3	->	4	5	6	0.524880	False	1.029142	0.750000	0.002177	
2025-09-09 10:06:57.377	continuous	8350	4	->		5	6	0.555330	False	0.939691	0.750000	0.002177	
2025-09-09 10:06:57.377	continuous	8351	3	->		4	4	0.509571	False	1.048332	0.750000	0.002176	
2025-09-09 10:06:57.377	continuous	8352	5	->		6	6	0.532808	False	0.785824	0.750000	0.002176	
2025-09-09 10:06:57.378	continuous	8353	5	->		6	6	0.534344	False	0.769332	0.750000	0.002176	
2025-09-09 10:06:57.378	continuous	8354	4	->	5	6	6	0.558300	False	0.675713	0.750000	0.002176	
2025-09-09 10:06:57.378	continuous	8355	3	->		4	4	0.511314	False	1.020871	0.750000	0.002176	
2025-09-09 10:06:57.378	continuous	8356	3	->	4	5	6	0.521254	False	1.049632	0.750000	0.002175	
2025-09-09 10:06:57.378	continuous	8357	4	->		5	6	0.552317	False	0.950066	0.750000	0.002175	
2025-09-09 10:06:57.378	continuous	8358	5	->		6	6	0.533287	False	0.780959	0.750000	0.002175	
2025-09-09 10:06:57.379	continuous	8359	5	->		6	6	0.534860	False	0.764575	0.750000	0.002175	
2025-09-09 10:06:57.379	continuous	8360	3	->	4	5	6	0.523975	False	1.029934	0.750000	0.002174	
2025-09-09 10:06:57.379	continuous	8361	2	->		3	4	0.547391	False	3.946087	0.750000	0.002174	
2025-09-09 10:06:57.379	continuous	8362	4	->		5	6	0.553445	False	0.937315	0.750000	0.002174	
2025-09-09 10:06:57.379	continuous	8363	4	->	5	6	6	0.556508	False	0.702667	0.750000	0.002174	
2025-09-09 10:06:57.379	continuous	8364	3	->	4	5	6	0.523290	False	0.991595	0.750000	0.002174	
2025-09-09 10:06:57.380	continuous	8365	3	->	4	5	6	0.523921	False	0.964530	0.750000	0.002173	
2025-09-09 10:06:57.380	continuous	8366	4	->	5	6	6	0.557935	False	0.720029	0.750000	0.002173	
2025-09-09 10:06:57.380	continuous	8367	5	->		6	6	0.537427	False	0.787214	0.750000	0.002173	
2025-09-09 10:06:57.380	continuous	8368	3	->	4	5	6	0.526468	False	0.969864	0.750000	0.002173	
2025-09-09 10:06:57.380	continuous	8369	3	->		4	4	0.507530	False	1.088796	0.750000	0.002173	
2025-09-09 10:06:57.381	continuous	8370	4	->		5	6	0.553973	False	0.900594	0.750000	0.002172	
2025-09-09 10:06:57.381	continuous	8371	4	->		5	6	0.553951	False	0.881182	0.750000	0.002172	
2025-09-09 10:06:57.381	continuous	8372	3	->	4	5	5	0.523977	False	0.913353	0.750000	0.002172	
2025-09-09 10:06:57.381	continuous	8373	4	->	5	6	6	0.557595	False	0.756276	0.750000	0.002172	
2025-09-09 10:06:57.381	continuous	8374	4	->	5	6	6	0.558496	False	0.742227	0.750000	0.002171	
2025-09-09 10:06:57.381	continuous	8375	5	->		6	6	0.537904	False	0.812706	0.750000	0.002171	
2025-09-09 10:06:57.382	continuous	8376	4	->		5	6	0.557699	False	0.887595	0.750000	0.002171	
2025-09-09 10:06:57.382	continuous	8377	4	->		5	6	0.557712	False	0.868385	0.750000	0.002171	
2025-09-09 10:06:57.382	continuous	8378	3	->	4	5	5	0.527714	False	0.893517	0.750000	0.002171	
2025-09-09 10:06:57.382	continuous	8379	3	->	4	5	5	0.529073	False	0.869577	0.750000	0.002170	
2025-09-09 10:06:57.382	continuous	8380	4	->	5	6	6	0.561739	False	0.773289	0.750000	0.002170	
2025-09-09 10:06:57.382	continuous	8381	4	->	5	6	6	0.562463	False	0.758649	0.750000	0.002170	
2025-09-09 10:06:57.383	continuous	8382	4	->		5	6	0.560799	False	0.839940	0.750000	0.002170	
2025-09-09 10:06:57.383	continuous	8383	3	->	4	5	5	0.531652	False	0.856823	0.750000	0.002169	
2025-09-09 10:06:57.383	continuous	8384	3	->	4	5	5	0.533225	False	0.834059	0.750000	0.002169	
2025-09-09 10:06:57.383	continuous	8385	3	->	4	5	5	0.534960	False	0.812055	0.750000	0.002169	
2025-09-09 10:06:57.383	continuous	8386	4	->		5	5	0.564354	False	0.766138	0.750000	0.002169	
2025-09-09 10:06:57.384	continuous	8387	2	->	3	4	4	0.591357	False	0.524874	0.750000	0.002169	
2025-09-09 10:06:57.384	continuous	8388	4	->		5	5	0.562697	False	0.755183	0.750000	0.002168	
2025-09-09 10:06:57.384	continuous	8389	4	->		5	5	0.563677	False	0.739547	0.750000	0.002168	
2025-09-09 10:06:57.384	continuous	8390	3	->	4	5	5	0.538175	False	0.749641	0.750000	0.002168	
2025-09-09 10:06:57.384	continuous	8391	3	->	4	5	5	0.540580	False	0.730474	0.750000	0.002168	
2025-09-09 10:06:57.384	continuous	8392	2	->	3	4	4	0.594819	False	0.527658	0.750000	0.002168	
2025-09-09 10:06:57.385	continuous	8393	2	->	3	4	4	0.602459	False	0.499130	0.750000	0.002167	
2025-09-09 10:06:57.385	continuous	8394	3	->	4	5	5	0.536933	False	0.733048	0.750000	0.002167	
2025-09-09 10:06:57.385	continuous	8395	4	->	5	6	5	0.565490	False	0.894097	0.750000	0.002167	
2025-09-09 10:06:57.385	continuous	8396	5	->		6	5	0.546609	False	0.980002	0.750000	0.002167	
2025-09-09 10:06:57.385	continuous	8397	4	->	5	6	5	0.565359	False	0.856648	0.750000	0.002166	
2025-09-09 10:06:57.385	continuous	8398	5	->		6	5	0.546106	False	0.938506	0.750000	0.002166	
2025-09-09 10:06:57.386	continuous	8399	5	->		6	5	0.546194	False	0.917133	0.750000	0.002166	
2025-09-09 10:06:57.386	continuous	8400	3	->		4	5	0.512566	False	1.132463	0.750000	0.002166	
2025-09-09 10:06:57.386	continuous	8401	5	->		6	5	0.542407	False	0.901962	0.750000	0.002166	
2025-09-09 10:06:57.386	continuous	8402	4	->	5	6	6	0.563752	False	0.788238	0.750000	0.002165	
2025-09-09 10:06:57.386	continuous	8403	3	->	4	5	5	0.531620	False	0.839548	0.750000	0.002165	
2025-09-09 10:06:57.386	continuous	8404	5	->		6	5	0.544422	False	0.881521	0.750000	0.002165	
2025-09-09 10:06:57.387	continuous	8405	4	->	5	6	6	0.565924	False	0.771187	0.750000	0.002165	
2025-09-09 10:06:57.387	continuous	8406	3	->	4	5	5	0.533480	False	0.849092	0.750000	0.002165	
2025-09-09 10:06:57.387	continuous	8407	3	->		4	5	0.511734	False	1.122341	0.750000	0.002164	
2025-09-09 10:06:57.387	continuous	8408	4	->		5	5	0.561104	False	0.804008	0.750000	0.002164	
2025-09-09 10:06:57.387	continuous	8409	5	->		6	5	0.543231	False	0.884703	0.750000	0.002164	
2025-09-09 10:06:57.387	continuous	8410	5	->		6	5	0.543807	False	0.864925	0.750000	0.002164	
2025-09-09 10:06:57.388	continuous	8411	5	->		6	5	0.544525	False	0.845711	0.750000	0.002163	
2025-09-09 10:06:57.388	continuous	8412	5	->		6	6	0.545378	False	0.827045	0.750000	0.002163	
2025-09-09 10:06:57.388	continuous	8413	5	->		6	6	0.546361	False	0.808910	0.750000	0.002163	
2025-09-09 10:06:57.388	continuous	8414	4	->	5	6	6	0.569596	False	0.708953	0.750000	0.002163	
2025-09-09 10:06:57.388	continuous	8415	4	->		5	6	0.567134	False	0.884383	0.750000	0.002163	
2025-09-09 10:06:57.388	continuous	8416	3	->		4	5	0.510715	False	1.115122	0.750000	0.002162	
2025-09-09 10:06:57.389	continuous	8417	2	->	3	4	4	0.615178	False	0.440002	0.750000	0.002162	
2025-09-09 10:06:57.389	continuous	8418	4	->		5	6	0.561164	False	0.873059	0.750000	0.002162	
2025-09-09 10:06:57.389	continuous	8419	5	->		6	6	0.542224	False	0.820437	0.750000	0.002162	
2025-09-09 10:06:57.389	continuous	8420	4	->		5	6	0.562404	False	0.870463	0.750000	0.002161	
2025-09-09 10:06:57.389	continuous	8421	3	->		4	4	0.511973	False	1.047062	0.750000	0.002161	
2025-09-09 10:06:57.390	continuous	8422	4	->		5	6	0.558888	False	0.856658	0.750000	0.002161	
2025-09-09 10:06:57.390	continuous	8423	2	->	3	4	4	0.629958	False	0.403658	0.750000	0.002161	
2025-09-09 10:06:57.390	continuous	8424	4	->		5	6	0.557162	False	0.841819	0.750000	0.002161	
2025-09-09 10:06:57.390	continuous	8425	4	->		5	6	0.557575	False	0.823791	0.750000	0.002160	
2025-09-09 10:06:57.390	continuous	8426	3	->		4	4	0.515228	False	0.985820	0.750000	0.002160	
2025-09-09 10:06:57.390	continuous	8427	3	->		4	4	0.517253	False	0.938755	0.750000	0.002160	
2025-09-09 10:06:57.391	continuous	8428	4	->		5	5	0.551184	False	0.818371	0.750000	0.002160	
2025-09-09 10:06:57.391	continuous	8429	3	->	4	5	5	0.520365	False	0.867043	0.750000	0.002160	
2025-09-09 10:06:57.391	continuous	8430	5	->		6	5	0.534189	False	0.923379	0.750000	0.002159	
2025-09-09 10:06:57.391	continuous	8431	5	->		6	5	0.534707	False	0.902641	0.750000	0.002159	
2025-09-09 10:06:57.391	continuous	8432	3	->		4	4	0.518053	False	0.928233	0.750000	0.002159	
2025-09-09 10:06:57.391	continuous	8433	3	->	4	5	5	0.519076	False	0.890705	0.750000	0.002159	
2025-09-09 10:06:57.392	continuous	8434	5	->		6	5	0.533306	False	0.905016	0.750000	0.002158	
2025-09-09 10:06:57.392	continuous	8435	4	->	5	6	6	0.558182	False	0.780935	0.750000	0.002158	
2025-09-09 10:06:57.392	continuous	8436	3	->		4	4	0.518957	False	0.908828	0.750000	0.002158	
2025-09-09 10:06:57.392	continuous	8437	4	->		5	6	0.550592	False	0.838325	0.750000	0.002158	
2025-09-09 10:06:57.392	continuous	8438	4	->		5	5	0.551173	False	0.820582	0.750000	0.002158	
2025-09-09 10:06:57.392	continuous	8439	5	->		6	5	0.532383	False	0.907205	0.750000	0.002157	
2025-09-09 10:06:57.393	continuous	8440	1	->	2	3	4	0.524850	False	3.899692	0.750000	0.002157	
2025-09-09 10:06:57.393	continuous	8441	4	->		5	5	0.550122	False	0.822530	0.750000	0.002157	
2025-09-09 10:06:57.393	continuous	8442	2	->	3	4	4	0.657554	False	0.342278	0.750000	0.002157	
2025-09-09 10:06:57.393	continuous	8443	2	->	3	4	4	0.664293	False	0.328618	0.750000	0.002157	
2025-09-09 10:06:57.393	continuous	8444	5	->		6	5	0.527720	False	0.909547	0.750000	0.002156	
2025-09-09 10:06:57.393	continuous	8445	4	->	5	6	6	0.553617	False	0.782106	0.750000	0.002156	
2025-09-09 10:06:57.394	continuous	8446	3	->	4	5	5	0.515511	False	0.919758	0.750000	0.002156	
2025-09-09 10:06:57.394	continuous	8447	5	->		6	5	0.530343	False	0.888564	0.750000	0.002156	
2025-09-09 10:06:57.394	continuous	8448	4	->		5	6	0.550970	False	0.839461	0.750000	0.002155	
2025-09-09 10:06:57.394	continuous	8449	4	->		5	5	0.551516	False	0.821723	0.750000	0.002155	
2025-09-09 10:06:57.394	continuous	8450	2	->	3	4	4	0.660030	False	0.337742	0.750000	0.002155	
2025-09-09 10:06:57.394	continuous	8451	3	->		4	4	0.521056	False	0.869988	0.750000	0.002155	
2025-09-09 10:06:57.395	continuous	8452	4	->	5	6	6	0.552761	False	0.798336	0.750000	0.002155	
2025-09-09 10:06:57.395	continuous	8453	5	->		6	5	0.527772	False	0.893207	0.750000	0.002154	
2025-09-09 10:06:57.395	continuous	8454	4	->	5	6	6	0.554574	False	0.766513	0.750000	0.002154	
2025-09-09 10:06:57.395	continuous	8455	4	->		5	6	0.549341	False	0.859565	0.750000	0.002154	
2025-09-09 10:06:57.395	continuous	8456	2	->	3	4	4	0.672687	False	0.311645	0.750000	0.002154	
2025-09-09 10:06:57.395	continuous	8457	4	->		5	6	0.548162	False	0.844601	0.750000	0.002154	
2025-09-09 10:06:57.396	continuous	8458	3	->	4	5	5	0.515314	False	0.907281	0.750000	0.002153	
2025-09-09 10:06:57.396	continuous	8459	3	->	4	5	5	0.517080	False	0.882357	0.750000	0.002153	
2025-09-09 10:06:57.396	continuous	8460	4	->	5	6	5	0.556820	False	0.811600	0.750000	0.002153	
2025-09-09 10:06:57.396	continuous	8461	2	->		3	4	0.576514	False	4.020930	0.750000	0.002153	
2025-09-09 10:06:57.396	continuous	8462	2	->	3	4	4	0.662358	False	0.331176	0.750000	0.002152	
2025-09-09 10:06:57.396	continuous	8463	3	->	4	5	5	0.515681	False	0.879619	0.750000	0.002152	
2025-09-09 10:06:57.397	continuous	8464	5	->		6	5	0.530700	False	0.922606	0.750000	0.002152	
2025-09-09 10:06:57.397	continuous	8465	4	->		5	5	0.551209	False	0.805384	0.750000	0.002152	
2025-09-09 10:06:57.397	continuous	8466	4	->	5	6	5	0.556903	False	0.808271	0.750000	0.002152	
2025-09-09 10:06:57.397	continuous	8467	5	->		6	5	0.532391	False	0.900676	0.750000	0.002151	
2025-09-09 10:06:57.397	continuous	8468	4	->	5	6	6	0.558404	False	0.775741	0.750000	0.002151	
2025-09-09 10:06:57.398	continuous	8469	3	->	4	5	5	0.518537	False	0.897900	0.750000	0.002151	
2025-09-09 10:06:57.398	continuous	8470	4	->	5	6	6	0.560003	False	0.775644	0.750000	0.002151	
2025-09-09 10:06:57.398	continuous	8471	2	->		3	4	0.564430	False	3.919955	0.750000	0.002150	
2025-09-09 10:06:57.398	continuous	8472	4	->		5	6	0.553962	False	0.830704	0.750000	0.002150	
2025-09-09 10:06:57.398	continuous	8473	5	->		6	5	0.534481	False	0.879106	0.750000	0.002150	
2025-09-09 10:06:57.398	continuous	8474	3	->	4	5	5	0.519796	False	0.884047	0.750000	0.002150	
2025-09-09 10:06:57.399	continuous	8475	3	->	4	5	5	0.521518	False	0.860397	0.750000	0.002150	
2025-09-09 10:06:57.399	continuous	8476	5	->		6	5	0.537940	False	0.892022	0.750000	0.002149	
2025-09-09 10:06:57.399	continuous	8477	4	->		5	5	0.558383	False	0.807669	0.750000	0.002149	
2025-09-09 10:06:57.399	continuous	8478	3	->	4	5	5	0.524515	False	0.835089	0.750000	0.002149	
2025-09-09 10:06:57.399	continuous	8479	3	->	4	5	5	0.526536	False	0.813065	0.750000	0.002149	
2025-09-09 10:06:57.399	continuous	8480	4	->		5	5	0.561804	False	0.755007	0.750000	0.002149	
2025-09-09 10:06:57.400	continuous	8481	5	->		6	5	0.543454	False	0.937307	0.750000	0.002148	
2025-09-09 10:06:57.400	continuous	8482	5	->		6	5	0.543618	False	0.916048	0.750000	0.002148	
2025-09-09 10:06:57.400	continuous	8483	2	->		3	4	0.548292	False	3.820529	0.750000	0.002148	
2025-09-09 10:06:57.400	continuous	8484	3	->	4	5	5	0.527514	False	0.809193	0.750000	0.002148	
2025-09-09 10:06:57.400	continuous	8485	4	->		5	5	0.562899	False	0.757402	0.750000	0.002147	
2025-09-09 10:06:57.400	continuous	8486	5	->		6	5	0.544617	False	0.927255	0.750000	0.002147	
2025-09-09 10:06:57.401	continuous	8487	2	->	3	4	4	0.616564	False	0.436132	0.750000	0.002147	
2025-09-09 10:06:57.401	continuous	8488	2	->	3	4	4	0.624416	False	0.414994	0.750000	0.002147	
2025-09-09 10:06:57.401	continuous	8489	3	->	4	5	5	0.525762	False	0.805633	0.750000	0.002147	
2025-09-09 10:06:57.401	continuous	8490	3	->		4	5	0.511038	False	1.025606	0.750000	0.002146	
2025-09-09 10:06:57.401	continuous	8491	4	->	5	6	5	0.561663	False	0.823748	0.750000	0.002146	
2025-09-09 10:06:57.401	continuous	8492	4	->	5	6	5	0.562031	False	0.807678	0.750000	0.002146	
2025-09-09 10:06:57.402	continuous	8493	5	->		6	5	0.538187	False	0.896361	0.750000	0.002146	
2025-09-09 10:06:57.402	continuous	8494	3	->	4	5	5	0.523085	False	0.844821	0.750000	0.002146	
2025-09-09 10:06:57.402	continuous	8495	2	->		3	4	0.551101	False	3.757403	0.750000	0.002145	
2025-09-09 10:06:57.402	continuous	8496	4	->		5	5	0.558245	False	0.785710	0.750000	0.002145	
2025-09-09 10:06:57.402	continuous	8497	4	->		5	5	0.559018	False	0.769412	0.750000	0.002145	
2025-09-09 10:06:57.402	continuous	8498	5	->		6	5	0.540249	False	0.924320	0.750000	0.002145	
2025-09-09 10:06:57.403	continuous	8499	4	->		5	5	0.560247	False	0.769787	0.750000	0.002144	
2025-09-09 10:06:57.403	continuous	8500	5	->		6	5	0.541509	False	0.919887	0.750000	0.002144	
2025-09-09 10:06:57.403	continuous	8501	4	->	5	6	5	0.565128	False	0.798399	0.750000	0.002144	
2025-09-09 10:06:57.403	continuous	8502	3	->	4	5	5	0.526280	False	0.818621	0.750000	0.002144	
2025-09-09 10:06:57.403	continuous	8503	4	->	5	6	5	0.566520	False	0.797611	0.750000	0.002144	
2025-09-09 10:06:57.403	continuous	8504	2	->	3	4	4	0.619107	False	0.423934	0.750000	0.002143	
2025-09-09 10:06:57.404	continuous	8505	4	->	5	6	6	0.565293	False	0.782723	0.750000	0.002143	
2025-09-09 10:06:57.404	continuous	8506	4	->		5	5	0.561552	False	0.800824	0.750000	0.002143	
2025-09-09 10:06:57.404	continuous	8507	5	->		6	5	0.542327	False	0.882929	0.750000	0.002143	
2025-09-09 10:06:57.404	continuous	8508	4	->		5	5	0.562775	False	0.800334	0.750000	0.002143	
2025-09-09 10:06:57.404	continuous	8509	3	->	4	5	5	0.527614	False	0.815212	0.750000	0.002142	
2025-09-09 10:06:57.404	continuous	8510	4	->		5	5	0.564615	False	0.765663	0.750000	0.002142	
2025-09-09 10:06:57.405	continuous	8511	3	->		4	5	0.508978	False	1.069348	0.750000	0.002142	
2025-09-09 10:06:57.405	continuous	8512	3	->		4	4	0.509954	False	1.017468	0.750000	0.002142	
2025-09-09 10:06:57.405	continuous	8513	3	->		4	4	0.511581	False	0.968374	0.750000	0.002141	
2025-09-09 10:06:57.405	continuous	8514	4	->	5	6	5	0.559689	False	0.815608	0.750000	0.002141	
2025-09-09 10:06:57.405	continuous	8515	5	->		6	5	0.534543	False	0.909880	0.750000	0.002141	
2025-09-09 10:06:57.406	continuous	8516	4	->		5	5	0.555603	False	0.799297	0.750000	0.002141	
2025-09-09 10:06:57.406	continuous	8517	2	->	3	4	4	0.650798	False	0.351585	0.750000	0.002141	
2025-09-09 10:06:57.406	continuous	8518	4	->		5	5	0.554566	False	0.786356	0.750000	0.002140	
2025-09-09 10:06:57.406	continuous	8519	3	->	4	5	5	0.519144	False	0.823616	0.750000	0.002140	
2025-09-09 10:06:57.406	continuous	8520	4	->	5	6	5	0.561691	False	0.826884	0.750000	0.002140	
2025-09-09 10:06:57.406	continuous	8521	2	->	3	4	4	0.652586	False	0.349643	0.750000	0.002140	
2025-09-09 10:06:57.407	continuous	8522	4	->	5	6	5	0.560590	False	0.811037	0.750000	0.002140	
2025-09-09 10:06:57.407	continuous	8523	3	->		4	4	0.514089	False	0.913127	0.750000	0.002139	
2025-09-09 10:06:57.407	continuous	8524	3	->		4	4	0.517058	False	0.869679	0.750000	0.002139	
2025-09-09 10:06:57.407	continuous	8525	3	->	4	5	5	0.512234	False	0.869847	0.750000	0.002139	
2025-09-09 10:06:57.407	continuous	8526	3	->	4	5	5	0.514327	False	0.846473	0.750000	0.002139	
2025-09-09 10:06:57.407	continuous	8527	4	->	5	6	5	0.557909	False	0.828220	0.750000	0.002138	
2025-09-09 10:06:57.408	continuous	8528	3	->		4	4	0.518900	False	0.861838	0.750000	0.002138	
2025-09-09 10:06:57.408	continuous	8529	4	->		5	5	0.549171	False	0.782777	0.750000	0.002138	
2025-09-09 10:06:57.408	continuous	8530	2	->	3	4	4	0.682603	False	0.293596	0.750000	0.002138	
2025-09-09 10:06:57.408	continuous	8531	5	->		6	5	0.527623	False	0.953715	0.750000	0.002138	
2025-09-09 10:06:57.408	continuous	8532	5	->		6	5	0.528048	False	0.932308	0.750000	0.002137	
2025-09-09 10:06:57.409	continuous	8533	5	->		6	5	0.528621	False	0.911497	0.750000	0.002137	
2025-09-09 10:06:57.409	continuous	8534	4	->		5	5	0.550502	False	0.818269	0.750000	0.002137	
2025-09-09 10:06:57.409	continuous	8535	4	->		5	5	0.551189	False	0.801204	0.750000	0.002137	
2025-09-09 10:06:57.409	continuous	8536	4	->	5	6	5	0.558310	False	0.805609	0.750000	0.002137	
2025-09-09 10:06:57.409	continuous	8537	3	->	4	5	5	0.514363	False	0.867076	0.750000	0.002136	
2025-09-09 10:06:57.410	continuous	8538	4	->	5	6	5	0.560000	False	0.804316	0.750000	0.002136	
2025-09-09 10:06:57.410	continuous	8539	4	->	5	6	6	0.560554	False	0.788711	0.750000	0.002136	
2025-09-09 10:06:57.410	continuous	8540	3	->		4	4	0.518323	False	0.859186	0.750000	0.002136	
2025-09-09 10:06:57.410	continuous	8541	4	->		5	5	0.551336	False	0.815992	0.750000	0.002135	
2025-09-09 10:06:57.410	continuous	8542	3	->		4	4	0.522166	False	0.824266	0.750000	0.002135	
2025-09-09 10:06:57.410	continuous	8543	3	->	4	5	5	0.511173	False	0.884356	0.750000	0.002135	
2025-09-09 10:06:57.411	continuous	8544	5	->		6	5	0.529210	False	0.930050	0.750000	0.002135	
2025-09-09 10:06:57.411	continuous	8545	4	->	5	6	6	0.558182	False	0.789487	0.750000	0.002135	
2025-09-09 10:06:57.411	continuous	8546	5	->		6	5	0.530131	False	0.892124	0.750000	0.002134	
2025-09-09 10:06:57.411	continuous	8547	5	->		6	5	0.530978	False	0.872340	0.750000	0.002134	
2025-09-09 10:06:57.411	continuous	8548	5	->		6	6	0.531957	False	0.853112	0.750000	0.002134	
2025-09-09 10:06:57.411	continuous	8549	3	->	4	5	5	0.513498	False	0.936334	0.750000	0.002134	
2025-09-09 10:06:57.412	continuous	8550	5	->		6	6	0.534197	False	0.850087	0.750000	0.002134	
2025-09-09 10:06:57.412	continuous	8551	4	->	5	6	6	0.564385	False	0.724363	0.750000	0.002133	
2025-09-09 10:06:57.412	continuous	8552	2	->	3	4	4	0.677242	False	0.298504	0.750000	0.002133	
2025-09-09 10:06:57.412	continuous	8553	3	->	4	5	5	0.514242	False	0.947982	0.750000	0.002133	
2025-09-09 10:06:57.412	continuous	8554	3	->	4	5	5	0.515636	False	0.921991	0.750000	0.002133	
2025-09-09 10:06:57.412	continuous	8555	5	->		6	6	0.536586	False	0.850289	0.750000	0.002133	
2025-09-09 10:06:57.413	continuous	8556	4	->		5	6	0.559097	False	0.854196	0.750000	0.002132	
2025-09-09 10:06:57.413	continuous	8557	2	->	3	4	4	0.673426	False	0.307386	0.750000	0.002132	
2025-09-09 10:06:57.413	continuous	8558	5	->		6	6	0.536328	False	0.850274	0.750000	0.002132	
2025-09-09 10:06:57.413	continuous	8559	4	->		5	6	0.558892	False	0.855166	0.750000	0.002132	
2025-09-09 10:06:57.413	continuous	8560	3	->	4	5	5	0.517880	False	0.895815	0.750000	0.002131	
2025-09-09 10:06:57.413	continuous	8561	3	->	4	5	5	0.519620	False	0.871540	0.750000	0.002131	
2025-09-09 10:06:57.414	continuous	8562	3	->		4	4	0.517858	False	0.891889	0.750000	0.002131	
2025-09-09 10:06:57.414	continuous	8563	5	->		6	5	0.536830	False	0.885376	0.750000	0.002131	
2025-09-09 10:06:57.414	continuous	8564	5	->		6	5	0.537590	False	0.865610	0.750000	0.002131	
2025-09-09 10:06:57.414	continuous	8565	4	->	5	6	6	0.567250	False	0.737538	0.750000	0.002130	
2025-09-09 10:06:57.414	continuous	8566	3	->	4	5	5	0.518467	False	0.909050	0.750000	0.002130	
2025-09-09 10:06:57.414	continuous	8567	3	->	4	5	5	0.520081	False	0.884315	0.750000	0.002130	
2025-09-09 10:06:57.415	continuous	8568	5	->		6	5	0.541487	False	0.862518	0.750000	0.002130	
2025-09-09 10:06:57.415	continuous	8569	4	->		5	6	0.563570	False	0.828510	0.750000	0.002130	
2025-09-09 10:06:57.415	continuous	8570	3	->	4	5	5	0.522948	False	0.857121	0.750000	0.002129	
2025-09-09 10:06:57.415	continuous	8571	4	->	5	6	6	0.571314	False	0.765624	0.750000	0.002129	
2025-09-09 10:06:57.415	continuous	8572	4	->	5	6	6	0.572012	False	0.750654	0.750000	0.002129	
2025-09-09 10:06:57.415	continuous	8573	2	->	3	4	4	0.662907	False	0.329354	0.750000	0.002129	
2025-09-09 10:06:57.416	continuous	8574	3	->	4	5	5	0.522795	False	0.870889	0.750000	0.002128	
2025-09-09 10:06:57.416	continuous	8575	5	->		6	5	0.544426	False	0.861069	0.750000	0.002128	
2025-09-09 10:06:57.416	continuous	8576	4	->	5	6	6	0.573161	False	0.734882	0.750000	0.002128	
2025-09-09 10:06:57.416	continuous	8577	4	->		5	6	0.567068	False	0.837392	0.750000	0.002128	
2025-09-09 10:06:57.416	continuous	8578	3	->		4	4	0.515961	False	0.926088	0.750000	0.002128	
2025-09-09 10:06:57.416	continuous	8579	4	->		5	6	0.563961	False	0.824308	0.750000	0.002127	
2025-09-09 10:06:57.417	continuous	8580	3	->	4	5	5	0.522957	False	0.853546	0.750000	0.002127	
2025-09-09 10:06:57.417	continuous	8581	5	->		6	5	0.544475	False	0.880895	0.750000	0.002127	
2025-09-09 10:06:57.417	continuous	8582	4	->	5	6	6	0.572988	False	0.750738	0.750000	0.002127	
2025-09-09 10:06:57.417	continuous	8583	4	->		5	6	0.566843	False	0.819497	0.750000	0.002127	
2025-09-09 10:06:57.417	continuous	8584	4	->	5	6	6	0.573854	False	0.751129	0.750000	0.002126	
2025-09-09 10:06:57.418	continuous	8585	2	->	3	4	4	0.666349	False	0.323900	0.750000	0.002126	
2025-09-09 10:06:57.418	continuous	8586	4	->	5	6	6	0.573318	False	0.737008	0.750000	0.002126	
2025-09-09 10:06:57.418	continuous	8587	5	->		6	6	0.545280	False	0.830763	0.750000	0.002126	
2025-09-09 10:06:57.418	continuous	8588	2	->	3	4	4	0.670747	False	0.313777	0.750000	0.002125	
2025-09-09 10:06:57.418	continuous	8589	4	->		5	6	0.566324	False	0.854481	0.750000	0.002125	
2025-09-09 10:06:57.418	continuous	8590	5	->		6	6	0.544871	False	0.831267	0.750000	0.002125	
2025-09-09 10:06:57.419	continuous	8591	3	->	4	5	5	0.523571	False	0.898238	0.750000	0.002125	
2025-09-09 10:06:57.419	continuous	8592	4	->		5	6	0.568336	False	0.832264	0.750000	0.002125	
2025-09-09 10:06:57.419	continuous	8593	4	->		5	6	0.568608	False	0.814092	0.750000	0.002124	
2025-09-09 10:06:57.419	continuous	8594	5	->		6	5	0.547860	False	0.862434	0.750000	0.002124	
2025-09-09 10:06:57.419	continuous	8595	4	->	5	6	6	0.576709	False	0.735454	0.750000	0.002124	
2025-09-09 10:06:57.419	continuous	8596	3	->	4	5	5	0.527067	False	0.866175	0.750000	0.002124	
2025-09-09 10:06:57.420	continuous	8597	5	->		6	5	0.550206	False	0.843205	0.750000	0.002124	
2025-09-09 10:06:57.420	continuous	8598	2	->	3	4	4	0.662316	False	0.332029	0.750000	0.002123	
2025-09-09 10:06:57.420	continuous	8599	3	->	4	5	5	0.527077	False	0.866639	0.750000	0.002123	
2025-09-09 10:06:57.421	continuous	8600	4	->	5	6	6	0.578292	False	0.734908	0.750000	0.002123	
2025-09-09 10:06:57.421	continuous	8601	4	->		5	6	0.572074	False	0.824421	0.750000	0.002123	
2025-09-09 10:06:57.421	continuous	8602	4	->		5	6	0.572346	False	0.806324	0.750000	0.002123	
2025-09-09 10:06:57.421	continuous	8603	4	->	5	6	6	0.579168	False	0.750838	0.750000	0.002122	
2025-09-09 10:06:57.421	continuous	8604	3	->	4	5	5	0.530565	False	0.834487	0.750000	0.002122	
2025-09-09 10:06:57.421	continuous	8605	2	->	3	4	4	0.659795	False	0.340770	0.750000	0.002122	
2025-09-09 10:06:57.422	continuous	8606	5	->		6	5	0.551469	False	0.861706	0.750000	0.002122	
2025-09-09 10:06:57.422	continuous	8607	4	->	5	6	6	0.580054	False	0.734299	0.750000	0.002121	
2025-09-09 10:06:57.422	continuous	8608	5	->		6	6	0.552610	False	0.825914	0.750000	0.002121	
2025-09-09 10:06:57.422	continuous	8609	5	->		6	6	0.553540	False	0.807373	0.750000	0.002121	
2025-09-09 10:06:57.422	continuous	8610	3	->	4	5	5	0.530978	False	0.884068	0.750000	0.002121	
2025-09-09 10:06:57.422	continuous	8611	3	->	4	5	5	0.532454	False	0.859974	0.750000	0.002121	
2025-09-09 10:06:57.423	continuous	8612	5	->		6	6	0.556301	False	0.822526	0.750000	0.002120	
2025-09-09 10:06:57.423	continuous	8613	4	->		5	6	0.578147	False	0.831489	0.750000	0.002120	
2025-09-09 10:06:57.423	continuous	8614	5	->		6	6	0.557458	False	0.821007	0.750000	0.002120	
2025-09-09 10:06:57.423	continuous	8615	3	->	4	5	5	0.535351	False	0.850367	0.750000	0.002120	
2025-09-09 10:06:57.423	continuous	8616	2	->	3	4	4	0.649155	False	0.362075	0.750000	0.002120	
2025-09-09 10:06:57.423	continuous	8617	4	->	5	6	6	0.584730	False	0.717373	0.750000	0.002119	
2025-09-09 10:06:57.424	continuous	8618	4	->		5	6	0.578742	False	0.828886	0.750000	0.002119	
2025-09-09 10:06:57.424	continuous	8619	3	->		4	4	0.515976	False	0.987706	0.750000	0.002119	
2025-09-09 10:06:57.424	continuous	8620	4	->	5	6	6	0.582609	False	0.720762	0.750000	0.002119	
2025-09-09 10:06:57.424	continuous	8621	3	->	4	5	5	0.531444	False	0.858594	0.750000	0.002118	
2025-09-09 10:06:57.424	continuous	8622	4	->	5	6	6	0.583860	False	0.721335	0.750000	0.002118	
2025-09-09 10:06:57.424	continuous	8623	3	->		4	4	0.517021	False	0.956095	0.750000	0.002118	
2025-09-09 10:06:57.425	continuous	8624	5	->		6	6	0.552592	False	0.817896	0.750000	0.002118	
2025-09-09 10:06:57.425	continuous	8625	5	->		6	6	0.553608	False	0.799537	0.750000	0.002118	
2025-09-09 10:06:57.425	continuous	8626	3	->	4	5	5	0.529897	False	0.896428	0.750000	0.002117	
2025-09-09 10:06:57.425	continuous	8627	3	->	4	5	5	0.531326	False	0.871836	0.750000	0.002117	
2025-09-09 10:06:57.425	continuous	8628	5	->		6	6	0.556356	False	0.814709	0.750000	0.002117	
2025-09-09 10:06:57.425	continuous	8629	4	->	5	6	6	0.586157	False	0.692664	0.750000	0.002117	
2025-09-09 10:06:57.426	continuous	8630	5	->		6	6	0.558044	False	0.781200	0.750000	0.002117	
2025-09-09 10:06:57.426	continuous	8631	4	->	5	6	6	0.588651	False	0.664452	0.750000	0.002116	
2025-09-09 10:06:57.426	continuous	8632	4	->		5	6	0.581763	False	0.888768	0.750000	0.002116	
2025-09-09 10:06:57.426	continuous	8633	4	->	5	6	6	0.589191	False	0.667003	0.750000	0.002116	
2025-09-09 10:06:57.426	continuous	8634	4	->	5	6	6	0.590408	False	0.654186	0.750000	0.002116	
2025-09-09 10:06:57.426	continuous	8635	5	->		6	6	0.561821	False	0.738112	0.750000	0.002116	
2025-09-09 10:06:57.427	continuous	8636	3	->	4	5	6	0.536440	False	0.935498	0.750000	0.002115	
2025-09-09 10:06:57.427	continuous	8637	4	->	5	6	6	0.592889	False	0.642853	0.750000	0.002115	
2025-09-09 10:06:57.427	continuous	8638	2	->	3	4	4	0.654425	False	0.347126	0.750000	0.002115	
2025-09-09 10:06:57.427	continuous	8639	4	->		5	6	0.584358	False	0.911189	0.750000	0.002115	
2025-09-09 10:06:57.427	continuous	8640	2	->	3	4	4	0.661144	False	0.334257	0.750000	0.002114	
2025-09-09 10:06:57.428	continuous	8641	3	->	4	5	6	0.533883	False	0.915269	0.750000	0.002114	
2025-09-09 10:06:57.428	continuous	8642	4	->	5	6	6	0.590442	False	0.662631	0.750000	0.002114	
2025-09-09 10:06:57.428	continuous	8643	3	->	4	5	6	0.535401	False	0.904684	0.750000	0.002114	
2025-09-09 10:06:57.428	continuous	8644	3	->	4	5	5	0.536574	False	0.879706	0.750000	0.002114	
2025-09-09 10:06:57.428	continuous	8645	4	->		5	6	0.583814	False	0.844004	0.750000	0.002113	
2025-09-09 10:06:57.428	continuous	8646	3	->	4	5	5	0.538671	False	0.835526	0.750000	0.002113	
2025-09-09 10:06:57.429	continuous	8647	4	->	5	6	6	0.591185	False	0.709659	0.750000	0.002113	
2025-09-09 10:06:57.429	continuous	8648	4	->		5	6	0.585006	False	0.820767	0.750000	0.002113	
2025-09-09 10:06:57.429	continuous	8649	5	->		6	5	0.564374	False	0.818152	0.750000	0.002113	
2025-09-09 10:06:57.429	continuous	8650	2	->	3	4	4	0.652692	False	0.357131	0.750000	0.002112	
2025-09-09 10:06:57.429	continuous	8651	4	->	5	6	6	0.591558	False	0.695379	0.750000	0.002112	
2025-09-09 10:06:57.430	continuous	8652	4	->		5	6	0.584981	False	0.838046	0.750000	0.002112	
2025-09-09 10:06:57.430	continuous	8653	3	->		4	4	0.517681	False	0.994258	0.750000	0.002112	
2025-09-09 10:06:57.430	continuous	8654	5	->		6	6	0.560162	False	0.808221	0.750000	0.002111	
2025-09-09 10:06:57.430	continuous	8655	3	->	4	5	5	0.535782	False	0.857370	0.750000	0.002111	
2025-09-09 10:06:57.430	continuous	8656	4	->		5	6	0.583158	False	0.820836	0.750000	0.002111	
2025-09-09 10:06:57.430	continuous	8657	3	->	4	5	5	0.538361	False	0.814649	0.750000	0.002111	
2025-09-09 10:06:57.431	continuous	8658	3	->	4	5	5	0.540307	False	0.792733	0.750000	0.002111	
2025-09-09 10:06:57.431	continuous	8659	3	->		4	4	0.520932	False	0.993881	0.750000	0.002110	
2025-09-09 10:06:57.431	continuous	8660	4	->		5	5	0.581722	False	0.770828	0.750000	0.002110	
2025-09-09 10:06:57.431	continuous	8661	2	->	3	4	4	0.671807	False	0.324514	0.750000	0.002110	
2025-09-09 10:06:57.431	continuous	8662	5	->		6	5	0.559665	False	0.879656	0.750000	0.002110	
2025-09-09 10:06:57.431	continuous	8663	5	->		6	5	0.560084	False	0.859077	0.750000	0.002110	
2025-09-09 10:06:57.432	continuous	8664	4	->	5	6	6	0.589305	False	0.725484	0.750000	0.002109	
2025-09-09 10:06:57.432	continuous	8665	4	->	5	6	6	0.590112	False	0.710868	0.750000	0.002109	
2025-09-09 10:06:57.432	continuous	8666	5	->		6	6	0.561555	False	0.806664	0.750000	0.002109	
2025-09-09 10:06:57.432	continuous	8667	4	->	5	6	6	0.592273	False	0.681088	0.750000	0.002109	
2025-09-09 10:06:57.432	continuous	8668	4	->	5	6	6	0.593370	False	0.667687	0.750000	0.002109	
2025-09-09 10:06:57.432	continuous	8669	4	->	5	6	6	0.594550	False	0.654649	0.750000	0.002108	
2025-09-09 10:06:57.433	continuous	8670	4	->	5	6	6	0.595810	False	0.641964	0.750000	0.002108	
2025-09-09 10:06:57.433	continuous	8671	4	->		5	6	0.587975	False	0.901340	0.750000	0.002108	
2025-09-09 10:06:57.433	continuous	8672	3	->	4	5	5	0.537990	False	0.891339	0.750000	0.002108	
2025-09-09 10:06:57.433	continuous	8673	5	->		6	6	0.565995	False	0.764242	0.750000	0.002107	
2025-09-09 10:06:57.433	continuous	8674	4	->	5	6	6	0.597457	False	0.645228	0.750000	0.002107	
2025-09-09 10:06:57.434	continuous	8675	4	->	5	6	6	0.598750	False	0.632733	0.750000	0.002107	
2025-09-09 10:06:57.434	continuous	8676	5	->		6	6	0.569203	False	0.719183	0.750000	0.002107	
2025-09-09 10:06:57.434	continuous	8677	3	->	4	5	6	0.541590	False	0.929796	0.750000	0.002107	
2025-09-09 10:06:57.434	continuous	8678	4	->	5	6	6	0.601166	False	0.622003	0.750000	0.002106	
2025-09-09 10:06:57.435	continuous	8679	5	->		6	6	0.571773	False	0.706765	0.750000	0.002106	
2025-09-09 10:06:57.435	continuous	8680	3	->	4	5	6	0.543918	False	0.935358	0.750000	0.002106	
2025-09-09 10:06:57.435	continuous	8681	4	->		5	6	0.594754	False	0.911272	0.750000	0.002106	
2025-09-09 10:06:57.435	continuous	8682	2	->	3	4	4	0.654603	False	0.351110	0.750000	0.002106	
2025-09-09 10:06:57.435	continuous	8683	5	->		6	6	0.570685	False	0.727863	0.750000	0.002105	
2025-09-09 10:06:57.435	continuous	8684	4	->		5	6	0.593792	False	0.909483	0.750000	0.002105	
2025-09-09 10:06:57.436	continuous	8685	4	->	5	6	6	0.601713	False	0.629880	0.750000	0.002105	
2025-09-09 10:06:57.436	continuous	8686	5	->		6	6	0.572587	False	0.715389	0.750000	0.002105	
2025-09-09 10:06:57.436	continuous	8687	3	->	4	5	6	0.544697	False	0.919577	0.750000	0.002105	
2025-09-09 10:06:57.436	continuous	8688	5	->		6	6	0.574004	False	0.716564	0.750000	0.002104	
2025-09-09 10:06:57.436	continuous	8689	5	->		6	6	0.575468	False	0.700668	0.750000	0.002104	
2025-09-09 10:06:57.436	continuous	8690	5	->		6	6	0.577032	False	0.685253	0.750000	0.002104	
2025-09-09 10:06:57.437	continuous	8691	5	->		6	6	0.578689	False	0.670305	0.750000	0.002104	
2025-09-09 10:06:57.437	continuous	8692	4	->		5	6	0.602045	False	0.967791	0.750000	0.002103	
2025-09-09 10:06:57.437	continuous	8693	5	->		6	6	0.579296	False	0.673226	0.750000	0.002103	
2025-09-09 10:06:57.437	continuous	8694	4	->	5	6	6	0.611493	False	0.570825	0.750000	0.002103	
2025-09-09 10:06:57.437	continuous	8695	4	->	5	6	6	0.613133	False	0.560196	0.750000	0.002103	
2025-09-09 10:06:57.437	continuous	8696	4	->	5	6	6	0.614821	False	0.549849	0.750000	0.002103	
2025-09-09 10:06:57.438	continuous	8697	3	->	4	5	6	0.553381	False	0.998885	0.750000	0.002102	
2025-09-09 10:06:57.438	continuous	8698	4	->		5	6	0.605837	False	0.981677	0.750000	0.002102	
2025-09-09 10:06:57.438	continuous	8699	4	->	5	6	6	0.613247	False	0.570028	0.750000	0.002102	
2025-09-09 10:06:57.438	continuous	8700	3	->		4	4	0.515964	False	1.080247	0.750000	0.002102	
2025-09-09 10:06:57.438	continuous	8701	3	->		4	4	0.516932	False	1.023580	0.750000	0.002102	
2025-09-09 10:06:57.439	continuous	8702	5	->		6	6	0.576334	False	0.659366	0.750000	0.002101	
2025-09-09 10:06:57.439	continuous	8703	5	->		6	6	0.578224	False	0.645229	0.750000	0.002101	
2025-09-09 10:06:57.439	continuous	8704	3	->	4	5	6	0.546563	False	1.012804	0.750000	0.002101	
2025-09-09 10:06:57.439	continuous	8705	4	->	5	6	6	0.611746	False	0.557795	0.750000	0.002101	
2025-09-09 10:06:57.439	continuous	8706	3	->	4	5	6	0.547481	False	0.998192	0.750000	0.002101	
2025-09-09 10:06:57.439	continuous	8707	4	->		5	6	0.602066	False	0.974932	0.750000	0.002100	
2025-09-09 10:06:57.440	continuous	8708	3	->	4	5	6	0.546957	False	0.944815	0.750000	0.002100	
2025-09-09 10:06:57.440	continuous	8709	3	->		4	4	0.517535	False	1.018911	0.750000	0.002100	
2025-09-09 10:06:57.440	continuous	8710	4	->		5	6	0.596581	False	0.929817	0.750000	0.002100	
2025-09-09 10:06:57.440	continuous	8711	3	->		4	4	0.519528	False	0.968598	0.750000	0.002099	
2025-09-09 10:06:57.440	continuous	8712	3	->		4	4	0.521964	False	0.918459	0.750000	0.002099	
2025-09-09 10:06:57.441	continuous	8713	3	->	4	5	6	0.534451	False	0.929804	0.750000	0.002099	
2025-09-09 10:06:57.441	continuous	8714	4	->	5	6	6	0.599460	False	0.631205	0.750000	0.002099	
2025-09-09 10:06:57.441	continuous	8715	3	->	4	5	6	0.535945	False	0.918158	0.750000	0.002099	
2025-09-09 10:06:57.441	continuous	8716	5	->		6	6	0.567814	False	0.742936	0.750000	0.002098	
2025-09-09 10:06:57.441	continuous	8717	3	->	4	5	6	0.537719	False	0.909008	0.750000	0.002098	
2025-09-09 10:06:57.441	continuous	8718	2	->	3	4	4	0.683377	False	0.297945	0.750000	0.002098	
2025-09-09 10:06:57.442	continuous	8719	4	->		5	6	0.590175	False	0.882594	0.750000	0.002098	
2025-09-09 10:06:57.442	continuous	8720	4	->		5	6	0.589686	False	0.861826	0.750000	0.002098	
2025-09-09 10:06:57.442	continuous	8721	3	->	4	5	5	0.538258	False	0.848037	0.750000	0.002097	
2025-09-09 10:06:57.442	continuous	8722	5	->		6	6	0.568320	False	0.796319	0.750000	0.002097	
2025-09-09 10:06:57.442	continuous	8723	4	->	5	6	6	0.600311	False	0.664671	0.750000	0.002097	
2025-09-09 10:06:57.442	continuous	8724	4	->		5	6	0.591815	False	0.854842	0.750000	0.002097	
2025-09-09 10:06:57.443	continuous	8725	4	->	5	6	6	0.600793	False	0.666986	0.750000	0.002097	
2025-09-09 10:06:57.443	continuous	8726	4	->	5	6	6	0.601919	False	0.653613	0.750000	0.002096	
2025-09-09 10:06:57.443	continuous	8727	4	->	5	6	6	0.603128	False	0.640614	0.750000	0.002096	
2025-09-09 10:06:57.443	continuous	8728	5	->		6	6	0.572350	False	0.736185	0.750000	0.002096	
2025-09-09 10:06:57.443	continuous	8729	4	->		5	6	0.595820	False	0.899209	0.750000	0.002096	
2025-09-09 10:06:57.443	continuous	8730	2	->	3	4	4	0.678569	False	0.307504	0.750000	0.002096	
2025-09-09 10:06:57.444	continuous	8731	5	->		6	6	0.571603	False	0.738881	0.750000	0.002095	
2025-09-09 10:06:57.444	continuous	8732	2	->	3	4	4	0.683850	False	0.296898	0.750000	0.002095	
2025-09-09 10:06:57.444	continuous	8733	5	->		6	6	0.571393	False	0.723908	0.750000	0.002095	
2025-09-09 10:06:57.444	continuous	8734	2	->	3	4	4	0.688923	False	0.287163	0.750000	0.002095	
2025-09-09 10:06:57.444	continuous	8735	3	->	4	5	6	0.538114	False	0.926325	0.750000	0.002094	
2025-09-09 10:06:57.444	continuous	8736	3	->		4	4	0.524457	False	0.900188	0.750000	0.002094	
2025-09-09 10:06:57.445	continuous	8737	4	->	5	6	6	0.601952	False	0.620740	0.750000	0.002094	
2025-09-09 10:06:57.445	continuous	8738	3	->	4	5	6	0.535563	False	0.927093	0.750000	0.002094	
2025-09-09 10:06:57.445	continuous	8739	4	->		5	6	0.591688	False	0.893507	0.750000	0.002094	
2025-09-09 10:06:57.445	continuous	8740	5	->		6	6	0.568729	False	0.752312	0.750000	0.002093	
2025-09-09 10:06:57.445	continuous	8741	5	->		6	6	0.570069	False	0.735196	0.750000	0.002093	
2025-09-09 10:06:57.445	continuous	8742	5	->		6	6	0.571520	False	0.718607	0.750000	0.002093	
2025-09-09 10:06:57.446	continuous	8743	4	->	5	6	6	0.607029	False	0.597126	0.750000	0.002093	
2025-09-09 10:06:57.446	continuous	8744	5	->		6	6	0.574276	False	0.689495	0.750000	0.002093	
2025-09-09 10:06:57.446	continuous	8745	3	->		4	4	0.524203	False	0.898223	0.750000	0.002092	
2025-09-09 10:06:57.446	continuous	8746	4	->	5	6	6	0.607859	False	0.576141	0.750000	0.002092	
2025-09-09 10:06:57.446	continuous	8747	5	->		6	6	0.573664	False	0.668217	0.750000	0.002092	
2025-09-09 10:06:57.446	continuous	8748	5	->		6	6	0.575587	False	0.653709	0.750000	0.002092	
2025-09-09 10:06:57.447	continuous	8749	5	->		6	6	0.577586	False	0.639639	0.750000	0.002092	
2025-09-09 10:06:57.447	continuous	8750	5	->		6	6	0.579655	False	0.625992	0.750000	0.002091	
2025-09-09 10:06:57.447	continuous	8751	2	->	3	4	4	0.698970	False	0.268327	0.750000	0.002091	
2025-09-09 10:06:57.447	continuous	8752	5	->		6	6	0.580267	False	0.615115	0.750000	0.002091	
2025-09-09 10:06:57.447	continuous	8753	4	->	5	6	6	0.619418	False	0.509771	0.750000	0.002091	
2025-09-09 10:06:57.447	continuous	8754	5	->		6	6	0.584195	False	0.591845	0.750000	0.002090	
2025-09-09 10:06:57.448	continuous	8755	4	->		5	6	0.610455	False	1.095577	0.750000	0.002090	
2025-09-09 10:06:57.448	continuous	8756	4	->	5	6	6	0.621068	False	0.505623	0.750000	0.002090	
2025-09-09 10:06:57.448	continuous	8757	2	->	3	4	4	0.700098	False	0.266559	0.750000	0.002090	
2025-09-09 10:06:57.448	continuous	8758	5	->		6	6	0.584481	False	0.589000	0.750000	0.002090	
2025-09-09 10:06:57.448	continuous	8759	2	->	3	4	4	0.704645	False	0.259333	0.750000	0.002089	
2025-09-09 10:06:57.448	continuous	8760	4	->	5	6	6	0.623268	False	0.489094	0.750000	0.002089	
2025-09-09 10:06:57.449	continuous	8761	4	->	5	6	6	0.625284	False	0.480604	0.750000	0.002089	
2025-09-09 10:06:57.449	continuous	8762	4	->	5	6	6	0.627324	False	0.472329	0.750000	0.002089	
2025-09-09 10:06:57.449	continuous	8763	2	->	3	4	4	0.708343	False	0.253877	0.750000	0.002089	
2025-09-09 10:06:57.449	continuous	8764	3	->	4	5	6	0.546645	False	1.159757	0.750000	0.002088	
2025-09-09 10:06:57.449	continuous	8765	4	->	5	6	6	0.625926	False	0.479525	0.750000	0.002088	
2025-09-09 10:06:57.449	continuous	8766	3	->	4	5	6	0.546933	False	1.139333	0.750000	0.002088	
2025-09-09 10:06:57.450	continuous	8767	3	->	4	5	6	0.545917	False	1.105632	0.750000	0.002088	
2025-09-09 10:06:57.450	continuous	8768	5	->		6	6	0.585993	False	0.592461	0.750000	0.002088	
2025-09-09 10:06:57.450	continuous	8769	4	->		5	6	0.612300	False	1.089910	0.750000	0.002087	
2025-09-09 10:06:57.450	continuous	8770	5	->		6	6	0.586095	False	0.597396	0.750000	0.002087	
2025-09-09 10:06:57.451	continuous	8771	2	->	3	4	4	0.701751	False	0.264276	0.750000	0.002087	
2025-09-09 10:06:57.451	continuous	8772	5	->		6	6	0.586795	False	0.587353	0.750000	0.002087	
2025-09-09 10:06:57.451	continuous	8773	5	->		6	6	0.589109	False	0.575190	0.750000	0.002087	
2025-09-09 10:06:57.451	continuous	8774	3	->	4	5	6	0.549005	False	1.114625	0.750000	0.002086	
2025-09-09 10:06:57.451	continuous	8775	5	->		6	6	0.589766	False	0.579726	0.750000	0.002086	
2025-09-09 10:06:57.451	continuous	8776	5	->		6	6	0.592082	False	0.567762	0.750000	0.002086	
2025-09-09 10:06:57.452	continuous	8777	2	->	3	4	4	0.699205	False	0.268661	0.750000	0.002086	
2025-09-09 10:06:57.452	continuous	8778	4	->		5	6	0.616834	False	1.120229	0.750000	0.002085	
2025-09-09 10:06:57.452	continuous	8779	5	->		6	6	0.590336	False	0.575906	0.750000	0.002085	
2025-09-09 10:06:57.452	continuous	8780	4	->	5	6	6	0.630142	False	0.476391	0.750000	0.002085	
2025-09-09 10:06:57.452	continuous	8781	4	->	5	6	6	0.632162	False	0.468123	0.750000	0.002085	
2025-09-09 10:06:57.452	continuous	8782	5	->		6	6	0.596360	False	0.545270	0.750000	0.002085	
2025-09-09 10:06:57.453	continuous	8783	2	->	3	4	4	0.700764	False	0.266525	0.750000	0.002084	
2025-09-09 10:06:57.453	continuous	8784	3	->	4	5	6	0.552915	False	1.153505	0.750000	0.002084	
2025-09-09 10:06:57.453	continuous	8785	4	->	5	6	6	0.632941	False	0.466367	0.750000	0.002084	
2025-09-09 10:06:57.453	continuous	8786	4	->	5	6	6	0.634984	False	0.458342	0.750000	0.002084	
2025-09-09 10:06:57.453	continuous	8787	3	->	4	5	6	0.554554	False	1.146958	0.750000	0.002084	
2025-09-09 10:06:57.453	continuous	8788	2	->	3	4	4	0.700578	False	0.266677	0.750000	0.002083	
2025-09-09 10:06:57.454	continuous	8789	4	->		5	6	0.619177	False	1.124456	0.750000	0.002083	
2025-09-09 10:06:57.454	continuous	8790	5	->		6	6	0.592551	False	0.570984	0.750000	0.002083	
2025-09-09 10:06:57.454	continuous	8791	4	->	5	6	6	0.632722	False	0.471018	0.750000	0.002083	
2025-09-09 10:06:57.454	continuous	8792	4	->		5	6	0.620688	False	1.127502	0.750000	0.002083	
2025-09-09 10:06:57.454	continuous	8793	4	->		5	6	0.617833	False	1.098291	0.750000	0.002082	
2025-09-09 10:06:57.454	continuous	8794	4	->	5	6	6	0.628913	False	0.492851	0.750000	0.002082	
2025-09-09 10:06:57.455	continuous	8795	2	->		3	4	0.581184	False	4.295767	0.750000	0.002082	
2025-09-09 10:06:57.455	continuous	8796	3	->	4	5	6	0.549745	False	1.069297	0.750000	0.002082	
2025-09-09 10:06:57.455	continuous	8797	4	->		5	6	0.614170	False	1.055560	0.750000	0.002082	
2025-09-09 10:06:57.455	continuous	8798	3	->		4	4	0.522208	False	0.930852	0.750000	0.002081	
2025-09-09 10:06:57.455	continuous	8799	5	->		6	6	0.585139	False	0.615700	0.750000	0.002081	
2025-09-09 10:06:57.455	continuous	8800	5	->		6	6	0.587270	False	0.602636	0.750000	0.002081	
2025-09-09 10:06:57.456	continuous	8801	4	->	5	6	6	0.626736	False	0.497159	0.750000	0.002081	
2025-09-09 10:06:57.456	continuous	8802	4	->	5	6	6	0.628686	False	0.488313	0.750000	0.002080	
2025-09-09 10:06:57.456	continuous	8803	4	->		5	6	0.616684	False	1.094406	0.750000	0.002080	
2025-09-09 10:06:57.456	continuous	8804	3	->	4	5	6	0.547483	False	1.052967	0.750000	0.002080	
2025-09-09 10:06:57.456	continuous	8805	3	->		4	4	0.523630	False	0.911226	0.750000	0.002080	
2025-09-09 10:06:57.456	continuous	8806	3	->	4	5	6	0.542612	False	1.031870	0.750000	0.002080	
2025-09-09 10:06:57.457	continuous	8807	2	->	3	4	4	0.707980	False	0.254420	0.750000	0.002079	
2025-09-09 10:06:57.457	continuous	8808	5	->		6	6	0.583059	False	0.628423	0.750000	0.002079	
2025-09-09 10:06:57.457	continuous	8809	5	->		6	6	0.585143	False	0.614946	0.750000	0.002079	
2025-09-09 10:06:57.457	continuous	8810	5	->		6	6	0.587291	False	0.601878	0.750000	0.002079	
2025-09-09 10:06:57.457	continuous	8811	4	->		5	6	0.613185	False	1.066981	0.750000	0.002079	
2025-09-09 10:06:57.457	continuous	8812	4	->	5	6	6	0.624878	False	0.509976	0.750000	0.002078	
2025-09-09 10:06:57.458	continuous	8813	5	->		6	6	0.589099	False	0.596008	0.750000	0.002078	
2025-09-09 10:06:57.458	continuous	8814	4	->	5	6	6	0.629095	False	0.490430	0.750000	0.002078	
2025-09-09 10:06:57.458	continuous	8815	3	->	4	5	6	0.548135	False	1.072870	0.750000	0.002078	
2025-09-09 10:06:57.458	continuous	8816	3	->		4	4	0.525114	False	0.896736	0.750000	0.002078	
2025-09-09 10:06:57.458	continuous	8817	1	->	2	3	4	0.526756	False	4.072113	0.750000	0.002077	
2025-09-09 10:06:57.458	continuous	8818	3	->		4	4	0.526360	False	0.850179	0.750000	0.002077	
2025-09-09 10:06:57.459	continuous	8819	4	->	5	6	6	0.621175	False	0.505733	0.750000	0.002077	
2025-09-09 10:06:57.459	continuous	8820	5	->		6	6	0.583110	False	0.596272	0.750000	0.002077	
2025-09-09 10:06:57.459	continuous	8821	3	->		4	4	0.529927	False	0.815963	0.750000	0.002077	
2025-09-09 10:06:57.459	continuous	8822	3	->	4	5	6	0.535414	False	1.099598	0.750000	0.002076	
2025-09-09 10:06:57.459	continuous	8823	4	->		5	6	0.605208	False	1.064117	0.750000	0.002076	
2025-09-09 10:06:57.459	continuous	8824	4	->	5	6	6	0.618547	False	0.518760	0.750000	0.002076	
2025-09-09 10:06:57.460	continuous	8825	4	->	5	6	6	0.620470	False	0.509403	0.750000	0.002076	
2025-09-09 10:06:57.460	continuous	8826	4	->		5	6	0.606618	False	1.067441	0.750000	0.002075	
2025-09-09 10:06:57.460	continuous	8827	5	->		6	6	0.579966	False	0.619627	0.750000	0.002075	
2025-09-09 10:06:57.460	continuous	8828	3	->	4	5	6	0.536585	False	1.057246	0.750000	0.002075	
2025-09-09 10:06:57.460	continuous	8829	4	->	5	6	6	0.620548	False	0.518333	0.750000	0.002075	
2025-09-09 10:06:57.460	continuous	8830	4	->		5	6	0.607073	False	1.046335	0.750000	0.002075	
2025-09-09 10:06:57.461	continuous	8831	3	->	4	5	6	0.536663	False	1.014134	0.750000	0.002074	
2025-09-09 10:06:57.461	continuous	8832	3	->	4	5	6	0.536955	False	0.985013	0.750000	0.002074	
2025-09-09 10:06:57.461	continuous	8833	4	->		5	6	0.603103	False	0.969829	0.750000	0.002074	
2025-09-09 10:06:57.461	continuous	8834	4	->	5	6	6	0.615553	False	0.567291	0.750000	0.002074	
2025-09-09 10:06:57.461	continuous	8835	3	->		4	4	0.527998	False	0.840728	0.750000	0.002074	
2025-09-09 10:06:57.461	continuous	8836	2	->	3	4	4	0.728645	False	0.224442	0.750000	0.002073	
2025-09-09 10:06:57.462	continuous	8837	3	->	4	5	6	0.532693	False	0.964098	0.750000	0.002073	
2025-09-09 10:06:57.462	continuous	8838	5	->		6	6	0.574962	False	0.689854	0.750000	0.002073	
2025-09-09 10:06:57.462	continuous	8839	4	->	5	6	6	0.615026	False	0.560832	0.750000	0.002073	
2025-09-09 10:06:57.462	continuous	8840	4	->		5	6	0.601818	False	0.974593	0.750000	0.002073	
2025-09-09 10:06:57.462	continuous	8841	4	->	5	6	6	0.614932	False	0.565583	0.750000	0.002072	
2025-09-09 10:06:57.462	continuous	8842	3	->		4	4	0.531456	False	0.806334	0.750000	0.002072	
2025-09-09 10:06:57.463	continuous	8843	5	->		6	6	0.574771	False	0.673145	0.750000	0.002072	
2025-09-09 10:06:57.463	continuous	8844	5	->		6	6	0.576691	False	0.658273	0.750000	0.002072	
2025-09-09 10:06:57.463	continuous	8845	4	->		5	6	0.602849	False	1.003426	0.750000	0.002072	
2025-09-09 10:06:57.463	continuous	8846	4	->		5	6	0.601157	False	0.978460	0.750000	0.002071	
2025-09-09 10:06:57.463	continuous	8847	4	->		5	6	0.599688	False	0.954266	0.750000	0.002071	
2025-09-09 10:06:57.463	continuous	8848	4	->	5	6	6	0.613047	False	0.579609	0.750000	0.002071	
2025-09-09 10:06:57.464	continuous	8849	3	->	4	5	6	0.533722	False	0.942086	0.750000	0.002071	
2025-09-09 10:06:57.464	continuous	8850	4	->		5	6	0.599465	False	0.923149	0.750000	0.002071	
2025-09-09 10:06:57.464	continuous	8851	4	->		5	6	0.598468	False	0.900596	0.750000	0.002070	
2025-09-09 10:06:57.464	continuous	8852	4	->	5	6	6	0.611172	False	0.613498	0.750000	0.002070	
2025-09-09 10:06:57.464	continuous	8853	4	->	5	6	6	0.612598	False	0.601285	0.750000	0.002070	
2025-09-09 10:06:57.465	continuous	8854	2	->	3	4	4	0.727195	False	0.228800	0.750000	0.002070	
2025-09-09 10:06:57.465	continuous	8855	5	->		6	6	0.575866	False	0.709499	0.750000	0.002069	
2025-09-09 10:06:57.465	continuous	8856	3	->	4	5	6	0.535186	False	0.921222	0.750000	0.002069	
2025-09-09 10:06:57.465	continuous	8857	4	->	5	6	6	0.614425	False	0.590344	0.750000	0.002069	
2025-09-09 10:06:57.465	continuous	8858	5	->		6	6	0.578656	False	0.696266	0.750000	0.002069	
2025-09-09 10:06:57.465	continuous	8859	5	->		6	6	0.580320	False	0.680544	0.750000	0.002069	
2025-09-09 10:06:57.466	continuous	8860	5	->		6	6	0.582076	False	0.665312	0.750000	0.002068	
2025-09-09 10:06:57.466	continuous	8861	3	->	4	5	6	0.539133	False	0.957871	0.750000	0.002068	
2025-09-09 10:06:57.466	continuous	8862	3	->	4	5	6	0.539844	False	0.930532	0.750000	0.002068	
2025-09-09 10:06:57.466	continuous	8863	5	->		6	6	0.583244	False	0.683184	0.750000	0.002068	
2025-09-09 10:06:57.466	continuous	8864	4	->		5	6	0.607572	False	0.946703	0.750000	0.002068	
2025-09-09 10:06:57.467	continuous	8865	3	->	4	5	5	0.541554	False	0.897283	0.750000	0.002067	
2025-09-09 10:06:57.467	continuous	8866	3	->		4	4	0.528603	False	0.869722	0.750000	0.002067	
2025-09-09 10:06:57.467	continuous	8867	4	->	5	6	6	0.616761	False	0.588152	0.750000	0.002067	
2025-09-09 10:06:57.467	continuous	8868	4	->	5	6	6	0.618300	False	0.576567	0.750000	0.002067	
2025-09-09 10:06:57.467	continuous	8869	5	->		6	6	0.582630	False	0.680725	0.750000	0.002067	
2025-09-09 10:06:57.467	continuous	8870	5	->		6	6	0.584350	False	0.665410	0.750000	0.002066	
2025-09-09 10:06:57.468	continuous	8871	5	->		6	6	0.586159	False	0.650574	0.750000	0.002066	
2025-09-09 10:06:57.468	continuous	8872	5	->		6	6	0.588049	False	0.636203	0.750000	0.002066	
2025-09-09 10:06:57.468	continuous	8873	3	->		4	4	0.528502	False	0.849636	0.750000	0.002066	
2025-09-09 10:06:57.468	continuous	8874	2	->		3	4	0.598449	False	4.253128	0.750000	0.002066	
2025-09-09 10:06:57.468	continuous	8875	2	->	3	4	4	0.722647	False	0.231858	0.750000	0.002065	
2025-09-09 10:06:57.468	continuous	8876	2	->	3	4	4	0.727994	False	0.224192	0.750000	0.002065	
2025-09-09 10:06:57.469	continuous	8877	4	->		5	6	0.607219	False	1.010801	0.750000	0.002065	
2025-09-09 10:06:57.469	continuous	8878	3	->	4	5	6	0.535123	False	0.969745	0.750000	0.002065	
2025-09-09 10:06:57.469	continuous	8879	2	->	3	4	4	0.729328	False	0.223609	0.750000	0.002065	
2025-09-09 10:06:57.469	continuous	8880	5	->		6	6	0.580183	False	0.665384	0.750000	0.002064	
2025-09-09 10:06:57.469	continuous	8881	4	->		5	6	0.605534	False	0.980611	0.750000	0.002064	
2025-09-09 10:06:57.469	continuous	8882	3	->		4	4	0.532045	False	0.798015	0.750000	0.002064	
2025-09-09 10:06:57.470	continuous	8883	3	->	4	5	6	0.531533	False	0.951521	0.750000	0.002064	
2025-09-09 10:06:57.470	continuous	8884	2	->	3	4	4	0.740285	False	0.209369	0.750000	0.002063	
2025-09-09 10:06:57.470	continuous	8885	4	->	5	6	6	0.615241	False	0.570573	0.750000	0.002063	
2025-09-09 10:06:57.470	continuous	8886	4	->	5	6	6	0.616910	False	0.559595	0.750000	0.002063	
2025-09-09 10:06:57.470	continuous	8887	4	->	5	6	6	0.618630	False	0.548921	0.750000	0.002063	
2025-09-09 10:06:57.470	continuous	8888	3	->	4	5	6	0.532871	False	0.970794	0.750000	0.002063	
2025-09-09 10:06:57.471	continuous	8889	3	->	4	5	6	0.533689	False	0.943184	0.750000	0.002062	
2025-09-09 10:06:57.471	continuous	8890	4	->	5	6	6	0.618206	False	0.565839	0.750000	0.002062	
2025-09-09 10:06:57.471	continuous	8891	5	->		6	6	0.580846	False	0.672866	0.750000	0.002062	
2025-09-09 10:06:57.471	continuous	8892	4	->	5	6	6	0.621962	False	0.542647	0.750000	0.002062	
2025-09-09 10:06:57.471	continuous	8893	3	->	4	5	6	0.536554	False	0.959822	0.750000	0.002062	
2025-09-09 10:06:57.471	continuous	8894	3	->		4	4	0.531787	False	0.806874	0.750000	0.002061	
2025-09-09 10:06:57.472	continuous	8895	4	->		5	6	0.603955	False	0.962371	0.750000	0.002061	
2025-09-09 10:06:57.472	continuous	8896	4	->	5	6	6	0.618338	False	0.563826	0.750000	0.002061	
2025-09-09 10:06:57.472	continuous	8897	5	->		6	6	0.580355	False	0.672466	0.750000	0.002061	
2025-09-09 10:06:57.472	continuous	8898	3	->		4	4	0.535206	False	0.774721	0.750000	0.002061	
2025-09-09 10:06:57.472	continuous	8899	4	->	5	6	6	0.619862	False	0.543109	0.750000	0.002060	
2025-09-09 10:06:57.472	continuous	8900	3	->	4	5	6	0.531796	False	0.976153	0.750000	0.002060	
2025-09-09 10:06:57.473	continuous	8901	4	->		5	6	0.603847	False	0.965012	0.750000	0.002060	
2025-09-09 10:06:57.473	continuous	8902	5	->		6	6	0.578789	False	0.684461	0.750000	0.002060	
2025-09-09 10:06:57.473	continuous	8903	3	->	4	5	6	0.533364	False	0.940773	0.750000	0.002060	
2025-09-09 10:06:57.473	continuous	8904	3	->		4	4	0.537037	False	0.768973	0.750000	0.002059	
2025-09-09 10:06:57.473	continuous	8905	3	->	4	5	5	0.530930	False	0.926787	0.750000	0.002059	
2025-09-09 10:06:57.473	continuous	8906	4	->		5	6	0.600694	False	0.915794	0.750000	0.002059	
2025-09-09 10:06:57.474	continuous	8907	1	->	2	3	4	0.532629	False	4.023729	0.750000	0.002059	
2025-09-09 10:06:57.474	continuous	8908	3	->	4	5	5	0.530674	False	0.881621	0.750000	0.002059	
2025-09-09 10:06:57.474	continuous	8909	3	->		4	4	0.538326	False	0.762342	0.750000	0.002058	
2025-09-09 10:06:57.474	continuous	8910	1	->	2	3	4	0.532812	False	3.938182	0.750000	0.002058	
2025-09-09 10:06:57.474	continuous	8911	4	->		5	6	0.593195	False	0.881573	0.750000	0.002058	
2025-09-09 10:06:57.474	continuous	8912	4	->	5	6	6	0.607677	False	0.625161	0.750000	0.002058	
2025-09-09 10:06:57.475	continuous	8913	3	->		4	4	0.540256	False	0.732995	0.750000	0.002058	
2025-09-09 10:06:57.475	continuous	8914	4	->		5	6	0.590863	False	0.879603	0.750000	0.002057	
2025-09-09 10:06:57.475	continuous	8915	4	->		5	6	0.590319	False	0.858795	0.750000	0.002057	
2025-09-09 10:06:57.475	continuous	8916	4	->	5	6	6	0.605011	False	0.645074	0.750000	0.002057	
2025-09-09 10:06:57.475	continuous	8917	5	->		6	6	0.567497	False	0.772226	0.750000	0.002057	
2025-09-09 10:06:57.475	continuous	8918	5	->		6	6	0.568771	False	0.754234	0.750000	0.002056	
2025-09-09 10:06:57.476	continuous	8919	4	->	5	6	6	0.609779	False	0.603137	0.750000	0.002056	
2025-09-09 10:06:57.476	continuous	8920	4	->		5	6	0.594907	False	0.905104	0.750000	0.002056	
2025-09-09 10:06:57.476	continuous	8921	5	->		6	6	0.570659	False	0.740876	0.750000	0.002056	
2025-09-09 10:06:57.476	continuous	8922	4	->	5	6	6	0.611835	False	0.592781	0.750000	0.002056	
2025-09-09 10:06:57.476	continuous	8923	4	->		5	6	0.596891	False	0.916557	0.750000	0.002055	
2025-09-09 10:06:57.476	continuous	8924	3	->	4	5	5	0.527611	False	0.883930	0.750000	0.002055	
2025-09-09 10:06:57.477	continuous	8925	4	->		5	6	0.596120	False	0.873489	0.750000	0.002055	
2025-09-09 10:06:57.477	continuous	8926	3	->	4	5	5	0.530242	False	0.839260	0.750000	0.002055	
2025-09-09 10:06:57.477	continuous	8927	4	->		5	6	0.596022	False	0.833001	0.750000	0.002055	
2025-09-09 10:06:57.477	continuous	8928	5	->		6	6	0.573638	False	0.795319	0.750000	0.002054	
2025-09-09 10:06:57.477	continuous	8929	4	->	5	6	6	0.610964	False	0.638948	0.750000	0.002054	
2025-09-09 10:06:57.477	continuous	8930	3	->		4	4	0.538225	False	0.767050	0.750000	0.002054	
2025-09-09 10:06:57.478	continuous	8931	4	->		5	6	0.594925	False	0.850739	0.750000	0.002054	
2025-09-09 10:06:57.478	continuous	8932	4	->	5	6	6	0.609205	False	0.642696	0.750000	0.002054	
2025-09-09 10:06:57.478	continuous	8933	4	->	5	6	6	0.610463	False	0.629538	0.750000	0.002053	
2025-09-09 10:06:57.478	continuous	8934	4	->	5	6	6	0.611799	False	0.616762	0.750000	0.002053	
2025-09-09 10:06:57.478	continuous	8935	3	->	4	5	5	0.529710	False	0.860898	0.750000	0.002053	
2025-09-09 10:06:57.478	continuous	8936	3	->		4	4	0.540401	False	0.749118	0.750000	0.002053	
2025-09-09 10:06:57.479	continuous	8937	4	->	5	6	6	0.610748	False	0.619032	0.750000	0.002053	
2025-09-09 10:06:57.479	continuous	8938	5	->		6	6	0.572592	False	0.744023	0.750000	0.002052	
2025-09-09 10:06:57.479	continuous	8939	4	->	5	6	6	0.613983	False	0.592559	0.750000	0.002052	
2025-09-09 10:06:57.479	continuous	8940	3	->	4	5	5	0.528214	False	0.893006	0.750000	0.002052	
2025-09-09 10:06:57.479	continuous	8941	5	->		6	6	0.575426	False	0.728715	0.750000	0.002052	
2025-09-09 10:06:57.479	continuous	8942	4	->	5	6	6	0.616819	False	0.580476	0.750000	0.002052	
2025-09-09 10:06:57.480	continuous	8943	2	->		3	4	0.612506	False	4.109773	0.750000	0.002051	
2025-09-09 10:06:57.480	continuous	8944	4	->	5	6	6	0.617640	False	0.568467	0.750000	0.002051	
2025-09-09 10:06:57.480	continuous	8945	2	->	3	4	4	0.741128	False	0.207017	0.750000	0.002051	
2025-09-09 10:06:57.480	continuous	8946	4	->	5	6	6	0.618636	False	0.557577	0.750000	0.002051	
2025-09-09 10:06:57.480	continuous	8947	3	->	4	5	5	0.528973	False	0.926079	0.750000	0.002051	
2025-09-09 10:06:57.480	continuous	8948	4	->	5	6	6	0.619346	False	0.560089	0.750000	0.002050	
2025-09-09 10:06:57.481	continuous	8949	2	->	3	4	4	0.741652	False	0.206260	0.750000	0.002050	
2025-09-09 10:06:57.481	continuous	8950	2	->	3	4	4	0.746360	False	0.200005	0.750000	0.002050	
2025-09-09 10:06:57.481	continuous	8951	5	->		6	6	0.577896	False	0.677180	0.750000	0.002050	
2025-09-09 10:06:57.481	continuous	8952	3	->	4	5	6	0.528750	False	0.939506	0.750000	0.002049	
2025-09-09 10:06:57.481	continuous	8953	3	->	4	5	5	0.529890	False	0.913275	0.750000	0.002049	
2025-09-09 10:06:57.481	continuous	8954	5	->		6	6	0.579522	False	0.693170	0.750000	0.002049	
2025-09-09 10:06:57.482	continuous	8955	3	->	4	5	5	0.531695	False	0.903541	0.750000	0.002049	
2025-09-09 10:06:57.482	continuous	8956	3	->		4	4	0.532991	False	0.781190	0.750000	0.002049	
2025-09-09 10:06:57.482	continuous	8957	5	->		6	6	0.577920	False	0.697503	0.750000	0.002048	
2025-09-09 10:06:57.482	continuous	8958	4	->	5	6	6	0.620795	False	0.553177	0.750000	0.002048	
2025-09-09 10:06:57.482	continuous	8959	3	->	4	5	5	0.530119	False	0.919758	0.750000	0.002048	
2025-09-09 10:06:57.482	continuous	8960	3	->	4	5	5	0.531393	False	0.894160	0.750000	0.002048	
2025-09-09 10:06:57.483	continuous	8961	5	->		6	6	0.580804	False	0.700449	0.750000	0.002048	
2025-09-09 10:06:57.483	continuous	8962	3	->	4	5	5	0.533212	False	0.885067	0.750000	0.002047	
2025-09-09 10:06:57.483	continuous	8963	5	->		6	6	0.582446	False	0.700140	0.750000	0.002047	
2025-09-09 10:06:57.483	continuous	8964	4	->	5	6	6	0.623620	False	0.556130	0.750000	0.002047	
2025-09-09 10:06:57.483	continuous	8965	4	->	5	6	6	0.625304	False	0.545331	0.750000	0.002047	
2025-09-09 10:06:57.484	continuous	8966	4	->	5	6	6	0.627036	False	0.534837	0.750000	0.002047	
2025-09-09 10:06:57.484	continuous	8967	4	->	5	6	6	0.628813	False	0.524639	0.750000	0.002046	
2025-09-09 10:06:57.484	continuous	8968	3	->	4	5	6	0.536493	False	0.928939	0.750000	0.002046	
2025-09-09 10:06:57.484	continuous	8969	5	->		6	6	0.588637	False	0.651507	0.750000	0.002046	
2025-09-09 10:06:57.484	continuous	8970	5	->		6	6	0.590490	False	0.636990	0.750000	0.002046	
2025-09-09 10:06:57.484	continuous	8971	1	->		2	6	0.530400	False	5.968922	0.750000	0.002046	
2025-09-09 10:06:57.485	continuous	8972	2	->	3	4	4	0.730257	False	0.221067	0.750000	0.002045	
2025-09-09 10:06:57.485	continuous	8973	5	->		6	6	0.589063	False	0.625349	0.750000	0.002045	
2025-09-09 10:06:57.485	continuous	8974	4	->		5	6	0.615045	False	1.020220	0.750000	0.002045	
2025-09-09 10:06:57.485	continuous	8975	4	->		5	6	0.612989	False	0.994338	0.750000	0.002045	
2025-09-09 10:06:57.485	continuous	8976	4	->	5	6	6	0.628104	False	0.525652	0.750000	0.002045	
2025-09-09 10:06:57.485	continuous	8977	4	->	5	6	6	0.629908	False	0.515780	0.750000	0.002044	
2025-09-09 10:06:57.486	continuous	8978	4	->		5	6	0.614276	False	0.999449	0.750000	0.002044	
2025-09-09 10:06:57.486	continuous	8979	4	->	5	6	6	0.629426	False	0.521287	0.750000	0.002044	
2025-09-09 10:06:57.486	continuous	8980	4	->	5	6	6	0.631244	False	0.511517	0.750000	0.002044	
2025-09-09 10:06:57.486	continuous	8981	5	->		6	6	0.591909	False	0.619780	0.750000	0.002044	
2025-09-09 10:06:57.486	continuous	8982	4	->		5	6	0.617607	False	1.022045	0.750000	0.002043	
2025-09-09 10:06:57.486	continuous	8983	5	->		6	6	0.592153	False	0.624116	0.750000	0.002043	
2025-09-09 10:06:57.487	continuous	8984	4	->	5	6	6	0.635101	False	0.495295	0.750000	0.002043	
2025-09-09 10:06:57.487	continuous	8985	5	->		6	6	0.595640	False	0.599934	0.750000	0.002043	
2025-09-09 10:06:57.487	continuous	8986	4	->	5	6	6	0.639332	False	0.475900	0.750000	0.002043	
2025-09-09 10:06:57.487	continuous	8987	4	->		5	6	0.623106	False	1.061152	0.750000	0.002042	
2025-09-09 10:06:57.487	continuous	8988	4	->	5	6	6	0.638436	False	0.482255	0.750000	0.002042	
2025-09-09 10:06:57.487	continuous	8989	4	->	5	6	6	0.640376	False	0.473528	0.750000	0.002042	
2025-09-09 10:06:57.488	continuous	8990	5	->		6	6	0.600378	False	0.574502	0.750000	0.002042	
2025-09-09 10:06:57.488	continuous	8991	5	->		6	6	0.602580	False	0.562445	0.750000	0.002042	
2025-09-09 10:06:57.488	continuous	8992	4	->		5	6	0.628638	False	1.098396	0.750000	0.002041	
2025-09-09 10:06:57.488	continuous	8993	5	->		6	6	0.602332	False	0.568238	0.750000	0.002041	
2025-09-09 10:06:57.488	continuous	8994	4	->	5	6	6	0.646374	False	0.451117	0.750000	0.002041	
2025-09-09 10:06:57.488	continuous	8995	1	->	2	3	4	0.520586	False	3.863819	0.750000	0.002041	
2025-09-09 10:06:57.489	continuous	8996	5	->		6	6	0.603555	False	0.550517	0.750000	0.002040	
2025-09-09 10:06:57.489	continuous	8997	4	->		5	6	0.629695	False	1.118184	0.750000	0.002040	
2025-09-09 10:06:57.489	continuous	8998	5	->		6	6	0.603191	False	0.556563	0.750000	0.002040	
2025-09-09 10:06:57.489	continuous	8999	4	->		5	6	0.629000	False	1.106250	0.750000	0.002040	
2025-09-09 10:06:57.489	continuous	9000	5	->		6	6	0.602885	False	0.562474	0.750000	0.002040	
2025-09-09 10:06:57.489	continuous	9001	5	->		6	6	0.605110	False	0.550833	0.750000	0.002039	
2025-09-09 10:06:57.490	continuous	9002	4	->	5	6	6	0.649148	False	0.438291	0.750000	0.002039	
2025-09-09 10:06:57.490	continuous	9003	4	->		5	6	0.632548	False	1.126518	0.750000	0.002039	
2025-09-09 10:06:57.490	continuous	9004	5	->		6	6	0.606369	False	0.547971	0.750000	0.002039	
2025-09-09 10:06:57.490	continuous	9005	3	->	4	5	6	0.548601	False	1.025782	0.750000	0.002039	
2025-09-09 10:06:57.490	continuous	9006	4	->	5	6	6	0.647711	False	0.449116	0.750000	0.002038	
2025-09-09 10:06:57.490	continuous	9007	3	->	4	5	6	0.549166	False	1.009070	0.750000	0.002038	
2025-09-09 10:06:57.491	continuous	9008	4	->	5	6	6	0.647280	False	0.454134	0.750000	0.002038	
2025-09-09 10:06:57.491	continuous	9009	3	->	4	5	6	0.549795	False	0.992930	0.750000	0.002038	
2025-09-09 10:06:57.491	continuous	9010	4	->	5	6	6	0.646902	False	0.459025	0.750000	0.002038	
2025-09-09 10:06:57.491	continuous	9011	4	->	5	6	6	0.648875	False	0.450854	0.750000	0.002037	
2025-09-09 10:06:57.491	continuous	9012	4	->	5	6	6	0.650867	False	0.442903	0.750000	0.002037	
2025-09-09 10:06:57.492	continuous	9013	4	->		5	6	0.634593	False	1.105814	0.750000	0.002037	
2025-09-09 10:06:57.492	continuous	9014	4	->		5	6	0.631628	False	1.076491	0.750000	0.002037	
2025-09-09 10:06:57.492	continuous	9015	5	->		6	6	0.606762	False	0.572081	0.750000	0.002037	
2025-09-09 10:06:57.492	continuous	9016	5	->		6	6	0.608870	False	0.560007	0.750000	0.002036	
2025-09-09 10:06:57.492	continuous	9017	4	->		5	6	0.633276	False	1.083294	0.750000	0.002036	
2025-09-09 10:06:57.492	continuous	9018	4	->	5	6	6	0.648052	False	0.460356	0.750000	0.002036	
2025-09-09 10:06:57.493	continuous	9019	5	->		6	6	0.610186	False	0.556238	0.750000	0.002036	
2025-09-09 10:06:57.493	continuous	9020	4	->	5	6	6	0.652374	False	0.442717	0.750000	0.002036	
2025-09-09 10:06:57.493	continuous	9021	5	->		6	6	0.614037	False	0.535519	0.750000	0.002035	
2025-09-09 10:06:57.493	continuous	9022	5	->		6	6	0.616281	False	0.524547	0.750000	0.002035	
2025-09-09 10:06:57.493	continuous	9023	3	->	4	5	6	0.557844	False	1.026484	0.750000	0.002035	
2025-09-09 10:06:57.493	continuous	9024	2	->	3	4	4	0.693695	False	0.274034	0.750000	0.002035	
2025-09-09 10:06:57.494	continuous	9025	5	->		6	6	0.615075	False	0.530896	0.750000	0.002035	
2025-09-09 10:06:57.494	continuous	9026	5	->		6	6	0.617337	False	0.520055	0.750000	0.002034	
2025-09-09 10:06:57.494	continuous	9027	4	->	5	6	6	0.660444	False	0.413592	0.750000	0.002034	
2025-09-09 10:06:57.494	continuous	9028	5	->		6	6	0.621420	False	0.501298	0.750000	0.002034	
2025-09-09 10:06:57.494	continuous	9029	5	->		6	6	0.623772	False	0.491344	0.750000	0.002034	
2025-09-09 10:06:57.494	continuous	9030	3	->	4	5	6	0.562744	False	1.075551	0.750000	0.002034	
2025-09-09 10:06:57.495	continuous	9031	4	->	5	6	6	0.664204	False	0.403427	0.750000	0.002033	
2025-09-09 10:06:57.495	continuous	9032	1	->	2	3	6	0.522101	False	3.849360	0.750000	0.002033	
2025-09-09 10:06:57.495	continuous	9033	5	->		6	6	0.622197	False	0.493596	0.750000	0.002033	
2025-09-09 10:06:57.495	continuous	9034	5	->		6	6	0.624570	False	0.483916	0.750000	0.002033	
2025-09-09 10:06:57.495	continuous	9035	4	->	5	6	6	0.668486	False	0.384547	0.750000	0.002033	
2025-09-09 10:06:57.495	continuous	9036	4	->		5	6	0.651414	False	1.220985	0.750000	0.002032	
2025-09-09 10:06:57.496	continuous	9037	4	->		5	6	0.647454	False	1.187792	0.750000	0.002032	
2025-09-09 10:06:57.496	continuous	9038	5	->		6	6	0.621784	False	0.501041	0.750000	0.002032	
2025-09-09 10:06:57.496	continuous	9039	5	->		6	6	0.624119	False	0.491120	0.750000	0.002032	
2025-09-09 10:06:57.496	continuous	9040	5	->		6	6	0.626479	False	0.481493	0.750000	0.002032	
2025-09-09 10:06:57.496	continuous	9041	4	->	5	6	6	0.669790	False	0.383393	0.750000	0.002031	
2025-09-09 10:06:57.496	continuous	9042	3	->		4	4	0.513964	False	1.005644	0.750000	0.002031	
2025-09-09 10:06:57.497	continuous	9043	5	->		6	6	0.626814	False	0.470658	0.750000	0.002031	
2025-09-09 10:06:57.497	continuous	9044	4	->		5	6	0.651976	False	1.234765	0.750000	0.002031	
2025-09-09 10:06:57.497	continuous	9045	5	->		6	6	0.625496	False	0.478410	0.750000	0.002031	
2025-09-09 10:06:57.497	continuous	9046	3	->	4	5	6	0.561608	False	1.099559	0.750000	0.002030	
2025-09-09 10:06:57.497	continuous	9047	4	->		5	6	0.647236	False	1.186833	0.750000	0.002030	
2025-09-09 10:06:57.497	continuous	9048	4	->	5	6	6	0.662641	False	0.406620	0.750000	0.002030	
2025-09-09 10:06:57.498	continuous	9049	4	->		5	6	0.645459	False	1.169004	0.750000	0.002030	
2025-09-09 10:06:57.498	continuous	9050	4	->	5	6	6	0.660872	False	0.414192	0.750000	0.002030	
2025-09-09 10:06:57.498	continuous	9051	4	->	5	6	6	0.662911	False	0.407155	0.750000	0.002029	
2025-09-09 10:06:57.498	continuous	9052	3	->	4	5	6	0.559596	False	1.045063	0.750000	0.002029	
2025-09-09 10:06:57.498	continuous	9053	5	->		6	6	0.621419	False	0.509702	0.750000	0.002029	
2025-09-09 10:06:57.498	continuous	9054	3	->	4	5	6	0.560081	False	1.029756	0.750000	0.002029	
2025-09-09 10:06:57.499	continuous	9055	5	->		6	6	0.621373	False	0.514979	0.750000	0.002028	
2025-09-09 10:06:57.499	continuous	9056	4	->	5	6	6	0.663847	False	0.408903	0.750000	0.002028	
2025-09-09 10:06:57.499	continuous	9057	4	->	5	6	6	0.665885	False	0.401964	0.750000	0.002028	
2025-09-09 10:06:57.499	continuous	9058	4	->		5	6	0.648759	False	1.170776	0.750000	0.002028	
2025-09-09 10:06:57.499	continuous	9059	4	->	5	6	6	0.664052	False	0.409625	0.750000	0.002028	
2025-09-09 10:06:57.499	continuous	9060	4	->	5	6	6	0.666087	False	0.402656	0.750000	0.002027	
2025-09-09 10:06:57.500	continuous	9061	4	->		5	6	0.648940	False	1.167651	0.750000	0.002027	
2025-09-09 10:06:57.500	continuous	9062	4	->		5	6	0.645355	False	1.135763	0.750000	0.002027	
2025-09-09 10:06:57.500	continuous	9063	5	->		6	6	0.621192	False	0.524092	0.750000	0.002027	
2025-09-09 10:06:57.500	continuous	9064	3	->	4	5	6	0.561308	False	0.993078	0.750000	0.002027	
2025-09-09 10:06:57.500	continuous	9065	5	->		6	6	0.621275	False	0.529006	0.750000	0.002026	
2025-09-09 10:06:57.501	continuous	9066	5	->		6	6	0.623463	False	0.518098	0.750000	0.002026	
2025-09-09 10:06:57.501	continuous	9067	2	->	3	4	4	0.682070	False	0.293458	0.750000	0.002026	
2025-09-09 10:06:57.501	continuous	9068	4	->	5	6	6	0.664207	False	0.412154	0.750000	0.002026	
2025-09-09 10:06:57.501	continuous	9069	5	->		6	6	0.626092	False	0.500507	0.750000	0.002026	
2025-09-09 10:06:57.501	continuous	9070	5	->		6	6	0.628389	False	0.490481	0.750000	0.002025	
2025-09-09 10:06:57.501	continuous	9071	4	->	5	6	6	0.671095	False	0.389161	0.750000	0.002025	
2025-09-09 10:06:57.502	continuous	9072	4	->		5	6	0.653676	False	1.193146	0.750000	0.002025	
2025-09-09 10:06:57.502	continuous	9073	5	->		6	6	0.629018	False	0.490251	0.750000	0.002025	
2025-09-09 10:06:57.502	continuous	9074	3	->	4	5	6	0.566293	False	1.040337	0.750000	0.002025	
2025-09-09 10:06:57.502	continuous	9075	3	->	4	5	6	0.565027	False	1.009310	0.750000	0.002024	
2025-09-09 10:06:57.502	continuous	9076	4	->	5	6	6	0.665357	False	0.414446	0.750000	0.002024	
2025-09-09 10:06:57.502	continuous	9077	5	->		6	6	0.628061	False	0.503145	0.750000	0.002024	
2025-09-09 10:06:57.503	continuous	9078	4	->	5	6	6	0.669784	False	0.399061	0.750000	0.002024	
2025-09-09 10:06:57.503	continuous	9079	4	->	5	6	6	0.671816	False	0.392297	0.750000	0.002024	
2025-09-09 10:06:57.503	continuous	9080	1	->	2	3	6	0.523926	False	3.838662	0.750000	0.002023	
2025-09-09 10:06:57.503	continuous	9081	3	->		4	4	0.511550	False	1.035817	0.750000	0.002023	
2025-09-09 10:06:57.503	continuous	9082	4	->		5	6	0.648451	False	1.174650	0.750000	0.002023	
2025-09-09 10:06:57.503	continuous	9083	4	->	5	6	6	0.664751	False	0.406203	0.750000	0.002023	
2025-09-09 10:06:57.504	continuous	9084	4	->	5	6	6	0.666795	False	0.399317	0.750000	0.002023	
2025-09-09 10:06:57.504	continuous	9085	4	->	5	6	6	0.668846	False	0.392611	0.750000	0.002022	
2025-09-09 10:06:57.504	continuous	9086	5	->		6	6	0.629029	False	0.480298	0.750000	0.002022	
2025-09-09 10:06:57.504	continuous	9087	5	->		6	6	0.631401	False	0.470904	0.750000	0.002022	
2025-09-09 10:06:57.504	continuous	9088	4	->	5	6	6	0.675827	False	0.371254	0.750000	0.002022	
2025-09-09 10:06:57.504	continuous	9089	5	->		6	6	0.635645	False	0.454691	0.750000	0.002022	
2025-09-09 10:06:57.505	continuous	9090	4	->	5	6	6	0.680346	False	0.358358	0.750000	0.002021	
2025-09-09 10:06:57.505	continuous	9091	5	->		6	6	0.639938	False	0.439326	0.750000	0.002021	
2025-09-09 10:06:57.505	continuous	9092	4	->	5	6	6	0.684851	False	0.346150	0.750000	0.002021	
2025-09-09 10:06:57.505	continuous	9093	4	->	5	6	6	0.686891	False	0.340793	0.750000	0.002021	
2025-09-09 10:06:57.505	continuous	9094	4	->	5	6	6	0.688925	False	0.335566	0.750000	0.002021	
2025-09-09 10:06:57.505	continuous	9095	4	->		5	6	0.669997	False	1.320674	0.750000	0.002020	
2025-09-09 10:06:57.506	continuous	9096	3	->	4	5	6	0.572533	False	1.131178	0.750000	0.002020	
2025-09-09 10:06:57.506	continuous	9097	5	->		6	6	0.640114	False	0.443742	0.750000	0.002020	
2025-09-09 10:06:57.506	continuous	9098	3	->	4	5	6	0.572107	False	1.111764	0.750000	0.002020	
2025-09-09 10:06:57.506	continuous	9099	4	->	5	6	6	0.680951	False	0.361449	0.750000	0.002020	
2025-09-09 10:06:57.506	continuous	9100	5	->		6	6	0.641074	False	0.443555	0.750000	0.002019	
2025-09-09 10:06:57.506	continuous	9101	3	->		4	4	0.513306	False	1.041329	0.750000	0.002019	
2025-09-09 10:06:57.507	continuous	9102	1	->	2	3	6	0.522012	False	3.779593	0.750000	0.002019	
2025-09-09 10:06:57.507	continuous	9103	3	->	4	5	6	0.563668	False	1.107093	0.750000	0.002019	
2025-09-09 10:06:57.507	continuous	9104	4	->		5	6	0.654921	False	1.225320	0.750000	0.002019	
2025-09-09 10:06:57.507	continuous	9105	5	->		6	6	0.629402	False	0.477356	0.750000	0.002018	
2025-09-09 10:06:57.507	continuous	9106	4	->	5	6	6	0.674574	False	0.374247	0.750000	0.002018	
2025-09-09 10:06:57.507	continuous	9107	4	->		5	6	0.655198	False	1.222513	0.750000	0.002018	
2025-09-09 10:06:57.508	continuous	9108	3	->	4	5	6	0.560142	False	1.039356	0.750000	0.002018	
2025-09-09 10:06:57.508	continuous	9109	3	->	4	5	6	0.559009	False	1.008755	0.750000	0.002018	
2025-09-09 10:06:57.508	continuous	9110	5	->		6	6	0.624906	False	0.508123	0.750000	0.002017	
2025-09-09 10:06:57.508	continuous	9111	4	->	5	6	6	0.668605	False	0.398479	0.750000	0.002017	
2025-09-09 10:06:57.508	continuous	9112	5	->		6	6	0.628945	False	0.489838	0.750000	0.002017	
2025-09-09 10:06:57.508	continuous	9113	4	->		5	6	0.652110	False	1.178915	0.750000	0.002017	
2025-09-09 10:06:57.509	continuous	9114	4	->		5	6	0.648384	False	1.146453	0.750000	0.002017	
2025-09-09 10:06:57.509	continuous	9115	4	->		5	6	0.644927	False	1.115033	0.750000	0.002016	
2025-09-09 10:06:57.509	continuous	9116	4	->		5	6	0.641735	False	1.084626	0.750000	0.002016	
2025-09-09 10:06:57.509	continuous	9117	3	->		4	4	0.512550	False	1.007300	0.750000	0.002016	
2025-09-09 10:06:57.509	continuous	9118	4	->	5	6	6	0.656146	False	0.444459	0.750000	0.002016	
2025-09-09 10:06:57.509	continuous	9119	4	->	5	6	6	0.658133	False	0.436464	0.750000	0.002016	
2025-09-09 10:06:57.510	continuous	9120	4	->		5	6	0.639476	False	1.085304	0.750000	0.002015	
2025-09-09 10:06:57.510	continuous	9121	5	->		6	6	0.616510	False	0.553489	0.750000	0.002015	
2025-09-09 10:06:57.510	continuous	9122	3	->	4	5	6	0.553148	False	0.932111	0.750000	0.002015	
2025-09-09 10:06:57.510	continuous	9123	4	->		5	6	0.636758	False	1.047659	0.750000	0.002015	
2025-09-09 10:06:57.510	continuous	9124	3	->	4	5	6	0.552793	False	0.880406	0.750000	0.002015	
2025-09-09 10:06:57.510	continuous	9125	3	->	4	5	5	0.553432	False	0.855730	0.750000	0.002014	
2025-09-09 10:06:57.511	continuous	9126	3	->	4	5	5	0.554297	False	0.831934	0.750000	0.002014	
2025-09-09 10:06:57.511	continuous	9127	4	->	5	6	6	0.648039	False	0.499394	0.750000	0.002014	
2025-09-09 10:06:57.511	continuous	9128	1	->	2	3	5	0.524606	False	3.719970	0.750000	0.002014	
2025-09-09 10:06:57.511	continuous	9129	4	->	5	6	6	0.647768	False	0.490476	0.750000	0.002014	
2025-09-09 10:06:57.511	continuous	9130	3	->	4	5	5	0.552728	False	0.839342	0.750000	0.002013	
2025-09-09 10:06:57.511	continuous	9131	3	->		4	4	0.515002	False	1.004584	0.750000	0.002013	
2025-09-09 10:06:57.512	continuous	9132	2	->	3	4	4	0.698690	False	0.272220	0.750000	0.002013	
2025-09-09 10:06:57.512	continuous	9133	3	->	4	5	5	0.546733	False	0.832038	0.750000	0.002013	
2025-09-09 10:06:57.512	continuous	9134	4	->	5	6	6	0.643600	False	0.507347	0.750000	0.002013	
2025-09-09 10:06:57.512	continuous	9135	2	->	3	4	4	0.702101	False	0.267237	0.750000	0.002012	
2025-09-09 10:06:57.512	continuous	9136	1	->	2	3	5	0.520966	False	3.635622	0.750000	0.002012	
2025-09-09 10:06:57.512	continuous	9137	5	->		6	6	0.603261	False	0.624543	0.750000	0.002012	
2025-09-09 10:06:57.513	continuous	9138	4	->		5	6	0.624939	False	0.980582	0.750000	0.002012	
2025-09-09 10:06:57.513	continuous	9139	5	->		6	6	0.603453	False	0.628741	0.750000	0.002012	
2025-09-09 10:06:57.513	continuous	9140	3	->		4	4	0.515891	False	0.924674	0.750000	0.002011	
2025-09-09 10:06:57.513	continuous	9141	4	->		5	6	0.622177	False	0.975218	0.750000	0.002011	
2025-09-09 10:06:57.513	continuous	9142	4	->		5	6	0.620322	False	0.949994	0.750000	0.002011	
2025-09-09 10:06:57.513	continuous	9143	5	->		6	6	0.599199	False	0.654470	0.750000	0.002011	
2025-09-09 10:06:57.514	continuous	9144	3	->		4	4	0.520154	False	0.882736	0.750000	0.002011	
2025-09-09 10:06:57.514	continuous	9145	4	->	5	6	6	0.638190	False	0.511855	0.750000	0.002010	
2025-09-09 10:06:57.514	continuous	9146	4	->	5	6	6	0.640014	False	0.502018	0.750000	0.002010	
2025-09-09 10:06:57.514	continuous	9147	5	->		6	6	0.600351	False	0.620154	0.750000	0.002010	
2025-09-09 10:06:57.514	continuous	9148	3	->		4	4	0.521406	False	0.841828	0.750000	0.002010	
2025-09-09 10:06:57.514	continuous	9149	5	->		6	6	0.599152	False	0.610182	0.750000	0.002010	
2025-09-09 10:06:57.515	continuous	9150	4	->		5	6	0.622098	False	1.014143	0.750000	0.002009	
2025-09-09 10:06:57.515	continuous	9151	5	->		6	6	0.599289	False	0.614734	0.750000	0.002009	
2025-09-09 10:06:57.515	continuous	9152	3	->	4	5	5	0.533837	False	0.890433	0.750000	0.002009	
2025-09-09 10:06:57.515	continuous	9153	3	->	4	5	5	0.535029	False	0.866157	0.750000	0.002009	
2025-09-09 10:06:57.515	continuous	9154	4	->	5	6	6	0.640875	False	0.500878	0.750000	0.002009	
2025-09-09 10:06:57.516	continuous	9155	5	->		6	6	0.601176	False	0.619602	0.750000	0.002008	
2025-09-09 10:06:57.516	continuous	9156	5	->		6	6	0.603061	False	0.605917	0.750000	0.002008	
2025-09-09 10:06:57.516	continuous	9157	5	->		6	6	0.605016	False	0.592666	0.750000	0.002008	
2025-09-09 10:06:57.516	continuous	9158	5	->		6	6	0.607035	False	0.579834	0.750000	0.002008	
2025-09-09 10:06:57.516	continuous	9159	4	->		5	6	0.629461	False	1.046754	0.750000	0.002008	
2025-09-09 10:06:57.516	continuous	9160	2	->		3	4	0.581048	False	3.715570	0.750000	0.002007	
2025-09-09 10:06:57.517	continuous	9161	3	->	4	5	6	0.537838	False	0.890153	0.750000	0.002007	
2025-09-09 10:06:57.517	continuous	9162	4	->	5	6	6	0.646264	False	0.476169	0.750000	0.002007	
2025-09-09 10:06:57.517	continuous	9163	3	->		4	4	0.516390	False	0.878019	0.750000	0.002007	
2025-09-09 10:06:57.517	continuous	9164	4	->	5	6	6	0.646233	False	0.469015	0.750000	0.002007	
2025-09-09 10:06:57.517	continuous	9165	3	->		4	4	0.519749	False	0.832779	0.750000	0.002006	
2025-09-09 10:06:57.517	continuous	9166	3	->	4	5	6	0.530722	False	0.910926	0.750000	0.002006	
2025-09-09 10:06:57.518	continuous	9167	4	->	5	6	6	0.644421	False	0.473980	0.750000	0.002006	
2025-09-09 10:06:57.518	continuous	9168	4	->	5	6	6	0.646386	False	0.465240	0.750000	0.002006	
2025-09-09 10:06:57.518	continuous	9169	4	->		5	6	0.624914	False	1.037000	0.750000	0.002005	
2025-09-09 10:06:57.518	continuous	9170	4	->	5	6	6	0.645420	False	0.471527	0.750000	0.002005	
2025-09-09 10:06:57.518	continuous	9171	2	->	3	4	4	0.734403	False	0.213994	0.750000	0.002005	
2025-09-09 10:06:57.518	continuous	9172	3	->	4	5	5	0.531510	False	0.902814	0.750000	0.002005	
2025-09-09 10:06:57.519	continuous	9173	3	->	4	5	5	0.532630	False	0.878222	0.750000	0.002005	
2025-09-09 10:06:57.519	continuous	9174	4	->	5	6	6	0.643379	False	0.486454	0.750000	0.002004	
2025-09-09 10:06:57.519	continuous	9175	5	->		6	6	0.602219	False	0.606221	0.750000	0.002004	
2025-09-09 10:06:57.519	continuous	9176	5	->		6	6	0.604192	False	0.592947	0.750000	0.002004	
2025-09-09 10:06:57.519	continuous	9177	3	->		4	4	0.521887	False	0.821337	0.750000	0.002004	
2025-09-09 10:06:57.519	continuous	9178	5	->		6	6	0.603199	False	0.583809	0.750000	0.002004	
2025-09-09 10:06:57.520	continuous	9179	3	->	4	5	6	0.531639	False	0.920692	0.750000	0.002003	
2025-09-09 10:06:57.520	continuous	9180	5	->		6	6	0.604227	False	0.585762	0.750000	0.002003	
2025-09-09 10:06:57.520	continuous	9181	3	->	4	5	6	0.533230	False	0.909941	0.750000	0.002003	
2025-09-09 10:06:57.520	continuous	9182	4	->	5	6	6	0.649028	False	0.461804	0.750000	0.002003	
2025-09-09 10:06:57.520	continuous	9183	5	->		6	6	0.606762	False	0.577580	0.750000	0.002003	
2025-09-09 10:06:57.520	continuous	9184	5	->		6	6	0.608874	False	0.565183	0.750000	0.002002	
2025-09-09 10:06:57.521	continuous	9185	3	->	4	5	6	0.536060	False	0.925748	0.750000	0.002002	
2025-09-09 10:06:57.521	continuous	9186	3	->	4	5	6	0.536790	False	0.900164	0.750000	0.002002	
2025-09-09 10:06:57.521	continuous	9187	4	->	5	6	6	0.651672	False	0.457490	0.750000	0.002002	
2025-09-09 10:06:57.521	continuous	9188	4	->		5	6	0.630165	False	1.035870	0.750000	0.002002	
2025-09-09 10:06:57.521	continuous	9189	4	->	5	6	6	0.650618	False	0.463931	0.750000	0.002001	
2025-09-09 10:06:57.521	continuous	9190	5	->		6	6	0.609407	False	0.579983	0.750000	0.002001	
2025-09-09 10:06:57.522	continuous	9191	3	->	4	5	6	0.539049	False	0.889826	0.750000	0.002001	
2025-09-09 10:06:57.522	continuous	9192	4	->		5	6	0.629938	False	1.017114	0.750000	0.002001	
2025-09-09 10:06:57.522	continuous	9193	3	->	4	5	5	0.540211	False	0.842228	0.750000	0.002001	
2025-09-09 10:06:57.522	continuous	9194	5	->		6	6	0.607522	False	0.614774	0.750000	0.002000	
2025-09-09 10:06:57.522	continuous	9195	5	->		6	6	0.609362	False	0.601039	0.750000	0.002000	
2025-09-09 10:06:57.522	continuous	9196	5	->		6	6	0.611274	False	0.587747	0.750000	0.002000	
2025-09-09 10:06:57.523	continuous	9197	4	->		5	6	0.632388	False	1.021929	0.750000	0.002000	
2025-09-09 10:06:57.523	continuous	9198	3	->		4	4	0.520510	False	0.878504	0.750000	0.002000	
2025-09-09 10:06:57.523	continuous	9199	3	->	4	5	5	0.538202	False	0.850927	0.750000	0.002000	
2025-09-09 10:06:57.523	continuous	9200	3	->	4	5	5	0.539600	False	0.827877	0.750000	0.002000	
2025-09-09 10:06:57.523	continuous	9201	4	->	5	6	6	0.647099	False	0.492181	0.750000	0.002000	
2025-09-09 10:06:57.523	continuous	9202	2	->	3	4	4	0.724355	False	0.233921	0.750000	0.002000	
2025-09-09 10:06:57.524	continuous	9203	4	->	5	6	6	0.648487	False	0.482335	0.750000	0.002000	
2025-09-09 10:06:57.524	continuous	9204	4	->	5	6	6	0.650398	False	0.473130	0.750000	0.002000	
2025-09-09 10:06:57.524	continuous	9205	4	->	5	6	6	0.652337	False	0.464190	0.750000	0.002000	
2025-09-09 10:06:57.524	continuous	9206	5	->		6	6	0.611326	False	0.582276	0.750000	0.002000	
2025-09-09 10:06:57.524	continuous	9207	5	->		6	6	0.613356	False	0.569547	0.750000	0.002000	
2025-09-09 10:06:57.524	continuous	9208	3	->	4	5	6	0.541113	False	0.887174	0.750000	0.002000	
2025-09-09 10:06:57.525	continuous	9209	4	->	5	6	6	0.656987	False	0.447404	0.750000	0.002000	
2025-09-09 10:06:57.525	continuous	9210	4	->	5	6	6	0.658989	False	0.439172	0.750000	0.002000	
2025-09-09 10:06:57.525	continuous	9211	4	->	5	6	6	0.661007	False	0.431172	0.750000	0.002000	
2025-09-09 10:06:57.525	continuous	9212	3	->	4	5	6	0.543287	False	0.897503	0.750000	0.002000	
2025-09-09 10:06:57.525	continuous	9213	4	->	5	6	6	0.660726	False	0.435006	0.750000	0.002000	
2025-09-09 10:06:57.525	continuous	9214	4	->		5	6	0.638434	False	1.060215	0.750000	0.002000	
2025-09-09 10:06:57.526	continuous	9215	5	->		6	6	0.616522	False	0.566184	0.750000	0.002000	
2025-09-09 10:06:57.526	continuous	9216	4	->		5	6	0.637768	False	1.049380	0.750000	0.002000	
2025-09-09 10:06:57.526	continuous	9217	4	->	5	6	6	0.658566	False	0.447063	0.750000	0.002000	
2025-09-09 10:06:57.526	continuous	9218	3	->	4	5	5	0.545158	False	0.861681	0.750000	0.002000	
2025-09-09 10:06:57.526	continuous	9219	3	->	4	5	5	0.546187	False	0.837897	0.750000	0.002000	
2025-09-09 10:06:57.526	continuous	9220	5	->		6	6	0.615463	False	0.591406	0.750000	0.002000	
2025-09-09 10:06:57.527	continuous	9221	4	->	5	6	6	0.658827	False	0.451781	0.750000	0.002000	
2025-09-09 10:06:57.527	continuous	9222	2	->	3	4	4	0.713574	False	0.249590	0.750000	0.002000	
2025-09-09 10:06:57.527	continuous	9223	3	->	4	5	5	0.546204	False	0.846684	0.750000	0.002000	
2025-09-09 10:06:57.527	continuous	9224	5	->		6	6	0.616740	False	0.582900	0.750000	0.002000	
2025-09-09 10:06:57.527	continuous	9225	4	->	5	6	6	0.660655	False	0.444525	0.750000	0.002000	
2025-09-09 10:06:57.527	continuous	9226	3	->	4	5	5	0.547978	False	0.849683	0.750000	0.002000	
2025-09-09 10:06:57.528	continuous	9227	4	->	5	6	6	0.660505	False	0.447928	0.750000	0.002000	
2025-09-09 10:06:57.528	continuous	9228	5	->		6	6	0.620413	False	0.564708	0.750000	0.002000	
2025-09-09 10:06:57.528	continuous	9229	4	->		5	6	0.640987	False	1.043071	0.750000	0.002000	
2025-09-09 10:06:57.528	continuous	9230	4	->		5	6	0.638310	False	1.014378	0.750000	0.002000	
2025-09-09 10:06:57.528	continuous	9231	3	->		4	4	0.521696	False	0.918742	0.750000	0.002000	
2025-09-09 10:06:57.528	continuous	9232	4	->		5	6	0.633427	False	0.988823	0.750000	0.002000	
2025-09-09 10:06:57.529	continuous	9233	4	->		5	6	0.631274	False	0.962110	0.750000	0.002000	
2025-09-09 10:06:57.529	continuous	9234	2	->	3	4	4	0.723021	False	0.240674	0.750000	0.002000	
2025-09-09 10:06:57.529	continuous	9235	5	->		6	6	0.610713	False	0.628533	0.750000	0.002000	
2025-09-09 10:06:57.529	continuous	9236	2	->	3	4	4	0.727849	False	0.232095	0.750000	0.002000	
2025-09-09 10:06:57.529	continuous	9237	4	->	5	6	6	0.652639	False	0.479066	0.750000	0.002000	
2025-09-09 10:06:57.529	continuous	9238	4	->		5	6	0.631106	False	0.974719	0.750000	0.002000	
2025-09-09 10:06:57.530	continuous	9239	3	->		4	4	0.529387	False	0.843080	0.750000	0.002000	
2025-09-09 10:06:57.530	continuous	9240	5	->		6	6	0.608310	False	0.623952	0.750000	0.002000	
2025-09-09 10:06:57.530	continuous	9241	4	->	5	6	6	0.652438	False	0.474621	0.750000	0.002000	
2025-09-09 10:06:57.530	continuous	9242	3	->	4	5	5	0.539395	False	0.825833	0.750000	0.002000	
2025-09-09 10:06:57.530	continuous	9243	4	->	5	6	6	0.652677	False	0.477043	0.750000	0.002000	
2025-09-09 10:06:57.530	continuous	9244	4	->		5	6	0.630552	False	0.977914	0.750000	0.002000	
2025-09-09 10:06:57.531	continuous	9245	4	->	5	6	6	0.651851	False	0.483034	0.750000	0.002000	
2025-09-09 10:06:57.531	continuous	9246	4	->	5	6	6	0.653760	False	0.473597	0.750000	0.002000	
2025-09-09 10:06:57.531	continuous	9247	5	->		6	6	0.613073	False	0.598456	0.750000	0.002000	
2025-09-09 10:06:57.531	continuous	9248	4	->	5	6	6	0.658083	False	0.453829	0.750000	0.002000	
2025-09-09 10:06:57.531	continuous	9249	3	->	4	5	5	0.541931	False	0.842260	0.750000	0.002000	
2025-09-09 10:06:57.531	continuous	9250	5	->		6	6	0.615453	False	0.589152	0.750000	0.002000	
2025-09-09 10:06:57.532	continuous	9251	3	->	4	5	5	0.543551	False	0.833628	0.750000	0.002000	
2025-09-09 10:06:57.532	continuous	9252	3	->		4	4	0.528263	False	0.846343	0.750000	0.002000	
2025-09-09 10:06:57.532	continuous	9253	5	->		6	6	0.613567	False	0.593197	0.750000	0.002000	
2025-09-09 10:06:57.532	continuous	9254	5	->		6	6	0.615530	False	0.579853	0.750000	0.002000	
2025-09-09 10:06:57.532	continuous	9255	5	->		6	6	0.617558	False	0.566946	0.750000	0.002000	
2025-09-09 10:06:57.532	continuous	9256	5	->		6	6	0.619645	False	0.554458	0.750000	0.002000	
2025-09-09 10:06:57.533	continuous	9257	4	->	5	6	6	0.666704	False	0.419156	0.750000	0.002000	
2025-09-09 10:06:57.533	continuous	9258	1	->	2	3	5	0.519165	False	3.659016	0.750000	0.002000	
2025-09-09 10:06:57.533	continuous	9259	5	->		6	6	0.621090	False	0.534709	0.750000	0.002000	
2025-09-09 10:06:57.533	continuous	9260	5	->		6	6	0.623329	False	0.523332	0.750000	0.002000	
2025-09-09 10:06:57.533	continuous	9261	4	->	5	6	6	0.672001	False	0.395113	0.750000	0.002000	
2025-09-09 10:06:57.533	continuous	9262	4	->	5	6	6	0.674095	False	0.388234	0.750000	0.002000	
2025-09-09 10:06:57.534	continuous	9263	3	->	4	5	6	0.542280	False	0.945341	0.750000	0.002000	
2025-09-09 10:06:57.534	continuous	9264	5	->		6	6	0.627049	False	0.510034	0.750000	0.002000	
2025-09-09 10:06:57.534	continuous	9265	4	->		5	6	0.648311	False	1.134713	0.750000	0.002000	
2025-09-09 10:06:57.534	continuous	9266	4	->	5	6	6	0.671968	False	0.398816	0.750000	0.002000	
2025-09-09 10:06:57.534	continuous	9267	4	->	5	6	6	0.674056	False	0.391801	0.750000	0.002000	
2025-09-09 10:06:57.534	continuous	9268	4	->		5	6	0.648466	False	1.131755	0.750000	0.002000	
2025-09-09 10:06:57.535	continuous	9269	4	->	5	6	6	0.672157	False	0.399412	0.750000	0.002000	
2025-09-09 10:06:57.535	continuous	9270	4	->		5	6	0.646796	False	1.114503	0.750000	0.002000	
2025-09-09 10:06:57.535	continuous	9271	3	->		4	4	0.523098	False	0.841360	0.750000	0.002000	
2025-09-09 10:06:57.535	continuous	9272	1	->		2	6	0.535099	False	5.962882	0.750000	0.002000	
2025-09-09 10:06:57.535	continuous	9273	4	->	5	6	6	0.666446	False	0.409498	0.750000	0.002000	
2025-09-09 10:06:57.535	continuous	9274	5	->		6	6	0.621703	False	0.523276	0.750000	0.002000	
2025-09-09 10:06:57.536	continuous	9275	4	->	5	6	6	0.671090	False	0.393766	0.750000	0.002000	
2025-09-09 10:06:57.536	continuous	9276	4	->		5	6	0.644866	False	1.132437	0.750000	0.002000	
2025-09-09 10:06:57.536	continuous	9277	3	->	4	5	6	0.537949	False	0.910254	0.750000	0.002000	
2025-09-09 10:06:57.536	continuous	9278	4	->	5	6	6	0.666773	False	0.412305	0.750000	0.002000	
2025-09-09 10:06:57.536	continuous	9279	4	->		5	6	0.641286	False	1.090300	0.750000	0.002000	
2025-09-09 10:06:57.536	continuous	9280	4	->		5	6	0.638199	False	1.060254	0.750000	0.002000	
2025-09-09 10:06:57.537	continuous	9281	4	->	5	6	6	0.661726	False	0.434223	0.750000	0.002000	
2025-09-09 10:06:57.537	continuous	9282	4	->	5	6	6	0.663769	False	0.426229	0.750000	0.002000	
2025-09-09 10:06:57.537	continuous	9283	4	->		5	6	0.638775	False	1.060595	0.750000	0.002000	
2025-09-09 10:06:57.537	continuous	9284	4	->	5	6	6	0.662360	False	0.433185	0.750000	0.002000	
2025-09-09 10:06:57.537	continuous	9285	3	->	4	5	5	0.539978	False	0.856609	0.750000	0.002000	
2025-09-09 10:06:57.537	continuous	9286	5	->		6	6	0.618319	False	0.566320	0.750000	0.002000	
2025-09-09 10:06:57.538	continuous	9287	4	->	5	6	6	0.664729	False	0.426644	0.750000	0.002000	
2025-09-09 10:06:57.538	continuous	9288	3	->	4	5	5	0.541811	False	0.858395	0.750000	0.002000	
2025-09-09 10:06:57.538	continuous	9289	3	->		4	4	0.525923	False	0.840604	0.750000	0.002000	
2025-09-09 10:06:57.538	continuous	9290	5	->		6	6	0.617817	False	0.561458	0.750000	0.002000	
2025-09-09 10:06:57.538	continuous	9291	5	->		6	6	0.619933	False	0.549169	0.750000	0.002000	
2025-09-09 10:06:57.538	continuous	9292	3	->	4	5	5	0.539238	False	0.873531	0.750000	0.002000	
2025-09-09 10:06:57.539	continuous	9293	5	->		6	6	0.620699	False	0.551289	0.750000	0.002000	
2025-09-09 10:06:57.539	continuous	9294	4	->	5	6	6	0.668118	False	0.414052	0.750000	0.002000	
2025-09-09 10:06:57.539	continuous	9295	5	->		6	6	0.624458	False	0.530252	0.750000	0.002000	
2025-09-09 10:06:57.539	continuous	9296	5	->		6	6	0.626686	False	0.518930	0.750000	0.002000	
2025-09-09 10:06:57.539	continuous	9297	4	->	5	6	6	0.675293	False	0.389297	0.750000	0.002000	
2025-09-09 10:06:57.540	continuous	9298	4	->		5	6	0.648789	False	1.127746	0.750000	0.002000	
2025-09-09 10:06:57.540	continuous	9299	4	->	5	6	6	0.673373	False	0.396898	0.750000	0.002000	
2025-09-09 10:06:57.540	continuous	9300	4	->		5	6	0.647116	False	1.110477	0.750000	0.002000	
2025-09-09 10:06:57.540	continuous	9301	4	->	5	6	6	0.671566	False	0.404381	0.750000	0.002000	
2025-09-09 10:06:57.540	continuous	9302	4	->	5	6	6	0.673648	False	0.397151	0.750000	0.002000	
2025-09-09 10:06:57.540	continuous	9303	4	->	5	6	6	0.675737	False	0.390122	0.750000	0.002000	
2025-09-09 10:06:57.541	continuous	9304	4	->		5	6	0.649167	False	1.122642	0.750000	0.002000	
2025-09-09 10:06:57.541	continuous	9305	3	->	4	5	5	0.543525	False	0.879451	0.750000	0.002000	
2025-09-09 10:06:57.541	continuous	9306	2	->		3	4	0.583062	False	3.744943	0.750000	0.002000	
2025-09-09 10:06:57.541	continuous	9307	4	->	5	6	6	0.670666	False	0.407921	0.750000	0.002000	
2025-09-09 10:06:57.541	continuous	9308	4	->	5	6	6	0.672744	False	0.400587	0.750000	0.002000	
2025-09-09 10:06:57.541	continuous	9309	3	->		4	4	0.519955	False	0.863745	0.750000	0.002000	
2025-09-09 10:06:57.542	continuous	9310	3	->		4	4	0.524194	False	0.816287	0.750000	0.002000	
2025-09-09 10:06:57.542	continuous	9311	4	->		5	6	0.641885	False	1.100726	0.750000	0.002000	
2025-09-09 10:06:57.542	continuous	9312	2	->	3	4	4	0.748825	False	0.198720	0.750000	0.002000	
2025-09-09 10:06:57.542	continuous	9313	5	->		6	6	0.619791	False	0.538561	0.750000	0.002000	
2025-09-09 10:06:57.542	continuous	9314	5	->		6	6	0.622041	False	0.527004	0.750000	0.002000	
2025-09-09 10:06:57.542	continuous	9315	4	->	5	6	6	0.672359	False	0.393096	0.750000	0.002000	
2025-09-09 10:06:57.543	continuous	9316	2	->	3	4	4	0.751951	False	0.192991	0.750000	0.002000	
2025-09-09 10:06:57.543	continuous	9317	4	->	5	6	6	0.674121	False	0.386110	0.750000	0.002000	
2025-09-09 10:06:57.543	continuous	9318	4	->	5	6	6	0.676240	False	0.379435	0.750000	0.002000	
2025-09-09 10:06:57.543	continuous	9319	4	->		5	6	0.647556	False	1.151853	0.750000	0.002000	
2025-09-09 10:06:57.543	continuous	9320	3	->		4	4	0.530628	False	0.756633	0.750000	0.002000	
2025-09-09 10:06:57.543	continuous	9321	2	->	3	4	4	0.766023	False	0.175708	0.750000	0.002000	
2025-09-09 10:06:57.544	continuous	9322	4	->		5	6	0.640997	False	1.121882	0.750000	0.002000	
2025-09-09 10:06:57.544	continuous	9323	4	->		5	6	0.637623	False	1.090792	0.750000	0.002000	
2025-09-09 10:06:57.544	continuous	9324	5	->		6	6	0.616256	False	0.548426	0.750000	0.002000	
2025-09-09 10:06:57.544	continuous	9325	5	->		6	6	0.618505	False	0.536554	0.750000	0.002000	
2025-09-09 10:06:57.544	continuous	9326	4	->	5	6	6	0.669691	False	0.399332	0.750000	0.002000	
2025-09-09 10:06:57.544	continuous	9327	4	->	5	6	6	0.671812	False	0.392286	0.750000	0.002000	
2025-09-09 10:06:57.545	continuous	9328	4	->	5	6	6	0.673939	False	0.385435	0.750000	0.002000	
2025-09-09 10:06:57.545	continuous	9329	4	->	5	6	6	0.676067	False	0.378770	0.750000	0.002000	
2025-09-09 10:06:57.545	continuous	9330	4	->	5	6	6	0.678197	False	0.372285	0.750000	0.002000	
2025-09-09 10:06:57.545	continuous	9331	5	->		6	6	0.629509	False	0.484296	0.750000	0.002000	
2025-09-09 10:06:57.545	continuous	9332	3	->	4	5	6	0.533368	False	0.974312	0.750000	0.002000	
2025-09-09 10:06:57.545	continuous	9333	3	->	4	5	6	0.533744	False	0.946759	0.750000	0.002000	
2025-09-09 10:06:57.546	continuous	9334	5	->		6	6	0.627873	False	0.501419	0.750000	0.002000	
2025-09-09 10:06:57.546	continuous	9335	5	->		6	6	0.630260	False	0.490959	0.750000	0.002000	
2025-09-09 10:06:57.546	continuous	9336	3	->	4	5	6	0.535937	False	0.947193	0.750000	0.002000	
2025-09-09 10:06:57.546	continuous	9337	5	->		6	6	0.630612	False	0.494373	0.750000	0.002000	
2025-09-09 10:06:57.546	continuous	9338	4	->		5	6	0.650964	False	1.156673	0.750000	0.002000	
2025-09-09 10:06:57.546	continuous	9339	5	->		6	6	0.629580	False	0.501808	0.750000	0.002000	
2025-09-09 10:06:57.547	continuous	9340	2	->	3	4	4	0.754814	False	0.190003	0.750000	0.002000	
2025-09-09 10:06:57.547	continuous	9341	4	->	5	6	6	0.680343	False	0.372353	0.750000	0.002000	
2025-09-09 10:06:57.547	continuous	9342	5	->		6	6	0.633006	False	0.483691	0.750000	0.002000	
2025-09-09 10:06:57.547	continuous	9343	4	->	5	6	6	0.685084	False	0.358382	0.750000	0.002000	
2025-09-09 10:06:57.547	continuous	9344	2	->	3	4	4	0.758119	False	0.184637	0.750000	0.002000	
2025-09-09 10:06:57.547	continuous	9345	4	->	5	6	6	0.686865	False	0.352353	0.750000	0.002000	
2025-09-09 10:06:57.548	continuous	9346	4	->	5	6	6	0.688979	False	0.346517	0.750000	0.002000	
2025-09-09 10:06:57.548	continuous	9347	3	->	4	5	6	0.538319	False	0.984962	0.750000	0.002000	
2025-09-09 10:06:57.548	continuous	9348	3	->	4	5	6	0.538388	False	0.956741	0.750000	0.002000	
2025-09-09 10:06:57.548	continuous	9349	3	->	4	5	6	0.538715	False	0.929502	0.750000	0.002000	
2025-09-09 10:06:57.548	continuous	9350	4	->		5	6	0.650810	False	1.134436	0.750000	0.002000	
2025-09-09 10:06:57.548	continuous	9351	3	->	4	5	5	0.539001	False	0.877326	0.750000	0.002000	
2025-09-09 10:06:57.549	continuous	9352	5	->		6	6	0.628434	False	0.524573	0.750000	0.002000	
2025-09-09 10:06:57.549	continuous	9353	4	->		5	6	0.647545	False	1.095138	0.750000	0.002000	
2025-09-09 10:06:57.549	continuous	9354	4	->		5	6	0.644281	False	1.063976	0.750000	0.002000	
2025-09-09 10:06:57.549	continuous	9355	5	->		6	6	0.625075	False	0.549700	0.750000	0.002000	
2025-09-09 10:06:57.549	continuous	9356	4	->		5	6	0.643438	False	1.052217	0.750000	0.002000	
2025-09-09 10:06:57.549	continuous	9357	5	->		6	6	0.624630	False	0.555909	0.750000	0.002000	
2025-09-09 10:06:57.550	continuous	9358	5	->		6	6	0.626719	False	0.543518	0.750000	0.002000	
2025-09-09 10:06:57.550	continuous	9359	4	->	5	6	6	0.674406	False	0.404257	0.750000	0.002000	
2025-09-09 10:06:57.550	continuous	9360	3	->	4	5	5	0.542161	False	0.846605	0.750000	0.002000	
2025-09-09 10:06:57.550	continuous	9361	5	->		6	6	0.628970	False	0.536290	0.750000	0.002000	
2025-09-09 10:06:57.550	continuous	9362	5	->		6	6	0.631131	False	0.524509	0.750000	0.002000	
2025-09-09 10:06:57.551	continuous	9363	5	->		6	6	0.633338	False	0.513114	0.750000	0.002000	
2025-09-09 10:06:57.551	continuous	9364	4	->	5	6	6	0.681830	False	0.381136	0.750000	0.002000	
2025-09-09 10:06:57.551	continuous	9365	4	->	5	6	6	0.683939	False	0.374374	0.750000	0.002000	
2025-09-09 10:06:57.551	continuous	9366	4	->	5	6	6	0.686050	False	0.367801	0.750000	0.002000	
2025-09-09 10:06:57.551	continuous	9367	4	->	5	6	6	0.688160	False	0.361410	0.750000	0.002000	
2025-09-09 10:06:57.551	continuous	9368	4	->	5	6	6	0.690269	False	0.355195	0.750000	0.002000	
2025-09-09 10:06:57.552	continuous	9369	5	->		6	6	0.644212	False	0.462933	0.750000	0.002000	
2025-09-09 10:06:57.552	continuous	9370	4	->		5	6	0.662959	False	1.192975	0.750000	0.002000	
2025-09-09 10:06:57.552	continuous	9371	4	->	5	6	6	0.690319	False	0.355990	0.750000	0.002000	
2025-09-09 10:06:57.552	continuous	9372	4	->	5	6	6	0.692424	False	0.349913	0.750000	0.002000	
2025-09-09 10:06:57.552	continuous	9373	4	->		5	6	0.662513	False	1.186167	0.750000	0.002000	
2025-09-09 10:06:57.552	continuous	9374	5	->		6	6	0.642477	False	0.474093	0.750000	0.002000	
2025-09-09 10:06:57.553	continuous	9375	4	->		5	6	0.660755	False	1.169148	0.750000	0.002000	
2025-09-09 10:06:57.553	continuous	9376	3	->	4	5	6	0.547323	False	0.881908	0.750000	0.002000	
2025-09-09 10:06:57.553	continuous	9377	5	->		6	6	0.639121	False	0.495783	0.750000	0.002000	
2025-09-09 10:06:57.553	continuous	9378	4	->	5	6	6	0.687759	False	0.367284	0.750000	0.002000	
2025-09-09 10:06:57.553	continuous	9379	5	->		6	6	0.643117	False	0.477369	0.750000	0.002000	
2025-09-09 10:06:57.553	continuous	9380	5	->		6	6	0.645450	False	0.467416	0.750000	0.002000	
2025-09-09 10:06:57.554	continuous	9381	5	->		6	6	0.647806	False	0.457778	0.750000	0.002000	
2025-09-09 10:06:57.554	continuous	9382	4	->	5	6	6	0.697632	False	0.338658	0.750000	0.002000	
2025-09-09 10:06:57.554	continuous	9383	3	->	4	5	6	0.552025	False	0.932194	0.750000	0.002000	
2025-09-09 10:06:57.554	continuous	9384	2	->	3	4	4	0.731761	False	0.222877	0.750000	0.002000	
2025-09-09 10:06:57.554	continuous	9385	5	->		6	6	0.648603	False	0.455221	0.750000	0.002000	
2025-09-09 10:06:57.554	continuous	9386	5	->		6	6	0.650986	False	0.445951	0.750000	0.002000	
2025-09-09 10:06:57.555	continuous	9387	5	->		6	6	0.653385	False	0.436971	0.750000	0.002000	
2025-09-09 10:06:57.555	continuous	9388	3	->	4	5	6	0.553222	False	0.950029	0.750000	0.002000	
2025-09-09 10:06:57.555	continuous	9389	3	->	4	5	6	0.553008	False	0.921996	0.750000	0.002000	
2025-09-09 10:06:57.555	continuous	9390	2	->	3	4	4	0.730860	False	0.225030	0.750000	0.002000	
2025-09-09 10:06:57.555	continuous	9391	4	->		5	6	0.664719	False	1.176752	0.750000	0.002000	
2025-09-09 10:06:57.555	continuous	9392	5	->		6	6	0.645864	False	0.473222	0.750000	0.002000	
2025-09-09 10:06:57.556	continuous	9393	3	->	4	5	6	0.551462	False	0.885816	0.750000	0.002000	
2025-09-09 10:06:57.556	continuous	9394	5	->		6	6	0.645904	False	0.476941	0.750000	0.002000	
2025-09-09 10:06:57.556	continuous	9395	4	->	5	6	6	0.694358	False	0.352643	0.750000	0.002000	
2025-09-09 10:06:57.556	continuous	9396	4	->	5	6	6	0.696460	False	0.346552	0.750000	0.002000	
2025-09-09 10:06:57.556	continuous	9397	5	->		6	6	0.651704	False	0.452145	0.750000	0.002000	
2025-09-09 10:06:57.556	continuous	9398	4	->		5	6	0.668788	False	1.196473	0.750000	0.002000	
2025-09-09 10:06:57.557	continuous	9399	4	->	5	6	6	0.696363	False	0.347659	0.750000	0.002000	
2025-09-09 10:06:57.557	continuous	9400	4	->	5	6	6	0.698460	False	0.341696	0.750000	0.002000	
2025-09-09 10:06:57.557	continuous	9401	3	->	4	5	6	0.554634	False	0.900662	0.750000	0.002000	
2025-09-09 10:06:57.557	continuous	9402	4	->		5	6	0.665446	False	1.160748	0.750000	0.002000	
2025-09-09 10:06:57.557	continuous	9403	4	->	5	6	6	0.692777	False	0.360640	0.750000	0.002000	
2025-09-09 10:06:57.557	continuous	9404	4	->	5	6	6	0.694883	False	0.354283	0.750000	0.002000	
2025-09-09 10:06:57.558	continuous	9405	5	->		6	6	0.650815	False	0.462314	0.750000	0.002000	
2025-09-09 10:06:57.558	continuous	9406	3	->		4	4	0.522081	False	0.896881	0.750000	0.002000	
2025-09-09 10:06:57.558	continuous	9407	3	->	4	5	6	0.550714	False	0.890167	0.750000	0.002000	
2025-09-09 10:06:57.558	continuous	9408	1	->	2	3	5	0.522250	False	3.683982	0.750000	0.002000	
2025-09-09 10:06:57.558	continuous	9409	3	->	4	5	5	0.548211	False	0.869125	0.750000	0.002000	
2025-09-09 10:06:57.558	continuous	9410	5	->		6	6	0.643660	False	0.483884	0.750000	0.002000	
2025-09-09 10:06:57.559	continuous	9411	3	->	4	5	5	0.549468	False	0.857783	0.750000	0.002000	
2025-09-09 10:06:57.559	continuous	9412	5	->		6	6	0.643859	False	0.487071	0.750000	0.002000	
2025-09-09 10:06:57.559	continuous	9413	5	->		6	6	0.646153	False	0.476657	0.750000	0.002000	
2025-09-09 10:06:57.559	continuous	9414	3	->		4	4	0.523200	False	0.875524	0.750000	0.002000	
2025-09-09 10:06:57.559	continuous	9415	5	->		6	6	0.645845	False	0.469317	0.750000	0.002000	
2025-09-09 10:06:57.559	continuous	9416	4	->	5	6	6	0.696202	False	0.344242	0.750000	0.002000	
2025-09-09 10:06:57.560	continuous	9417	2	->	3	4	4	0.742341	False	0.209178	0.750000	0.002000	
2025-09-09 10:06:57.560	continuous	9418	3	->	4	5	6	0.545807	False	0.897591	0.750000	0.002000	
2025-09-09 10:06:57.560	continuous	9419	5	->		6	6	0.646976	False	0.465531	0.750000	0.002000	
2025-09-09 10:06:57.560	continuous	9420	4	->	5	6	6	0.697588	False	0.340912	0.750000	0.002000	
2025-09-09 10:06:57.560	continuous	9421	5	->		6	6	0.651121	False	0.448671	0.750000	0.002000	
2025-09-09 10:06:57.560	continuous	9422	5	->		6	6	0.653533	False	0.439506	0.750000	0.002000	
2025-09-09 10:06:57.561	continuous	9423	4	->		5	6	0.670403	False	1.222553	0.750000	0.002000	
2025-09-09 10:06:57.561	continuous	9424	4	->	5	6	6	0.699925	False	0.335325	0.750000	0.002000	
2025-09-09 10:06:57.561	continuous	9425	4	->		5	6	0.667757	False	1.199788	0.750000	0.002000	
2025-09-09 10:06:57.561	continuous	9426	4	->	5	6	6	0.697178	False	0.343714	0.750000	0.002000	
2025-09-09 10:06:57.561	continuous	9427	5	->		6	6	0.651255	False	0.451662	0.750000	0.002000	
2025-09-09 10:06:57.562	continuous	9428	4	->		5	6	0.667653	False	1.195590	0.750000	0.002000	
2025-09-09 10:06:57.562	continuous	9429	5	->		6	6	0.649650	False	0.460127	0.750000	0.002000	
2025-09-09 10:06:57.562	continuous	9430	4	->		5	6	0.665712	False	1.177519	0.750000	0.002000	
2025-09-09 10:06:57.562	continuous	9431	4	->	5	6	6	0.694966	False	0.351743	0.750000	0.002000	
2025-09-09 10:06:57.562	continuous	9432	5	->		6	6	0.649903	False	0.460887	0.750000	0.002000	
2025-09-09 10:06:57.562	continuous	9433	1	->		2	6	0.549748	False	5.984933	0.750000	0.002000	
2025-09-09 10:06:57.563	continuous	9434	5	->		6	6	0.649988	False	0.452767	0.750000	0.002000	
2025-09-09 10:06:57.563	continuous	9435	4	->	5	6	6	0.700193	False	0.332505	0.750000	0.002000	
2025-09-09 10:06:57.563	continuous	9436	3	->	4	5	6	0.548517	False	0.906266	0.750000	0.002000	
2025-09-09 10:06:57.563	continuous	9437	4	->		5	6	0.665060	False	1.178554	0.750000	0.002000	
2025-09-09 10:06:57.563	continuous	9438	3	->	4	5	5	0.548454	False	0.853161	0.750000	0.002000	
2025-09-09 10:06:57.563	continuous	9439	3	->	4	5	5	0.549370	False	0.829028	0.750000	0.002000	
2025-09-09 10:06:57.564	continuous	9440	5	->		6	6	0.643639	False	0.493881	0.750000	0.002000	
2025-09-09 10:06:57.564	continuous	9441	5	->		6	6	0.645891	False	0.483227	0.750000	0.002000	
2025-09-09 10:06:57.564	continuous	9442	4	->	5	6	6	0.693968	False	0.355243	0.750000	0.002000	
2025-09-09 10:06:57.564	continuous	9443	4	->		5	6	0.662744	False	1.142606	0.750000	0.002000	
2025-09-09 10:06:57.564	continuous	9444	3	->	4	5	5	0.551345	False	0.816358	0.750000	0.002000	
2025-09-09 10:06:57.564	continuous	9445	3	->	4	5	5	0.552552	False	0.793477	0.750000	0.002000	
2025-09-09 10:06:57.565	continuous	9446	4	->	5	6	6	0.686296	False	0.383756	0.750000	0.002000	
2025-09-09 10:06:57.565	continuous	9447	4	->	5	6	6	0.688412	False	0.376658	0.750000	0.002000	
2025-09-09 10:06:57.565	continuous	9448	3	->	4	5	5	0.553992	False	0.791787	0.750000	0.002000	
2025-09-09 10:06:57.565	continuous	9449	4	->		5	6	0.656311	False	1.064340	0.750000	0.002000	
2025-09-09 10:06:57.565	continuous	9450	4	->		5	6	0.653143	False	1.032737	0.750000	0.002000	
2025-09-09 10:06:57.566	continuous	9451	4	->	5	6	6	0.680133	False	0.409862	0.750000	0.002000	
2025-09-09 10:06:57.566	continuous	9452	4	->		5	6	0.651850	False	1.017333	0.750000	0.002000	
2025-09-09 10:06:57.566	continuous	9453	4	->		5	6	0.649123	False	0.987378	0.750000	0.002000	
2025-09-09 10:06:57.566	continuous	9454	4	->	5	6	6	0.675133	False	0.432391	0.750000	0.002000	
2025-09-09 10:06:57.566	continuous	9455	3	->	4	5	5	0.559114	False	0.701463	0.750000	0.002000	
2025-09-09 10:06:57.566	continuous	9456	3	->		4	5	0.536097	False	0.928484	0.750000	0.002000	
2025-09-09 10:06:57.567	continuous	9457	1	->		2	5	0.555409	False	5.945711	0.750000	0.002000	
2025-09-09 10:06:57.567	continuous	9458	2	->		3	4	0.590005	False	3.751888	0.750000	0.002000	
2025-09-09 10:06:57.567	continuous	9459	5	->		6	6	0.630652	False	0.570020	0.750000	0.002000	
2025-09-09 10:06:57.567	continuous	9460	5	->		6	6	0.632571	False	0.556842	0.750000	0.002000	
2025-09-09 10:06:57.567	continuous	9461	4	->	5	6	6	0.676908	False	0.410554	0.750000	0.002000	
2025-09-09 10:06:57.567	continuous	9462	3	->	4	5	5	0.550657	False	0.742248	0.750000	0.002000	
2025-09-09 10:06:57.568	continuous	9463	4	->	5	6	6	0.676852	False	0.412800	0.750000	0.002000	
2025-09-09 10:06:57.568	continuous	9464	4	->	5	6	6	0.678944	False	0.404871	0.750000	0.002000	
2025-09-09 10:06:57.568	continuous	9465	5	->		6	6	0.637825	False	0.528624	0.750000	0.002000	
2025-09-09 10:06:57.568	continuous	9466	4	->		5	6	0.651783	False	1.047586	0.750000	0.002000	
2025-09-09 10:06:57.568	continuous	9467	5	->		6	6	0.637169	False	0.535264	0.750000	0.002000	
2025-09-09 10:06:57.568	continuous	9468	4	->	5	6	6	0.682329	False	0.393627	0.750000	0.002000	
2025-09-09 10:06:57.569	continuous	9469	4	->	5	6	6	0.684442	False	0.386263	0.750000	0.002000	
2025-09-09 10:06:57.569	continuous	9470	4	->	5	6	6	0.686560	False	0.379116	0.750000	0.002000	
2025-09-09 10:06:57.569	continuous	9471	4	->		5	6	0.655847	False	1.079269	0.750000	0.002000	
2025-09-09 10:06:57.569	continuous	9472	4	->		5	6	0.652558	False	1.047367	0.750000	0.002000	
2025-09-09 10:06:57.569	continuous	9473	4	->		5	6	0.649565	False	1.016588	0.750000	0.002000	
2025-09-09 10:06:57.569	continuous	9474	4	->	5	6	6	0.677015	False	0.416612	0.750000	0.002000	
2025-09-09 10:06:57.570	continuous	9475	5	->		6	6	0.637164	False	0.542590	0.750000	0.002000	
2025-09-09 10:06:57.570	continuous	9476	5	->		6	6	0.639191	False	0.530246	0.750000	0.002000	
2025-09-09 10:06:57.570	continuous	9477	4	->	5	6	6	0.684232	False	0.389810	0.750000	0.002000	
2025-09-09 10:06:57.570	continuous	9478	3	->	4	5	5	0.554111	False	0.754617	0.750000	0.002000	
2025-09-09 10:06:57.570	continuous	9479	5	->		6	6	0.641294	False	0.522445	0.750000	0.002000	
2025-09-09 10:06:57.570	continuous	9480	3	->	4	5	5	0.555605	False	0.747129	0.750000	0.002000	
2025-09-09 10:06:57.571	continuous	9481	4	->	5	6	6	0.684148	False	0.393568	0.750000	0.002000	
2025-09-09 10:06:57.571	continuous	9482	3	->	4	5	5	0.557119	False	0.736854	0.750000	0.002000	
2025-09-09 10:06:57.571	continuous	9483	4	->	5	6	6	0.683910	False	0.396136	0.750000	0.002000	
2025-09-09 10:06:57.571	continuous	9484	5	->		6	6	0.643450	False	0.518488	0.750000	0.002000	
2025-09-09 10:06:57.571	continuous	9485	5	->		6	6	0.645561	False	0.506862	0.750000	0.002000	
2025-09-09 10:06:57.572	continuous	9486	4	->	5	6	6	0.691212	False	0.371071	0.750000	0.002000	
2025-09-09 10:06:57.572	continuous	9487	5	->		6	6	0.649345	False	0.487299	0.750000	0.002000	
2025-09-09 10:06:57.572	continuous	9488	4	->		5	6	0.662396	False	1.103260	0.750000	0.002000	
2025-09-09 10:06:57.572	continuous	9489	5	->		6	6	0.648232	False	0.494955	0.750000	0.002000	
2025-09-09 10:06:57.572	continuous	9490	4	->	5	6	6	0.694180	False	0.362421	0.750000	0.002000	
2025-09-09 10:06:57.572	continuous	9491	3	->		4	5	0.523427	False	0.959662	0.750000	0.002000	
2025-09-09 10:06:57.573	continuous	9492	5	->		6	6	0.649645	False	0.478117	0.750000	0.002000	
2025-09-09 10:06:57.573	continuous	9493	4	->		5	6	0.662786	False	1.122317	0.750000	0.002000	
2025-09-09 10:06:57.573	continuous	9494	2	->	3	4	4	0.723245	False	0.245493	0.750000	0.002000	
2025-09-09 10:06:57.573	continuous	9495	4	->	5	6	6	0.692743	False	0.362762	0.750000	0.002000	
2025-09-09 10:06:57.573	continuous	9496	5	->		6	6	0.649468	False	0.477500	0.750000	0.002000	
2025-09-09 10:06:57.573	continuous	9497	3	->	4	5	5	0.552332	False	0.799769	0.750000	0.002000	
2025-09-09 10:06:57.574	continuous	9498	3	->	4	5	5	0.553621	False	0.777452	0.750000	0.002000	
2025-09-09 10:06:57.574	continuous	9499	5	->		6	6	0.647836	False	0.492832	0.750000	0.002000	
2025-09-09 10:06:57.574	continuous	9500	1	->	2	3	5	0.529478	False	3.603647	0.750000	0.002000	
2025-09-09 10:06:57.574	continuous	9501	4	->		5	6	0.658488	False	1.096717	0.750000	0.002000	
2025-09-09 10:06:57.574	continuous	9502	4	->		5	6	0.655002	False	1.063927	0.750000	0.002000	
2025-09-09 10:06:57.574	continuous	9503	3	->	4	5	5	0.553387	False	0.729106	0.750000	0.002000	
2025-09-09 10:06:57.575	continuous	9504	4	->	5	6	6	0.682516	False	0.398761	0.750000	0.002000	
2025-09-09 10:06:57.575	continuous	9505	3	->	4	5	5	0.555028	False	0.719439	0.750000	0.002000	
2025-09-09 10:06:57.575	continuous	9506	5	->		6	6	0.640419	False	0.535109	0.750000	0.002000	
2025-09-09 10:06:57.575	continuous	9507	5	->		6	6	0.642472	False	0.522873	0.750000	0.002000	
2025-09-09 10:06:57.575	continuous	9508	4	->		5	6	0.654447	False	1.040600	0.750000	0.002000	
2025-09-09 10:06:57.575	continuous	9509	2	->	3	4	4	0.716735	False	0.261409	0.750000	0.002000	
2025-09-09 10:06:57.576	continuous	9510	3	->	4	5	5	0.555440	False	0.709697	0.750000	0.002000	
2025-09-09 10:06:57.576	continuous	9511	5	->		6	6	0.639829	False	0.541610	0.750000	0.002000	
2025-09-09 10:06:57.576	continuous	9512	5	->		6	6	0.641848	False	0.529134	0.750000	0.002000	
2025-09-09 10:06:57.576	continuous	9513	4	->	5	6	6	0.686426	False	0.387565	0.750000	0.002000	
2025-09-09 10:06:57.576	continuous	9514	4	->		5	6	0.655074	False	1.043222	0.750000	0.002000	
2025-09-09 10:06:57.576	continuous	9515	5	->		6	6	0.642645	False	0.526680	0.750000	0.002000	
2025-09-09 10:06:57.577	continuous	9516	3	->	4	5	5	0.557067	False	0.716644	0.750000	0.002000	
2025-09-09 10:06:57.577	continuous	9517	4	->	5	6	6	0.684880	False	0.395672	0.750000	0.002000	
2025-09-09 10:06:57.577	continuous	9518	4	->	5	6	6	0.687005	False	0.388055	0.750000	0.002000	
2025-09-09 10:06:57.577	continuous	9519	4	->		5	6	0.655719	False	1.038424	0.750000	0.002000	
2025-09-09 10:06:57.577	continuous	9520	5	->		6	6	0.643561	False	0.527729	0.750000	0.002000	
2025-09-09 10:06:57.577	continuous	9521	4	->	5	6	6	0.687753	False	0.386303	0.750000	0.002000	
2025-09-09 10:06:57.578	continuous	9522	4	->	5	6	6	0.689885	False	0.378960	0.750000	0.002000	
2025-09-09 10:06:57.578	continuous	9523	4	->		5	6	0.657975	False	1.055439	0.750000	0.002000	
2025-09-09 10:06:57.578	continuous	9524	4	->		5	6	0.654819	False	1.023599	0.750000	0.002000	
2025-09-09 10:06:57.578	continuous	9525	4	->	5	6	6	0.684026	False	0.401638	0.750000	0.002000	
2025-09-09 10:06:57.578	continuous	9526	3	->		4	5	0.531797	False	0.953727	0.750000	0.002000	
2025-09-09 10:06:57.578	continuous	9527	4	->	5	6	6	0.684843	False	0.394042	0.750000	0.002000	
2025-09-09 10:06:57.579	continuous	9528	4	->	5	6	6	0.686978	False	0.386472	0.750000	0.002000	
2025-09-09 10:06:57.579	continuous	9529	4	->		5	6	0.654661	False	1.040551	0.750000	0.002000	
2025-09-09 10:06:57.579	continuous	9530	4	->	5	6	6	0.685114	False	0.393990	0.750000	0.002000	
2025-09-09 10:06:57.579	continuous	9531	5	->		6	6	0.644111	False	0.518040	0.750000	0.002000	
2025-09-09 10:06:57.579	continuous	9532	4	->	5	6	6	0.689873	False	0.377437	0.750000	0.002000	
2025-09-09 10:06:57.579	continuous	9533	5	->		6	6	0.647851	False	0.497622	0.750000	0.002000	
2025-09-09 10:06:57.580	continuous	9534	5	->		6	6	0.650062	False	0.486575	0.750000	0.002000	
2025-09-09 10:06:57.580	continuous	9535	5	->		6	6	0.652309	False	0.475901	0.750000	0.002000	
2025-09-09 10:06:57.580	continuous	9536	4	->	5	6	6	0.699936	False	0.345996	0.750000	0.002000	
2025-09-09 10:06:57.580	continuous	9537	4	->		5	6	0.665178	False	1.126380	0.750000	0.002000	
2025-09-09 10:06:57.580	continuous	9538	4	->	5	6	6	0.697435	False	0.354173	0.750000	0.002000	
2025-09-09 10:06:57.581	continuous	9539	5	->		6	6	0.654330	False	0.468208	0.750000	0.002000	
2025-09-09 10:06:57.581	continuous	9540	4	->		5	6	0.665297	False	1.124320	0.750000	0.002000	
2025-09-09 10:06:57.581	continuous	9541	4	->	5	6	6	0.697584	False	0.354476	0.750000	0.002000	
2025-09-09 10:06:57.581	continuous	9542	4	->		5	6	0.663207	False	1.104263	0.750000	0.002000	
2025-09-09 10:06:57.581	continuous	9543	4	->		5	6	0.659577	False	1.070513	0.750000	0.002000	
2025-09-09 10:06:57.581	continuous	9544	4	->	5	6	6	0.690961	False	0.377231	0.750000	0.002000	
2025-09-09 10:06:57.582	continuous	9545	4	->	5	6	6	0.693106	False	0.370115	0.750000	0.002000	
2025-09-09 10:06:57.582	continuous	9546	4	->		5	6	0.659558	False	1.067337	0.750000	0.002000	
2025-09-09 10:06:57.582	continuous	9547	4	->		5	6	0.656266	False	1.034864	0.750000	0.002000	
2025-09-09 10:06:57.582	continuous	9548	4	->	5	6	6	0.686984	False	0.392851	0.750000	0.002000	
2025-09-09 10:06:57.582	continuous	9549	5	->		6	6	0.646766	False	0.515770	0.750000	0.002000	
2025-09-09 10:06:57.582	continuous	9550	2	->	3	4	4	0.721254	False	0.255112	0.750000	0.002000	
2025-09-09 10:06:57.582	continuous	9551	4	->	5	6	6	0.691537	False	0.375530	0.750000	0.002000	
2025-09-09 10:06:57.583	continuous	9552	3	->		4	4	0.531902	False	0.906724	0.750000	0.002000	
2025-09-09 10:06:57.583	continuous	9553	5	->		6	6	0.647655	False	0.496133	0.750000	0.002000	
2025-09-09 10:06:57.583	continuous	9554	5	->		6	6	0.649887	False	0.485113	0.750000	0.002000	
2025-09-09 10:06:57.583	continuous	9555	4	->	5	6	6	0.697706	False	0.352420	0.750000	0.002000	
2025-09-09 10:06:57.583	continuous	9556	4	->	5	6	6	0.699855	False	0.346062	0.750000	0.002000	
2025-09-09 10:06:57.583	continuous	9557	3	->	4	5	5	0.550537	False	0.781934	0.750000	0.002000	
2025-09-09 10:06:57.584	continuous	9558	2	->	3	4	4	0.735694	False	0.228898	0.750000	0.002000	
2025-09-09 10:06:57.584	continuous	9559	4	->	5	6	6	0.699051	False	0.348741	0.750000	0.002000	
2025-09-09 10:06:57.584	continuous	9560	5	->		6	6	0.654651	False	0.463264	0.750000	0.002000	
2025-09-09 10:06:57.584	continuous	9561	4	->	5	6	6	0.703851	False	0.334982	0.750000	0.002000	
2025-09-09 10:06:57.584	continuous	9562	5	->		6	6	0.658663	False	0.446196	0.750000	0.002000	
2025-09-09 10:06:57.584	continuous	9563	5	->		6	6	0.660987	False	0.436944	0.750000	0.002000	
2025-09-09 10:06:57.585	continuous	9564	5	->		6	6	0.663328	False	0.427988	0.750000	0.002000	
2025-09-09 10:06:57.585	continuous	9565	5	->		6	6	0.665682	False	0.419318	0.750000	0.002000	
2025-09-09 10:06:57.585	continuous	9566	4	->	5	6	6	0.716457	False	0.302293	0.750000	0.002000	
2025-09-09 10:06:57.585	continuous	9567	5	->		6	6	0.669813	False	0.404740	0.750000	0.002000	
2025-09-09 10:06:57.585	continuous	9568	3	->	4	5	6	0.552327	False	0.866421	0.750000	0.002000	
2025-09-09 10:06:57.585	continuous	9569	1	->	2	3	5	0.523172	False	3.594397	0.750000	0.002000	
2025-09-09 10:06:57.586	continuous	9570	4	->	5	6	6	0.716112	False	0.301050	0.750000	0.002000	
2025-09-09 10:06:57.586	continuous	9571	5	->		6	6	0.668916	False	0.403890	0.750000	0.002000	
2025-09-09 10:06:57.586	continuous	9572	2	->	3	4	4	0.736169	False	0.220163	0.750000	0.002000	
2025-09-09 10:06:57.586	continuous	9573	3	->	4	5	6	0.548822	False	0.872412	0.750000	0.002000	
2025-09-09 10:06:57.586	continuous	9574	3	->	4	5	5	0.549371	False	0.847119	0.750000	0.002000	
2025-09-09 10:06:57.586	continuous	9575	3	->	4	5	5	0.550177	False	0.822784	0.750000	0.002000	
2025-09-09 10:06:57.587	continuous	9576	4	->	5	6	6	0.710744	False	0.316957	0.750000	0.002000	
2025-09-09 10:06:57.587	continuous	9577	4	->	5	6	6	0.712854	False	0.311572	0.750000	0.002000	
2025-09-09 10:06:57.587	continuous	9578	4	->	5	6	6	0.714953	False	0.306335	0.750000	0.002000	
2025-09-09 10:06:57.587	continuous	9579	4	->	5	6	6	0.717039	False	0.301242	0.750000	0.002000	
2025-09-09 10:06:57.587	continuous	9580	4	->		5	6	0.677758	False	1.225647	0.750000	0.002000	
2025-09-09 10:06:57.587	continuous	9581	3	->	4	5	5	0.551965	False	0.807985	0.750000	0.002000	
2025-09-09 10:06:57.588	continuous	9582	3	->	4	5	5	0.553116	False	0.785030	0.750000	0.002000	
2025-09-09 10:06:57.588	continuous	9583	5	->		6	6	0.660442	False	0.447698	0.750000	0.002000	
2025-09-09 10:06:57.588	continuous	9584	4	->	5	6	6	0.710340	False	0.320901	0.750000	0.002000	
2025-09-09 10:06:57.588	continuous	9585	3	->	4	5	5	0.554539	False	0.784056	0.750000	0.002000	
2025-09-09 10:06:57.588	continuous	9586	4	->		5	6	0.669633	False	1.141558	0.750000	0.002000	
2025-09-09 10:06:57.589	continuous	9587	4	->		5	6	0.665588	False	1.105827	0.750000	0.002000	
2025-09-09 10:06:57.589	continuous	9588	4	->	5	6	6	0.699899	False	0.353074	0.750000	0.002000	
2025-09-09 10:06:57.589	continuous	9589	2	->	3	4	4	0.725330	False	0.248696	0.750000	0.002000	
2025-09-09 10:06:57.589	continuous	9590	4	->	5	6	6	0.701907	False	0.345907	0.750000	0.002000	
2025-09-09 10:06:57.589	continuous	9591	4	->	5	6	6	0.704068	False	0.339610	0.750000	0.002000	
2025-09-09 10:06:57.589	continuous	9592	5	->		6	6	0.659196	False	0.455785	0.750000	0.002000	
2025-09-09 10:06:57.590	continuous	9593	4	->		5	6	0.668755	False	1.135431	0.750000	0.002000	
2025-09-09 10:06:57.590	continuous	9594	4	->		5	6	0.664758	False	1.099887	0.750000	0.002000	
2025-09-09 10:06:57.590	continuous	9595	3	->	4	5	5	0.557112	False	0.711061	0.750000	0.002000	
2025-09-09 10:06:57.590	continuous	9596	4	->	5	6	6	0.696916	False	0.364066	0.750000	0.002000	
2025-09-09 10:06:57.590	continuous	9597	4	->		5	6	0.660984	False	1.057777	0.750000	0.002000	
2025-09-09 10:06:57.590	continuous	9598	2	->	3	4	4	0.726674	False	0.251146	0.750000	0.002000	
2025-09-09 10:06:57.591	continuous	9599	4	->		5	6	0.657195	False	1.027993	0.750000	0.002000	
2025-09-09 10:06:57.591	continuous	9600	4	->	5	6	6	0.690458	False	0.386102	0.750000	0.002000	
2025-09-09 10:06:57.591	continuous	9601	5	->		6	6	0.648971	False	0.513635	0.750000	0.002000	
2025-09-09 10:06:57.591	continuous	9602	5	->		6	6	0.651068	False	0.501898	0.750000	0.002000	
2025-09-09 10:06:57.592	continuous	9603	4	->	5	6	6	0.697987	False	0.360847	0.750000	0.002000	
2025-09-09 10:06:57.592	continuous	9604	4	->	5	6	6	0.700161	False	0.354051	0.750000	0.002000	
2025-09-09 10:06:57.592	continuous	9605	4	->	5	6	6	0.702333	False	0.347461	0.750000	0.002000	
2025-09-09 10:06:57.592	continuous	9606	4	->	5	6	6	0.704499	False	0.341069	0.750000	0.002000	
2025-09-09 10:06:57.592	continuous	9607	4	->	5	6	6	0.706660	False	0.334866	0.750000	0.002000	
2025-09-09 10:06:57.592	continuous	9608	4	->		5	6	0.668276	False	1.120984	0.750000	0.002000	
2025-09-09 10:06:57.593	continuous	9609	5	->		6	6	0.657792	False	0.469219	0.750000	0.002000	
2025-09-09 10:06:57.593	continuous	9610	5	->		6	6	0.660046	False	0.458977	0.750000	0.002000	
2025-09-09 10:06:57.593	continuous	9611	5	->		6	6	0.662327	False	0.449079	0.750000	0.002000	
2025-09-09 10:06:57.593	continuous	9612	3	->	4	5	5	0.557151	False	0.754759	0.750000	0.002000	
2025-09-09 10:06:57.593	continuous	9613	4	->	5	6	6	0.709138	False	0.329688	0.750000	0.002000	
2025-09-09 10:06:57.593	continuous	9614	4	->	5	6	6	0.711285	False	0.323795	0.750000	0.002000	
2025-09-09 10:06:57.594	continuous	9615	5	->		6	6	0.665837	False	0.437048	0.750000	0.002000	
2025-09-09 10:06:57.594	continuous	9616	4	->	5	6	6	0.716083	False	0.311139	0.750000	0.002000	
2025-09-09 10:06:57.594	continuous	9617	5	->		6	6	0.669897	False	0.421131	0.750000	0.002000	
2025-09-09 10:06:57.594	continuous	9618	4	->		5	6	0.678558	False	1.193386	0.750000	0.002000	
2025-09-09 10:06:57.594	continuous	9619	4	->		5	6	0.674000	False	1.155205	0.750000	0.002000	
2025-09-09 10:06:57.594	continuous	9620	4	->	5	6	6	0.710466	False	0.327232	0.750000	0.002000	
2025-09-09 10:06:57.595	continuous	9621	4	->	5	6	6	0.712611	False	0.321391	0.750000	0.002000	
2025-09-09 10:06:57.595	continuous	9622	4	->		5	6	0.673246	False	1.146647	0.750000	0.002000	
2025-09-09 10:06:57.595	continuous	9623	3	->	4	5	5	0.560433	False	0.725876	0.750000	0.002000	
2025-09-09 10:06:57.595	continuous	9624	4	->	5	6	6	0.706945	False	0.338938	0.750000	0.002000	
2025-09-09 10:06:57.595	continuous	9625	5	->		6	6	0.662812	False	0.456522	0.750000	0.002000	
2025-09-09 10:06:57.595	continuous	9626	3	->	4	5	5	0.561686	False	0.726734	0.750000	0.002000	
2025-09-09 10:06:57.596	continuous	9627	4	->		5	6	0.668732	False	1.094650	0.750000	0.002000	
2025-09-09 10:06:57.596	continuous	9628	3	->	4	5	5	0.564863	False	0.683210	0.750000	0.002000	
2025-09-09 10:06:57.596	continuous	9629	5	->		6	6	0.657645	False	0.489249	0.750000	0.002000	
2025-09-09 10:06:57.596	continuous	9630	5	->		6	6	0.659807	False	0.478151	0.750000	0.002000	
2025-09-09 10:06:57.596	continuous	9631	4	->		5	6	0.667461	False	1.074878	0.750000	0.002000	
2025-09-09 10:06:57.596	continuous	9632	5	->		6	6	0.658566	False	0.486154	0.750000	0.002000	
2025-09-09 10:06:57.597	continuous	9633	4	->		5	6	0.666007	False	1.059384	0.750000	0.002000	
2025-09-09 10:06:57.597	continuous	9634	2	->		3	4	0.581146	False	3.692871	0.750000	0.002000	
2025-09-09 10:06:57.597	continuous	9635	4	->		5	6	0.662132	False	1.033883	0.750000	0.002000	
2025-09-09 10:06:57.597	continuous	9636	5	->		6	6	0.653804	False	0.509403	0.750000	0.002000	
2025-09-09 10:06:57.597	continuous	9637	4	->	5	6	6	0.698913	False	0.365941	0.750000	0.002000	
2025-09-09 10:06:57.597	continuous	9638	4	->		5	6	0.662561	False	1.035101	0.750000	0.002000	
2025-09-09 10:06:57.598	continuous	9639	4	->	5	6	6	0.696783	False	0.373794	0.750000	0.002000	
2025-09-09 10:06:57.598	continuous	9640	2	->		3	4	0.577069	False	3.597992	0.750000	0.002000	
2025-09-09 10:06:57.598	continuous	9641	1	->		2	5	0.568431	False	5.927683	0.750000	0.002000	
2025-09-09 10:06:57.598	continuous	9642	3	->		4	5	0.531673	False	0.989373	0.750000	0.002000	
2025-09-09 10:06:57.598	continuous	9643	5	->		6	6	0.651487	False	0.494428	0.750000	0.002000	
2025-09-09 10:06:57.598	continuous	9644	3	->		4	5	0.531937	False	0.931323	0.750000	0.002000	
2025-09-09 10:06:57.599	continuous	9645	5	->		6	6	0.651645	False	0.484250	0.750000	0.002000	
2025-09-09 10:06:57.599	continuous	9646	3	->	4	5	5	0.550544	False	0.709660	0.750000	0.002000	
2025-09-09 10:06:57.599	continuous	9647	4	->	5	6	6	0.697985	False	0.355413	0.750000	0.002000	
2025-09-09 10:06:57.599	continuous	9648	3	->	4	5	5	0.552351	False	0.699586	0.750000	0.002000	
2025-09-09 10:06:57.599	continuous	9649	3	->	4	5	5	0.554659	False	0.681091	0.750000	0.002000	
2025-09-09 10:06:57.599	continuous	9650	4	->		5	6	0.655827	False	1.023887	0.750000	0.002000	
2025-09-09 10:06:57.600	continuous	9651	1	->		2	5	0.562191	False	5.837138	0.750000	0.002000	
2025-09-09 10:06:57.600	continuous	9652	4	->	5	6	6	0.689928	False	0.379485	0.750000	0.002000	
2025-09-09 10:06:57.600	continuous	9653	5	->		6	6	0.647495	False	0.507673	0.750000	0.002000	
2025-09-09 10:06:57.600	continuous	9654	4	->	5	6	6	0.694816	False	0.363420	0.750000	0.002000	
2025-09-09 10:06:57.600	continuous	9655	5	->		6	6	0.651247	False	0.487801	0.750000	0.002000	
2025-09-09 10:06:57.600	continuous	9656	1	->	2	3	5	0.535299	False	3.422049	0.750000	0.002000	
2025-09-09 10:06:57.601	continuous	9657	4	->	5	6	6	0.698520	False	0.347633	0.750000	0.002000	
2025-09-09 10:06:57.601	continuous	9658	3	->	4	5	5	0.548995	False	0.708658	0.750000	0.002000	
2025-09-09 10:06:57.601	continuous	9659	5	->		6	6	0.651471	False	0.479802	0.750000	0.002000	
2025-09-09 10:06:57.601	continuous	9660	5	->		6	6	0.653716	False	0.469350	0.750000	0.002000	
2025-09-09 10:06:57.601	continuous	9661	4	->	5	6	6	0.703634	False	0.334306	0.750000	0.002000	
2025-09-09 10:06:57.601	continuous	9662	2	->	3	4	4	0.723256	False	0.248699	0.750000	0.002000	
2025-09-09 10:06:57.602	continuous	9663	5	->		6	6	0.657236	False	0.451195	0.750000	0.002000	
2025-09-09 10:06:57.602	continuous	9664	4	->		5	6	0.664341	False	1.134118	0.750000	0.002000	
2025-09-09 10:06:57.602	continuous	9665	5	->		6	6	0.655661	False	0.459534	0.750000	0.002000	
2025-09-09 10:06:57.602	continuous	9666	1	->		2	5	0.553481	False	5.719879	0.750000	0.002000	
2025-09-09 10:06:57.602	continuous	9667	5	->		6	6	0.656024	False	0.449395	0.750000	0.002000	
2025-09-09 10:06:57.602	continuous	9668	3	->	4	5	5	0.545443	False	0.744013	0.750000	0.002000	
2025-09-09 10:06:57.603	continuous	9669	4	->		5	6	0.660917	False	1.115611	0.750000	0.002000	
2025-09-09 10:06:57.603	continuous	9670	3	->	4	5	5	0.548739	False	0.701700	0.750000	0.002000	
2025-09-09 10:06:57.603	continuous	9671	4	->	5	6	6	0.697287	False	0.350680	0.750000	0.002000	
2025-09-09 10:06:57.603	continuous	9672	1	->	2	3	5	0.532709	False	3.341444	0.750000	0.002000	
2025-09-09 10:06:57.603	continuous	9673	4	->	5	6	6	0.698268	False	0.343563	0.750000	0.002000	
2025-09-09 10:06:57.603	continuous	9674	4	->	5	6	6	0.700456	False	0.337395	0.750000	0.002000	
2025-09-09 10:06:57.604	continuous	9675	4	->	5	6	6	0.702636	False	0.331406	0.750000	0.002000	
2025-09-09 10:06:57.604	continuous	9676	5	->		6	6	0.655702	False	0.449286	0.750000	0.002000	
2025-09-09 10:06:57.604	continuous	9677	5	->		6	6	0.658040	False	0.439935	0.750000	0.002000	
2025-09-09 10:06:57.604	continuous	9678	3	->	4	5	5	0.545140	False	0.747791	0.750000	0.002000	
2025-09-09 10:06:57.604	continuous	9679	3	->	4	5	5	0.546960	False	0.727806	0.750000	0.002000	
2025-09-09 10:06:57.604	continuous	9680	3	->		4	5	0.525957	False	0.922095	0.750000	0.002000	
2025-09-09 10:06:57.605	continuous	9681	5	->		6	6	0.654221	False	0.454132	0.750000	0.002000	
2025-09-09 10:06:57.605	continuous	9682	4	->	5	6	6	0.706221	False	0.321531	0.750000	0.002000	
2025-09-09 10:06:57.605	continuous	9683	3	->	4	5	5	0.543008	False	0.738289	0.750000	0.002000	
2025-09-09 10:06:57.605	continuous	9684	4	->		5	6	0.660555	False	1.119950	0.750000	0.002000	
2025-09-09 10:06:57.605	continuous	9685	3	->		4	4	0.530800	False	0.883200	0.750000	0.002000	
2025-09-09 10:06:57.605	continuous	9686	4	->	5	6	6	0.699697	False	0.338297	0.750000	0.002000	
2025-09-09 10:06:57.606	continuous	9687	3	->	4	5	5	0.540967	False	0.715937	0.750000	0.002000	
2025-09-09 10:06:57.606	continuous	9688	4	->	5	6	6	0.699439	False	0.340374	0.750000	0.002000	
2025-09-09 10:06:57.606	continuous	9689	4	->		5	6	0.656477	False	1.094000	0.750000	0.002000	
2025-09-09 10:06:57.606	continuous	9690	4	->	5	6	6	0.696939	False	0.348292	0.750000	0.002000	
2025-09-09 10:06:57.606	continuous	9691	4	->	5	6	6	0.699148	False	0.341930	0.750000	0.002000	
2025-09-09 10:06:57.606	continuous	9692	4	->		5	6	0.656183	False	1.088412	0.750000	0.002000	
2025-09-09 10:06:57.607	continuous	9693	3	->	4	5	5	0.545531	False	0.679180	0.750000	0.002000	
2025-09-09 10:06:57.607	continuous	9694	4	->		5	6	0.651186	False	1.034475	0.750000	0.002000	
2025-09-09 10:06:57.607	continuous	9695	4	->		5	6	0.648126	False	1.002891	0.750000	0.002000	
2025-09-09 10:06:57.607	continuous	9696	4	->		5	6	0.645380	False	0.972479	0.750000	0.002000	
2025-09-09 10:06:57.607	continuous	9697	4	->	5	6	6	0.682209	False	0.401822	0.750000	0.002000	
2025-09-09 10:06:57.607	continuous	9698	5	->		6	6	0.640130	False	0.540009	0.750000	0.002000	
2025-09-09 10:06:57.608	continuous	9699	3	->	4	5	5	0.553187	False	0.624583	0.750000	0.002000	
2025-09-09 10:06:57.608	continuous	9700	4	->		5	6	0.645242	False	0.958346	0.750000	0.002000	
2025-09-09 10:06:57.608	continuous	9701	5	->		6	6	0.638769	False	0.557072	0.750000	0.002000	
2025-09-09 10:06:57.608	continuous	9702	5	->		6	6	0.640699	False	0.543843	0.750000	0.002000	
2025-09-09 10:06:57.608	continuous	9703	3	->	4	5	5	0.556089	False	0.613423	0.750000	0.002000	
2025-09-09 10:06:57.608	continuous	9704	5	->		6	6	0.641729	False	0.541952	0.750000	0.002000	
2025-09-09 10:06:57.609	continuous	9705	4	->		5	6	0.647346	False	0.967568	0.750000	0.002000	
2025-09-09 10:06:57.609	continuous	9706	3	->	4	5	5	0.560493	False	0.591451	0.750000	0.002000	
2025-09-09 10:06:57.609	continuous	9707	4	->	5	6	6	0.682244	False	0.409066	0.750000	0.002000	
2025-09-09 10:06:57.609	continuous	9708	5	->		6	6	0.641818	False	0.548522	0.750000	0.002000	
2025-09-09 10:06:57.609	continuous	9709	3	->	4	5	5	0.560931	False	0.596341	0.750000	0.002000	
2025-09-09 10:06:57.609	continuous	9710	5	->		6	6	0.642841	False	0.546363	0.750000	0.002000	
2025-09-09 10:06:57.610	continuous	9711	3	->	4	5	5	0.562507	False	0.592739	0.750000	0.002000	
2025-09-09 10:06:57.610	continuous	9712	4	->	5	6	6	0.686233	False	0.397233	0.750000	0.002000	
2025-09-09 10:06:57.610	continuous	9713	4	->	5	6	6	0.688440	False	0.389147	0.750000	0.002000	
2025-09-09 10:06:57.610	continuous	9714	4	->	5	6	6	0.690655	False	0.381323	0.750000	0.002000	
2025-09-09 10:06:57.610	continuous	9715	4	->		5	6	0.651550	False	0.982604	0.750000	0.002000	
2025-09-09 10:06:57.610	continuous	9716	5	->		6	6	0.645626	False	0.534154	0.750000	0.002000	
2025-09-09 10:06:57.611	continuous	9717	3	->	4	5	5	0.563648	False	0.595469	0.750000	0.002000	
2025-09-09 10:06:57.611	continuous	9718	5	->		6	6	0.646569	False	0.532383	0.750000	0.002000	
2025-09-09 10:06:57.611	continuous	9719	4	->		5	6	0.651564	False	0.971707	0.750000	0.002000	
2025-09-09 10:06:57.611	continuous	9720	4	->	5	6	6	0.688403	False	0.392488	0.750000	0.002000	
2025-09-09 10:06:57.611	continuous	9721	4	->		5	6	0.650435	False	0.956599	0.750000	0.002000	
2025-09-09 10:06:57.611	continuous	9722	5	->		6	6	0.644953	False	0.547779	0.750000	0.002000	
2025-09-09 10:06:57.612	continuous	9723	3	->	4	5	5	0.568222	False	0.575166	0.750000	0.002000	
2025-09-09 10:06:57.612	continuous	9724	5	->		6	6	0.645933	False	0.545446	0.750000	0.002000	
2025-09-09 10:06:57.612	continuous	9725	3	->	4	5	5	0.569691	False	0.572074	0.750000	0.002000	
2025-09-09 10:06:57.612	continuous	9726	5	->		6	6	0.646895	False	0.543154	0.750000	0.002000	
2025-09-09 10:06:57.612	continuous	9727	4	->		5	6	0.651499	False	0.948983	0.750000	0.002000	
2025-09-09 10:06:57.613	continuous	9728	4	->		5	6	0.649214	False	0.919602	0.750000	0.002000	
2025-09-09 10:06:57.613	continuous	9729	4	->	5	6	6	0.683821	False	0.416134	0.750000	0.002000	
2025-09-09 10:06:57.613	continuous	9730	5	->		6	6	0.645561	False	0.557438	0.750000	0.002000	
2025-09-09 10:06:57.613	continuous	9731	4	->	5	6	6	0.688685	False	0.396883	0.750000	0.002000	
2025-09-09 10:06:57.613	continuous	9732	4	->	5	6	6	0.690895	False	0.388678	0.750000	0.002000	
2025-09-09 10:06:57.613	continuous	9733	4	->	5	6	6	0.693113	False	0.380744	0.750000	0.002000	
2025-09-09 10:06:57.614	continuous	9734	3	->		4	5	0.545475	False	0.992165	0.750000	0.002000	
2025-09-09 10:06:57.614	continuous	9735	5	->		6	6	0.650017	False	0.514451	0.750000	0.002000	
2025-09-09 10:06:57.614	continuous	9736	3	->	4	5	5	0.563206	False	0.601128	0.750000	0.002000	
2025-09-09 10:06:57.614	continuous	9737	5	->		6	6	0.650893	False	0.513120	0.750000	0.002000	
2025-09-09 10:06:57.614	continuous	9738	5	->		6	6	0.652984	False	0.501179	0.750000	0.002000	
2025-09-09 10:06:57.614	continuous	9739	4	->	5	6	6	0.700622	False	0.353699	0.750000	0.002000	
2025-09-09 10:06:57.615	continuous	9740	4	->	5	6	6	0.702850	False	0.346905	0.750000	0.002000	
2025-09-09 10:06:57.615	continuous	9741	3	->	4	5	5	0.561868	False	0.623377	0.750000	0.002000	
2025-09-09 10:06:57.615	continuous	9742	3	->	4	5	5	0.564652	False	0.607601	0.750000	0.002000	
2025-09-09 10:06:57.615	continuous	9743	4	->		5	6	0.657195	False	1.001579	0.750000	0.002000	
2025-09-09 10:06:57.615	continuous	9744	4	->	5	6	6	0.696307	False	0.370864	0.750000	0.002000	
2025-09-09 10:06:57.615	continuous	9745	4	->		5	6	0.655779	False	0.984629	0.750000	0.002000	
2025-09-09 10:06:57.616	continuous	9746	4	->	5	6	6	0.694348	False	0.378289	0.750000	0.002000	
2025-09-09 10:06:57.616	continuous	9747	5	->		6	6	0.652685	False	0.513276	0.750000	0.002000	
2025-09-09 10:06:57.616	continuous	9748	4	->		5	6	0.656328	False	0.987192	0.750000	0.002000	
2025-09-09 10:06:57.616	continuous	9749	3	->		4	5	0.549838	False	0.978268	0.750000	0.002000	
2025-09-09 10:06:57.616	continuous	9750	3	->	4	5	5	0.566530	False	0.576307	0.750000	0.002000	
2025-09-09 10:06:57.616	continuous	9751	4	->		5	6	0.650936	False	0.942953	0.750000	0.002000	
2025-09-09 10:06:57.617	continuous	9752	4	->		5	6	0.648685	False	0.913585	0.750000	0.002000	
2025-09-09 10:06:57.617	continuous	9753	3	->	4	5	5	0.576285	False	0.529402	0.750000	0.002000	
2025-09-09 10:06:57.617	continuous	9754	4	->	5	6	6	0.683384	False	0.421715	0.750000	0.002000	
2025-09-09 10:06:57.617	continuous	9755	3	->	4	5	5	0.578080	False	0.525034	0.750000	0.002000	
2025-09-09 10:06:57.617	continuous	9756	5	->		6	6	0.644582	False	0.577909	0.750000	0.002000	
2025-09-09 10:06:57.617	continuous	9757	5	->		6	6	0.646326	False	0.563401	0.750000	0.002000	
2025-09-09 10:06:57.618	continuous	9758	5	->		6	6	0.648153	False	0.549438	0.750000	0.002000	
2025-09-09 10:06:57.618	continuous	9759	5	->		6	6	0.650057	False	0.535990	0.750000	0.002000	
2025-09-09 10:06:57.618	continuous	9760	5	->		6	6	0.652029	False	0.523041	0.750000	0.002000	
2025-09-09 10:06:57.618	continuous	9761	4	->		5	6	0.655008	False	0.965171	0.750000	0.002000	
2025-09-09 10:06:57.618	continuous	9762	4	->	5	6	6	0.693607	False	0.384045	0.750000	0.002000	
2025-09-09 10:06:57.618	continuous	9763	5	->		6	6	0.652834	False	0.519783	0.750000	0.002000	
2025-09-09 10:06:57.619	continuous	9764	4	->		5	6	0.655607	False	0.968468	0.750000	0.002000	
2025-09-09 10:06:57.619	continuous	9765	4	->		5	6	0.653062	False	0.937757	0.750000	0.002000	
2025-09-09 10:06:57.619	continuous	9766	5	->		6	6	0.649643	False	0.545388	0.750000	0.002000	
2025-09-09 10:06:57.619	continuous	9767	5	->		6	6	0.651559	False	0.532046	0.750000	0.002000	
2025-09-09 10:06:57.619	continuous	9768	3	->		4	5	0.553409	False	0.973371	0.750000	0.002000	
2025-09-09 10:06:57.619	continuous	9769	4	->	5	6	6	0.695168	False	0.376063	0.750000	0.002000	
2025-09-09 10:06:57.620	continuous	9770	4	->	5	6	6	0.697417	False	0.368437	0.750000	0.002000	
2025-09-09 10:06:57.620	continuous	9771	3	->	4	5	5	0.566557	False	0.580160	0.750000	0.002000	
2025-09-09 10:06:57.620	continuous	9772	4	->	5	6	6	0.697717	False	0.368773	0.750000	0.002000	
2025-09-09 10:06:57.620	continuous	9773	4	->	5	6	6	0.699968	False	0.361361	0.750000	0.002000	
2025-09-09 10:06:57.620	continuous	9774	4	->		5	6	0.657012	False	0.991884	0.750000	0.002000	
2025-09-09 10:06:57.620	continuous	9775	4	->	5	6	6	0.697879	False	0.368920	0.750000	0.002000	
2025-09-09 10:06:57.621	continuous	9776	3	->		4	5	0.553033	False	0.928138	0.750000	0.002000	
2025-09-09 10:06:57.621	continuous	9777	4	->	5	6	6	0.699273	False	0.360904	0.750000	0.002000	
2025-09-09 10:06:57.621	continuous	9778	4	->		5	6	0.655345	False	0.993948	0.750000	0.002000	
2025-09-09 10:06:57.621	continuous	9779	4	->	5	6	6	0.697180	False	0.368439	0.750000	0.002000	
2025-09-09 10:06:57.621	continuous	9780	2	->	3	4	4	0.733767	False	0.252041	0.750000	0.002000	
2025-09-09 10:06:57.621	continuous	9781	3	->	4	5	5	0.561978	False	0.587345	0.750000	0.002000	
2025-09-09 10:06:57.622	continuous	9782	4	->	5	6	6	0.697468	False	0.367685	0.750000	0.002000	
2025-09-09 10:06:57.622	continuous	9783	4	->	5	6	6	0.699729	False	0.360306	0.750000	0.002000	
2025-09-09 10:06:57.622	continuous	9784	4	->	5	6	6	0.701990	False	0.353165	0.750000	0.002000	
2025-09-09 10:06:57.622	continuous	9785	3	->	4	5	5	0.561919	False	0.595639	0.750000	0.002000	
2025-09-09 10:06:57.622	continuous	9786	5	->		6	6	0.655875	False	0.494929	0.750000	0.002000	
2025-09-09 10:06:57.622	continuous	9787	3	->	4	5	5	0.563640	False	0.591059	0.750000	0.002000	
2025-09-09 10:06:57.623	continuous	9788	4	->	5	6	6	0.702968	False	0.352628	0.750000	0.002000	
2025-09-09 10:06:57.623	continuous	9789	4	->	5	6	6	0.705227	False	0.345692	0.750000	0.002000	
2025-09-09 10:06:57.623	continuous	9790	4	->	5	6	6	0.707480	False	0.338977	0.750000	0.002000	
2025-09-09 10:06:57.623	continuous	9791	5	->		6	6	0.661669	False	0.468285	0.750000	0.002000	
2025-09-09 10:06:57.623	continuous	9792	3	->		4	5	0.550586	False	0.889662	0.750000	0.002000	
2025-09-09 10:06:57.623	continuous	9793	4	->	5	6	6	0.711695	False	0.324316	0.750000	0.002000	
2025-09-09 10:06:57.624	continuous	9794	4	->	5	6	6	0.713923	False	0.318298	0.750000	0.002000	
2025-09-09 10:06:57.624	continuous	9795	4	->	5	6	6	0.716140	False	0.312462	0.750000	0.002000	
2025-09-09 10:06:57.624	continuous	9796	5	->		6	6	0.667437	False	0.435598	0.750000	0.002000	
2025-09-09 10:06:57.624	continuous	9797	5	->		6	6	0.669824	False	0.426117	0.750000	0.002000	
2025-09-09 10:06:57.624	continuous	9798	4	->		5	6	0.670734	False	1.131175	0.750000	0.002000	
2025-09-09 10:06:57.624	continuous	9799	4	->	5	6	6	0.718525	False	0.306853	0.750000	0.002000	
2025-09-09 10:06:57.625	continuous	9800	3	->	4	5	5	0.554577	False	0.648651	0.750000	0.002000	
2025-09-09 10:06:57.625	continuous	9801	4	->		5	6	0.666441	False	1.086550	0.750000	0.002000	
2025-09-09 10:06:57.625	continuous	9802	2	->	3	4	4	0.739398	False	0.241000	0.750000	0.002000	
2025-09-09 10:06:57.625	continuous	9803	4	->	5	6	6	0.713107	False	0.321828	0.750000	0.002000	
2025-09-09 10:06:57.625	continuous	9804	5	->		6	6	0.665248	False	0.447618	0.750000	0.002000	
2025-09-09 10:06:57.625	continuous	9805	4	->	5	6	6	0.718136	False	0.308556	0.750000	0.002000	
2025-09-09 10:06:57.626	continuous	9806	5	->		6	6	0.669324	False	0.430641	0.750000	0.002000	
2025-09-09 10:06:57.626	continuous	9807	4	->	5	6	6	0.723105	False	0.296145	0.750000	0.002000	
2025-09-09 10:06:57.626	continuous	9808	4	->	5	6	6	0.725269	False	0.290944	0.750000	0.002000	
2025-09-09 10:06:57.626	continuous	9809	5	->		6	6	0.675187	False	0.408243	0.750000	0.002000	
2025-09-09 10:06:57.626	continuous	9810	4	->	5	6	6	0.730135	False	0.279645	0.750000	0.002000	
2025-09-09 10:06:57.626	continuous	9811	4	->	5	6	6	0.732242	False	0.274921	0.750000	0.002000	
2025-09-09 10:06:57.627	continuous	9812	2	->	3	4	4	0.744798	False	0.225736	0.750000	0.002000	
2025-09-09 10:06:57.627	continuous	9813	3	->	4	5	5	0.549868	False	0.695977	0.750000	0.002000	
2025-09-09 10:06:57.627	continuous	9814	2	->	3	4	4	0.747077	False	0.223486	0.750000	0.002000	
2025-09-09 10:06:57.627	continuous	9815	3	->	4	5	5	0.550422	False	0.683146	0.750000	0.002000	
2025-09-09 10:06:57.627	continuous	9816	4	->	5	6	6	0.728747	False	0.283302	0.750000	0.002000	
2025-09-09 10:06:57.627	continuous	9817	1	->	2	3	5	0.540910	False	3.469645	0.750000	0.002000	
2025-09-09 10:06:57.628	continuous	9818	4	->	5	6	6	0.730071	False	0.277598	0.750000	0.002000	
2025-09-09 10:06:57.628	continuous	9819	4	->	5	6	6	0.732177	False	0.272942	0.750000	0.002000	
2025-09-09 10:06:57.628	continuous	9820	5	->		6	6	0.679817	False	0.386819	0.750000	0.002000	
2025-09-09 10:06:57.628	continuous	9821	4	->		5	6	0.679701	False	1.211786	0.750000	0.002000	
2025-09-09 10:06:57.628	continuous	9822	5	->		6	6	0.677295	False	0.396302	0.750000	0.002000	
2025-09-09 10:06:57.629	continuous	9823	5	->		6	6	0.679740	False	0.388128	0.750000	0.002000	
2025-09-09 10:06:57.629	continuous	9824	4	->	5	6	6	0.736452	False	0.264171	0.750000	0.002000	
2025-09-09 10:06:57.629	continuous	9825	5	->		6	6	0.683926	False	0.374695	0.750000	0.002000	
2025-09-09 10:06:57.629	continuous	9826	4	->	5	6	6	0.741122	False	0.254506	0.750000	0.002000	
2025-09-09 10:06:57.629	continuous	9827	4	->		5	6	0.684966	False	1.248456	0.750000	0.002000	
2025-09-09 10:06:57.629	continuous	9828	4	->		5	6	0.679659	False	1.206510	0.750000	0.002000	
2025-09-09 10:06:57.630	continuous	9829	4	->		5	6	0.674711	False	1.166127	0.750000	0.002000	
2025-09-09 10:06:57.630	continuous	9830	4	->	5	6	6	0.725637	False	0.289665	0.750000	0.002000	
2025-09-09 10:06:57.630	continuous	9831	4	->	5	6	6	0.727792	False	0.284629	0.750000	0.002000	
2025-09-09 10:06:57.630	continuous	9832	4	->	5	6	6	0.729930	False	0.279738	0.750000	0.002000	
2025-09-09 10:06:57.630	continuous	9833	5	->		6	6	0.678465	False	0.395270	0.750000	0.002000	
2025-09-09 10:06:57.630	continuous	9834	4	->	5	6	6	0.734747	False	0.269072	0.750000	0.002000	
2025-09-09 10:06:57.631	continuous	9835	4	->	5	6	6	0.736823	False	0.264622	0.750000	0.002000	
2025-09-09 10:06:57.631	continuous	9836	4	->	5	6	6	0.738879	False	0.260296	0.750000	0.002000	
2025-09-09 10:06:57.631	continuous	9837	3	->	4	5	5	0.549143	False	0.704453	0.750000	0.002000	
2025-09-09 10:06:57.631	continuous	9838	4	->	5	6	6	0.737983	False	0.262923	0.750000	0.002000	
2025-09-09 10:06:57.631	continuous	9839	5	->		6	6	0.685401	False	0.374346	0.750000	0.002000	
2025-09-09 10:06:57.631	continuous	9840	5	->		6	6	0.687844	False	0.366823	0.750000	0.002000	
2025-09-09 10:06:57.632	continuous	9841	4	->		5	6	0.686359	False	1.246034	0.750000	0.002000	
2025-09-09 10:06:57.632	continuous	9842	2	->	3	4	4	0.743730	False	0.227422	0.750000	0.002000	
2025-09-09 10:06:57.632	continuous	9843	3	->	4	5	5	0.549931	False	0.692492	0.750000	0.002000	
2025-09-09 10:06:57.632	continuous	9844	3	->	4	5	5	0.552370	False	0.673925	0.750000	0.002000	
2025-09-09 10:06:57.632	continuous	9845	5	->		6	6	0.680094	False	0.395060	0.750000	0.002000	
2025-09-09 10:06:57.632	continuous	9846	5	->		6	6	0.682537	False	0.386807	0.750000	0.002000	
2025-09-09 10:06:57.633	continuous	9847	5	->		6	6	0.684979	False	0.378835	0.750000	0.002000	
2025-09-09 10:06:57.633	continuous	9848	4	->	5	6	6	0.741583	False	0.256696	0.750000	0.002000	
2025-09-09 10:06:57.633	continuous	9849	5	->		6	6	0.689152	False	0.365753	0.750000	0.002000	
2025-09-09 10:06:57.633	continuous	9850	3	->		4	4	0.541950	False	0.851391	0.750000	0.002000	
2025-09-09 10:06:57.633	continuous	9851	5	->		6	6	0.690032	False	0.359228	0.750000	0.002000	
2025-09-09 10:06:57.633	continuous	9852	4	->	5	6	6	0.747896	False	0.242572	0.750000	0.002000	
2025-09-09 10:06:57.634	continuous	9853	4	->	5	6	6	0.749851	False	0.238818	0.750000	0.002000	
2025-09-09 10:06:57.634	continuous	9854	3	->	4	5	5	0.546179	False	0.733943	0.750000	0.002000	
2025-09-09 10:06:57.634	continuous	9855	4	->	5	6	6	0.748683	False	0.241721	0.750000	0.002000	
2025-09-09 10:06:57.634	continuous	9856	4	->	5	6	6	0.750636	False	0.237976	0.750000	0.002000	
2025-09-09 10:06:57.634	continuous	9857	5	->		6	6	0.696582	False	0.342131	0.750000	0.002000	
2025-09-09 10:06:57.634	continuous	9858	4	->		5	6	0.693987	False	1.300967	0.750000	0.002000	
2025-09-09 10:06:57.635	continuous	9859	5	->		6	6	0.693268	False	0.352237	0.750000	0.002000	
2025-09-09 10:06:57.635	continuous	9860	5	->		6	6	0.695704	False	0.345368	0.750000	0.002000	
2025-09-09 10:06:57.635	continuous	9861	3	->	4	5	5	0.548236	False	0.728601	0.750000	0.002000	
2025-09-09 10:06:57.635	continuous	9862	4	->	5	6	6	0.750653	False	0.238921	0.750000	0.002000	
2025-09-09 10:06:57.635	continuous	9863	3	->	4	5	5	0.550075	False	0.714911	0.750000	0.002000	
2025-09-09 10:06:57.635	continuous	9864	2	->	3	4	4	0.746114	False	0.224777	0.750000	0.002000	
2025-09-09 10:06:57.636	continuous	9865	2	->	3	4	4	0.751060	False	0.216821	0.750000	0.002000	
2025-09-09 10:06:57.636	continuous	9866	4	->	5	6	6	0.749530	False	0.240832	0.750000	0.002000	
2025-09-09 10:06:57.636	continuous	9867	4	->	5	6	6	0.751485	False	0.237088	0.750000	0.002000	
2025-09-09 10:06:57.636	continuous	9868	3	->	4	5	5	0.548082	False	0.719452	0.750000	0.002000	
2025-09-09 10:06:57.636	continuous	9869	5	->		6	6	0.694604	False	0.350656	0.750000	0.002000	
2025-09-09 10:06:57.636	continuous	9870	5	->		6	6	0.697043	False	0.343789	0.750000	0.002000	
2025-09-09 10:06:57.637	continuous	9871	4	->	5	6	6	0.755418	False	0.230324	0.750000	0.002000	
2025-09-09 10:06:57.637	continuous	9872	5	->		6	6	0.701162	False	0.332577	0.750000	0.002000	
2025-09-09 10:06:57.637	continuous	9873	4	->	5	6	6	0.759774	False	0.222400	0.750000	0.002000	
2025-09-09 10:06:57.637	continuous	9874	5	->		6	6	0.705239	False	0.321968	0.750000	0.002000	
2025-09-09 10:06:57.637	continuous	9875	5	->		6	6	0.707619	False	0.315998	0.750000	0.002000	
2025-09-09 10:06:57.637	continuous	9876	5	->		6	6	0.709983	False	0.310209	0.750000	0.002000	
2025-09-09 10:06:57.638	continuous	9877	4	->	5	6	6	0.768725	False	0.206916	0.750000	0.002000	
2025-09-09 10:06:57.638	continuous	9878	5	->		6	6	0.713950	False	0.300765	0.750000	0.002000	
2025-09-09 10:06:57.638	continuous	9879	5	->		6	6	0.716265	False	0.295430	0.750000	0.002000	
2025-09-09 10:06:57.638	continuous	9880	3	->	4	5	5	0.548833	False	0.790295	0.750000	0.002000	
2025-09-09 10:06:57.638	continuous	9881	4	->	5	6	6	0.771482	False	0.202832	0.750000	0.002000	
2025-09-09 10:06:57.638	continuous	9882	5	->		6	6	0.716769	False	0.295382	0.750000	0.002000	
2025-09-09 10:06:57.639	continuous	9883	5	->		6	6	0.719065	False	0.290187	0.750000	0.002000	
2025-09-09 10:06:57.639	continuous	9884	5	->		6	6	0.721341	False	0.285143	0.750000	0.002000	
2025-09-09 10:06:57.639	continuous	9885	3	->	4	5	5	0.550453	False	0.799563	0.750000	0.002000	
2025-09-09 10:06:57.639	continuous	9886	3	->	4	5	5	0.551527	False	0.775846	0.750000	0.002000	
2025-09-09 10:06:57.639	continuous	9887	3	->		4	4	0.538438	False	0.853035	0.750000	0.002000	
2025-09-09 10:06:57.639	continuous	9888	4	->	5	6	6	0.771858	False	0.202129	0.750000	0.002000	
2025-09-09 10:06:57.640	continuous	9889	4	->		5	6	0.709787	False	1.400908	0.750000	0.002000	
2025-09-09 10:06:57.640	continuous	9890	5	->		6	6	0.710318	False	0.310892	0.750000	0.002000	
2025-09-09 10:06:57.640	continuous	9891	5	->		6	6	0.712680	False	0.305206	0.750000	0.002000	
2025-09-09 10:06:57.640	continuous	9892	4	->	5	6	6	0.771460	False	0.203050	0.750000	0.002000	
2025-09-09 10:06:57.640	continuous	9893	5	->		6	6	0.716632	False	0.295950	0.750000	0.002000	
2025-09-09 10:06:57.640	continuous	9894	4	->		5	6	0.711437	False	1.410491	0.750000	0.002000	
2025-09-09 10:06:57.641	continuous	9895	5	->		6	6	0.712421	False	0.306445	0.750000	0.002000	
2025-09-09 10:06:57.641	continuous	9896	4	->	5	6	6	0.770953	False	0.204156	0.750000	0.002000	
2025-09-09 10:06:57.641	continuous	9897	4	->	5	6	6	0.772686	False	0.201302	0.750000	0.002000	
2025-09-09 10:06:57.641	continuous	9898	4	->	5	6	6	0.774398	False	0.198516	0.750000	0.002000	
2025-09-09 10:06:57.641	continuous	9899	5	->		6	6	0.719578	False	0.289793	0.750000	0.002000	
2025-09-09 10:06:57.641	continuous	9900	5	->		6	6	0.721863	False	0.284729	0.750000	0.002000	
2025-09-09 10:06:57.642	continuous	9901	4	->	5	6	6	0.780496	False	0.188852	0.750000	0.002000	
2025-09-09 10:06:57.642	continuous	9902	4	->	5	6	6	0.782114	False	0.186359	0.750000	0.002000	
2025-09-09 10:06:57.642	continuous	9903	4	->	5	6	6	0.783712	False	0.183923	0.750000	0.002000	
2025-09-09 10:06:57.642	continuous	9904	4	->		5	6	0.720789	False	1.474180	0.750000	0.002000	
2025-09-09 10:06:57.642	continuous	9905	5	->		6	6	0.721868	False	0.285226	0.750000	0.002000	
2025-09-09 10:06:57.642	continuous	9906	3	->		4	4	0.539660	False	0.814446	0.750000	0.002000	
2025-09-09 10:06:57.643	continuous	9907	4	->		5	6	0.714248	False	1.437859	0.750000	0.002000	
2025-09-09 10:06:57.643	continuous	9908	5	->		6	6	0.715929	False	0.296800	0.750000	0.002000	
2025-09-09 10:06:57.643	continuous	9909	3	->	4	5	5	0.544409	False	0.772788	0.750000	0.002000	
2025-09-09 10:06:57.643	continuous	9910	4	->	5	6	6	0.771630	False	0.203091	0.750000	0.002000	
2025-09-09 10:06:57.643	continuous	9911	5	->		6	6	0.716660	False	0.296280	0.750000	0.002000	
2025-09-09 10:06:57.643	continuous	9912	5	->		6	6	0.718984	False	0.291000	0.750000	0.002000	
2025-09-09 10:06:57.644	continuous	9913	4	->	5	6	6	0.777866	False	0.193017	0.750000	0.002000	
2025-09-09 10:06:57.644	continuous	9914	5	->		6	6	0.722860	False	0.282413	0.750000	0.002000	
2025-09-09 10:06:57.644	continuous	9915	5	->		6	6	0.725126	False	0.277542	0.750000	0.002000	
2025-09-09 10:06:57.644	continuous	9916	4	->	5	6	6	0.783844	False	0.183762	0.750000	0.002000	
2025-09-09 10:06:57.644	continuous	9917	4	->	5	6	6	0.785426	False	0.181377	0.750000	0.002000	
2025-09-09 10:06:57.645	continuous	9918	2	->		3	4	0.592981	False	3.573589	0.750000	0.002000	
2025-09-09 10:06:57.645	continuous	9919	4	->		5	6	0.721494	False	1.488167	0.750000	0.002000	
2025-09-09 10:06:57.645	continuous	9920	3	->	4	5	5	0.545410	False	0.782116	0.750000	0.002000	
2025-09-09 10:06:57.645	continuous	9921	3	->	4	5	5	0.546888	False	0.759420	0.750000	0.002000	
2025-09-09 10:06:57.645	continuous	9922	3	->	4	5	5	0.548596	False	0.737628	0.750000	0.002000	
2025-09-09 10:06:57.645	continuous	9923	4	->	5	6	6	0.770097	False	0.206502	0.750000	0.002000	
2025-09-09 10:06:57.646	continuous	9924	4	->	5	6	6	0.771862	False	0.203553	0.750000	0.002000	
2025-09-09 10:06:57.646	continuous	9925	2	->	3	4	4	0.747093	False	0.222187	0.750000	0.002000	
2025-09-09 10:06:57.646	continuous	9926	3	->	4	5	5	0.548411	False	0.734055	0.750000	0.002000	
2025-09-09 10:06:57.646	continuous	9927	4	->	5	6	6	0.770389	False	0.206169	0.750000	0.002000	
2025-09-09 10:06:57.646	continuous	9928	5	->		6	6	0.715475	False	0.301567	0.750000	0.002000	
2025-09-09 10:06:57.646	continuous	9929	5	->		6	6	0.717822	False	0.296080	0.750000	0.002000	
2025-09-09 10:06:57.647	continuous	9930	3	->	4	5	5	0.549785	False	0.735855	0.750000	0.002000	
2025-09-09 10:06:57.647	continuous	9931	4	->	5	6	6	0.773462	False	0.201522	0.750000	0.002000	
2025-09-09 10:06:57.647	continuous	9932	5	->		6	6	0.718596	False	0.295356	0.750000	0.002000	
2025-09-09 10:06:57.647	continuous	9933	4	->	5	6	6	0.777473	False	0.194994	0.750000	0.002000	
2025-09-09 10:06:57.647	continuous	9934	4	->	5	6	6	0.779158	False	0.192310	0.750000	0.002000	
2025-09-09 10:06:57.647	continuous	9935	3	->	4	5	5	0.551149	False	0.740379	0.750000	0.002000	
2025-09-09 10:06:57.648	continuous	9936	3	->	4	5	5	0.552930	False	0.719035	0.750000	0.002000	
2025-09-09 10:06:57.648	continuous	9937	5	->		6	6	0.717687	False	0.299596	0.750000	0.002000	
2025-09-09 10:06:57.648	continuous	9938	3	->	4	5	5	0.554606	False	0.706849	0.750000	0.002000	
2025-09-09 10:06:57.648	continuous	9939	5	->		6	6	0.716949	False	0.302431	0.750000	0.002000	
2025-09-09 10:06:57.648	continuous	9940	4	->	5	6	6	0.775642	False	0.199263	0.750000	0.002000	
2025-09-09 10:06:57.648	continuous	9941	3	->	4	5	5	0.556119	False	0.700780	0.750000	0.002000	
2025-09-09 10:06:57.649	continuous	9942	4	->	5	6	6	0.774148	False	0.202169	0.750000	0.002000	
2025-09-09 10:06:57.649	continuous	9943	4	->	5	6	6	0.775899	False	0.199270	0.750000	0.002000	
2025-09-09 10:06:57.649	continuous	9944	4	->		5	6	0.710766	False	1.370771	0.750000	0.002000	
2025-09-09 10:06:57.649	continuous	9945	4	->		5	6	0.704187	False	1.321036	0.750000	0.002000	
2025-09-09 10:06:57.649	continuous	9946	3	->		4	5	0.551718	False	0.884762	0.750000	0.002000	
2025-09-09 10:06:57.649	continuous	9947	4	->		5	6	0.696607	False	1.276054	0.750000	0.002000	
2025-09-09 10:06:57.650	continuous	9948	2	->	3	4	4	0.746877	False	0.232484	0.750000	0.002000	
2025-09-09 10:06:57.650	continuous	9949	4	->		5	6	0.690535	False	1.233299	0.750000	0.002000	
2025-09-09 10:06:57.650	continuous	9950	4	->	5	6	6	0.750568	False	0.244721	0.750000	0.002000	
2025-09-09 10:06:57.650	continuous	9951	5	->		6	6	0.697208	False	0.354745	0.750000	0.002000	
2025-09-09 10:06:57.651	continuous	9952	5	->		6	6	0.699696	False	0.347445	0.750000	0.002000	
2025-09-09 10:06:57.651	continuous	9953	2	->	3	4	4	0.751350	False	0.224845	0.750000	0.002000	
2025-09-09 10:06:57.651	continuous	9954	3	->	4	5	5	0.554863	False	0.641025	0.750000	0.002000	
2025-09-09 10:06:57.651	continuous	9955	5	->		6	6	0.699629	False	0.347961	0.750000	0.002000	
2025-09-09 10:06:57.651	continuous	9956	5	->		6	6	0.702110	False	0.340879	0.750000	0.002000	
2025-09-09 10:06:57.651	continuous	9957	4	->	5	6	6	0.760330	False	0.226102	0.750000	0.002000	
2025-09-09 10:06:57.652	continuous	9958	4	->	5	6	6	0.762262	False	0.222562	0.750000	0.002000	
2025-09-09 10:06:57.652	continuous	9959	2	->	3	4	4	0.753591	False	0.220295	0.750000	0.002000	
2025-09-09 10:06:57.652	continuous	9960	5	->		6	6	0.707842	False	0.324214	0.750000	0.002000	
2025-09-09 10:06:57.652	continuous	9961	4	->	5	6	6	0.766704	False	0.214263	0.750000	0.002000	
2025-09-09 10:06:57.652	continuous	9962	4	->	5	6	6	0.768555	False	0.211043	0.750000	0.002000	
2025-09-09 10:06:57.653	continuous	9963	4	->		5	6	0.701734	False	1.318018	0.750000	0.002000	
2025-09-09 10:06:57.653	continuous	9964	4	->		5	6	0.695520	False	1.270398	0.750000	0.002000	
2025-09-09 10:06:57.653	continuous	9965	4	->		5	6	0.689688	False	1.224601	0.750000	0.002000	
2025-09-09 10:06:57.653	continuous	9966	4	->	5	6	6	0.750726	False	0.245107	0.750000	0.002000	
2025-09-09 10:06:57.653	continuous	9967	5	->		6	6	0.697656	False	0.354714	0.750000	0.002000	
2025-09-09 10:06:57.653	continuous	9968	5	->		6	6	0.700150	False	0.347381	0.750000	0.002000	
2025-09-09 10:06:57.654	continuous	9969	5	->		6	6	0.702633	False	0.340296	0.750000	0.002000	
2025-09-09 10:06:57.654	continuous	9970	5	->		6	6	0.705104	False	0.333446	0.750000	0.002000	
2025-09-09 10:06:57.654	continuous	9971	3	->		4	4	0.559147	False	0.803604	0.750000	0.002000	
2025-09-09 10:06:57.654	continuous	9972	4	->	5	6	6	0.762501	False	0.221429	0.750000	0.002000	
2025-09-09 10:06:57.654	continuous	9973	2	->	3	4	4	0.767619	False	0.198802	0.750000	0.002000	
2025-09-09 10:06:57.654	continuous	9974	4	->		5	6	0.694673	False	1.277687	0.750000	0.002000	
2025-09-09 10:06:57.655	continuous	9975	4	->	5	6	6	0.757851	False	0.229920	0.750000	0.002000	
2025-09-09 10:06:57.655	continuous	9976	4	->		5	6	0.690265	False	1.243312	0.750000	0.002000	
2025-09-09 10:06:57.655	continuous	9977	2	->		3	4	0.616906	False	3.634045	0.750000	0.002000	
2025-09-09 10:06:57.655	continuous	9978	4	->		5	6	0.684810	False	1.208300	0.750000	0.002000	
2025-09-09 10:06:57.655	continuous	9979	3	->	4	5	5	0.553764	False	0.612948	0.750000	0.002000	
2025-09-09 10:06:57.655	continuous	9980	3	->	4	5	5	0.557110	False	0.597334	0.750000	0.002000	
2025-09-09 10:06:57.656	continuous	9981	5	->		6	6	0.688775	False	0.381126	0.750000	0.002000	
2025-09-09 10:06:57.656	continuous	9982	5	->		6	6	0.691295	False	0.372879	0.750000	0.002000	
2025-09-09 10:06:57.656	continuous	9983	5	->		6	6	0.693812	False	0.364921	0.750000	0.002000	
2025-09-09 10:06:57.656	continuous	9984	3	->		4	4	0.564644	False	0.792224	0.750000	0.002000	
2025-09-09 10:06:57.656	continuous	9985	4	->	5	6	6	0.750295	False	0.243944	0.750000	0.002000	
2025-09-09 10:06:57.656	continuous	9986	4	->		5	6	0.682701	False	1.192122	0.750000	0.002000	
2025-09-09 10:06:57.657	continuous	9987	3	->	4	5	5	0.554178	False	0.604589	0.750000	0.002000	
2025-09-09 10:06:57.657	continuous	9988	4	->	5	6	6	0.743729	False	0.258454	0.750000	0.002000	
2025-09-09 10:06:57.657	continuous	9989	3	->	4	5	5	0.556754	False	0.594932	0.750000	0.002000	
2025-09-09 10:06:57.657	continuous	9990	4	->	5	6	6	0.743526	False	0.259614	0.750000	0.002000	
2025-09-09 10:06:57.657	continuous	9991	5	->		6	6	0.691255	False	0.373508	0.750000	0.002000	
2025-09-09 10:06:57.657	continuous	9992	3	->	4	5	5	0.558063	False	0.593529	0.750000	0.002000	
2025-09-09 10:06:57.658	continuous	9993	5	->		6	6	0.691827	False	0.373429	0.750000	0.002000	
2025-09-09 10:06:57.658	continuous	9994	5	->		6	6	0.694351	False	0.365394	0.750000	0.002000	
2025-09-09 10:06:57.658	continuous	9995	5	->		6	6	0.696871	False	0.357639	0.750000	0.002000	
2025-09-09 10:06:57.658	continuous	9996	4	->	5	6	6	0.754154	False	0.238552	0.750000	0.002000	
2025-09-09 10:06:57.658	continuous	9997	4	->	5	6	6	0.756187	False	0.234616	0.750000	0.002000	
2025-09-09 10:06:57.658	continuous	9998	5	->		6	6	0.702873	False	0.340048	0.750000	0.002000	
2025-09-09 10:06:57.659	continuous	9999	4	->	5	6	6	0.760781	False	0.225949	0.750000	0.002000	
