timestamp	phase	step	addend1	operator	addend2	target	predicted	confidence	used_finger_counting	loss	confidence_criterion	learning_rate	finger_phase
2025-09-08 16:22:16.173	finger_counting	0	1	->		2	10	0.0000	True	2.488776	0.900	0.005000	phase2_add
2025-09-08 16:22:16.173	finger_counting	1	2	->		3	8	0.0000	True	2.482161	0.900	0.005000	phase2_add
2025-09-08 16:22:16.174	finger_counting	2	1	->		2	10	0.0000	True	2.488605	0.900	0.005000	phase3_verify
2025-09-08 16:22:16.174	finger_counting	3	2	->		3	3	0.0000	True	2.482054	0.900	0.005000	phase3_verify
2025-09-08 16:22:16.174	finger_counting	4	1	->		2	10	0.0000	True	2.488434	0.900	0.005000	phase1_setup
2025-09-08 16:22:16.175	finger_counting	5	2	->		3	3	0.0000	True	2.481948	0.900	0.005000	phase2_add
2025-09-08 16:22:16.175	finger_counting	6	3	->		4	8	0.0000	True	2.486436	0.900	0.005000	phase2_add
2025-09-08 16:22:16.175	finger_counting	7	1	->		2	10	0.0000	True	2.488291	0.900	0.005000	phase3_verify
2025-09-08 16:22:16.175	finger_counting	8	2	->		3	3	0.0000	True	2.481855	0.900	0.005000	phase3_verify
2025-09-08 16:22:16.176	finger_counting	9	3	->		4	8	0.0000	True	2.486253	0.900	0.005000	phase3_verify
2025-09-08 16:22:16.176	finger_counting	10	1	->		2	10	0.0000	True	2.488149	0.900	0.005000	phase1_setup
2025-09-08 16:22:16.176	finger_counting	11	2	->		3	3	0.0000	True	2.481759	0.900	0.005000	phase1_setup
2025-09-08 16:22:16.176	finger_counting	12	3	->		4	8	0.0000	True	2.486072	0.900	0.005000	phase2_add
2025-09-08 16:22:16.177	finger_counting	13	4	->		5	8	0.0000	True	2.482012	0.900	0.005000	phase2_add
2025-09-08 16:22:16.177	finger_counting	14	1	->		2	10	0.0000	True	2.488022	0.900	0.005000	phase3_verify
2025-09-08 16:22:16.177	finger_counting	15	2	->		3	3	0.0000	True	2.481657	0.900	0.005000	phase3_verify
2025-09-08 16:22:16.177	finger_counting	16	3	->		4	8	0.0000	True	2.485966	0.900	0.005000	phase3_verify
2025-09-08 16:22:16.178	finger_counting	17	4	->		5	8	0.0000	True	2.481914	0.900	0.005000	phase3_verify
2025-09-08 16:22:16.178	finger_counting	18	1	->		2	10	0.0000	True	2.487895	0.900	0.005000	phase1_setup
2025-09-08 16:22:16.178	finger_counting	19	2	->		3	3	0.0000	True	2.481555	0.900	0.005000	phase1_setup
2025-09-08 16:22:16.179	finger_counting	20	3	->		4	8	0.0000	True	2.485883	0.900	0.005000	phase1_setup
2025-09-08 16:22:16.179	finger_counting	21	4	->		5	8	0.0000	True	2.481811	0.900	0.005000	phase2_add
2025-09-08 16:22:16.179	finger_counting	22	1	->		2	10	0.0000	True	2.487768	0.900	0.005000	phase3_verify
2025-09-08 16:22:16.179	finger_counting	23	2	->		3	3	0.0000	True	2.481446	0.900	0.005000	phase3_verify
2025-09-08 16:22:16.180	finger_counting	24	3	->		4	8	0.0000	True	2.485800	0.900	0.005000	phase3_verify
2025-09-08 16:22:16.180	finger_counting	25	4	->		5	8	0.0000	True	2.481701	0.900	0.005000	phase3_verify
2025-09-08 16:22:16.180	finger_counting	26	1	->		2	10	0.0000	True	2.487641	0.900	0.005000	phase1_setup
2025-09-08 16:22:16.181	finger_counting	27	2	->		3	3	0.0000	True	2.481340	0.900	0.005000	phase1_setup
2025-09-08 16:22:16.181	finger_counting	28	3	->		4	8	0.0000	True	2.485718	0.900	0.005000	phase1_setup
2025-09-08 16:22:16.181	finger_counting	29	4	->		5	8	0.0000	True	2.481597	0.900	0.005000	phase1_setup
2025-09-08 16:22:16.181	finger_counting	30	1	->		2	10	0.0000	True	2.487512	0.900	0.005000	phase3_verify
2025-09-08 16:22:16.182	finger_counting	31	2	->		3	3	0.0000	True	2.481236	0.900	0.005000	phase3_verify
2025-09-08 16:22:16.182	finger_counting	32	3	->		4	8	0.0000	True	2.485636	0.900	0.005000	phase3_verify
2025-09-08 16:22:16.182	finger_counting	33	4	->		5	8	0.0000	True	2.481494	0.900	0.005000	phase3_verify
2025-09-08 16:22:16.183	continuous	34	1	->		2	10	0.0000	True	2.487387	0.900	0.005000	
2025-09-08 16:22:16.183	continuous	35	1	->	2	3	10	0.0000	True	2.486776	0.900	0.005000	
2025-09-08 16:22:16.183	continuous	36	1	->	2	3	10	0.0000	True	2.486590	0.900	0.004999	
2025-09-08 16:22:16.183	continuous	37	1	->	2	3	10	0.0000	True	2.486403	0.900	0.004999	
2025-09-08 16:22:16.184	continuous	38	1	->	2	3	10	0.0000	True	2.486217	0.900	0.004998	
2025-09-08 16:22:16.184	continuous	39	1	->	2	3	10	0.0000	True	2.486031	0.900	0.004998	
2025-09-08 16:22:16.184	continuous	40	1	->		2	10	0.0000	True	2.487534	0.899	0.004997	
2025-09-08 16:22:16.184	continuous	41	1	->		2	10	0.0000	True	2.487344	0.899	0.004997	
2025-09-08 16:22:16.185	continuous	42	2	->		3	3	0.0000	True	2.480867	0.899	0.004996	
2025-09-08 16:22:16.185	continuous	43	1	->	2	3	10	0.0000	True	2.485918	0.899	0.004996	
2025-09-08 16:22:16.185	continuous	44	2	->		3	3	0.0000	True	2.480673	0.899	0.004995	
2025-09-08 16:22:16.185	continuous	45	2	->		3	3	0.0000	True	2.480540	0.899	0.004995	
2025-09-08 16:22:16.185	continuous	46	1	->	2	3	10	0.0000	True	2.485608	0.899	0.004994	
2025-09-08 16:22:16.186	continuous	47	2	->	3	4	3	0.0000	True	2.488905	0.899	0.004994	
2025-09-08 16:22:16.186	continuous	48	1	->		2	10	0.0000	True	2.487386	0.899	0.004993	
2025-09-08 16:22:16.186	continuous	49	1	->		2	10	0.0000	True	2.487191	0.899	0.004993	
2025-09-08 16:22:16.186	continuous	50	1	->	2	3	10	0.0000	True	2.485575	0.899	0.004992	
2025-09-08 16:22:16.186	continuous	51	1	->		2	10	0.0000	True	2.487066	0.898	0.004992	
2025-09-08 16:22:16.187	continuous	52	1	->		2	10	0.0000	True	2.486876	0.898	0.004991	
2025-09-08 16:22:16.187	continuous	53	1	->	2	3	10	0.0000	True	2.485524	0.898	0.004991	
2025-09-08 16:22:16.187	continuous	54	2	->		3	3	0.0000	True	2.480399	0.898	0.004990	
2025-09-08 16:22:16.187	continuous	55	2	->		3	3	0.0000	True	2.480266	0.898	0.004990	
2025-09-08 16:22:16.187	continuous	56	1	->	2	3	10	0.0000	True	2.485213	0.898	0.004989	
2025-09-08 16:22:16.188	continuous	57	1	->	2	3	10	0.0000	True	2.485027	0.898	0.004989	
2025-09-08 16:22:16.188	continuous	58	2	->	3	4	3	0.0000	True	2.488891	0.898	0.004988	
2025-09-08 16:22:16.188	continuous	59	1	->		2	10	0.0000	True	2.486956	0.898	0.004988	
2025-09-08 16:22:16.188	continuous	60	2	->		3	3	0.0000	True	2.480112	0.898	0.004987	
2025-09-08 16:22:16.189	continuous	61	1	->	2	3	10	0.0000	True	2.484864	0.898	0.004987	
2025-09-08 16:22:16.189	continuous	62	3	->		4	8	0.0000	True	2.485933	0.897	0.004986	
2025-09-08 16:22:16.189	continuous	63	2	->		3	3	0.0000	True	2.479943	0.897	0.004986	
2025-09-08 16:22:16.189	continuous	64	2	->		3	3	0.0000	True	2.479810	0.897	0.004985	
2025-09-08 16:22:16.189	continuous	65	2	->		3	3	0.0000	True	2.479676	0.897	0.004985	
2025-09-08 16:22:16.190	continuous	66	1	->	2	3	10	0.0000	True	2.484521	0.897	0.004984	
2025-09-08 16:22:16.190	continuous	67	1	->		2	10	0.0000	True	2.487023	0.897	0.004984	
2025-09-08 16:22:16.190	continuous	68	2	->		3	3	0.0000	True	2.479506	0.897	0.004983	
2025-09-08 16:22:16.190	continuous	69	1	->		2	10	0.0000	True	2.486855	0.897	0.004983	
2025-09-08 16:22:16.190	continuous	70	1	->	2	3	10	0.0000	True	2.484412	0.897	0.004982	
2025-09-08 16:22:16.191	continuous	71	2	->		3	3	0.0000	True	2.479336	0.897	0.004982	
2025-09-08 16:22:16.191	continuous	72	1	->	2	3	10	0.0000	True	2.484166	0.897	0.004981	
2025-09-08 16:22:16.191	continuous	73	2	->		3	3	0.0000	True	2.479140	0.896	0.004981	
2025-09-08 16:22:16.191	continuous	74	2	->		3	3	0.0000	True	2.479005	0.896	0.004980	
2025-09-08 16:22:16.191	continuous	75	2	->		3	3	0.0000	True	2.478869	0.896	0.004980	
2025-09-08 16:22:16.192	continuous	76	2	->		3	3	0.0000	True	2.478733	0.896	0.004979	
2025-09-08 16:22:16.192	continuous	77	1	->	2	3	10	0.0000	True	2.483689	0.896	0.004979	
2025-09-08 16:22:16.192	continuous	78	2	->		3	3	0.0000	True	2.478520	0.896	0.004978	
2025-09-08 16:22:16.192	continuous	79	2	->		3	3	0.0000	True	2.478384	0.896	0.004978	
2025-09-08 16:22:16.192	continuous	80	1	->	2	3	10	0.0000	True	2.483306	0.896	0.004977	
2025-09-08 16:22:16.193	continuous	81	2	->		3	3	0.0000	True	2.478166	0.896	0.004977	
2025-09-08 16:22:16.193	continuous	82	2	->		3	3	0.0000	True	2.478035	0.896	0.004976	
2025-09-08 16:22:16.193	continuous	83	2	->		3	3	0.0000	True	2.477904	0.896	0.004976	
2025-09-08 16:22:16.193	continuous	84	1	->	2	3	10	0.0000	True	2.482838	0.896	0.004975	
2025-09-08 16:22:16.193	continuous	85	1	->		2	3	0.0000	True	2.487226	0.895	0.004975	
2025-09-08 16:22:16.194	continuous	86	1	->	2	3	10	0.0000	True	2.482692	0.895	0.004974	
2025-09-08 16:22:16.194	continuous	87	1	->		2	3	0.0000	True	2.487104	0.895	0.004974	
2025-09-08 16:22:16.194	continuous	88	1	->	2	3	10	0.0000	True	2.482547	0.895	0.004973	
2025-09-08 16:22:16.194	continuous	89	2	->	3	4	3	0.0000	True	2.490014	0.895	0.004973	
2025-09-08 16:22:16.195	continuous	90	1	->	2	3	10	0.0000	True	2.482369	0.895	0.004972	
2025-09-08 16:22:16.195	continuous	91	1	->		2	3	0.0000	True	2.487074	0.895	0.004972	
2025-09-08 16:22:16.195	continuous	92	3	->		4	3	0.0000	True	2.486899	0.895	0.004971	
2025-09-08 16:22:16.195	continuous	93	1	->		2	3	0.0000	True	2.486910	0.895	0.004971	
2025-09-08 16:22:16.195	continuous	94	2	->		3	3	0.0000	True	2.477667	0.895	0.004970	
2025-09-08 16:22:16.196	continuous	95	2	->		3	3	0.0000	True	2.477532	0.895	0.004970	
2025-09-08 16:22:16.196	continuous	96	1	->	2	3	10	0.0000	True	2.482183	0.894	0.004969	
2025-09-08 16:22:16.196	continuous	97	1	->		2	3	0.0000	True	2.486849	0.894	0.004969	
2025-09-08 16:22:16.196	continuous	98	1	->		2	3	0.0000	True	2.486654	0.894	0.004968	
2025-09-08 16:22:16.197	continuous	99	2	->		3	3	0.0000	True	2.477367	0.894	0.004968	
2025-09-08 16:22:16.197	continuous	100	1	->	2	3	10	0.0000	True	2.482020	0.894	0.004967	
2025-09-08 16:22:16.197	continuous	101	1	->	2	3	10	0.0000	True	2.481800	0.894	0.004967	
2025-09-08 16:22:16.197	continuous	102	1	->	2	3	10	0.0000	True	2.481580	0.894	0.004966	
2025-09-08 16:22:16.197	continuous	103	1	->		2	3	0.0000	True	2.486709	0.894	0.004966	
2025-09-08 16:22:16.198	continuous	104	2	->		3	3	0.0000	True	2.476990	0.894	0.004965	
2025-09-08 16:22:16.198	continuous	105	2	->		3	3	0.0000	True	2.476859	0.894	0.004965	
2025-09-08 16:22:16.198	continuous	106	1	->	2	3	10	0.0000	True	2.481258	0.894	0.004964	
2025-09-08 16:22:16.198	continuous	107	2	->		3	3	0.0000	True	2.476654	0.893	0.004964	
2025-09-08 16:22:16.198	continuous	108	1	->	2	3	10	0.0000	True	2.480952	0.893	0.004963	
2025-09-08 16:22:16.199	continuous	109	2	->		3	3	0.0000	True	2.476449	0.893	0.004963	
2025-09-08 16:22:16.199	continuous	110	1	->	2	3	10	0.0000	True	2.480645	0.893	0.004962	
2025-09-08 16:22:16.199	continuous	111	1	->		2	3	0.0000	True	2.486815	0.893	0.004962	
2025-09-08 16:22:16.199	continuous	112	1	->	2	3	10	0.0000	True	2.480497	0.893	0.004961	
2025-09-08 16:22:16.200	continuous	113	2	->		3	3	0.0000	True	2.476151	0.893	0.004961	
2025-09-08 16:22:16.200	continuous	114	1	->		2	3	0.0000	True	2.486731	0.893	0.004960	
2025-09-08 16:22:16.200	continuous	115	2	->		3	3	0.0000	True	2.476039	0.893	0.004960	
2025-09-08 16:22:16.200	continuous	116	1	->	2	3	10	0.0000	True	2.480128	0.893	0.004959	
2025-09-08 16:22:16.200	continuous	117	1	->	2	3	10	0.0000	True	2.479903	0.893	0.004959	
2025-09-08 16:22:16.201	continuous	118	1	->	2	3	10	0.0000	True	2.479678	0.892	0.004958	
2025-09-08 16:22:16.201	continuous	119	1	->	2	3	10	0.0000	True	2.479453	0.892	0.004958	
2025-09-08 16:22:16.201	continuous	120	2	->		3	3	0.0000	True	2.475444	0.892	0.004957	
2025-09-08 16:22:16.201	continuous	121	2	->		3	3	0.0000	True	2.475293	0.892	0.004957	
2025-09-08 16:22:16.202	continuous	122	2	->		3	3	0.0000	True	2.475143	0.892	0.004956	
2025-09-08 16:22:16.202	continuous	123	2	->		3	3	0.0000	True	2.474991	0.892	0.004956	
2025-09-08 16:22:16.202	continuous	124	2	->	3	4	3	0.0000	True	2.491142	0.892	0.004955	
2025-09-08 16:22:16.202	continuous	125	1	->		2	3	0.0000	True	2.487036	0.892	0.004955	
2025-09-08 16:22:16.202	continuous	126	1	->		2	3	0.0000	True	2.486837	0.892	0.004954	
2025-09-08 16:22:16.203	continuous	127	1	->		2	3	0.0000	True	2.486639	0.892	0.004954	
2025-09-08 16:22:16.203	continuous	128	1	->	2	3	3	0.0000	True	2.479045	0.892	0.004953	
2025-09-08 16:22:16.203	continuous	129	2	->		3	3	0.0000	True	2.474916	0.891	0.004953	
2025-09-08 16:22:16.203	continuous	130	2	->		3	3	0.0000	True	2.474764	0.891	0.004952	
2025-09-08 16:22:16.203	continuous	131	1	->	2	3	3	0.0000	True	2.478587	0.891	0.004952	
2025-09-08 16:22:16.204	continuous	132	2	->		3	3	0.0000	True	2.474495	0.891	0.004951	
2025-09-08 16:22:16.204	continuous	133	1	->	2	3	3	0.0000	True	2.478242	0.891	0.004951	
2025-09-08 16:22:16.204	continuous	134	1	->		2	3	0.0000	True	2.486784	0.891	0.004950	
2025-09-08 16:22:16.204	continuous	135	2	->		3	3	0.0000	True	2.474259	0.891	0.004950	
2025-09-08 16:22:16.204	continuous	136	2	->		3	3	0.0000	True	2.474104	0.891	0.004949	
2025-09-08 16:22:16.205	continuous	137	1	->	2	3	3	0.0000	True	2.477847	0.891	0.004949	
2025-09-08 16:22:16.205	continuous	138	1	->		2	3	0.0000	True	2.486737	0.891	0.004948	
2025-09-08 16:22:16.205	continuous	139	1	->	2	3	3	0.0000	True	2.477691	0.891	0.004948	
2025-09-08 16:22:16.205	continuous	140	1	->	2	3	3	0.0000	True	2.477454	0.891	0.004947	
2025-09-08 16:22:16.205	continuous	141	1	->	2	3	3	0.0000	True	2.477217	0.890	0.004947	
2025-09-08 16:22:16.206	continuous	142	2	->		3	3	0.0000	True	2.473508	0.890	0.004946	
2025-09-08 16:22:16.206	continuous	143	3	->		4	3	0.0000	True	2.489501	0.890	0.004946	
2025-09-08 16:22:16.206	continuous	144	2	->		3	3	0.0000	True	2.473436	0.890	0.004945	
2025-09-08 16:22:16.206	continuous	145	2	->	3	4	3	0.0000	True	2.491581	0.890	0.004945	
2025-09-08 16:22:16.207	continuous	146	1	->	2	3	3	0.0000	True	2.476849	0.890	0.004944	
2025-09-08 16:22:16.207	continuous	147	2	->		3	3	0.0000	True	2.473244	0.890	0.004944	
2025-09-08 16:22:16.207	continuous	148	1	->	2	3	3	0.0000	True	2.476486	0.890	0.004943	
2025-09-08 16:22:16.207	continuous	149	1	->		2	3	0.0000	True	2.487122	0.890	0.004943	
2025-09-08 16:22:16.207	continuous	150	1	->	2	3	3	0.0000	True	2.476327	0.890	0.004942	
2025-09-08 16:22:16.208	continuous	151	2	->		3	3	0.0000	True	2.472869	0.890	0.004942	
2025-09-08 16:22:16.208	continuous	152	2	->		3	3	0.0000	True	2.472691	0.889	0.004941	
2025-09-08 16:22:16.208	continuous	153	1	->	2	3	3	0.0000	True	2.475801	0.889	0.004941	
2025-09-08 16:22:16.208	continuous	154	2	->		3	3	0.0000	True	2.472369	0.889	0.004940	
2025-09-08 16:22:16.208	continuous	155	1	->	2	3	3	0.0000	True	2.475414	0.889	0.004940	
2025-09-08 16:22:16.209	continuous	156	1	->	2	3	3	0.0000	True	2.475169	0.889	0.004939	
2025-09-08 16:22:16.209	continuous	157	1	->	2	3	3	0.0000	True	2.474923	0.889	0.004939	
2025-09-08 16:22:16.209	continuous	158	1	->		2	3	0.0000	True	2.487479	0.889	0.004938	
2025-09-08 16:22:16.209	continuous	159	2	->		3	3	0.0000	True	2.471805	0.889	0.004938	
2025-09-08 16:22:16.209	continuous	160	1	->	2	3	3	0.0000	True	2.474612	0.889	0.004937	
2025-09-08 16:22:16.210	continuous	161	1	->	2	3	3	0.0000	True	2.474365	0.889	0.004937	
2025-09-08 16:22:16.210	continuous	162	1	->	2	3	3	0.0000	True	2.474117	0.889	0.004936	
2025-09-08 16:22:16.210	continuous	163	1	->		2	3	0.0000	True	2.487569	0.888	0.004936	
2025-09-08 16:22:16.210	continuous	164	2	->		3	3	0.0000	True	2.471234	0.888	0.004935	
2025-09-08 16:22:16.210	continuous	165	1	->	2	3	3	0.0000	True	2.473802	0.888	0.004935	
2025-09-08 16:22:16.211	continuous	166	2	->		3	3	0.0000	True	2.470899	0.888	0.004934	
2025-09-08 16:22:16.211	continuous	167	1	->		2	3	0.0000	True	2.487546	0.888	0.004934	
2025-09-08 16:22:16.211	continuous	168	1	->	2	3	3	0.0000	True	2.473485	0.888	0.004933	
2025-09-08 16:22:16.211	continuous	169	1	->		2	3	0.0000	True	2.487418	0.888	0.004933	
2025-09-08 16:22:16.212	continuous	170	1	->	2	3	3	0.0000	True	2.473316	0.888	0.004932	
2025-09-08 16:22:16.212	continuous	171	2	->		3	3	0.0000	True	2.470513	0.888	0.004932	
2025-09-08 16:22:16.212	continuous	172	1	->	2	3	3	0.0000	True	2.472906	0.888	0.004931	
2025-09-08 16:22:16.213	continuous	173	1	->		2	3	0.0000	True	2.487426	0.888	0.004931	
2025-09-08 16:22:16.213	continuous	174	1	->		2	3	0.0000	True	2.487214	0.887	0.004930	
2025-09-08 16:22:16.213	continuous	175	1	->	2	3	3	0.0000	True	2.472817	0.887	0.004930	
2025-09-08 16:22:16.213	continuous	176	2	->		3	3	0.0000	True	2.470112	0.887	0.004929	
2025-09-08 16:22:16.213	continuous	177	1	->		2	3	0.0000	True	2.487144	0.887	0.004929	
2025-09-08 16:22:16.214	continuous	178	1	->		2	3	0.0000	True	2.486940	0.887	0.004929	
2025-09-08 16:22:16.214	continuous	179	1	->	2	3	3	0.0000	True	2.472575	0.887	0.004928	
2025-09-08 16:22:16.214	continuous	180	2	->		3	3	0.0000	True	2.469863	0.887	0.004928	
2025-09-08 16:22:16.214	continuous	181	2	->		3	3	0.0000	True	2.469665	0.887	0.004927	
2025-09-08 16:22:16.215	continuous	182	1	->	2	3	3	0.0000	True	2.471997	0.887	0.004927	
2025-09-08 16:22:16.215	continuous	183	1	->	2	3	3	0.0000	True	2.471737	0.887	0.004926	
2025-09-08 16:22:16.215	continuous	184	2	->		3	3	0.0000	True	2.469141	0.887	0.004926	
2025-09-08 16:22:16.216	continuous	185	2	->		3	3	0.0000	True	2.468939	0.887	0.004925	
2025-09-08 16:22:16.216	continuous	186	2	->		3	3	0.0000	True	2.468737	0.886	0.004925	
2025-09-08 16:22:16.216	continuous	187	1	->		2	3	0.0000	True	2.487270	0.886	0.004924	
2025-09-08 16:22:16.216	continuous	188	2	->		3	3	0.0000	True	2.468588	0.886	0.004924	
2025-09-08 16:22:16.217	continuous	189	2	->		3	3	0.0000	True	2.468383	0.886	0.004923	
2025-09-08 16:22:16.217	continuous	190	1	->		2	3	0.0000	True	2.487172	0.886	0.004923	
2025-09-08 16:22:16.217	continuous	191	1	->		2	3	0.0000	True	2.486963	0.886	0.004922	
2025-09-08 16:22:16.217	continuous	192	1	->	2	3	3	0.0000	True	2.470911	0.886	0.004922	
2025-09-08 16:22:16.217	continuous	193	2	->	3	4	3	0.0000	True	2.493918	0.886	0.004921	
2025-09-08 16:22:16.218	continuous	194	1	->		2	3	0.0000	True	2.486863	0.886	0.004921	
2025-09-08 16:22:16.218	continuous	195	1	->	2	3	3	0.0000	True	2.470791	0.886	0.004920	
2025-09-08 16:22:16.218	continuous	196	1	->		2	3	0.0000	True	2.486745	0.886	0.004920	
2025-09-08 16:22:16.218	continuous	197	1	->		2	3	0.0000	True	2.486540	0.885	0.004919	
2025-09-08 16:22:16.218	continuous	198	3	->		4	3	0.0000	True	2.491931	0.885	0.004919	
2025-09-08 16:22:16.219	continuous	199	1	->	2	3	3	0.0000	True	2.470760	0.885	0.004918	
2025-09-08 16:22:16.219	continuous	200	2	->		3	3	0.0000	True	2.468143	0.885	0.004918	
2025-09-08 16:22:16.219	continuous	201	1	->	2	3	3	0.0000	True	2.470316	0.885	0.004917	
2025-09-08 16:22:16.219	continuous	202	1	->	2	3	3	0.0000	True	2.470046	0.885	0.004917	
2025-09-08 16:22:16.220	continuous	203	1	->	2	3	3	0.0000	True	2.469776	0.885	0.004916	
2025-09-08 16:22:16.220	continuous	204	1	->		2	3	0.0000	True	2.486816	0.885	0.004916	
2025-09-08 16:22:16.220	continuous	205	1	->		2	3	0.0000	True	2.486636	0.885	0.004915	
2025-09-08 16:22:16.220	continuous	206	1	->	2	3	3	0.0000	True	2.469691	0.885	0.004915	
2025-09-08 16:22:16.220	continuous	207	1	->	2	3	3	0.0000	True	2.469418	0.885	0.004914	
2025-09-08 16:22:16.221	continuous	208	1	->	2	3	3	0.0000	True	2.469144	0.884	0.004914	
2025-09-08 16:22:16.221	continuous	209	1	->	2	3	3	0.0000	True	2.468869	0.884	0.004913	
2025-09-08 16:22:16.221	continuous	210	1	->	2	3	3	0.0000	True	2.468593	0.884	0.004913	
2025-09-08 16:22:16.221	continuous	211	1	->	2	3	3	0.0000	True	2.468315	0.884	0.004912	
2025-09-08 16:22:16.222	continuous	212	1	->	2	3	3	0.0000	True	2.468036	0.884	0.004912	
2025-09-08 16:22:16.222	continuous	213	1	->		2	3	0.0000	True	2.487118	0.884	0.004911	
2025-09-08 16:22:16.222	continuous	214	2	->		3	3	0.0000	True	2.466332	0.884	0.004911	
2025-09-08 16:22:16.222	continuous	215	2	->		3	3	0.0000	True	2.466101	0.884	0.004910	
2025-09-08 16:22:16.222	continuous	216	1	->		2	3	0.0000	True	2.487060	0.884	0.004910	
2025-09-08 16:22:16.223	continuous	217	2	->		3	3	0.0000	True	2.465931	0.884	0.004909	
2025-09-08 16:22:16.223	continuous	218	1	->	2	3	3	0.0000	True	2.467369	0.884	0.004909	
2025-09-08 16:22:16.223	continuous	219	1	->		2	3	0.0000	True	2.487033	0.884	0.004908	
2025-09-08 16:22:16.223	continuous	220	2	->		3	3	0.0000	True	2.465574	0.883	0.004908	
2025-09-08 16:22:16.223	continuous	221	1	->	2	3	3	0.0000	True	2.466984	0.883	0.004907	
2025-09-08 16:22:16.224	continuous	222	1	->	2	3	3	0.0000	True	2.466696	0.883	0.004907	
2025-09-08 16:22:16.224	continuous	223	1	->		2	3	0.0000	True	2.487100	0.883	0.004906	
2025-09-08 16:22:16.224	continuous	224	1	->	2	3	3	0.0000	True	2.466503	0.883	0.004906	
2025-09-08 16:22:16.224	continuous	225	1	->	2	3	3	0.0000	True	2.466214	0.883	0.004905	
2025-09-08 16:22:16.224	continuous	226	1	->		2	3	0.0000	True	2.487120	0.883	0.004905	
2025-09-08 16:22:16.225	continuous	227	3	->	4	5	3	0.0000	True	2.480397	0.883	0.004904	
2025-09-08 16:22:16.225	continuous	228	1	->		2	3	0.0000	True	2.486921	0.883	0.004904	
2025-09-08 16:22:16.225	continuous	229	2	->		3	3	0.0000	True	2.464724	0.883	0.004903	
2025-09-08 16:22:16.225	continuous	230	1	->		2	3	0.0000	True	2.486808	0.883	0.004903	
2025-09-08 16:22:16.226	continuous	231	1	->	2	3	3	0.0000	True	2.466023	0.882	0.004902	
2025-09-08 16:22:16.226	continuous	232	2	->		3	3	0.0000	True	2.464349	0.882	0.004902	
2025-09-08 16:22:16.226	continuous	233	2	->		3	3	0.0000	True	2.464112	0.882	0.004901	
2025-09-08 16:22:16.226	continuous	234	2	->		3	3	0.0000	True	2.463875	0.882	0.004901	
2025-09-08 16:22:16.226	continuous	235	2	->		3	3	0.0000	True	2.463639	0.882	0.004900	
2025-09-08 16:22:16.227	continuous	236	1	->		2	3	0.0000	True	2.486961	0.882	0.004900	
2025-09-08 16:22:16.227	continuous	237	1	->		2	3	0.0000	True	2.486770	0.882	0.004900	
2025-09-08 16:22:16.227	continuous	238	2	->		3	3	0.0000	True	2.463555	0.882	0.004899	
2025-09-08 16:22:16.227	continuous	239	1	->		2	3	0.0000	True	2.486661	0.882	0.004899	
2025-09-08 16:22:16.228	continuous	240	1	->		2	3	0.0000	True	2.486474	0.882	0.004898	
2025-09-08 16:22:16.228	continuous	241	2	->		3	3	0.0000	True	2.463459	0.882	0.004898	
2025-09-08 16:22:16.228	continuous	242	2	->		3	3	0.0000	True	2.463208	0.881	0.004897	
2025-09-08 16:22:16.229	continuous	243	2	->	3	4	3	0.0000	True	2.496167	0.881	0.004897	
2025-09-08 16:22:16.229	continuous	244	3	->		4	3	0.0000	True	2.494123	0.881	0.004896	
2025-09-08 16:22:16.229	continuous	245	1	->		2	3	0.0000	True	2.486476	0.881	0.004896	
2025-09-08 16:22:16.229	continuous	246	3	->		4	3	0.0000	True	2.493822	0.881	0.004895	
2025-09-08 16:22:16.229	continuous	247	2	->		3	3	0.0000	True	2.463319	0.881	0.004895	
2025-09-08 16:22:16.230	continuous	248	1	->		2	3	0.0000	True	2.486386	0.881	0.004894	
2025-09-08 16:22:16.230	continuous	249	2	->	3	4	3	0.0000	True	2.495387	0.881	0.004894	
2025-09-08 16:22:16.230	continuous	250	2	->		3	3	0.0000	True	2.463248	0.881	0.004893	
2025-09-08 16:22:16.230	continuous	251	1	->		2	3	0.0000	True	2.486291	0.881	0.004893	
2025-09-08 16:22:16.230	continuous	252	1	->	2	3	3	0.0000	True	2.464803	0.881	0.004892	
2025-09-08 16:22:16.231	continuous	253	3	->		4	3	0.0000	True	2.493538	0.881	0.004892	
2025-09-08 16:22:16.231	continuous	254	1	->	2	3	3	0.0000	True	2.464589	0.880	0.004891	
2025-09-08 16:22:16.231	continuous	255	1	->		2	3	0.0000	True	2.486313	0.880	0.004891	
2025-09-08 16:22:16.231	continuous	256	2	->		3	3	0.0000	True	2.462799	0.880	0.004890	
2025-09-08 16:22:16.232	continuous	257	1	->		2	3	0.0000	True	2.486194	0.880	0.004890	
2025-09-08 16:22:16.232	continuous	258	1	->	2	3	3	0.0000	True	2.464276	0.880	0.004889	
2025-09-08 16:22:16.232	continuous	259	2	->		3	3	0.0000	True	2.462395	0.880	0.004889	
2025-09-08 16:22:16.232	continuous	260	2	->		3	3	0.0000	True	2.462138	0.880	0.004888	
2025-09-08 16:22:16.233	continuous	261	1	->		2	3	0.0000	True	2.486251	0.880	0.004888	
2025-09-08 16:22:16.233	continuous	262	1	->		2	3	0.0000	True	2.486057	0.880	0.004887	
2025-09-08 16:22:16.233	continuous	263	2	->		3	3	0.0000	True	2.462033	0.880	0.004887	
2025-09-08 16:22:16.233	continuous	264	1	->		2	3	0.0000	True	2.485946	0.880	0.004886	
2025-09-08 16:22:16.233	continuous	265	1	->	2	3	3	0.0000	True	2.463603	0.879	0.004886	
2025-09-08 16:22:16.234	continuous	266	1	->	2	3	3	0.0000	True	2.463311	0.879	0.004885	
2025-09-08 16:22:16.234	continuous	267	3	->		4	3	0.0000	True	2.493997	0.879	0.004885	
2025-09-08 16:22:16.234	continuous	268	1	->	2	3	3	0.0000	True	2.463093	0.879	0.004884	
2025-09-08 16:22:16.234	continuous	269	2	->	3	4	3	0.0000	True	2.495559	0.879	0.004884	
2025-09-08 16:22:16.235	continuous	270	3	->		4	3	0.0000	True	2.493479	0.879	0.004883	
2025-09-08 16:22:16.235	continuous	271	2	->		3	3	0.0000	True	2.461470	0.879	0.004883	
2025-09-08 16:22:16.235	continuous	272	1	->	2	3	3	0.0000	True	2.462728	0.879	0.004882	
2025-09-08 16:22:16.235	continuous	273	2	->	3	4	3	0.0000	True	2.495097	0.879	0.004882	
2025-09-08 16:22:16.235	continuous	274	1	->	2	3	3	0.0000	True	2.462516	0.879	0.004881	
2025-09-08 16:22:16.236	continuous	275	1	->	2	3	3	0.0000	True	2.462219	0.879	0.004881	
2025-09-08 16:22:16.236	continuous	276	1	->		2	3	0.0000	True	2.486515	0.878	0.004880	
2025-09-08 16:22:16.236	continuous	277	1	->	2	3	3	0.0000	True	2.462026	0.878	0.004880	
2025-09-08 16:22:16.236	continuous	278	2	->		3	3	0.0000	True	2.460476	0.878	0.004879	
2025-09-08 16:22:16.236	continuous	279	2	->		3	3	0.0000	True	2.460214	0.878	0.004879	
2025-09-08 16:22:16.237	continuous	280	2	->		3	3	0.0000	True	2.459953	0.878	0.004878	
2025-09-08 16:22:16.237	continuous	281	1	->		2	3	0.0000	True	2.486585	0.878	0.004878	
2025-09-08 16:22:16.237	continuous	282	2	->		3	3	0.0000	True	2.459749	0.878	0.004878	
2025-09-08 16:22:16.237	continuous	283	1	->		2	3	0.0000	True	2.486431	0.878	0.004877	
2025-09-08 16:22:16.238	continuous	284	2	->		3	3	0.0000	True	2.459556	0.878	0.004877	
2025-09-08 16:22:16.238	continuous	285	2	->		3	3	0.0000	True	2.459283	0.878	0.004876	
2025-09-08 16:22:16.238	continuous	286	1	->	2	3	3	0.0000	True	2.460554	0.878	0.004876	
2025-09-08 16:22:16.238	continuous	287	1	->		2	3	0.0000	True	2.486473	0.878	0.004875	
2025-09-08 16:22:16.238	continuous	288	1	->	2	3	3	0.0000	True	2.460348	0.877	0.004875	
2025-09-08 16:22:16.239	continuous	289	2	->		3	3	0.0000	True	2.458606	0.877	0.004874	
2025-09-08 16:22:16.239	continuous	290	2	->		3	3	0.0000	True	2.458336	0.877	0.004874	
2025-09-08 16:22:16.239	continuous	291	1	->	2	3	3	0.0000	True	2.459565	0.877	0.004873	
2025-09-08 16:22:16.239	continuous	292	2	->	3	4	3	0.0000	True	2.496118	0.877	0.004873	
2025-09-08 16:22:16.239	continuous	293	2	->		3	3	0.0000	True	2.457933	0.877	0.004872	
2025-09-08 16:22:16.240	continuous	294	2	->		3	3	0.0000	True	2.457658	0.877	0.004872	
2025-09-08 16:22:16.240	continuous	295	3	->		4	3	0.0000	True	2.494366	0.877	0.004871	
2025-09-08 16:22:16.240	continuous	296	1	->		2	3	0.0000	True	2.486748	0.877	0.004871	
2025-09-08 16:22:16.240	continuous	297	1	->		2	3	0.0000	True	2.486531	0.877	0.004870	
2025-09-08 16:22:16.240	continuous	298	1	->		2	3	0.0000	True	2.486318	0.877	0.004870	
2025-09-08 16:22:16.241	continuous	299	2	->		3	3	0.0000	True	2.457683	0.876	0.004869	
2025-09-08 16:22:16.241	continuous	300	2	->		3	3	0.0000	True	2.457395	0.876	0.004869	
2025-09-08 16:22:16.241	continuous	301	1	->	2	3	3	0.0000	True	2.458743	0.876	0.004868	
2025-09-08 16:22:16.241	continuous	302	1	->	2	3	3	0.0000	True	2.458419	0.876	0.004868	
2025-09-08 16:22:16.241	continuous	303	1	->	2	3	3	0.0000	True	2.458093	0.876	0.004867	
2025-09-08 16:22:16.242	continuous	304	1	->	2	3	3	0.0000	True	2.457765	0.876	0.004867	
2025-09-08 16:22:16.242	continuous	305	1	->	2	3	3	0.0000	True	2.457435	0.876	0.004866	
2025-09-08 16:22:16.242	continuous	306	2	->		3	3	0.0000	True	2.455866	0.876	0.004866	
2025-09-08 16:22:16.242	continuous	307	1	->		2	3	0.0000	True	2.486843	0.876	0.004865	
2025-09-08 16:22:16.242	continuous	308	3	->		4	3	0.0000	True	2.494843	0.876	0.004865	
2025-09-08 16:22:16.243	continuous	309	1	->	2	3	3	0.0000	True	2.457038	0.876	0.004864	
2025-09-08 16:22:16.243	continuous	310	2	->		3	3	0.0000	True	2.455490	0.875	0.004864	
2025-09-08 16:22:16.243	continuous	311	1	->	2	3	3	0.0000	True	2.456446	0.875	0.004863	
2025-09-08 16:22:16.243	continuous	312	1	->	2	3	3	0.0000	True	2.456106	0.875	0.004863	
2025-09-08 16:22:16.243	continuous	313	1	->	2	3	3	0.0000	True	2.455764	0.875	0.004862	
2025-09-08 16:22:16.244	continuous	314	1	->		2	3	0.0000	True	2.487138	0.875	0.004862	
2025-09-08 16:22:16.244	continuous	315	2	->		3	3	0.0000	True	2.454479	0.875	0.004861	
2025-09-08 16:22:16.244	continuous	316	1	->		2	3	0.0000	True	2.486970	0.875	0.004861	
2025-09-08 16:22:16.244	continuous	317	2	->		3	3	0.0000	True	2.454239	0.875	0.004860	
2025-09-08 16:22:16.245	continuous	318	3	->		4	3	0.0000	True	2.495207	0.875	0.004860	
2025-09-08 16:22:16.245	continuous	319	2	->		3	3	0.0000	True	2.454050	0.875	0.004860	
2025-09-08 16:22:16.245	continuous	320	1	->		2	3	0.0000	True	2.486887	0.875	0.004859	
2025-09-08 16:22:16.245	continuous	321	1	->	2	3	3	0.0000	True	2.455033	0.875	0.004859	
2025-09-08 16:22:16.245	continuous	322	1	->	2	3	3	0.0000	True	2.454683	0.874	0.004858	
2025-09-08 16:22:16.246	continuous	323	2	->		3	3	0.0000	True	2.453269	0.874	0.004858	
2025-09-08 16:22:16.246	continuous	324	2	->		3	3	0.0000	True	2.452961	0.874	0.004857	
2025-09-08 16:22:16.246	continuous	325	1	->	2	3	3	0.0000	True	2.453788	0.874	0.004857	
2025-09-08 16:22:16.246	continuous	326	1	->		2	3	0.0000	True	2.487106	0.874	0.004856	
2025-09-08 16:22:16.247	continuous	327	2	->	3	4	3	0.0000	True	2.497296	0.874	0.004856	
2025-09-08 16:22:16.247	continuous	328	1	->	2	3	3	0.0000	True	2.453630	0.874	0.004855	
2025-09-08 16:22:16.247	continuous	329	1	->	2	3	3	0.0000	True	2.453270	0.874	0.004855	
2025-09-08 16:22:16.247	continuous	330	2	->		3	3	0.0000	True	2.451998	0.874	0.004854	
2025-09-08 16:22:16.247	continuous	331	2	->	3	4	3	0.0000	True	2.497189	0.874	0.004854	
2025-09-08 16:22:16.248	continuous	332	1	->	2	3	3	0.0000	True	2.452713	0.874	0.004853	
2025-09-08 16:22:16.248	continuous	333	2	->		3	3	0.0000	True	2.451493	0.873	0.004853	
2025-09-08 16:22:16.248	continuous	334	2	->		3	3	0.0000	True	2.451160	0.873	0.004852	
2025-09-08 16:22:16.248	continuous	335	2	->		3	3	0.0000	True	2.450825	0.873	0.004852	
2025-09-08 16:22:16.249	continuous	336	1	->		2	3	0.0000	True	2.487525	0.873	0.004851	
2025-09-08 16:22:16.249	continuous	337	2	->		3	3	0.0000	True	2.450561	0.873	0.004851	
2025-09-08 16:22:16.249	continuous	338	1	->		2	3	0.0000	True	2.487356	0.873	0.004850	
2025-09-08 16:22:16.249	continuous	339	1	->	2	3	3	0.0000	True	2.451379	0.873	0.004850	
2025-09-08 16:22:16.249	continuous	340	2	->		3	3	0.0000	True	2.449994	0.873	0.004849	
2025-09-08 16:22:16.250	continuous	341	1	->		2	3	0.0000	True	2.487297	0.873	0.004849	
2025-09-08 16:22:16.250	continuous	342	2	->		3	3	0.0000	True	2.449724	0.873	0.004848	
2025-09-08 16:22:16.250	continuous	343	1	->		2	3	0.0000	True	2.487130	0.873	0.004848	
2025-09-08 16:22:16.250	continuous	344	2	->		3	3	0.0000	True	2.449451	0.873	0.004847	
2025-09-08 16:22:16.250	continuous	345	1	->	2	3	3	0.0000	True	2.450302	0.872	0.004847	
2025-09-08 16:22:16.251	continuous	346	1	->	2	3	3	0.0000	True	2.449916	0.872	0.004846	
2025-09-08 16:22:16.251	continuous	347	1	->	2	3	3	0.0000	True	2.449526	0.872	0.004846	
2025-09-08 16:22:16.251	continuous	348	2	->	3	4	3	0.0000	True	2.498161	0.872	0.004845	
2025-09-08 16:22:16.251	continuous	349	1	->		2	3	0.0000	True	2.487311	0.872	0.004845	
2025-09-08 16:22:16.251	continuous	350	1	->		2	3	0.0000	True	2.487065	0.872	0.004844	
2025-09-08 16:22:16.251	continuous	351	2	->		3	3	0.0000	True	2.448441	0.872	0.004844	
2025-09-08 16:22:16.252	continuous	352	1	->	2	3	3	0.0000	True	2.449137	0.872	0.004843	
2025-09-08 16:22:16.252	continuous	353	2	->		3	3	0.0000	True	2.447761	0.872	0.004843	
2025-09-08 16:22:16.252	continuous	354	3	->		4	3	0.0000	True	2.496625	0.872	0.004843	
2025-09-08 16:22:16.252	continuous	355	1	->	2	3	3	0.0000	True	2.448511	0.872	0.004842	
2025-09-08 16:22:16.252	continuous	356	1	->		2	3	0.0000	True	2.487213	0.871	0.004842	
2025-09-08 16:22:16.253	continuous	357	1	->	2	3	3	0.0000	True	2.448221	0.871	0.004841	
2025-09-08 16:22:16.253	continuous	358	1	->	2	3	3	0.0000	True	2.447818	0.871	0.004841	
2025-09-08 16:22:16.253	continuous	359	1	->		2	3	0.0000	True	2.487185	0.871	0.004840	
2025-09-08 16:22:16.253	continuous	360	1	->	2	3	3	0.0000	True	2.447524	0.871	0.004840	
2025-09-08 16:22:16.253	continuous	361	2	->		3	3	0.0000	True	2.446353	0.871	0.004839	
2025-09-08 16:22:16.254	continuous	362	3	->		4	3	0.0000	True	2.496797	0.871	0.004839	
2025-09-08 16:22:16.254	continuous	363	1	->		2	3	0.0000	True	2.487151	0.871	0.004838	
2025-09-08 16:22:16.254	continuous	364	1	->	2	3	3	0.0000	True	2.446979	0.871	0.004838	
2025-09-08 16:22:16.254	continuous	365	2	->		3	3	0.0000	True	2.445831	0.871	0.004837	
2025-09-08 16:22:16.254	continuous	366	1	->	2	3	3	0.0000	True	2.446224	0.871	0.004837	
2025-09-08 16:22:16.255	continuous	367	1	->		2	3	0.0000	True	2.487191	0.871	0.004836	
2025-09-08 16:22:16.255	continuous	368	1	->		2	3	0.0000	True	2.486934	0.870	0.004836	
2025-09-08 16:22:16.255	continuous	369	3	->		4	3	0.0000	True	2.496823	0.870	0.004835	
2025-09-08 16:22:16.255	continuous	370	2	->		3	3	0.0000	True	2.445374	0.870	0.004835	
2025-09-08 16:22:16.255	continuous	371	1	->	2	3	3	0.0000	True	2.445765	0.870	0.004834	
2025-09-08 16:22:16.255	continuous	372	1	->	2	3	3	0.0000	True	2.445342	0.870	0.004834	
2025-09-08 16:22:16.256	continuous	373	1	->		2	3	0.0000	True	2.486997	0.870	0.004833	
2025-09-08 16:22:16.256	continuous	374	1	->	2	3	3	0.0000	True	2.445026	0.870	0.004833	
2025-09-08 16:22:16.256	continuous	375	1	->	2	3	3	0.0000	True	2.444597	0.870	0.004832	
2025-09-08 16:22:16.256	continuous	376	1	->	2	3	3	0.0000	True	2.444165	0.870	0.004832	
2025-09-08 16:22:16.256	continuous	377	1	->	2	3	3	0.0000	True	2.443731	0.870	0.004831	
2025-09-08 16:22:16.257	continuous	378	1	->		2	3	0.0001	True	2.487170	0.870	0.004831	
2025-09-08 16:22:16.257	continuous	379	2	->		3	3	0.0001	True	2.443000	0.869	0.004830	
2025-09-08 16:22:16.257	continuous	380	1	->	2	3	3	0.0001	True	2.443039	0.869	0.004830	
2025-09-08 16:22:16.257	continuous	381	2	->		3	3	0.0001	True	2.442225	0.869	0.004829	
2025-09-08 16:22:16.257	continuous	382	1	->		2	3	0.0001	True	2.487159	0.869	0.004829	
2025-09-08 16:22:16.257	continuous	383	1	->	2	3	3	0.0001	True	2.442334	0.869	0.004829	
2025-09-08 16:22:16.258	continuous	384	1	->		2	3	0.0001	True	2.487000	0.869	0.004828	
2025-09-08 16:22:16.258	continuous	385	1	->	2	3	3	0.0001	True	2.441994	0.869	0.004828	
2025-09-08 16:22:16.258	continuous	386	1	->		2	3	0.0001	True	2.486840	0.869	0.004827	
2025-09-08 16:22:16.258	continuous	387	2	->	3	4	3	0.0001	True	2.499595	0.869	0.004827	
2025-09-08 16:22:16.258	continuous	388	1	->		2	3	0.0001	True	2.486590	0.869	0.004826	
2025-09-08 16:22:16.258	continuous	389	1	->	2	3	3	0.0001	True	2.441867	0.869	0.004826	
2025-09-08 16:22:16.259	continuous	390	1	->		2	3	0.0001	True	2.486429	0.869	0.004825	
2025-09-08 16:22:16.259	continuous	391	1	->		2	3	0.0001	True	2.486159	0.868	0.004825	
2025-09-08 16:22:16.259	continuous	392	3	->		4	3	0.0000	True	2.497691	0.868	0.004824	
2025-09-08 16:22:16.259	continuous	393	1	->	2	3	3	0.0001	True	2.441725	0.868	0.004824	
2025-09-08 16:22:16.259	continuous	394	2	->		3	3	0.0001	True	2.441029	0.868	0.004823	
2025-09-08 16:22:16.259	continuous	395	1	->		2	3	0.0001	True	2.486102	0.868	0.004823	
2025-09-08 16:22:16.260	continuous	396	1	->		2	3	0.0001	True	2.485831	0.868	0.004822	
2025-09-08 16:22:16.260	continuous	397	2	->		3	3	0.0001	True	2.440751	0.868	0.004822	
2025-09-08 16:22:16.260	continuous	398	1	->	2	3	3	0.0001	True	2.440717	0.868	0.004821	
2025-09-08 16:22:16.260	continuous	399	2	->		3	3	0.0001	True	2.439943	0.868	0.004821	
2025-09-08 16:22:16.260	continuous	400	1	->	2	3	3	0.0001	True	2.439862	0.868	0.004820	
2025-09-08 16:22:16.261	continuous	401	2	->		3	3	0.0001	True	2.439129	0.868	0.004820	
2025-09-08 16:22:16.261	continuous	402	1	->		2	3	0.0001	True	2.485988	0.867	0.004819	
2025-09-08 16:22:16.262	continuous	403	1	->	2	3	3	0.0001	True	2.439103	0.867	0.004819	
2025-09-08 16:22:16.262	continuous	404	3	->		4	3	0.0001	True	2.498324	0.867	0.004818	
2025-09-08 16:22:16.262	continuous	405	3	->		4	3	0.0001	True	2.497925	0.867	0.004818	
2025-09-08 16:22:16.262	continuous	406	1	->		2	3	0.0001	True	2.485886	0.867	0.004817	
2025-09-08 16:22:16.263	continuous	407	2	->		3	3	0.0001	True	2.438717	0.867	0.004817	
2025-09-08 16:22:16.263	continuous	408	1	->		2	3	0.0001	True	2.485679	0.867	0.004816	
2025-09-08 16:22:16.263	continuous	409	1	->	2	3	3	0.0001	True	2.438651	0.867	0.004816	
2025-09-08 16:22:16.264	continuous	410	1	->	2	3	3	0.0001	True	2.438180	0.867	0.004815	
2025-09-08 16:22:16.264	continuous	411	2	->		3	3	0.0001	True	2.437548	0.867	0.004815	
2025-09-08 16:22:16.264	continuous	412	2	->		3	3	0.0001	True	2.437106	0.867	0.004815	
2025-09-08 16:22:16.264	continuous	413	2	->		3	3	0.0001	True	2.436662	0.867	0.004814	
2025-09-08 16:22:16.264	continuous	414	1	->		2	3	0.0001	True	2.485829	0.866	0.004814	
2025-09-08 16:22:16.265	continuous	415	2	->		3	3	0.0001	True	2.436287	0.866	0.004813	
2025-09-08 16:22:16.265	continuous	416	1	->		2	3	0.0001	True	2.485614	0.866	0.004813	
2025-09-08 16:22:16.265	continuous	417	2	->		3	3	0.0001	True	2.435919	0.866	0.004812	
2025-09-08 16:22:16.265	continuous	418	2	->		3	3	0.0001	True	2.435454	0.866	0.004812	
2025-09-08 16:22:16.265	continuous	419	1	->	2	3	3	0.0001	True	2.435416	0.866	0.004811	
2025-09-08 16:22:16.266	continuous	420	1	->		2	3	0.0001	True	2.485595	0.866	0.004811	
2025-09-08 16:22:16.266	continuous	421	1	->		2	3	0.0001	True	2.485302	0.866	0.004810	
2025-09-08 16:22:16.266	continuous	422	1	->	2	3	3	0.0001	True	2.435133	0.866	0.004810	
2025-09-08 16:22:16.266	continuous	423	2	->		3	3	0.0001	True	2.434297	0.866	0.004809	
2025-09-08 16:22:16.267	continuous	424	1	->		2	3	0.0001	True	2.485206	0.866	0.004809	
2025-09-08 16:22:16.267	continuous	425	2	->		3	3	0.0001	True	2.433907	0.865	0.004808	
2025-09-08 16:22:16.267	continuous	426	1	->		2	3	0.0001	True	2.485001	0.865	0.004808	
2025-09-08 16:22:16.267	continuous	427	2	->		3	3	0.0001	True	2.433514	0.865	0.004807	
2025-09-08 16:22:16.268	continuous	428	1	->	2	3	3	0.0001	True	2.433504	0.865	0.004807	
2025-09-08 16:22:16.268	continuous	429	1	->		2	3	0.0001	True	2.484898	0.865	0.004806	
2025-09-08 16:22:16.268	continuous	430	2	->	3	4	3	0.0001	True	2.501660	0.865	0.004806	
2025-09-08 16:22:16.268	continuous	431	2	->		3	3	0.0001	True	2.432826	0.865	0.004805	
2025-09-08 16:22:16.268	continuous	432	1	->		2	3	0.0001	True	2.484715	0.865	0.004805	
2025-09-08 16:22:16.269	continuous	433	1	->		2	3	0.0001	True	2.484416	0.865	0.004804	
2025-09-08 16:22:16.269	continuous	434	2	->		3	3	0.0001	True	2.432512	0.865	0.004804	
2025-09-08 16:22:16.269	continuous	435	1	->	2	3	3	0.0001	True	2.432510	0.865	0.004803	
2025-09-08 16:22:16.269	continuous	436	1	->		2	3	0.0001	True	2.484309	0.865	0.004803	
2025-09-08 16:22:16.270	continuous	437	1	->		2	3	0.0001	True	2.484008	0.864	0.004802	
2025-09-08 16:22:16.270	continuous	438	1	->		2	3	0.0001	True	2.483708	0.864	0.004802	
2025-09-08 16:22:16.270	continuous	439	1	->	2	3	3	0.0001	True	2.432298	0.864	0.004802	
2025-09-08 16:22:16.271	continuous	440	1	->	2	3	3	0.0001	True	2.431771	0.864	0.004801	
2025-09-08 16:22:16.271	continuous	441	2	->		3	3	0.0001	True	2.430882	0.864	0.004801	
2025-09-08 16:22:16.271	continuous	442	1	->	2	3	3	0.0001	True	2.430767	0.864	0.004800	
2025-09-08 16:22:16.271	continuous	443	1	->		2	3	0.0001	True	2.483804	0.864	0.004800	
2025-09-08 16:22:16.272	continuous	444	2	->		3	3	0.0001	True	2.429986	0.864	0.004799	
2025-09-08 16:22:16.272	continuous	445	2	->		3	3	0.0001	True	2.429473	0.864	0.004799	
2025-09-08 16:22:16.272	continuous	446	1	->		2	3	0.0001	True	2.483666	0.864	0.004798	
2025-09-08 16:22:16.272	continuous	447	2	->		3	3	0.0001	True	2.429042	0.864	0.004798	
2025-09-08 16:22:16.272	continuous	448	2	->		3	3	0.0001	True	2.428523	0.863	0.004797	
2025-09-08 16:22:16.273	continuous	449	2	->		3	3	0.0001	True	2.428011	0.863	0.004797	
2025-09-08 16:22:16.273	continuous	450	2	->	3	4	3	0.0001	True	2.503152	0.863	0.004796	
2025-09-08 16:22:16.273	continuous	451	2	->		3	3	0.0001	True	2.427672	0.863	0.004796	
2025-09-08 16:22:16.273	continuous	452	1	->		2	3	0.0001	True	2.483679	0.863	0.004795	
2025-09-08 16:22:16.273	continuous	453	2	->		3	3	0.0001	True	2.427228	0.863	0.004795	
2025-09-08 16:22:16.274	continuous	454	1	->	2	3	3	0.0001	True	2.427273	0.863	0.004794	
2025-09-08 16:22:16.274	continuous	455	2	->		3	3	0.0001	True	2.426202	0.863	0.004794	
2025-09-08 16:22:16.274	continuous	456	1	->		2	3	0.0001	True	2.483620	0.863	0.004793	
2025-09-08 16:22:16.274	continuous	457	1	->		2	3	0.0001	True	2.483297	0.863	0.004793	
2025-09-08 16:22:16.274	continuous	458	1	->	2	3	3	0.0001	True	2.426408	0.863	0.004792	
2025-09-08 16:22:16.275	continuous	459	2	->		3	3	0.0001	True	2.425318	0.863	0.004792	
2025-09-08 16:22:16.275	continuous	460	1	->		2	3	0.0001	True	2.483162	0.862	0.004791	
2025-09-08 16:22:16.275	continuous	461	1	->		2	3	0.0001	True	2.482836	0.862	0.004791	
2025-09-08 16:22:16.275	continuous	462	1	->		2	3	0.0001	True	2.482512	0.862	0.004791	
2025-09-08 16:22:16.276	continuous	463	1	->	2	3	3	0.0001	True	2.425617	0.862	0.004790	
2025-09-08 16:22:16.276	continuous	464	2	->	3	4	3	0.0001	True	2.503892	0.862	0.004790	
2025-09-08 16:22:16.276	continuous	465	2	->		3	3	0.0001	True	2.424683	0.862	0.004789	
2025-09-08 16:22:16.276	continuous	466	2	->		3	3	0.0001	True	2.424117	0.862	0.004789	
2025-09-08 16:22:16.276	continuous	467	2	->		3	3	0.0001	True	2.423552	0.862	0.004788	
2025-09-08 16:22:16.277	continuous	468	1	->	2	3	3	0.0001	True	2.423571	0.862	0.004788	
2025-09-08 16:22:16.277	continuous	469	2	->	3	4	3	0.0001	True	2.504017	0.862	0.004787	
2025-09-08 16:22:16.277	continuous	470	1	->		2	3	0.0001	True	2.482716	0.862	0.004787	
2025-09-08 16:22:16.277	continuous	471	1	->	2	3	3	0.0001	True	2.423202	0.862	0.004786	
2025-09-08 16:22:16.277	continuous	472	1	->	2	3	3	0.0001	True	2.422595	0.861	0.004786	
2025-09-08 16:22:16.278	continuous	473	1	->	2	3	3	0.0001	True	2.421982	0.861	0.004785	
2025-09-08 16:22:16.278	continuous	474	1	->	2	3	3	0.0001	True	2.421365	0.861	0.004785	
2025-09-08 16:22:16.278	continuous	475	2	->	3	4	3	0.0001	True	2.504045	0.861	0.004784	
2025-09-08 16:22:16.279	continuous	476	1	->		2	3	0.0001	True	2.482816	0.861	0.004784	
2025-09-08 16:22:16.279	continuous	477	1	->	2	3	3	0.0001	True	2.420980	0.861	0.004783	
2025-09-08 16:22:16.279	continuous	478	2	->		3	3	0.0001	True	2.420312	0.861	0.004783	
2025-09-08 16:22:16.279	continuous	479	1	->	2	3	3	0.0001	True	2.419808	0.861	0.004782	
2025-09-08 16:22:16.279	continuous	480	1	->	2	3	3	0.0001	True	2.419171	0.861	0.004782	
2025-09-08 16:22:16.280	continuous	481	2	->		3	3	0.0001	True	2.418614	0.861	0.004781	
2025-09-08 16:22:16.280	continuous	482	1	->		2	3	0.0001	True	2.482915	0.861	0.004781	
2025-09-08 16:22:16.280	continuous	483	1	->	2	3	3	0.0001	True	2.418072	0.860	0.004780	
2025-09-08 16:22:16.280	continuous	484	1	->		2	3	0.0001	True	2.482662	0.860	0.004780	
2025-09-08 16:22:16.280	continuous	485	2	->		3	3	0.0001	True	2.417592	0.860	0.004779	
2025-09-08 16:22:16.281	continuous	486	1	->		2	3	0.0001	True	2.482376	0.860	0.004779	
2025-09-08 16:22:16.281	continuous	487	2	->		3	3	0.0001	True	2.417055	0.860	0.004779	
2025-09-08 16:22:16.281	continuous	488	1	->		2	3	0.0001	True	2.482088	0.860	0.004778	
2025-09-08 16:22:16.281	continuous	489	1	->	2	3	3	0.0001	True	2.416583	0.860	0.004778	
2025-09-08 16:22:16.282	continuous	490	2	->		3	3	0.0001	True	2.415932	0.860	0.004777	
2025-09-08 16:22:16.282	continuous	491	2	->		3	3	0.0001	True	2.415312	0.860	0.004777	
2025-09-08 16:22:16.282	continuous	492	1	->	2	3	3	0.0001	True	2.414743	0.860	0.004776	
2025-09-08 16:22:16.282	continuous	493	1	->	2	3	3	0.0001	True	2.414060	0.860	0.004776	
2025-09-08 16:22:16.282	continuous	494	2	->		3	3	0.0001	True	2.413494	0.860	0.004775	
2025-09-08 16:22:16.283	continuous	495	1	->	2	3	3	0.0001	True	2.412767	0.859	0.004775	
2025-09-08 16:22:16.283	continuous	496	1	->	2	3	3	0.0001	True	2.412070	0.859	0.004774	
2025-09-08 16:22:16.283	continuous	497	1	->	2	3	3	0.0001	True	2.411372	0.859	0.004774	
2025-09-08 16:22:16.283	continuous	498	3	->		4	3	0.0001	True	2.504668	0.859	0.004773	
2025-09-08 16:22:16.283	continuous	499	2	->		3	3	0.0001	True	2.411198	0.859	0.004773	
2025-09-08 16:22:16.284	continuous	500	3	->		4	3	0.0001	True	2.504322	0.859	0.004772	
2025-09-08 16:22:16.284	continuous	501	1	->		2	3	0.0001	True	2.482720	0.859	0.004772	
2025-09-08 16:22:16.284	continuous	502	2	->		3	3	0.0001	True	2.410795	0.859	0.004771	
2025-09-08 16:22:16.284	continuous	503	1	->	2	3	3	0.0001	True	2.409827	0.859	0.004771	
2025-09-08 16:22:16.284	continuous	504	2	->		3	3	0.0002	True	2.409496	0.859	0.004770	
2025-09-08 16:22:16.285	continuous	505	1	->		2	3	0.0001	True	2.482583	0.859	0.004770	
2025-09-08 16:22:16.285	continuous	506	2	->		3	3	0.0002	True	2.408892	0.859	0.004769	
2025-09-08 16:22:16.285	continuous	507	2	->	3	4	3	0.0002	True	2.506467	0.858	0.004769	
2025-09-08 16:22:16.285	continuous	508	2	->	3	4	3	0.0002	True	2.505864	0.858	0.004769	
2025-09-08 16:22:16.285	continuous	509	1	->		2	3	0.0002	True	2.482346	0.858	0.004768	
2025-09-08 16:22:16.286	continuous	510	1	->	2	3	3	0.0002	True	2.408343	0.858	0.004768	
2025-09-08 16:22:16.286	continuous	511	2	->	3	4	3	0.0002	True	2.505454	0.858	0.004767	
2025-09-08 16:22:16.286	continuous	512	1	->	2	3	3	0.0002	True	2.407763	0.858	0.004767	
2025-09-08 16:22:16.286	continuous	513	1	->	2	3	3	0.0002	True	2.407024	0.858	0.004766	
2025-09-08 16:22:16.287	continuous	514	2	->		3	3	0.0002	True	2.406937	0.858	0.004766	
2025-09-08 16:22:16.287	continuous	515	1	->		2	3	0.0002	True	2.482382	0.858	0.004765	
2025-09-08 16:22:16.287	continuous	516	1	->		2	3	0.0002	True	2.481978	0.858	0.004765	
2025-09-08 16:22:16.287	continuous	517	1	->	2	3	3	0.0002	True	2.405829	0.858	0.004764	
2025-09-08 16:22:16.288	continuous	518	2	->		3	3	0.0002	True	2.405699	0.857	0.004764	
2025-09-08 16:22:16.288	continuous	519	2	->		3	3	0.0002	True	2.404986	0.857	0.004763	
2025-09-08 16:22:16.288	continuous	520	1	->		2	3	0.0002	True	2.481822	0.857	0.004763	
2025-09-08 16:22:16.288	continuous	521	2	->		3	3	0.0002	True	2.404340	0.857	0.004762	
2025-09-08 16:22:16.288	continuous	522	1	->		2	3	0.0002	True	2.481484	0.857	0.004762	
2025-09-08 16:22:16.289	continuous	523	2	->		3	3	0.0002	True	2.403687	0.857	0.004761	
2025-09-08 16:22:16.289	continuous	524	2	->	3	4	3	0.0002	True	2.506508	0.857	0.004761	
2025-09-08 16:22:16.289	continuous	525	2	->		3	3	0.0002	True	2.403163	0.857	0.004760	
2025-09-08 16:22:16.289	continuous	526	2	->		3	3	0.0002	True	2.402428	0.857	0.004760	
2025-09-08 16:22:16.289	continuous	527	2	->		3	3	0.0002	True	2.401687	0.857	0.004759	
2025-09-08 16:22:16.290	continuous	528	1	->	2	3	3	0.0002	True	2.400610	0.857	0.004759	
2025-09-08 16:22:16.290	continuous	529	1	->	2	3	3	0.0002	True	2.399802	0.857	0.004759	
2025-09-08 16:22:16.290	continuous	530	1	->	2	3	3	0.0002	True	2.398989	0.856	0.004758	
2025-09-08 16:22:16.290	continuous	531	1	->	2	3	3	0.0002	True	2.398169	0.856	0.004758	
2025-09-08 16:22:16.290	continuous	532	1	->	2	3	3	0.0002	True	2.397341	0.856	0.004757	
2025-09-08 16:22:16.291	continuous	533	1	->	2	3	3	0.0002	True	2.396505	0.856	0.004757	
2025-09-08 16:22:16.291	continuous	534	1	->	2	3	3	0.0002	True	2.395662	0.856	0.004756	
2025-09-08 16:22:16.291	continuous	535	2	->		3	3	0.0002	True	2.395804	0.856	0.004756	
2025-09-08 16:22:16.291	continuous	536	2	->		3	3	0.0002	True	2.395000	0.856	0.004755	
2025-09-08 16:22:16.292	continuous	537	1	->	2	3	3	0.0002	True	2.393282	0.856	0.004755	
2025-09-08 16:22:16.292	continuous	538	1	->	2	3	3	0.0002	True	2.392408	0.856	0.004754	
2025-09-08 16:22:16.292	continuous	539	4	->		5	3	0.0002	True	2.488599	0.856	0.004754	
2025-09-08 16:22:16.292	continuous	540	1	->	2	3	3	0.0002	True	2.391576	0.856	0.004753	
2025-09-08 16:22:16.292	continuous	541	2	->		3	3	0.0002	True	2.391861	0.856	0.004753	
2025-09-08 16:22:16.293	continuous	542	1	->		2	3	0.0002	True	2.482755	0.855	0.004752	
2025-09-08 16:22:16.293	continuous	543	2	->		3	3	0.0002	True	2.391103	0.855	0.004752	
2025-09-08 16:22:16.293	continuous	544	1	->	2	3	3	0.0002	True	2.389205	0.855	0.004751	
2025-09-08 16:22:16.293	continuous	545	3	->		4	3	0.0002	True	2.507977	0.855	0.004751	
2025-09-08 16:22:16.293	continuous	546	2	->		3	3	0.0002	True	2.389666	0.855	0.004750	
2025-09-08 16:22:16.294	continuous	547	1	->		2	3	0.0002	True	2.482622	0.855	0.004750	
2025-09-08 16:22:16.294	continuous	548	3	->		4	3	0.0002	True	2.507631	0.855	0.004749	
2025-09-08 16:22:16.294	continuous	549	3	->		4	3	0.0002	True	2.507005	0.855	0.004749	
2025-09-08 16:22:16.294	continuous	550	1	->	2	3	3	0.0002	True	2.388135	0.855	0.004749	
2025-09-08 16:22:16.295	continuous	551	1	->		2	3	0.0002	True	2.482384	0.855	0.004748	
2025-09-08 16:22:16.295	continuous	552	1	->		2	3	0.0002	True	2.481908	0.855	0.004748	
2025-09-08 16:22:16.295	continuous	553	1	->	2	3	3	0.0002	True	2.387441	0.854	0.004747	
2025-09-08 16:22:16.295	continuous	554	2	->		3	3	0.0002	True	2.387836	0.854	0.004747	
2025-09-08 16:22:16.296	continuous	555	2	->		3	3	0.0002	True	2.386958	0.854	0.004746	
2025-09-08 16:22:16.296	continuous	556	3	->		4	3	0.0002	True	2.507303	0.854	0.004746	
2025-09-08 16:22:16.296	continuous	557	2	->		3	3	0.0003	True	2.386295	0.854	0.004745	
2025-09-08 16:22:16.296	continuous	558	3	->		4	3	0.0002	True	2.506887	0.854	0.004745	
2025-09-08 16:22:16.296	continuous	559	3	->	4	5	3	0.0002	True	2.486942	0.854	0.004744	
2025-09-08 16:22:16.297	continuous	560	2	->		3	3	0.0003	True	2.385644	0.854	0.004744	
2025-09-08 16:22:16.297	continuous	561	1	->		2	3	0.0003	True	2.481999	0.854	0.004743	
2025-09-08 16:22:16.297	continuous	562	1	->		2	3	0.0003	True	2.481507	0.854	0.004743	
2025-09-08 16:22:16.297	continuous	563	1	->		2	3	0.0003	True	2.481016	0.854	0.004742	
2025-09-08 16:22:16.297	continuous	564	2	->		3	3	0.0003	True	2.384980	0.854	0.004742	
2025-09-08 16:22:16.298	continuous	565	1	->	2	3	3	0.0003	True	2.383033	0.853	0.004741	
2025-09-08 16:22:16.298	continuous	566	1	->		2	3	0.0003	True	2.480711	0.853	0.004741	
2025-09-08 16:22:16.298	continuous	567	2	->		3	3	0.0003	True	2.383284	0.853	0.004740	
2025-09-08 16:22:16.298	continuous	568	2	->		3	3	0.0003	True	2.382364	0.853	0.004740	
2025-09-08 16:22:16.298	continuous	569	1	->	2	3	3	0.0003	True	2.380409	0.853	0.004740	
2025-09-08 16:22:16.299	continuous	570	2	->		3	3	0.0003	True	2.380546	0.853	0.004739	
2025-09-08 16:22:16.299	continuous	571	1	->		2	3	0.0003	True	2.480551	0.853	0.004739	
2025-09-08 16:22:16.299	continuous	572	1	->		2	3	0.0003	True	2.480038	0.853	0.004738	
2025-09-08 16:22:16.299	continuous	573	2	->		3	3	0.0003	True	2.379754	0.853	0.004738	
2025-09-08 16:22:16.299	continuous	574	1	->	2	3	3	0.0003	True	2.377824	0.853	0.004737	
2025-09-08 16:22:16.300	continuous	575	1	->		2	3	0.0003	True	2.479708	0.853	0.004737	
2025-09-08 16:22:16.300	continuous	576	2	->		3	3	0.0003	True	2.377962	0.853	0.004736	
2025-09-08 16:22:16.300	continuous	577	2	->		3	3	0.0003	True	2.376992	0.852	0.004736	
2025-09-08 16:22:16.300	continuous	578	1	->	2	3	3	0.0003	True	2.375051	0.852	0.004735	
2025-09-08 16:22:16.300	continuous	579	2	->		3	3	0.0003	True	2.375072	0.852	0.004735	
2025-09-08 16:22:16.301	continuous	580	1	->		2	3	0.0003	True	2.479520	0.852	0.004734	
2025-09-08 16:22:16.301	continuous	581	1	->	2	3	3	0.0003	True	2.373159	0.852	0.004734	
2025-09-08 16:22:16.301	continuous	582	1	->	2	3	3	0.0003	True	2.372089	0.852	0.004733	
2025-09-08 16:22:16.301	continuous	583	2	->		3	3	0.0003	True	2.372226	0.852	0.004733	
2025-09-08 16:22:16.302	continuous	584	2	->		3	3	0.0003	True	2.371200	0.852	0.004732	
2025-09-08 16:22:16.302	continuous	585	1	->		2	3	0.0003	True	2.479353	0.852	0.004732	
2025-09-08 16:22:16.302	continuous	586	1	->		2	3	0.0003	True	2.478799	0.852	0.004731	
2025-09-08 16:22:16.302	continuous	587	2	->		3	3	0.0003	True	2.370319	0.852	0.004731	
2025-09-08 16:22:16.302	continuous	588	1	->	2	3	3	0.0003	True	2.368269	0.851	0.004731	
2025-09-08 16:22:16.303	continuous	589	1	->	2	3	3	0.0004	True	2.367149	0.851	0.004730	
2025-09-08 16:22:16.303	continuous	590	2	->		3	3	0.0004	True	2.367257	0.851	0.004730	
2025-09-08 16:22:16.303	continuous	591	1	->		2	3	0.0003	True	2.478611	0.851	0.004729	
2025-09-08 16:22:16.303	continuous	592	1	->	2	3	3	0.0004	True	2.365105	0.851	0.004729	
2025-09-08 16:22:16.304	continuous	593	2	->		3	3	0.0004	True	2.365228	0.851	0.004728	
2025-09-08 16:22:16.304	continuous	594	2	->		3	3	0.0004	True	2.364135	0.851	0.004728	
2025-09-08 16:22:16.304	continuous	595	2	->		3	3	0.0004	True	2.363033	0.851	0.004727	
2025-09-08 16:22:16.304	continuous	596	1	->		2	3	0.0004	True	2.478377	0.851	0.004727	
2025-09-08 16:22:16.304	continuous	597	1	->	2	3	3	0.0004	True	2.360903	0.851	0.004726	
2025-09-08 16:22:16.305	continuous	598	1	->	2	3	3	0.0004	True	2.359710	0.851	0.004726	
2025-09-08 16:22:16.305	continuous	599	1	->		2	3	0.0004	True	2.478006	0.851	0.004725	
2025-09-08 16:22:16.305	continuous	600	2	->		3	3	0.0004	True	2.359915	0.850	0.004725	
2025-09-08 16:22:16.305	continuous	601	1	->		2	3	0.0004	True	2.477480	0.850	0.004724	
2025-09-08 16:22:16.306	continuous	602	1	->		2	3	0.0004	True	2.476875	0.850	0.004724	
2025-09-08 16:22:16.306	continuous	603	1	->		2	3	0.0004	True	2.476270	0.850	0.004723	
2025-09-08 16:22:16.306	continuous	604	2	->		3	3	0.0004	True	2.358991	0.850	0.004723	
2025-09-08 16:22:16.306	continuous	605	1	->	2	3	3	0.0004	True	2.356737	0.850	0.004722	
2025-09-08 16:22:16.306	continuous	606	2	->	3	4	3	0.0004	True	2.516142	0.850	0.004722	
2025-09-08 16:22:16.307	continuous	607	1	->		2	3	0.0004	True	2.475905	0.850	0.004722	
2025-09-08 16:22:16.307	continuous	608	1	->	2	3	3	0.0004	True	2.355837	0.850	0.004721	
2025-09-08 16:22:16.307	continuous	609	1	->	2	3	3	0.0004	True	2.354591	0.850	0.004721	
2025-09-08 16:22:16.307	continuous	610	1	->	2	3	3	0.0004	True	2.353332	0.850	0.004720	
2025-09-08 16:22:16.307	continuous	611	1	->	2	3	3	0.0004	True	2.352061	0.850	0.004720	
2025-09-08 16:22:16.308	continuous	612	2	->		3	3	0.0004	True	2.352528	0.849	0.004719	
2025-09-08 16:22:16.308	continuous	613	1	->	2	3	3	0.0005	True	2.349610	0.849	0.004719	
2025-09-08 16:22:16.308	continuous	614	2	->		3	3	0.0005	True	2.350121	0.849	0.004718	
2025-09-08 16:22:16.308	continuous	615	1	->		2	3	0.0005	True	2.475953	0.849	0.004718	
2025-09-08 16:22:16.309	continuous	616	1	->	2	3	3	0.0005	True	2.347219	0.849	0.004717	
2025-09-08 16:22:16.309	continuous	617	2	->	3	4	3	0.0005	True	2.517447	0.849	0.004717	
2025-09-08 16:22:16.309	continuous	618	2	->		3	3	0.0005	True	2.348050	0.849	0.004716	
2025-09-08 16:22:16.309	continuous	619	1	->		2	3	0.0005	True	2.475552	0.849	0.004716	
2025-09-08 16:22:16.309	continuous	620	1	->		2	3	0.0005	True	2.474890	0.849	0.004715	
2025-09-08 16:22:16.310	continuous	621	1	->		2	3	0.0005	True	2.474228	0.849	0.004715	
2025-09-08 16:22:16.310	continuous	622	1	->		2	3	0.0005	True	2.473566	0.849	0.004714	
2025-09-08 16:22:16.310	continuous	623	2	->		3	3	0.0005	True	2.347065	0.849	0.004714	
2025-09-08 16:22:16.310	continuous	624	2	->		3	3	0.0005	True	2.345791	0.848	0.004714	
2025-09-08 16:22:16.310	continuous	625	1	->	2	3	3	0.0005	True	2.342875	0.848	0.004713	
2025-09-08 16:22:16.311	continuous	626	1	->	2	3	3	0.0005	True	2.341494	0.848	0.004713	
2025-09-08 16:22:16.311	continuous	627	2	->		3	3	0.0005	True	2.342000	0.848	0.004712	
2025-09-08 16:22:16.311	continuous	628	1	->		2	3	0.0005	True	2.473295	0.848	0.004712	
2025-09-08 16:22:16.312	continuous	629	1	->	2	3	3	0.0005	True	2.338928	0.848	0.004711	
2025-09-08 16:22:16.312	continuous	630	1	->		2	3	0.0005	True	2.472702	0.848	0.004711	
2025-09-08 16:22:16.312	continuous	631	2	->		3	3	0.0005	True	2.339525	0.848	0.004710	
2025-09-08 16:22:16.312	continuous	632	2	->		3	3	0.0005	True	2.338174	0.848	0.004710	
2025-09-08 16:22:16.313	continuous	633	3	->		4	3	0.0005	True	2.518003	0.848	0.004709	
2025-09-08 16:22:16.313	continuous	634	3	->		4	3	0.0005	True	2.517129	0.848	0.004709	
2025-09-08 16:22:16.313	continuous	635	2	->	3	4	3	0.0006	True	2.517924	0.848	0.004708	
2025-09-08 16:22:16.313	continuous	636	2	->		3	3	0.0005	True	2.337732	0.847	0.004708	
2025-09-08 16:22:16.313	continuous	637	2	->		3	3	0.0006	True	2.336364	0.847	0.004707	
2025-09-08 16:22:16.314	continuous	638	2	->		3	3	0.0006	True	2.334982	0.847	0.004707	
2025-09-08 16:22:16.314	continuous	639	2	->		3	3	0.0006	True	2.333585	0.847	0.004706	
2025-09-08 16:22:16.314	continuous	640	1	->		2	3	0.0006	True	2.472654	0.847	0.004706	
2025-09-08 16:22:16.314	continuous	641	2	->		3	3	0.0006	True	2.332244	0.847	0.004706	
2025-09-08 16:22:16.314	continuous	642	1	->	2	3	3	0.0006	True	2.329164	0.847	0.004705	
2025-09-08 16:22:16.315	continuous	643	2	->		3	3	0.0006	True	2.329438	0.847	0.004705	
2025-09-08 16:22:16.315	continuous	644	2	->		3	3	0.0006	True	2.327985	0.847	0.004704	
2025-09-08 16:22:16.315	continuous	645	2	->		3	3	0.0006	True	2.326517	0.847	0.004704	
2025-09-08 16:22:16.315	continuous	646	1	->		2	3	0.0006	True	2.472301	0.847	0.004703	
2025-09-08 16:22:16.316	continuous	647	1	->		2	3	0.0006	True	2.471538	0.846	0.004703	
2025-09-08 16:22:16.316	continuous	648	2	->		3	3	0.0006	True	2.325174	0.846	0.004702	
2025-09-08 16:22:16.316	continuous	649	1	->		2	3	0.0006	True	2.470840	0.846	0.004702	
2025-09-08 16:22:16.316	continuous	650	1	->		2	3	0.0006	True	2.470071	0.846	0.004701	
2025-09-08 16:22:16.316	continuous	651	1	->		2	3	0.0006	True	2.469301	0.846	0.004701	
2025-09-08 16:22:16.317	continuous	652	1	->		2	3	0.0006	True	2.468532	0.846	0.004700	
2025-09-08 16:22:16.317	continuous	653	1	->	2	3	3	0.0007	True	2.322547	0.846	0.004700	
2025-09-08 16:22:16.317	continuous	654	3	->		4	3	0.0006	True	2.519381	0.846	0.004699	
2025-09-08 16:22:16.317	continuous	655	1	->		2	3	0.0006	True	2.467945	0.846	0.004699	
2025-09-08 16:22:16.317	continuous	656	1	->		2	3	0.0006	True	2.467170	0.846	0.004698	
2025-09-08 16:22:16.318	continuous	657	2	->		3	3	0.0007	True	2.322901	0.846	0.004698	
2025-09-08 16:22:16.318	continuous	658	1	->		2	3	0.0007	True	2.466441	0.846	0.004698	
2025-09-08 16:22:16.318	continuous	659	1	->		2	3	0.0007	True	2.465661	0.845	0.004697	
2025-09-08 16:22:16.318	continuous	660	1	->		2	3	0.0007	True	2.464881	0.845	0.004697	
2025-09-08 16:22:16.318	continuous	661	1	->		2	3	0.0007	True	2.464101	0.845	0.004696	
2025-09-08 16:22:16.319	continuous	662	1	->	2	3	3	0.0007	True	2.320229	0.845	0.004696	
2025-09-08 16:22:16.319	continuous	663	1	->		2	3	0.0007	True	2.463386	0.845	0.004695	
2025-09-08 16:22:16.319	continuous	664	1	->	2	3	3	0.0007	True	2.318671	0.845	0.004695	
2025-09-08 16:22:16.319	continuous	665	1	->	2	3	3	0.0007	True	2.317029	0.845	0.004694	
2025-09-08 16:22:16.320	continuous	666	2	->	3	4	3	0.0007	True	2.521981	0.845	0.004694	
2025-09-08 16:22:16.320	continuous	667	4	->		5	3	0.0006	True	2.496742	0.845	0.004693	
2025-09-08 16:22:16.320	continuous	668	1	->		2	3	0.0007	True	2.462891	0.845	0.004693	
2025-09-08 16:22:16.320	continuous	669	2	->		3	3	0.0007	True	2.317608	0.845	0.004692	
2025-09-08 16:22:16.320	continuous	670	1	->	2	3	3	0.0007	True	2.314351	0.845	0.004692	
2025-09-08 16:22:16.321	continuous	671	2	->		3	3	0.0007	True	2.314487	0.844	0.004691	
2025-09-08 16:22:16.321	continuous	672	1	->		2	3	0.0007	True	2.462218	0.844	0.004691	
2025-09-08 16:22:16.321	continuous	673	1	->		2	3	0.0007	True	2.461393	0.844	0.004690	
2025-09-08 16:22:16.321	continuous	674	1	->		2	3	0.0007	True	2.460567	0.844	0.004690	
2025-09-08 16:22:16.321	continuous	675	2	->		3	3	0.0008	True	2.312970	0.844	0.004690	
2025-09-08 16:22:16.322	continuous	676	2	->		3	3	0.0008	True	2.311345	0.844	0.004689	
2025-09-08 16:22:16.322	continuous	677	2	->		3	3	0.0008	True	2.309703	0.844	0.004689	
2025-09-08 16:22:16.322	continuous	678	1	->		2	3	0.0008	True	2.459816	0.844	0.004688	
2025-09-08 16:22:16.322	continuous	679	2	->		3	3	0.0008	True	2.308082	0.844	0.004688	
2025-09-08 16:22:16.322	continuous	680	1	->		2	3	0.0008	True	2.459010	0.844	0.004687	
2025-09-08 16:22:16.323	continuous	681	1	->	2	3	3	0.0008	True	2.305032	0.844	0.004687	
2025-09-08 16:22:16.323	continuous	682	1	->	2	3	3	0.0008	True	2.303234	0.844	0.004686	
2025-09-08 16:22:16.323	continuous	683	2	->		3	3	0.0008	True	2.303141	0.843	0.004686	
2025-09-08 16:22:16.323	continuous	684	2	->		3	3	0.0009	True	2.301409	0.843	0.004685	
2025-09-08 16:22:16.323	continuous	685	2	->		3	3	0.0009	True	2.299661	0.843	0.004685	
2025-09-08 16:22:16.324	continuous	686	2	->	3	4	3	0.0009	True	2.526039	0.843	0.004684	
2025-09-08 16:22:16.324	continuous	687	2	->		3	3	0.0009	True	2.298289	0.843	0.004684	
2025-09-08 16:22:16.324	continuous	688	1	->		2	3	0.0009	True	2.458462	0.843	0.004683	
2025-09-08 16:22:16.324	continuous	689	1	->		2	3	0.0009	True	2.457555	0.843	0.004683	
2025-09-08 16:22:16.324	continuous	690	1	->	2	3	3	0.0009	True	2.295101	0.843	0.004683	
2025-09-08 16:22:16.325	continuous	691	1	->		2	3	0.0009	True	2.456696	0.843	0.004682	
2025-09-08 16:22:16.325	continuous	692	2	->		3	3	0.0009	True	2.294842	0.843	0.004682	
2025-09-08 16:22:16.325	continuous	693	1	->	2	3	3	0.0010	True	2.291494	0.843	0.004681	
2025-09-08 16:22:16.325	continuous	694	1	->		2	3	0.0009	True	2.455841	0.843	0.004681	
2025-09-08 16:22:16.325	continuous	695	1	->		2	3	0.0009	True	2.454904	0.842	0.004680	
2025-09-08 16:22:16.326	continuous	696	1	->		2	3	0.0009	True	2.453965	0.842	0.004680	
2025-09-08 16:22:16.326	continuous	697	1	->		2	3	0.0009	True	2.453026	0.842	0.004679	
2025-09-08 16:22:16.326	continuous	698	1	->		2	3	0.0009	True	2.452084	0.842	0.004679	
2025-09-08 16:22:16.326	continuous	699	1	->		2	3	0.0009	True	2.451141	0.842	0.004678	
2025-09-08 16:22:16.326	continuous	700	1	->	2	3	3	0.0010	True	2.289773	0.842	0.004678	
2025-09-08 16:22:16.327	continuous	701	2	->		3	3	0.0010	True	2.289581	0.842	0.004677	
2025-09-08 16:22:16.327	continuous	702	1	->	2	3	3	0.0010	True	2.285984	0.842	0.004677	
2025-09-08 16:22:16.327	continuous	703	1	->	2	3	3	0.0010	True	2.283988	0.842	0.004676	
2025-09-08 16:22:16.327	continuous	704	1	->		2	3	0.0010	True	2.450281	0.842	0.004676	
2025-09-08 16:22:16.328	continuous	705	2	->		3	3	0.0010	True	2.283965	0.842	0.004675	
2025-09-08 16:22:16.328	continuous	706	1	->		2	3	0.0010	True	2.449311	0.842	0.004675	
2025-09-08 16:22:16.329	continuous	707	1	->	2	3	3	0.0011	True	2.280119	0.841	0.004675	
2025-09-08 16:22:16.329	continuous	708	3	->		4	3	0.0010	True	2.528180	0.841	0.004674	
2025-09-08 16:22:16.329	continuous	709	2	->		3	3	0.0011	True	2.280519	0.841	0.004674	
2025-09-08 16:22:16.329	continuous	710	1	->	2	3	3	0.0011	True	2.276508	0.841	0.004673	
2025-09-08 16:22:16.329	continuous	711	3	->		4	3	0.0010	True	2.527769	0.841	0.004673	
2025-09-08 16:22:16.330	continuous	712	2	->	3	4	3	0.0011	True	2.528358	0.841	0.004672	
2025-09-08 16:22:16.330	continuous	713	2	->		3	3	0.0011	True	2.277456	0.841	0.004672	
2025-09-08 16:22:16.330	continuous	714	2	->		3	3	0.0011	True	2.275447	0.841	0.004671	
2025-09-08 16:22:16.330	continuous	715	1	->		2	3	0.0011	True	2.448741	0.841	0.004671	
2025-09-08 16:22:16.330	continuous	716	2	->		3	3	0.0012	True	2.273412	0.841	0.004670	
2025-09-08 16:22:16.330	continuous	717	1	->	2	3	3	0.0012	True	2.269263	0.841	0.004670	
2025-09-08 16:22:16.331	continuous	718	2	->	3	4	3	0.0012	True	2.528862	0.840	0.004669	
2025-09-08 16:22:16.331	continuous	719	1	->	2	3	3	0.0012	True	2.267445	0.840	0.004669	
2025-09-08 16:22:16.331	continuous	720	2	->		3	3	0.0012	True	2.267762	0.840	0.004668	
2025-09-08 16:22:16.331	continuous	721	2	->		3	3	0.0012	True	2.265648	0.840	0.004668	
2025-09-08 16:22:16.331	continuous	722	1	->		2	3	0.0012	True	2.447862	0.840	0.004668	
2025-09-08 16:22:16.332	continuous	723	2	->		3	3	0.0013	True	2.263507	0.840	0.004667	
2025-09-08 16:22:16.332	continuous	724	1	->	2	3	3	0.0013	True	2.259015	0.840	0.004667	
2025-09-08 16:22:16.332	continuous	725	2	->		3	3	0.0013	True	2.259226	0.840	0.004666	
2025-09-08 16:22:16.332	continuous	726	2	->		3	3	0.0013	True	2.257017	0.840	0.004666	
2025-09-08 16:22:16.333	continuous	727	1	->		2	3	0.0013	True	2.446779	0.840	0.004665	
2025-09-08 16:22:16.333	continuous	728	2	->	3	4	3	0.0014	True	2.530815	0.840	0.004665	
2025-09-08 16:22:16.333	continuous	729	3	->		4	3	0.0012	True	2.527788	0.840	0.004664	
2025-09-08 16:22:16.333	continuous	730	2	->		3	3	0.0014	True	2.255692	0.839	0.004664	
2025-09-08 16:22:16.333	continuous	731	3	->		4	3	0.0013	True	2.526924	0.839	0.004663	
2025-09-08 16:22:16.334	continuous	732	2	->		3	3	0.0014	True	2.253874	0.839	0.004663	
2025-09-08 16:22:16.334	continuous	733	2	->		3	3	0.0014	True	2.251605	0.839	0.004662	
2025-09-08 16:22:16.334	continuous	734	1	->		2	3	0.0014	True	2.446066	0.839	0.004662	
2025-09-08 16:22:16.334	continuous	735	2	->		3	3	0.0014	True	2.249308	0.839	0.004661	
2025-09-08 16:22:16.334	continuous	736	1	->		2	3	0.0014	True	2.444896	0.839	0.004661	
2025-09-08 16:22:16.335	continuous	737	1	->	2	3	3	0.0015	True	2.244747	0.839	0.004661	
2025-09-08 16:22:16.335	continuous	738	1	->		2	3	0.0015	True	2.443734	0.839	0.004660	
2025-09-08 16:22:16.335	continuous	739	2	->		3	3	0.0015	True	2.244691	0.839	0.004660	
2025-09-08 16:22:16.335	continuous	740	1	->		2	3	0.0015	True	2.442528	0.839	0.004659	
2025-09-08 16:22:16.335	continuous	741	1	->	2	3	3	0.0016	True	2.239948	0.839	0.004659	
2025-09-08 16:22:16.336	continuous	742	3	->		4	3	0.0014	True	2.528791	0.838	0.004658	
2025-09-08 16:22:16.336	continuous	743	2	->		3	3	0.0016	True	2.240434	0.838	0.004658	
2025-09-08 16:22:16.336	continuous	744	1	->	2	3	3	0.0016	True	2.235438	0.838	0.004657	
2025-09-08 16:22:16.336	continuous	745	2	->	3	4	3	0.0016	True	2.530090	0.838	0.004657	
2025-09-08 16:22:16.337	continuous	746	1	->	2	3	3	0.0016	True	2.233252	0.838	0.004656	
2025-09-08 16:22:16.337	continuous	747	1	->	2	3	3	0.0017	True	2.230609	0.838	0.004656	
2025-09-08 16:22:16.337	continuous	748	1	->		2	3	0.0016	True	2.441656	0.838	0.004655	
2025-09-08 16:22:16.337	continuous	749	2	->		3	3	0.0017	True	2.231248	0.838	0.004655	
2025-09-08 16:22:16.337	continuous	750	1	->	2	3	3	0.0018	True	2.225480	0.838	0.004654	
2025-09-08 16:22:16.338	continuous	751	2	->	3	4	3	0.0018	True	2.530523	0.838	0.004654	
2025-09-08 16:22:16.338	continuous	752	2	->		3	3	0.0017	True	2.226675	0.838	0.004654	
2025-09-08 16:22:16.338	continuous	753	2	->		3	3	0.0018	True	2.224078	0.838	0.004653	
2025-09-08 16:22:16.338	continuous	754	1	->	2	3	3	0.0019	True	2.218106	0.837	0.004653	
2025-09-08 16:22:16.338	continuous	755	1	->		2	3	0.0018	True	2.440532	0.837	0.004652	
2025-09-08 16:22:16.339	continuous	756	2	->		3	3	0.0019	True	2.218847	0.837	0.004652	
2025-09-08 16:22:16.339	continuous	757	1	->	2	3	3	0.0019	True	2.212691	0.837	0.004651	
2025-09-08 16:22:16.339	continuous	758	2	->		3	3	0.0019	True	2.213501	0.837	0.004651	
2025-09-08 16:22:16.339	continuous	759	1	->	2	3	3	0.0020	True	2.207138	0.837	0.004650	
2025-09-08 16:22:16.340	continuous	760	1	->	2	3	3	0.0021	True	2.204203	0.837	0.004650	
2025-09-08 16:22:16.340	continuous	761	2	->		3	3	0.0020	True	2.205284	0.837	0.004649	
2025-09-08 16:22:16.340	continuous	762	2	->		3	3	0.0021	True	2.202440	0.837	0.004649	
2025-09-08 16:22:16.340	continuous	763	2	->		3	3	0.0021	True	2.199564	0.837	0.004648	
2025-09-08 16:22:16.340	continuous	764	1	->		2	3	0.0021	True	2.439213	0.837	0.004648	
2025-09-08 16:22:16.341	continuous	765	1	->	2	3	3	0.0022	True	2.192823	0.837	0.004648	
2025-09-08 16:22:16.341	continuous	766	3	->		4	3	0.0020	True	2.533404	0.836	0.004647	
2025-09-08 16:22:16.341	continuous	767	1	->		2	3	0.0022	True	2.437962	0.836	0.004647	
2025-09-08 16:22:16.341	continuous	768	2	->		3	3	0.0022	True	2.194312	0.836	0.004646	
2025-09-08 16:22:16.341	continuous	769	1	->	2	3	3	0.0023	True	2.187318	0.836	0.004646	
2025-09-08 16:22:16.342	continuous	770	1	->	2	3	3	0.0024	True	2.184144	0.836	0.004645	
2025-09-08 16:22:16.342	continuous	771	1	->	2	3	3	0.0024	True	2.180935	0.836	0.004645	
2025-09-08 16:22:16.342	continuous	772	1	->		2	3	0.0024	True	2.436550	0.836	0.004644	
2025-09-08 16:22:16.342	continuous	773	1	->	2	3	3	0.0025	True	2.177715	0.836	0.004644	
2025-09-08 16:22:16.342	continuous	774	1	->		2	3	0.0024	True	2.435033	0.836	0.004643	
2025-09-08 16:22:16.343	continuous	775	1	->	2	3	3	0.0026	True	2.174454	0.836	0.004643	
2025-09-08 16:22:16.343	continuous	776	1	->	2	3	3	0.0026	True	2.171131	0.836	0.004642	
2025-09-08 16:22:16.343	continuous	777	2	->		3	3	0.0026	True	2.173148	0.836	0.004642	
2025-09-08 16:22:16.343	continuous	778	1	->		2	3	0.0026	True	2.433500	0.835	0.004641	
2025-09-08 16:22:16.343	continuous	779	2	->		3	3	0.0026	True	2.169912	0.835	0.004641	
2025-09-08 16:22:16.344	continuous	780	1	->		2	3	0.0027	True	2.431875	0.835	0.004641	
2025-09-08 16:22:16.344	continuous	781	1	->		2	3	0.0027	True	2.430241	0.835	0.004640	
2025-09-08 16:22:16.344	continuous	782	1	->		2	3	0.0027	True	2.428604	0.835	0.004640	
2025-09-08 16:22:16.344	continuous	783	1	->		2	3	0.0027	True	2.426964	0.835	0.004639	
2025-09-08 16:22:16.345	continuous	784	2	->		3	3	0.0027	True	2.166555	0.835	0.004639	
2025-09-08 16:22:16.345	continuous	785	1	->		2	3	0.0028	True	2.425276	0.835	0.004638	
2025-09-08 16:22:16.345	continuous	786	3	->		4	3	0.0026	True	2.538903	0.835	0.004638	
2025-09-08 16:22:16.345	continuous	787	1	->	2	3	3	0.0029	True	2.158769	0.835	0.004637	
2025-09-08 16:22:16.345	continuous	788	2	->		3	3	0.0028	True	2.160561	0.835	0.004637	
2025-09-08 16:22:16.346	continuous	789	1	->		2	3	0.0029	True	2.423756	0.835	0.004636	
2025-09-08 16:22:16.346	continuous	790	1	->	2	3	3	0.0030	True	2.151911	0.834	0.004636	
2025-09-08 16:22:16.346	continuous	791	2	->		3	3	0.0030	True	2.153802	0.834	0.004635	
2025-09-08 16:22:16.346	continuous	792	2	->		3	3	0.0030	True	2.150350	0.834	0.004635	
2025-09-08 16:22:16.346	continuous	793	1	->	2	3	3	0.0032	True	2.141491	0.834	0.004635	
2025-09-08 16:22:16.347	continuous	794	1	->	2	3	3	0.0033	True	2.137763	0.834	0.004634	
2025-09-08 16:22:16.347	continuous	795	1	->	2	3	3	0.0033	True	2.133995	0.834	0.004634	
2025-09-08 16:22:16.347	continuous	796	1	->		2	3	0.0033	True	2.421896	0.834	0.004633	
2025-09-08 16:22:16.347	continuous	797	2	->		3	3	0.0033	True	2.136296	0.834	0.004633	
2025-09-08 16:22:16.347	continuous	798	2	->		3	3	0.0034	True	2.132625	0.834	0.004632	
2025-09-08 16:22:16.348	continuous	799	1	->	2	3	3	0.0036	True	2.122934	0.834	0.004632	
2025-09-08 16:22:16.348	continuous	800	2	->		3	3	0.0035	True	2.125238	0.834	0.004631	
2025-09-08 16:22:16.348	continuous	801	1	->		2	3	0.0036	True	2.419955	0.834	0.004631	
2025-09-08 16:22:16.348	continuous	802	1	->		2	3	0.0036	True	2.418044	0.833	0.004630	
2025-09-08 16:22:16.349	continuous	803	1	->		2	3	0.0036	True	2.416128	0.833	0.004630	
2025-09-08 16:22:16.349	continuous	804	2	->		3	3	0.0036	True	2.121326	0.833	0.004629	
2025-09-08 16:22:16.349	continuous	805	1	->	2	3	3	0.0039	True	2.111369	0.833	0.004629	
2025-09-08 16:22:16.349	continuous	806	2	->		3	3	0.0038	True	2.113629	0.833	0.004629	
2025-09-08 16:22:16.349	continuous	807	1	->	2	3	3	0.0040	True	2.103336	0.833	0.004628	
2025-09-08 16:22:16.350	continuous	808	2	->		3	3	0.0040	True	2.105739	0.833	0.004628	
2025-09-08 16:22:16.350	continuous	809	1	->		2	3	0.0040	True	2.413991	0.833	0.004627	
2025-09-08 16:22:16.350	continuous	810	1	->		2	3	0.0040	True	2.411953	0.833	0.004627	
2025-09-08 16:22:16.350	continuous	811	1	->	2	3	3	0.0042	True	2.095061	0.833	0.004626	
2025-09-08 16:22:16.350	continuous	812	2	->	3	4	3	0.0042	True	2.553533	0.833	0.004626	
2025-09-08 16:22:16.351	continuous	813	2	->		3	3	0.0042	True	2.098385	0.833	0.004625	
2025-09-08 16:22:16.351	continuous	814	1	->		2	3	0.0042	True	2.410085	0.832	0.004625	
2025-09-08 16:22:16.351	continuous	815	1	->	2	3	3	0.0044	True	2.087419	0.832	0.004624	
2025-09-08 16:22:16.351	continuous	816	1	->	2	3	3	0.0045	True	2.082988	0.832	0.004624	
2025-09-08 16:22:16.351	continuous	817	1	->	2	3	3	0.0046	True	2.078508	0.832	0.004623	
2025-09-08 16:22:16.352	continuous	818	1	->	2	3	3	0.0047	True	2.073969	0.832	0.004623	
2025-09-08 16:22:16.352	continuous	819	1	->		2	3	0.0047	True	2.407860	0.832	0.004622	
2025-09-08 16:22:16.352	continuous	820	1	->		2	3	0.0047	True	2.405662	0.832	0.004622	
2025-09-08 16:22:16.352	continuous	821	2	->		3	3	0.0047	True	2.077220	0.832	0.004622	
2025-09-08 16:22:16.352	continuous	822	2	->		3	3	0.0048	True	2.072834	0.832	0.004621	
2025-09-08 16:22:16.353	continuous	823	2	->		3	3	0.0049	True	2.068399	0.832	0.004621	
2025-09-08 16:22:16.353	continuous	824	2	->		3	3	0.0050	True	2.063909	0.832	0.004620	
2025-09-08 16:22:16.353	continuous	825	2	->		3	3	0.0051	True	2.059364	0.832	0.004620	
2025-09-08 16:22:16.353	continuous	826	2	->		3	3	0.0053	True	2.054763	0.831	0.004619	
2025-09-08 16:22:16.353	continuous	827	3	->		4	3	0.0050	True	2.558402	0.831	0.004619	
2025-09-08 16:22:16.354	continuous	828	1	->	2	3	3	0.0056	True	2.043354	0.831	0.004618	
2025-09-08 16:22:16.354	continuous	829	1	->	2	3	3	0.0057	True	2.038344	0.831	0.004618	
2025-09-08 16:22:16.354	continuous	830	1	->	2	3	3	0.0059	True	2.033276	0.831	0.004617	
2025-09-08 16:22:16.354	continuous	831	1	->		2	3	0.0057	True	2.403394	0.831	0.004617	
2025-09-08 16:22:16.354	continuous	832	1	->		2	3	0.0057	True	2.400949	0.831	0.004616	
2025-09-08 16:22:16.355	continuous	833	1	->		2	3	0.0058	True	2.398497	0.831	0.004616	
2025-09-08 16:22:16.355	continuous	834	1	->		2	3	0.0058	True	2.396038	0.831	0.004616	
2025-09-08 16:22:16.355	continuous	835	1	->	2	3	3	0.0061	True	2.028111	0.831	0.004615	
2025-09-08 16:22:16.355	continuous	836	2	->		3	3	0.0059	True	2.031842	0.831	0.004615	
2025-09-08 16:22:16.355	continuous	837	1	->		2	3	0.0061	True	2.393463	0.831	0.004614	
2025-09-08 16:22:16.356	continuous	838	1	->		2	3	0.0061	True	2.390930	0.830	0.004614	
2025-09-08 16:22:16.356	continuous	839	1	->	2	3	3	0.0064	True	2.017942	0.830	0.004613	
2025-09-08 16:22:16.356	continuous	840	2	->		3	3	0.0063	True	2.021798	0.830	0.004613	
2025-09-08 16:22:16.356	continuous	841	2	->		3	3	0.0064	True	2.016729	0.830	0.004612	
2025-09-08 16:22:16.356	continuous	842	1	->	2	3	3	0.0069	True	2.002524	0.830	0.004612	
2025-09-08 16:22:16.357	continuous	843	1	->	2	3	3	0.0070	True	1.997010	0.830	0.004611	
2025-09-08 16:22:16.357	continuous	844	2	->	3	4	3	0.0070	True	2.570976	0.830	0.004611	
2025-09-08 16:22:16.357	continuous	845	1	->	2	3	3	0.0072	True	1.992546	0.830	0.004610	
2025-09-08 16:22:16.357	continuous	846	1	->		2	3	0.0070	True	2.388451	0.830	0.004610	
2025-09-08 16:22:16.357	continuous	847	1	->	2	3	3	0.0074	True	1.986901	0.830	0.004610	
2025-09-08 16:22:16.358	continuous	848	1	->	2	3	3	0.0076	True	1.981201	0.830	0.004609	
2025-09-08 16:22:16.358	continuous	849	1	->		2	3	0.0074	True	2.385674	0.830	0.004609	
2025-09-08 16:22:16.358	continuous	850	1	->	2	3	3	0.0078	True	1.975420	0.829	0.004608	
2025-09-08 16:22:16.358	continuous	851	1	->		2	3	0.0076	True	2.382841	0.829	0.004608	
2025-09-08 16:22:16.358	continuous	852	1	->	2	3	3	0.0080	True	1.969557	0.829	0.004607	
2025-09-08 16:22:16.359	continuous	853	2	->		3	3	0.0078	True	1.975176	0.829	0.004607	
2025-09-08 16:22:16.359	continuous	854	1	->		2	3	0.0080	True	2.379908	0.829	0.004606	
2025-09-08 16:22:16.359	continuous	855	1	->	2	3	3	0.0084	True	1.958004	0.829	0.004606	
2025-09-08 16:22:16.359	continuous	856	1	->	2	3	3	0.0086	True	1.951943	0.829	0.004605	
2025-09-08 16:22:16.359	continuous	857	1	->	2	3	3	0.0089	True	1.945801	0.829	0.004605	
2025-09-08 16:22:16.360	continuous	858	3	->		4	3	0.0080	True	2.575952	0.829	0.004604	
2025-09-08 16:22:16.360	continuous	859	1	->	2	3	3	0.0090	True	1.940796	0.829	0.004604	
2025-09-08 16:22:16.360	continuous	860	2	->		3	3	0.0088	True	1.947508	0.829	0.004604	
2025-09-08 16:22:16.360	continuous	861	2	->		3	3	0.0090	True	1.941501	0.829	0.004603	
2025-09-08 16:22:16.361	continuous	862	1	->	2	3	3	0.0097	True	1.922541	0.828	0.004603	
2025-09-08 16:22:16.361	continuous	863	1	->	2	3	3	0.0100	True	1.916011	0.828	0.004602	
2025-09-08 16:22:16.361	continuous	864	1	->		2	3	0.0098	True	2.377351	0.828	0.004602	
2025-09-08 16:22:16.361	continuous	865	2	->		3	3	0.0097	True	1.923176	0.828	0.004601	
2025-09-08 16:22:16.362	continuous	866	2	->		3	3	0.0100	True	1.916881	0.828	0.004601	
2025-09-08 16:22:16.362	continuous	867	2	->		3	3	0.0102	True	1.910507	0.828	0.004600	
2025-09-08 16:22:16.362	continuous	868	2	->		3	3	0.0105	True	1.904055	0.828	0.004600	
2025-09-08 16:22:16.362	continuous	869	2	->		3	3	0.0108	True	1.897522	0.828	0.004599	
2025-09-08 16:22:16.362	continuous	870	1	->		2	3	0.0111	True	2.374295	0.828	0.004599	
2025-09-08 16:22:16.362	continuous	871	1	->	2	3	3	0.0117	True	1.877504	0.828	0.004599	
2025-09-08 16:22:16.363	continuous	872	2	->		3	3	0.0114	True	1.884335	0.828	0.004598	
2025-09-08 16:22:16.363	continuous	873	1	->	2	3	3	0.0123	True	1.863664	0.828	0.004598	
2025-09-08 16:22:16.363	continuous	874	2	->		3	3	0.0120	True	1.870751	0.827	0.004597	
2025-09-08 16:22:16.363	continuous	875	2	->		3	3	0.0123	True	1.863804	0.827	0.004597	
2025-09-08 16:22:16.363	continuous	876	1	->	2	3	3	0.0133	True	1.842542	0.827	0.004596	
2025-09-08 16:22:16.363	continuous	877	2	->	3	4	3	0.0131	True	2.600360	0.827	0.004596	
2025-09-08 16:22:16.364	continuous	878	2	->		3	3	0.0129	True	1.851378	0.827	0.004595	
2025-09-08 16:22:16.364	continuous	879	1	->		2	3	0.0133	True	2.372060	0.827	0.004595	
2025-09-08 16:22:16.364	continuous	880	1	->		2	3	0.0133	True	2.368300	0.827	0.004594	
2025-09-08 16:22:16.364	continuous	881	2	->		3	3	0.0133	True	1.844489	0.827	0.004594	
2025-09-08 16:22:16.364	continuous	882	2	->		3	3	0.0136	True	1.837221	0.827	0.004593	
2025-09-08 16:22:16.365	continuous	883	1	->	2	3	3	0.0147	True	1.815381	0.827	0.004593	
2025-09-08 16:22:16.365	continuous	884	2	->		3	3	0.0144	True	1.822469	0.827	0.004593	
2025-09-08 16:22:16.365	continuous	885	2	->		3	3	0.0147	True	1.814930	0.827	0.004592	
2025-09-08 16:22:16.365	continuous	886	1	->	2	3	3	0.0160	True	1.792492	0.826	0.004592	
2025-09-08 16:22:16.365	continuous	887	1	->	2	3	3	0.0164	True	1.784366	0.826	0.004591	
2025-09-08 16:22:16.365	continuous	888	2	->		3	3	0.0160	True	1.791890	0.826	0.004591	
2025-09-08 16:22:16.366	continuous	889	1	->		2	3	0.0165	True	2.366101	0.826	0.004590	
2025-09-08 16:22:16.366	continuous	890	1	->		2	3	0.0166	True	2.361913	0.826	0.004590	
2025-09-08 16:22:16.366	continuous	891	3	->		4	3	0.0154	True	2.608264	0.826	0.004589	
2025-09-08 16:22:16.366	continuous	892	1	->	2	3	3	0.0173	True	1.770744	0.826	0.004589	
2025-09-08 16:22:16.366	continuous	893	3	->		4	3	0.0157	True	2.605519	0.826	0.004588	
2025-09-08 16:22:16.366	continuous	894	2	->		3	3	0.0167	True	1.780261	0.826	0.004588	
2025-09-08 16:22:16.367	continuous	895	1	->	2	3	3	0.0181	True	1.756245	0.826	0.004587	
2025-09-08 16:22:16.367	continuous	896	2	->		3	3	0.0176	True	1.764132	0.826	0.004587	
2025-09-08 16:22:16.367	continuous	897	1	->	2	3	3	0.0192	True	1.739507	0.826	0.004587	
2025-09-08 16:22:16.367	continuous	898	1	->	2	3	3	0.0197	True	1.730768	0.826	0.004586	
2025-09-08 16:22:16.368	continuous	899	2	->		3	3	0.0191	True	1.739223	0.825	0.004586	
2025-09-08 16:22:16.368	continuous	900	2	->		3	3	0.0197	True	1.730683	0.825	0.004585	
2025-09-08 16:22:16.368	continuous	901	1	->		2	3	0.0204	True	2.361302	0.825	0.004585	
2025-09-08 16:22:16.368	continuous	902	1	->		2	3	0.0204	True	2.356655	0.825	0.004584	
2025-09-08 16:22:16.368	continuous	903	1	->		2	3	0.0205	True	2.352002	0.825	0.004584	
2025-09-08 16:22:16.368	continuous	904	4	->		5	3	0.0178	True	2.602259	0.825	0.004583	
2025-09-08 16:22:16.369	continuous	905	2	->		3	3	0.0202	True	1.725052	0.825	0.004583	
2025-09-08 16:22:16.369	continuous	906	1	->		2	3	0.0209	True	2.348210	0.825	0.004582	
2025-09-08 16:22:16.369	continuous	907	1	->	2	3	3	0.0219	True	1.699765	0.825	0.004582	
2025-09-08 16:22:16.369	continuous	908	1	->		2	3	0.0215	True	2.343893	0.825	0.004582	
2025-09-08 16:22:16.369	continuous	909	2	->		3	3	0.0214	True	1.708362	0.825	0.004581	
2025-09-08 16:22:16.370	continuous	910	2	->		3	3	0.0220	True	1.699463	0.825	0.004581	
2025-09-08 16:22:16.370	continuous	911	2	->		3	3	0.0226	True	1.690462	0.824	0.004580	
2025-09-08 16:22:16.370	continuous	912	1	->	2	3	3	0.0246	True	1.664123	0.824	0.004580	
2025-09-08 16:22:16.370	continuous	913	2	->		3	3	0.0239	True	1.672235	0.824	0.004579	
2025-09-08 16:22:16.370	continuous	914	1	->		2	3	0.0248	True	2.341269	0.824	0.004579	
2025-09-08 16:22:16.371	continuous	915	1	->	2	3	3	0.0260	True	1.645732	0.824	0.004578	
2025-09-08 16:22:16.371	continuous	916	1	->		2	3	0.0255	True	2.336677	0.824	0.004578	
2025-09-08 16:22:16.371	continuous	917	2	->		3	3	0.0254	True	1.654629	0.824	0.004577	
2025-09-08 16:22:16.371	continuous	918	1	->	2	3	3	0.0276	True	1.626980	0.824	0.004577	
2025-09-08 16:22:16.371	continuous	919	3	->		4	3	0.0250	True	2.641687	0.824	0.004576	
2025-09-08 16:22:16.372	continuous	920	1	->		2	3	0.0269	True	2.333087	0.824	0.004576	
2025-09-08 16:22:16.372	continuous	921	2	->	3	4	3	0.0270	True	2.643712	0.824	0.004576	
2025-09-08 16:22:16.372	continuous	922	1	->	2	3	3	0.0280	True	1.622791	0.824	0.004575	
2025-09-08 16:22:16.372	continuous	923	1	->	2	3	3	0.0288	True	1.612675	0.823	0.004575	
2025-09-08 16:22:16.372	continuous	924	2	->		3	3	0.0280	True	1.622109	0.823	0.004574	
2025-09-08 16:22:16.372	continuous	925	1	->		2	3	0.0291	True	2.330123	0.823	0.004574	
2025-09-08 16:22:16.373	continuous	926	2	->		3	3	0.0288	True	1.612871	0.823	0.004573	
2025-09-08 16:22:16.373	continuous	927	1	->	2	3	3	0.0314	True	1.583473	0.823	0.004573	
2025-09-08 16:22:16.373	continuous	928	1	->		2	3	0.0308	True	2.325878	0.823	0.004572	
2025-09-08 16:22:16.373	continuous	929	2	->		3	3	0.0305	True	1.593612	0.823	0.004572	
2025-09-08 16:22:16.373	continuous	930	1	->		2	3	0.0317	True	2.320837	0.823	0.004571	
2025-09-08 16:22:16.373	continuous	931	2	->	3	4	3	0.0318	True	2.655871	0.823	0.004571	
2025-09-08 16:22:16.374	continuous	932	1	->	2	3	3	0.0330	True	1.567335	0.823	0.004571	
2025-09-08 16:22:16.374	continuous	933	1	->	2	3	3	0.0340	True	1.556582	0.823	0.004570	
2025-09-08 16:22:16.374	continuous	934	2	->	3	4	3	0.0334	True	2.654851	0.823	0.004570	
2025-09-08 16:22:16.374	continuous	935	1	->		2	3	0.0331	True	2.317767	0.822	0.004569	
2025-09-08 16:22:16.374	continuous	936	1	->		2	3	0.0331	True	2.311833	0.822	0.004569	
2025-09-08 16:22:16.374	continuous	937	2	->	3	4	3	0.0331	True	2.648917	0.822	0.004568	
2025-09-08 16:22:16.375	continuous	938	2	->		3	3	0.0325	True	1.574283	0.822	0.004568	
2025-09-08 16:22:16.375	continuous	939	2	->		3	3	0.0334	True	1.563886	0.822	0.004567	
2025-09-08 16:22:16.375	continuous	940	1	->		2	3	0.0348	True	2.307957	0.822	0.004567	
2025-09-08 16:22:16.375	continuous	941	1	->		2	3	0.0348	True	2.301867	0.822	0.004566	
2025-09-08 16:22:16.375	continuous	942	1	->	2	3	3	0.0365	True	1.534295	0.822	0.004566	
2025-09-08 16:22:16.376	continuous	943	2	->		3	3	0.0354	True	1.544412	0.822	0.004566	
2025-09-08 16:22:16.376	continuous	944	1	->	2	3	3	0.0387	True	1.512609	0.822	0.004565	
2025-09-08 16:22:16.376	continuous	945	1	->	2	3	3	0.0399	True	1.501343	0.822	0.004565	
2025-09-08 16:22:16.376	continuous	946	1	->	2	3	3	0.0411	True	1.489993	0.822	0.004564	
2025-09-08 16:22:16.376	continuous	947	2	->		3	3	0.0398	True	1.501351	0.821	0.004564	
2025-09-08 16:22:16.377	continuous	948	1	->		2	3	0.0415	True	2.301059	0.821	0.004563	
2025-09-08 16:22:16.377	continuous	949	1	->	2	3	3	0.0436	True	1.468591	0.821	0.004563	
2025-09-08 16:22:16.377	continuous	950	1	->		2	3	0.0428	True	2.295453	0.821	0.004562	
2025-09-08 16:22:16.377	continuous	951	2	->		3	3	0.0422	True	1.481221	0.821	0.004562	
2025-09-08 16:22:16.378	continuous	952	2	->		3	3	0.0435	True	1.469928	0.821	0.004561	
2025-09-08 16:22:16.378	continuous	953	1	->		2	3	0.0453	True	2.290846	0.821	0.004561	
2025-09-08 16:22:16.378	continuous	954	2	->		3	3	0.0448	True	1.459677	0.821	0.004561	
2025-09-08 16:22:16.378	continuous	955	2	->		3	3	0.0461	True	1.448188	0.821	0.004560	
2025-09-08 16:22:16.379	continuous	956	1	->		2	3	0.0480	True	2.286220	0.821	0.004560	
2025-09-08 16:22:16.379	continuous	957	3	->		4	3	0.0443	True	2.680053	0.821	0.004559	
2025-09-08 16:22:16.379	continuous	958	1	->		2	3	0.0475	True	2.279707	0.821	0.004559	
2025-09-08 16:22:16.379	continuous	959	2	->		3	3	0.0470	True	1.442723	0.820	0.004558	
2025-09-08 16:22:16.379	continuous	960	2	->		3	3	0.0484	True	1.431087	0.820	0.004558	
2025-09-08 16:22:16.380	continuous	961	1	->		2	3	0.0504	True	2.274977	0.820	0.004557	
2025-09-08 16:22:16.380	continuous	962	2	->		3	3	0.0499	True	1.420627	0.820	0.004557	
2025-09-08 16:22:16.380	continuous	963	2	->		3	3	0.0514	True	1.408806	0.820	0.004556	
2025-09-08 16:22:16.380	continuous	964	2	->		3	3	0.0529	True	1.396884	0.820	0.004556	
2025-09-08 16:22:16.380	continuous	965	2	->		3	3	0.0545	True	1.384863	0.820	0.004555	
2025-09-08 16:22:16.380	continuous	966	1	->		2	3	0.0566	True	2.273150	0.820	0.004555	
2025-09-08 16:22:16.381	continuous	967	1	->	2	3	3	0.0593	True	1.352762	0.820	0.004555	
2025-09-08 16:22:16.381	continuous	968	2	->		3	3	0.0578	True	1.362246	0.820	0.004554	
2025-09-08 16:22:16.381	continuous	969	2	->		3	3	0.0595	True	1.349957	0.820	0.004554	
2025-09-08 16:22:16.381	continuous	970	2	->		3	3	0.0613	True	1.337577	0.820	0.004553	
2025-09-08 16:22:16.381	continuous	971	1	->		2	3	0.0636	True	2.272079	0.819	0.004553	
2025-09-08 16:22:16.382	continuous	972	2	->		3	3	0.0631	True	1.326954	0.819	0.004552	
2025-09-08 16:22:16.382	continuous	973	2	->		3	3	0.0650	True	1.314413	0.819	0.004552	
2025-09-08 16:22:16.382	continuous	974	1	->	2	3	3	0.0706	True	1.280431	0.819	0.004551	
2025-09-08 16:22:16.382	continuous	975	2	->		3	3	0.0690	True	1.289263	0.819	0.004551	
2025-09-08 16:22:16.382	continuous	976	1	->		2	3	0.0715	True	2.271801	0.819	0.004550	
2025-09-08 16:22:16.382	continuous	977	1	->		2	3	0.0713	True	2.263016	0.819	0.004550	
2025-09-08 16:22:16.383	continuous	978	1	->		2	3	0.0711	True	2.254244	0.819	0.004550	
2025-09-08 16:22:16.383	continuous	979	1	->	2	3	3	0.0744	True	1.261203	0.819	0.004549	
2025-09-08 16:22:16.383	continuous	980	2	->		3	3	0.0727	True	1.270209	0.819	0.004549	
2025-09-08 16:22:16.383	continuous	981	1	->		2	3	0.0753	True	2.249773	0.819	0.004548	
2025-09-08 16:22:16.383	continuous	982	2	->		3	3	0.0747	True	1.259536	0.819	0.004548	
2025-09-08 16:22:16.384	continuous	983	2	->		3	3	0.0770	True	1.246586	0.819	0.004547	
2025-09-08 16:22:16.384	continuous	984	1	->	2	3	3	0.0835	True	1.211867	0.818	0.004547	
2025-09-08 16:22:16.384	continuous	985	2	->		3	3	0.0817	True	1.220668	0.818	0.004546	
2025-09-08 16:22:16.384	continuous	986	2	->		3	3	0.0841	True	1.207513	0.818	0.004546	
2025-09-08 16:22:16.384	continuous	987	1	->	2	3	3	0.0912	True	1.172347	0.818	0.004545	
2025-09-08 16:22:16.385	continuous	988	1	->		2	3	0.0896	True	2.255855	0.818	0.004545	
2025-09-08 16:22:16.385	continuous	989	1	->		2	3	0.0893	True	2.245918	0.818	0.004545	
2025-09-08 16:22:16.385	continuous	990	1	->	2	3	3	0.0933	True	1.164438	0.818	0.004544	
2025-09-08 16:22:16.385	continuous	991	2	->		3	3	0.0912	True	1.173789	0.818	0.004544	
2025-09-08 16:22:16.385	continuous	992	1	->		2	3	0.0943	True	2.241766	0.818	0.004543	
2025-09-08 16:22:16.385	continuous	993	2	->	3	4	3	0.0947	True	2.810226	0.818	0.004543	
2025-09-08 16:22:16.386	continuous	994	2	->		3	3	0.0922	True	1.170015	0.818	0.004542	
2025-09-08 16:22:16.386	continuous	995	3	->		4	3	0.0883	True	2.785387	0.818	0.004542	
2025-09-08 16:22:16.386	continuous	996	1	->	2	3	3	0.0986	True	1.140148	0.817	0.004541	
2025-09-08 16:22:16.386	continuous	997	2	->		3	3	0.0964	True	1.149599	0.817	0.004541	
2025-09-08 16:22:16.387	continuous	998	1	->	2	3	3	0.1046	True	1.113120	0.817	0.004540	
2025-09-08 16:22:16.387	continuous	999	1	->	2	3	3	0.1077	True	1.099284	0.817	0.004540	
2025-09-08 16:22:16.387	continuous	1000	2	->		3	3	0.1051	True	1.109672	0.817	0.004540	
2025-09-08 16:22:16.387	continuous	1001	3	->	4	5	3	0.0942	True	2.828586	0.817	0.004539	
2025-09-08 16:22:16.387	continuous	1002	1	->	2	3	3	0.1126	True	1.078655	0.817	0.004539	
2025-09-08 16:22:16.387	continuous	1003	1	->		2	3	0.1104	True	2.255270	0.817	0.004538	
2025-09-08 16:22:16.388	continuous	1004	1	->	2	3	3	0.1153	True	1.068519	0.817	0.004538	
2025-09-08 16:22:16.388	continuous	1005	1	->	2	3	3	0.1188	True	1.054610	0.817	0.004537	
2025-09-08 16:22:16.388	continuous	1006	1	->		2	3	0.1164	True	2.251720	0.817	0.004537	
2025-09-08 16:22:16.388	continuous	1007	1	->		2	3	0.1157	True	2.240139	0.817	0.004536	
2025-09-08 16:22:16.388	continuous	1008	2	->		3	3	0.1143	True	1.074124	0.816	0.004536	
2025-09-08 16:22:16.388	continuous	1009	2	->		3	3	0.1177	True	1.060485	0.816	0.004535	
2025-09-08 16:22:16.389	continuous	1010	1	->	2	3	3	0.1279	True	1.021952	0.816	0.004535	
2025-09-08 16:22:16.389	continuous	1011	1	->	2	3	3	0.1316	True	1.008027	0.816	0.004535	
2025-09-08 16:22:16.389	continuous	1012	2	->		3	3	0.1281	True	1.020192	0.816	0.004534	
2025-09-08 16:22:16.389	continuous	1013	2	->	3	4	3	0.1333	True	2.882342	0.816	0.004534	
2025-09-08 16:22:16.389	continuous	1014	3	->		4	3	0.1205	True	2.842712	0.816	0.004533	
2025-09-08 16:22:16.390	continuous	1015	1	->	2	3	3	0.1347	True	0.996543	0.816	0.004533	
2025-09-08 16:22:16.390	continuous	1016	1	->		2	3	0.1320	True	2.252749	0.816	0.004532	
2025-09-08 16:22:16.390	continuous	1017	2	->	3	4	3	0.1315	True	2.855979	0.816	0.004532	
2025-09-08 16:22:16.390	continuous	1018	2	->		3	3	0.1279	True	1.021718	0.816	0.004531	
2025-09-08 16:22:16.390	continuous	1019	2	->		3	3	0.1316	True	1.008098	0.816	0.004531	
2025-09-08 16:22:16.390	continuous	1020	3	->		4	3	0.1259	True	2.832743	0.815	0.004531	
2025-09-08 16:22:16.391	continuous	1021	1	->	2	3	3	0.1408	True	0.976254	0.815	0.004530	
2025-09-08 16:22:16.391	continuous	1022	2	->		3	3	0.1369	True	0.988829	0.815	0.004530	
2025-09-08 16:22:16.391	continuous	1023	1	->		2	3	0.1417	True	2.257636	0.815	0.004529	
2025-09-08 16:22:16.391	continuous	1024	1	->		2	3	0.1406	True	2.244499	0.815	0.004529	
2025-09-08 16:22:16.391	continuous	1025	1	->	2	3	3	0.1466	True	0.958940	0.815	0.004528	
2025-09-08 16:22:16.392	continuous	1026	2	->		3	3	0.1425	True	0.971584	0.815	0.004528	
2025-09-08 16:22:16.392	continuous	1027	2	->		3	3	0.1466	True	0.958052	0.815	0.004527	
2025-09-08 16:22:16.392	continuous	1028	2	->		3	3	0.1507	True	0.944545	0.815	0.004527	
2025-09-08 16:22:16.392	continuous	1029	1	->	2	3	3	0.1634	True	0.905403	0.815	0.004526	
2025-09-08 16:22:16.392	continuous	1030	1	->	2	3	3	0.1680	True	0.891743	0.815	0.004526	
2025-09-08 16:22:16.392	continuous	1031	1	->	2	3	3	0.1726	True	0.878156	0.815	0.004526	
2025-09-08 16:22:16.393	continuous	1032	1	->		2	3	0.1688	True	2.268557	0.815	0.004525	
2025-09-08 16:22:16.393	continuous	1033	1	->	2	3	3	0.1757	True	0.870587	0.814	0.004525	
2025-09-08 16:22:16.393	continuous	1034	2	->	3	4	3	0.1722	True	2.923042	0.814	0.004524	
2025-09-08 16:22:16.393	continuous	1035	1	->		2	3	0.1685	True	2.257993	0.814	0.004524	
2025-09-08 16:22:16.394	continuous	1036	2	->		3	3	0.1656	True	0.900042	0.814	0.004523	
2025-09-08 16:22:16.394	continuous	1037	2	->		3	3	0.1701	True	0.886677	0.814	0.004523	
2025-09-08 16:22:16.394	continuous	1038	1	->		2	3	0.1758	True	2.254853	0.814	0.004522	
2025-09-08 16:22:16.395	continuous	1039	1	->		2	3	0.1741	True	2.239611	0.814	0.004522	
2025-09-08 16:22:16.395	continuous	1040	3	->	4	5	3	0.1502	True	2.968274	0.814	0.004521	
2025-09-08 16:22:16.395	continuous	1041	2	->		3	3	0.1683	True	0.894236	0.814	0.004521	
2025-09-08 16:22:16.395	continuous	1042	2	->		3	3	0.1729	True	0.880935	0.814	0.004521	
2025-09-08 16:22:16.395	continuous	1043	2	->		3	3	0.1775	True	0.867702	0.814	0.004520	
2025-09-08 16:22:16.396	continuous	1044	1	->		2	3	0.1829	True	2.240963	0.814	0.004520	
2025-09-08 16:22:16.396	continuous	1045	1	->	2	3	3	0.1901	True	0.835131	0.813	0.004519	
2025-09-08 16:22:16.396	continuous	1046	3	->	4	5	3	0.1621	True	2.983522	0.813	0.004519	
2025-09-08 16:22:16.396	continuous	1047	1	->	2	3	3	0.1915	True	0.831076	0.813	0.004518	
2025-09-08 16:22:16.396	continuous	1048	1	->		2	3	0.1871	True	2.236233	0.813	0.004518	
2025-09-08 16:22:16.397	continuous	1049	2	->		3	3	0.1844	True	0.850743	0.813	0.004517	
2025-09-08 16:22:16.397	continuous	1050	2	->		3	3	0.1892	True	0.837622	0.813	0.004517	
2025-09-08 16:22:16.397	continuous	1051	2	->		3	3	0.1941	True	0.824624	0.813	0.004516	
2025-09-08 16:22:16.397	continuous	1052	1	->	2	3	3	0.2096	True	0.786213	0.813	0.004516	
2025-09-08 16:22:16.397	continuous	1053	2	->		3	3	0.2040	True	0.799214	0.813	0.004516	
2025-09-08 16:22:16.397	continuous	1054	2	->	3	4	3	0.2111	True	3.003757	0.813	0.004515	
2025-09-08 16:22:16.398	continuous	1055	1	->		2	3	0.2053	True	2.250542	0.813	0.004515	
2025-09-08 16:22:16.398	continuous	1056	2	->		3	3	0.2024	True	0.804373	0.813	0.004514	
2025-09-08 16:22:16.398	continuous	1057	2	->		3	3	0.2075	True	0.791602	0.812	0.004514	
2025-09-08 16:22:16.398	continuous	1058	2	->		3	3	0.2126	True	0.778928	0.812	0.004513	
2025-09-08 16:22:16.398	continuous	1059	1	->	2	3	3	0.2290	True	0.741585	0.812	0.004513	
2025-09-08 16:22:16.398	continuous	1060	1	->	2	3	3	0.2346	True	0.729016	0.812	0.004512	
2025-09-08 16:22:16.399	continuous	1061	2	->		3	3	0.2283	True	0.742170	0.812	0.004512	
2025-09-08 16:22:16.399	continuous	1062	3	->	4	5	3	0.2057	True	3.070521	0.812	0.004512	
2025-09-08 16:22:16.399	continuous	1063	1	->	2	3	3	0.2408	True	0.715219	0.812	0.004511	
2025-09-08 16:22:16.399	continuous	1064	1	->	2	3	3	0.2466	True	0.702900	0.812	0.004511	
2025-09-08 16:22:16.399	continuous	1065	2	->	3	4	3	0.2418	True	3.057008	0.812	0.004510	
2025-09-08 16:22:16.400	continuous	1066	1	->		2	3	0.2351	True	2.285414	0.812	0.004510	
2025-09-08 16:22:16.400	continuous	1067	1	->	2	3	3	0.2436	True	0.710283	0.812	0.004509	
2025-09-08 16:22:16.400	continuous	1068	2	->		3	3	0.2364	True	0.724776	0.812	0.004509	
2025-09-08 16:22:16.400	continuous	1069	1	->	2	3	3	0.2550	True	0.686329	0.812	0.004508	
2025-09-08 16:22:16.400	continuous	1070	1	->	2	3	3	0.2609	True	0.674387	0.811	0.004508	
2025-09-08 16:22:16.401	continuous	1071	1	->	2	3	3	0.2668	True	0.662588	0.811	0.004507	
2025-09-08 16:22:16.401	continuous	1072	2	->		3	3	0.2586	True	0.678171	0.811	0.004507	
2025-09-08 16:22:16.401	continuous	1073	1	->		2	3	0.2656	True	2.315976	0.811	0.004507	
2025-09-08 16:22:16.401	continuous	1074	2	->		3	3	0.2605	True	0.675298	0.811	0.004506	
2025-09-08 16:22:16.401	continuous	1075	2	->		3	3	0.2663	True	0.663720	0.811	0.004506	
2025-09-08 16:22:16.401	continuous	1076	1	->		2	3	0.2731	True	2.311953	0.811	0.004505	
2025-09-08 16:22:16.402	continuous	1077	2	->		3	3	0.2682	True	0.661201	0.811	0.004505	
2025-09-08 16:22:16.402	continuous	1078	3	->		4	3	0.2554	True	3.077750	0.811	0.004504	
2025-09-08 16:22:16.402	continuous	1079	2	->		3	3	0.2679	True	0.661516	0.811	0.004504	
2025-09-08 16:22:16.402	continuous	1080	2	->		3	3	0.2738	True	0.650108	0.811	0.004503	
2025-09-08 16:22:16.402	continuous	1081	1	->		2	3	0.2801	True	2.310999	0.811	0.004503	
2025-09-08 16:22:16.403	continuous	1082	2	->	3	4	3	0.2777	True	3.109520	0.810	0.004502	
2025-09-08 16:22:16.403	continuous	1083	1	->	2	3	3	0.2825	True	0.635421	0.810	0.004502	
2025-09-08 16:22:16.403	continuous	1084	2	->		3	3	0.2746	True	0.649593	0.810	0.004502	
2025-09-08 16:22:16.403	continuous	1085	3	->		4	3	0.2612	True	3.058455	0.810	0.004501	
2025-09-08 16:22:16.403	continuous	1086	1	->		2	3	0.2747	True	2.294650	0.810	0.004501	
2025-09-08 16:22:16.404	continuous	1087	1	->	2	3	3	0.2839	True	0.633753	0.810	0.004500	
2025-09-08 16:22:16.404	continuous	1088	3	->		4	3	0.2567	True	3.034819	0.810	0.004500	
2025-09-08 16:22:16.404	continuous	1089	4	->		5	3	0.2427	True	3.164209	0.810	0.004499	
2025-09-08 16:22:16.404	continuous	1090	1	->	2	3	3	0.2776	True	0.645363	0.810	0.004499	
2025-09-08 16:22:16.404	continuous	1091	1	->	2	3	3	0.2836	True	0.633886	0.810	0.004498	
2025-09-08 16:22:16.404	continuous	1092	1	->	2	3	3	0.2897	True	0.622585	0.810	0.004498	
2025-09-08 16:22:16.405	continuous	1093	1	->	2	3	3	0.2959	True	0.611445	0.810	0.004498	
2025-09-08 16:22:16.405	continuous	1094	2	->	3	4	3	0.2888	True	3.085689	0.809	0.004497	
2025-09-08 16:22:16.405	continuous	1095	2	->		3	3	0.2797	True	0.640066	0.809	0.004497	
2025-09-08 16:22:16.405	continuous	1096	2	->		3	3	0.2857	True	0.628874	0.809	0.004496	
2025-09-08 16:22:16.405	continuous	1097	2	->	3	4	3	0.2937	True	3.077965	0.809	0.004496	
2025-09-08 16:22:16.405	continuous	1098	1	->	2	3	3	0.3000	True	0.603800	0.809	0.004495	
2025-09-08 16:22:16.406	continuous	1099	1	->		2	3	0.2916	True	2.321493	0.809	0.004495	
2025-09-08 16:22:16.406	continuous	1100	2	->		3	3	0.2860	True	0.629350	0.809	0.004494	
2025-09-08 16:22:16.406	continuous	1101	1	->	2	3	3	0.3075	True	0.591775	0.809	0.004494	
2025-09-08 16:22:16.406	continuous	1102	2	->		3	3	0.2978	True	0.607913	0.809	0.004494	
2025-09-08 16:22:16.406	continuous	1103	1	->	2	3	3	0.3199	True	0.570767	0.809	0.004493	
2025-09-08 16:22:16.406	continuous	1104	2	->		3	3	0.3097	True	0.587054	0.809	0.004493	
2025-09-08 16:22:16.407	continuous	1105	2	->		3	3	0.3158	True	0.576665	0.809	0.004492	
2025-09-08 16:22:16.407	continuous	1106	2	->		3	3	0.3219	True	0.566425	0.809	0.004492	
2025-09-08 16:22:16.407	continuous	1107	2	->		3	3	0.3281	True	0.556338	0.808	0.004491	
2025-09-08 16:22:16.407	continuous	1108	2	->	3	4	3	0.3363	True	3.153501	0.808	0.004491	
2025-09-08 16:22:16.407	continuous	1109	2	->		3	3	0.3258	True	0.559919	0.808	0.004490	
2025-09-08 16:22:16.408	continuous	1110	3	->		4	3	0.3095	True	3.079762	0.808	0.004490	
2025-09-08 16:22:16.408	continuous	1111	1	->		2	3	0.3250	True	2.368474	0.808	0.004489	
2025-09-08 16:22:16.408	continuous	1112	2	->	3	4	3	0.3205	True	3.084653	0.808	0.004489	
2025-09-08 16:22:16.408	continuous	1113	2	->		3	3	0.3111	True	0.585455	0.808	0.004489	
2025-09-08 16:22:16.408	continuous	1114	2	->		3	3	0.3172	True	0.575079	0.808	0.004488	
2025-09-08 16:22:16.408	continuous	1115	2	->		3	3	0.3233	True	0.564865	0.808	0.004488	
2025-09-08 16:22:16.409	continuous	1116	2	->		3	3	0.3294	True	0.554810	0.808	0.004487	
2025-09-08 16:22:16.409	continuous	1117	1	->		2	3	0.3357	True	2.374158	0.808	0.004487	
2025-09-08 16:22:16.409	continuous	1118	1	->	2	3	3	0.3456	True	0.531054	0.808	0.004486	
2025-09-08 16:22:16.409	continuous	1119	2	->		3	3	0.3357	True	0.545728	0.807	0.004486	
2025-09-08 16:22:16.409	continuous	1120	1	->	2	3	3	0.3581	True	0.511907	0.807	0.004485	
2025-09-08 16:22:16.409	continuous	1121	2	->		3	3	0.3478	True	0.526748	0.807	0.004485	
2025-09-08 16:22:16.410	continuous	1122	1	->		2	3	0.3540	True	2.388583	0.807	0.004485	
2025-09-08 16:22:16.410	continuous	1123	1	->	2	3	3	0.3640	True	0.504139	0.807	0.004484	
2025-09-08 16:22:16.410	continuous	1124	1	->		2	3	0.3536	True	2.370215	0.807	0.004484	
2025-09-08 16:22:16.410	continuous	1125	1	->		2	3	0.3472	True	2.341432	0.807	0.004483	
2025-09-08 16:22:16.411	continuous	1126	1	->	2	3	3	0.3575	True	0.516049	0.807	0.004483	
2025-09-08 16:22:16.411	continuous	1127	2	->		3	3	0.3473	True	0.530715	0.807	0.004482	
2025-09-08 16:22:16.411	continuous	1128	2	->	3	4	3	0.3551	True	3.153105	0.807	0.004482	
2025-09-08 16:22:16.411	continuous	1129	1	->	2	3	3	0.3610	True	0.510610	0.807	0.004481	
2025-09-08 16:22:16.412	continuous	1130	1	->	2	3	3	0.3673	True	0.501239	0.807	0.004481	
2025-09-08 16:22:16.412	continuous	1131	1	->	2	3	3	0.3736	True	0.492041	0.806	0.004480	
2025-09-08 16:22:16.412	continuous	1132	2	->		3	3	0.3623	True	0.507734	0.806	0.004480	
2025-09-08 16:22:16.413	continuous	1133	1	->	2	3	3	0.3861	True	0.474280	0.806	0.004480	
2025-09-08 16:22:16.413	continuous	1134	3	->		4	3	0.3496	True	3.124530	0.806	0.004479	
2025-09-08 16:22:16.413	continuous	1135	1	->	2	3	3	0.3833	True	0.478043	0.806	0.004479	
2025-09-08 16:22:16.413	continuous	1136	2	->		3	3	0.3715	True	0.494126	0.806	0.004478	
2025-09-08 16:22:16.413	continuous	1137	2	->		3	3	0.3776	True	0.485219	0.806	0.004478	
2025-09-08 16:22:16.413	continuous	1138	1	->	2	3	3	0.4019	True	0.452403	0.806	0.004477	
2025-09-08 16:22:16.414	continuous	1139	1	->	2	3	3	0.4082	True	0.444091	0.806	0.004477	
2025-09-08 16:22:16.414	continuous	1140	2	->		3	3	0.3955	True	0.460262	0.806	0.004476	
2025-09-08 16:22:16.414	continuous	1141	1	->		2	3	0.4019	True	2.433487	0.806	0.004476	
2025-09-08 16:22:16.414	continuous	1142	1	->		2	3	0.3940	True	2.399922	0.806	0.004476	
2025-09-08 16:22:16.414	continuous	1143	1	->		2	3	0.3864	True	2.367365	0.806	0.004475	
2025-09-08 16:22:16.415	continuous	1144	1	->	2	3	3	0.3972	True	0.461896	0.805	0.004475	
2025-09-08 16:22:16.415	continuous	1145	2	->		3	3	0.3853	True	0.477427	0.805	0.004474	
2025-09-08 16:22:16.415	continuous	1146	1	->	2	3	3	0.4096	True	0.445192	0.805	0.004474	
2025-09-08 16:22:16.415	continuous	1147	1	->	2	3	3	0.4158	True	0.437014	0.805	0.004473	
2025-09-08 16:22:16.415	continuous	1148	4	->		5	3	0.3673	True	3.473943	0.805	0.004473	
2025-09-08 16:22:16.415	continuous	1149	2	->		3	3	0.3928	True	0.466622	0.805	0.004472	
2025-09-08 16:22:16.416	continuous	1150	2	->		3	3	0.3989	True	0.458251	0.805	0.004472	
2025-09-08 16:22:16.416	continuous	1151	1	->		2	3	0.4047	True	2.389412	0.805	0.004472	
2025-09-08 16:22:16.416	continuous	1152	1	->	2	3	3	0.4156	True	0.437901	0.805	0.004471	
2025-09-08 16:22:16.416	continuous	1153	1	->	2	3	3	0.4218	True	0.429883	0.805	0.004471	
2025-09-08 16:22:16.416	continuous	1154	1	->	2	3	3	0.4279	True	0.422039	0.805	0.004470	
2025-09-08 16:22:16.417	continuous	1155	2	->		3	3	0.4147	True	0.438107	0.805	0.004470	
2025-09-08 16:22:16.417	continuous	1156	1	->		2	3	0.4206	True	2.401377	0.804	0.004469	
2025-09-08 16:22:16.417	continuous	1157	1	->		2	3	0.4124	True	2.366386	0.804	0.004469	
2025-09-08 16:22:16.417	continuous	1158	2	->		3	3	0.4050	True	0.453257	0.804	0.004468	
2025-09-08 16:22:16.417	continuous	1159	1	->	2	3	3	0.4295	True	0.422125	0.804	0.004468	
2025-09-08 16:22:16.417	continuous	1160	1	->		2	3	0.4163	True	2.355113	0.804	0.004468	
2025-09-08 16:22:16.418	continuous	1161	1	->	2	3	3	0.4275	True	0.425866	0.804	0.004467	
2025-09-08 16:22:16.418	continuous	1162	4	->		5	3	0.3780	True	3.493101	0.804	0.004467	
2025-09-08 16:22:16.418	continuous	1163	1	->	2	3	3	0.4229	True	0.431440	0.804	0.004466	
2025-09-08 16:22:16.418	continuous	1164	1	->		2	3	0.4096	True	2.330015	0.804	0.004466	
2025-09-08 16:22:16.418	continuous	1165	2	->		3	3	0.4025	True	0.458600	0.804	0.004465	
2025-09-08 16:22:16.418	continuous	1166	2	->		3	3	0.4086	True	0.450414	0.804	0.004465	
2025-09-08 16:22:16.419	continuous	1167	3	->		4	3	0.3876	True	3.224717	0.804	0.004464	
2025-09-08 16:22:16.419	continuous	1168	2	->		3	3	0.4046	True	0.455535	0.804	0.004464	
2025-09-08 16:22:16.419	continuous	1169	1	->	2	3	3	0.4289	True	0.424466	0.803	0.004463	
2025-09-08 16:22:16.419	continuous	1170	1	->		2	3	0.4155	True	2.329013	0.803	0.004463	
2025-09-08 16:22:16.419	continuous	1171	1	->	2	3	3	0.4270	True	0.428111	0.803	0.004463	
2025-09-08 16:22:16.420	continuous	1172	1	->		2	3	0.4135	True	2.306399	0.803	0.004462	
2025-09-08 16:22:16.420	continuous	1173	1	->		2	3	0.4059	True	2.272860	0.803	0.004462	
2025-09-08 16:22:16.420	continuous	1174	2	->		3	3	0.3998	True	0.466060	0.803	0.004461	
2025-09-08 16:22:16.420	continuous	1175	1	->	2	3	3	0.4237	True	0.434960	0.803	0.004461	
2025-09-08 16:22:16.420	continuous	1176	1	->		2	3	0.4103	True	2.262577	0.803	0.004460	
2025-09-08 16:22:16.421	continuous	1177	1	->	2	3	3	0.4222	True	0.438325	0.803	0.004460	
2025-09-08 16:22:16.421	continuous	1178	1	->	2	3	3	0.4283	True	0.430354	0.803	0.004459	
2025-09-08 16:22:16.421	continuous	1179	1	->	2	3	3	0.4343	True	0.422563	0.803	0.004459	
2025-09-08 16:22:16.421	continuous	1180	1	->		2	3	0.4203	True	2.263350	0.803	0.004459	
2025-09-08 16:22:16.421	continuous	1181	1	->	2	3	3	0.4324	True	0.426324	0.802	0.004458	
2025-09-08 16:22:16.421	continuous	1182	1	->	2	3	3	0.4384	True	0.418593	0.802	0.004458	
2025-09-08 16:22:16.422	continuous	1183	1	->	2	3	3	0.4443	True	0.411041	0.802	0.004457	
2025-09-08 16:22:16.422	continuous	1184	2	->		3	3	0.4307	True	0.427010	0.802	0.004457	
2025-09-08 16:22:16.422	continuous	1185	2	->		3	3	0.4366	True	0.419450	0.802	0.004456	
2025-09-08 16:22:16.422	continuous	1186	1	->		2	3	0.4414	True	2.286599	0.802	0.004456	
2025-09-08 16:22:16.422	continuous	1187	1	->		2	3	0.4332	True	2.250604	0.802	0.004455	
2025-09-08 16:22:16.423	continuous	1188	1	->		2	3	0.4253	True	2.215689	0.802	0.004455	
2025-09-08 16:22:16.423	continuous	1189	1	->		2	3	0.4177	True	2.181788	0.802	0.004455	
2025-09-08 16:22:16.423	continuous	1190	2	->		3	3	0.4121	True	0.458000	0.802	0.004454	
2025-09-08 16:22:16.423	continuous	1191	1	->		2	3	0.4162	True	2.160039	0.802	0.004454	
2025-09-08 16:22:16.423	continuous	1192	1	->	2	3	3	0.4287	True	0.438853	0.802	0.004453	
2025-09-08 16:22:16.423	continuous	1193	1	->	2	3	3	0.4347	True	0.430900	0.802	0.004453	
2025-09-08 16:22:16.424	continuous	1194	1	->	2	3	3	0.4406	True	0.423099	0.801	0.004452	
2025-09-08 16:22:16.424	continuous	1195	1	->	2	3	3	0.4465	True	0.415453	0.801	0.004452	
2025-09-08 16:22:16.424	continuous	1196	2	->	3	4	3	0.4350	True	3.356482	0.801	0.004451	
2025-09-08 16:22:16.424	continuous	1197	2	->		3	3	0.4222	True	0.445193	0.801	0.004451	
2025-09-08 16:22:16.424	continuous	1198	1	->	2	3	3	0.4470	True	0.414304	0.801	0.004451	
2025-09-08 16:22:16.425	continuous	1199	1	->		2	3	0.4325	True	2.181968	0.801	0.004450	
2025-09-08 16:22:16.425	continuous	1200	1	->	2	3	3	0.4451	True	0.418359	0.801	0.004450	
2025-09-08 16:22:16.425	continuous	1201	3	->		4	3	0.4042	True	3.263901	0.801	0.004449	
2025-09-08 16:22:16.425	continuous	1202	1	->	2	3	3	0.4406	True	0.423717	0.801	0.004449	
2025-09-08 16:22:16.425	continuous	1203	1	->	2	3	3	0.4464	True	0.416086	0.801	0.004448	
2025-09-08 16:22:16.426	continuous	1204	1	->	2	3	3	0.4522	True	0.408614	0.801	0.004448	
2025-09-08 16:22:16.426	continuous	1205	1	->	2	3	3	0.4580	True	0.401291	0.801	0.004447	
2025-09-08 16:22:16.426	continuous	1206	2	->	3	4	3	0.4450	True	3.337557	0.800	0.004447	
2025-09-08 16:22:16.426	continuous	1207	2	->		3	3	0.4322	True	0.432243	0.800	0.004447	
2025-09-08 16:22:16.426	continuous	1208	1	->	2	3	3	0.4582	True	0.400605	0.800	0.004446	
2025-09-08 16:22:16.427	continuous	1209	2	->		3	3	0.4435	True	0.417457	0.800	0.004446	
2025-09-08 16:22:16.427	continuous	1210	2	->	3	4	3	0.4503	True	3.326083	0.800	0.004445	
2025-09-08 16:22:16.427	continuous	1211	1	->	2	3	3	0.4582	True	0.400157	0.800	0.004445	
2025-09-08 16:22:16.428	continuous	1212	2	->		3	3	0.4432	True	0.417333	0.800	0.004444	
2025-09-08 16:22:16.428	continuous	1213	1	->		2	3	0.4486	True	2.221512	0.800	0.004444	
2025-09-08 16:22:16.428	continuous	1214	3	->		4	3	0.4129	True	3.218597	0.800	0.004443	
2025-09-08 16:22:16.429	continuous	1215	2	->		3	3	0.4307	True	0.434845	0.800	0.004443	
2025-09-08 16:22:16.429	continuous	1216	2	->		3	3	0.4365	True	0.427164	0.800	0.004443	
2025-09-08 16:22:16.429	continuous	1217	2	->		3	3	0.4422	True	0.419645	0.800	0.004442	
2025-09-08 16:22:16.429	continuous	1218	2	->		3	3	0.4480	True	0.412268	0.800	0.004442	
2025-09-08 16:22:16.429	continuous	1219	2	->		3	3	0.4537	True	0.405033	0.799	0.004441	
2025-09-08 16:22:16.430	continuous	1220	3	->		4	3	0.4300	True	3.236356	0.799	0.004441	
2025-09-08 16:22:16.430	continuous	1221	1	->	2	3	3	0.4685	True	0.387997	0.799	0.004440	
2025-09-08 16:22:16.430	continuous	1222	1	->	2	3	3	0.4742	True	0.381064	0.799	0.004440	
2025-09-08 16:22:16.430	continuous	1223	3	->		4	3	0.4297	True	3.212440	0.799	0.004439	
2025-09-08 16:22:16.430	continuous	1224	1	->		2	3	0.4478	True	2.225454	0.799	0.004439	
2025-09-08 16:22:16.431	continuous	1225	1	->		2	3	0.4396	True	2.189108	0.799	0.004439	
2025-09-08 16:22:16.431	continuous	1226	1	->		2	3	0.4319	True	2.153833	0.799	0.004438	
2025-09-08 16:22:16.431	continuous	1227	2	->	3	4	3	0.4264	True	3.191334	0.799	0.004438	
2025-09-08 16:22:16.431	continuous	1228	1	->		2	3	0.4142	True	2.107745	0.799	0.004437	
2025-09-08 16:22:16.431	continuous	1229	2	->		3	3	0.4087	True	0.470754	0.799	0.004437	
2025-09-08 16:22:16.431	continuous	1230	2	->	3	4	3	0.4149	True	3.144654	0.799	0.004436	
2025-09-08 16:22:16.432	continuous	1231	2	->		3	3	0.4046	True	0.476171	0.798	0.004436	
2025-09-08 16:22:16.432	continuous	1232	4	->		5	3	0.3742	True	3.555310	0.798	0.004435	
2025-09-08 16:22:16.432	continuous	1233	1	->		2	3	0.3989	True	2.076378	0.798	0.004435	
2025-09-08 16:22:16.432	continuous	1234	1	->	2	3	3	0.4126	True	0.468192	0.798	0.004435	
2025-09-08 16:22:16.432	continuous	1235	2	->		3	3	0.3998	True	0.484147	0.798	0.004434	
2025-09-08 16:22:16.433	continuous	1236	1	->	2	3	3	0.4244	True	0.451493	0.798	0.004434	
2025-09-08 16:22:16.433	continuous	1237	2	->		3	3	0.4112	True	0.467546	0.798	0.004433	
2025-09-08 16:22:16.433	continuous	1238	1	->		2	3	0.4155	True	2.090092	0.798	0.004433	
2025-09-08 16:22:16.433	continuous	1239	2	->		3	3	0.4104	True	0.470644	0.798	0.004432	
2025-09-08 16:22:16.433	continuous	1240	1	->	2	3	3	0.4350	True	0.438803	0.798	0.004432	
2025-09-08 16:22:16.434	continuous	1241	2	->		3	3	0.4217	True	0.454529	0.798	0.004431	
2025-09-08 16:22:16.434	continuous	1242	1	->	2	3	3	0.4466	True	0.423194	0.798	0.004431	
2025-09-08 16:22:16.434	continuous	1243	1	->		2	3	0.4313	True	2.103206	0.798	0.004431	
2025-09-08 16:22:16.434	continuous	1244	1	->		2	3	0.4241	True	2.069300	0.797	0.004430	
2025-09-08 16:22:16.434	continuous	1245	1	->		2	3	0.4173	True	2.036304	0.797	0.004430	
2025-09-08 16:22:16.434	continuous	1246	2	->	3	4	3	0.4128	True	3.142987	0.797	0.004429	
2025-09-08 16:22:16.435	continuous	1247	2	->		3	3	0.4029	True	0.487217	0.797	0.004429	
2025-09-08 16:22:16.435	continuous	1248	1	->	2	3	3	0.4272	True	0.454994	0.797	0.004428	
2025-09-08 16:22:16.435	continuous	1249	1	->		2	3	0.4125	True	2.016946	0.797	0.004428	
2025-09-08 16:22:16.435	continuous	1250	1	->	2	3	3	0.4264	True	0.458145	0.797	0.004427	
2025-09-08 16:22:16.435	continuous	1251	1	->		2	3	0.4118	True	1.996603	0.797	0.004427	
2025-09-08 16:22:16.436	continuous	1252	1	->		2	3	0.4055	True	1.965180	0.797	0.004427	
2025-09-08 16:22:16.436	continuous	1253	1	->	2	3	3	0.4197	True	0.472547	0.797	0.004426	
2025-09-08 16:22:16.436	continuous	1254	3	->		4	3	0.3791	True	3.059446	0.797	0.004426	
2025-09-08 16:22:16.436	continuous	1255	1	->	2	3	3	0.4167	True	0.476149	0.797	0.004425	
2025-09-08 16:22:16.436	continuous	1256	1	->		2	3	0.4022	True	1.949004	0.796	0.004425	
2025-09-08 16:22:16.437	continuous	1257	1	->	2	3	3	0.4166	True	0.478795	0.796	0.004424	
2025-09-08 16:22:16.437	continuous	1258	1	->		2	3	0.4020	True	1.929875	0.796	0.004424	
2025-09-08 16:22:16.437	continuous	1259	1	->		2	3	0.3964	True	1.899703	0.796	0.004424	
2025-09-08 16:22:16.437	continuous	1260	1	->		2	3	0.3910	True	1.870211	0.796	0.004423	
2025-09-08 16:22:16.437	continuous	1261	1	->	2	3	3	0.4056	True	0.503781	0.796	0.004423	
2025-09-08 16:22:16.437	continuous	1262	3	->		4	3	0.3658	True	3.024583	0.796	0.004422	
2025-09-08 16:22:16.438	continuous	1263	1	->		2	3	0.3834	True	1.846245	0.796	0.004422	
2025-09-08 16:22:16.438	continuous	1264	1	->	2	3	3	0.3980	True	0.517626	0.796	0.004421	
2025-09-08 16:22:16.438	continuous	1265	1	->	2	3	3	0.4038	True	0.508287	0.796	0.004421	
2025-09-08 16:22:16.438	continuous	1266	2	->		3	3	0.3911	True	0.523968	0.796	0.004420	
2025-09-08 16:22:16.438	continuous	1267	1	->		2	3	0.3952	True	1.851255	0.796	0.004420	
2025-09-08 16:22:16.438	continuous	1268	2	->		3	3	0.3917	True	0.525958	0.796	0.004420	
2025-09-08 16:22:16.439	continuous	1269	2	->	3	4	3	0.3972	True	3.078596	0.795	0.004419	
2025-09-08 16:22:16.439	continuous	1270	1	->	2	3	3	0.4067	True	0.505371	0.795	0.004419	
2025-09-08 16:22:16.439	continuous	1271	1	->	2	3	3	0.4124	True	0.496275	0.795	0.004418	
2025-09-08 16:22:16.439	continuous	1272	1	->		2	3	0.3979	True	1.848832	0.795	0.004418	
2025-09-08 16:22:16.439	continuous	1273	2	->		3	3	0.3942	True	0.523447	0.795	0.004417	
2025-09-08 16:22:16.440	continuous	1274	1	->	2	3	3	0.4184	True	0.489766	0.795	0.004417	
2025-09-08 16:22:16.440	continuous	1275	1	->	2	3	3	0.4241	True	0.480939	0.795	0.004416	
2025-09-08 16:22:16.440	continuous	1276	3	->		4	3	0.3827	True	3.029914	0.795	0.004416	
2025-09-08 16:22:16.440	continuous	1277	1	->	2	3	3	0.4211	True	0.484274	0.795	0.004416	
2025-09-08 16:22:16.440	continuous	1278	1	->	2	3	3	0.4268	True	0.475537	0.795	0.004415	
2025-09-08 16:22:16.441	continuous	1279	2	->		3	3	0.4129	True	0.492008	0.795	0.004415	
2025-09-08 16:22:16.441	continuous	1280	1	->	2	3	3	0.4381	True	0.458612	0.795	0.004414	
2025-09-08 16:22:16.441	continuous	1281	2	->		3	3	0.4240	True	0.475098	0.794	0.004414	
2025-09-08 16:22:16.441	continuous	1282	3	->		4	3	0.4005	True	3.047895	0.794	0.004413	
2025-09-08 16:22:16.441	continuous	1283	2	->		3	3	0.4206	True	0.479178	0.794	0.004413	
2025-09-08 16:22:16.441	continuous	1284	1	->		2	3	0.4247	True	1.907494	0.794	0.004412	
2025-09-08 16:22:16.442	continuous	1285	1	->		2	3	0.4186	True	1.875318	0.794	0.004412	
2025-09-08 16:22:16.442	continuous	1286	2	->		3	3	0.4144	True	0.494252	0.794	0.004412	
2025-09-08 16:22:16.442	continuous	1287	2	->	3	4	3	0.4196	True	3.073870	0.794	0.004411	
2025-09-08 16:22:16.442	continuous	1288	2	->		3	3	0.4106	True	0.498990	0.794	0.004411	
2025-09-08 16:22:16.442	continuous	1289	1	->	2	3	3	0.4353	True	0.465840	0.794	0.004410	
2025-09-08 16:22:16.442	continuous	1290	1	->	2	3	3	0.4410	True	0.457405	0.794	0.004410	
2025-09-08 16:22:16.443	continuous	1291	1	->		2	3	0.4255	True	1.882387	0.794	0.004409	
2025-09-08 16:22:16.443	continuous	1292	3	->		4	3	0.3921	True	2.994882	0.794	0.004409	
2025-09-08 16:22:16.443	continuous	1293	1	->	2	3	3	0.4317	True	0.473000	0.794	0.004408	
2025-09-08 16:22:16.443	continuous	1294	1	->		2	3	0.4164	True	1.854582	0.793	0.004408	
2025-09-08 16:22:16.443	continuous	1295	2	->		3	3	0.4122	True	0.501031	0.793	0.004408	
2025-09-08 16:22:16.444	continuous	1296	2	->	3	4	3	0.4172	True	3.028732	0.793	0.004407	
2025-09-08 16:22:16.444	continuous	1297	1	->		2	3	0.4072	True	1.827347	0.793	0.004407	
2025-09-08 16:22:16.444	continuous	1298	1	->		2	3	0.4020	True	1.797101	0.793	0.004406	
2025-09-08 16:22:16.444	continuous	1299	2	->		3	3	0.3984	True	0.528694	0.793	0.004406	
2025-09-08 16:22:16.445	continuous	1300	2	->		3	3	0.4039	True	0.519372	0.793	0.004405	
2025-09-08 16:22:16.445	continuous	1301	2	->		3	3	0.4094	True	0.510205	0.793	0.004405	
2025-09-08 16:22:16.445	continuous	1302	2	->		3	3	0.4150	True	0.501196	0.793	0.004405	
2025-09-08 16:22:16.446	continuous	1303	3	->		4	3	0.3915	True	2.959878	0.793	0.004404	
2025-09-08 16:22:16.446	continuous	1304	1	->	2	3	3	0.4308	True	0.480399	0.793	0.004404	
2025-09-08 16:22:16.446	continuous	1305	2	->		3	3	0.4175	True	0.495852	0.793	0.004403	
2025-09-08 16:22:16.447	continuous	1306	1	->	2	3	3	0.4420	True	0.463202	0.792	0.004403	
2025-09-08 16:22:16.447	continuous	1307	1	->		2	3	0.4265	True	1.842809	0.792	0.004402	
2025-09-08 16:22:16.447	continuous	1308	2	->		3	3	0.4225	True	0.490791	0.792	0.004402	
2025-09-08 16:22:16.447	continuous	1309	1	->		2	3	0.4261	True	1.822655	0.792	0.004401	
2025-09-08 16:22:16.448	continuous	1310	1	->		2	3	0.4204	True	1.790776	0.792	0.004401	
2025-09-08 16:22:16.448	continuous	1311	1	->	2	3	3	0.4355	True	0.482615	0.792	0.004401	
2025-09-08 16:22:16.448	continuous	1312	1	->	2	3	3	0.4410	True	0.473820	0.792	0.004400	
2025-09-08 16:22:16.448	continuous	1313	1	->	2	3	3	0.4465	True	0.465221	0.792	0.004400	
2025-09-08 16:22:16.448	continuous	1314	1	->		2	3	0.4310	True	1.795842	0.792	0.004399	
2025-09-08 16:22:16.449	continuous	1315	1	->		2	3	0.4253	True	1.763739	0.792	0.004399	
2025-09-08 16:22:16.449	continuous	1316	2	->		3	3	0.4218	True	0.504970	0.792	0.004398	
2025-09-08 16:22:16.449	continuous	1317	1	->	2	3	3	0.4459	True	0.472548	0.792	0.004398	
2025-09-08 16:22:16.449	continuous	1318	1	->	2	3	3	0.4514	True	0.463947	0.792	0.004397	
2025-09-08 16:22:16.449	continuous	1319	3	->		4	3	0.4082	True	3.000516	0.791	0.004397	
2025-09-08 16:22:16.449	continuous	1320	1	->	2	3	3	0.4480	True	0.467487	0.791	0.004397	
2025-09-08 16:22:16.450	continuous	1321	1	->		2	3	0.4325	True	1.774060	0.791	0.004396	
2025-09-08 16:22:16.450	continuous	1322	1	->	2	3	3	0.4477	True	0.471338	0.791	0.004396	
2025-09-08 16:22:16.450	continuous	1323	1	->		2	3	0.4321	True	1.754251	0.791	0.004395	
2025-09-08 16:22:16.450	continuous	1324	1	->	2	3	3	0.4474	True	0.475179	0.791	0.004395	
2025-09-08 16:22:16.450	continuous	1325	2	->		3	3	0.4335	True	0.490463	0.791	0.004394	
2025-09-08 16:22:16.451	continuous	1326	1	->	2	3	3	0.4582	True	0.458043	0.791	0.004394	
2025-09-08 16:22:16.451	continuous	1327	1	->	2	3	3	0.4636	True	0.449697	0.791	0.004394	
2025-09-08 16:22:16.451	continuous	1328	1	->	2	3	3	0.4690	True	0.441513	0.791	0.004393	
2025-09-08 16:22:16.451	continuous	1329	2	->		3	3	0.4542	True	0.457330	0.791	0.004393	
2025-09-08 16:22:16.451	continuous	1330	2	->		3	3	0.4596	True	0.449209	0.791	0.004392	
2025-09-08 16:22:16.452	continuous	1331	1	->	2	3	3	0.4849	True	0.417983	0.791	0.004392	
2025-09-08 16:22:16.452	continuous	1332	1	->	2	3	3	0.4902	True	0.410425	0.790	0.004391	
2025-09-08 16:22:16.452	continuous	1333	2	->		3	3	0.4750	True	0.426340	0.790	0.004391	
2025-09-08 16:22:16.452	continuous	1334	1	->	2	3	3	0.5007	True	0.395782	0.790	0.004390	
2025-09-08 16:22:16.452	continuous	1335	2	->		3	3	0.4852	True	0.411723	0.790	0.004390	
2025-09-08 16:22:16.452	continuous	1336	2	->		3	3	0.4904	True	0.404489	0.790	0.004390	
2025-09-08 16:22:16.453	continuous	1337	2	->		3	3	0.4955	True	0.397397	0.790	0.004389	
2025-09-08 16:22:16.453	continuous	1338	2	->		3	3	0.5007	True	0.390446	0.790	0.004389	
2025-09-08 16:22:16.453	continuous	1339	1	->	2	3	3	0.5262	True	0.361703	0.790	0.004388	
2025-09-08 16:22:16.453	continuous	1340	1	->	2	3	3	0.5313	True	0.355305	0.790	0.004388	
2025-09-08 16:22:16.453	continuous	1341	1	->		2	3	0.5137	True	1.939582	0.790	0.004387	
2025-09-08 16:22:16.454	continuous	1342	3	->		4	3	0.4756	True	3.159075	0.790	0.004387	
2025-09-08 16:22:16.454	continuous	1343	1	->		2	3	0.4948	True	1.884935	0.790	0.004386	
2025-09-08 16:22:16.454	continuous	1344	1	->	2	3	3	0.5093	True	0.387673	0.789	0.004386	
2025-09-08 16:22:16.454	continuous	1345	1	->	2	3	3	0.5144	True	0.380685	0.789	0.004386	
2025-09-08 16:22:16.454	continuous	1346	1	->	2	3	3	0.5195	True	0.373872	0.789	0.004385	
2025-09-08 16:22:16.454	continuous	1347	2	->	3	4	3	0.5032	True	3.206411	0.789	0.004385	
2025-09-08 16:22:16.455	continuous	1348	1	->		2	3	0.4910	True	1.871216	0.789	0.004384	
2025-09-08 16:22:16.455	continuous	1349	1	->	2	3	3	0.5057	True	0.393597	0.789	0.004384	
2025-09-08 16:22:16.455	continuous	1350	2	->		3	3	0.4900	True	0.409671	0.789	0.004383	
2025-09-08 16:22:16.455	continuous	1351	1	->	2	3	3	0.5160	True	0.379566	0.789	0.004383	
2025-09-08 16:22:16.455	continuous	1352	2	->		3	3	0.5000	True	0.395635	0.789	0.004383	
2025-09-08 16:22:16.455	continuous	1353	1	->		2	3	0.5035	True	1.885081	0.789	0.004382	
2025-09-08 16:22:16.456	continuous	1354	2	->		3	3	0.4973	True	0.402012	0.789	0.004382	
2025-09-08 16:22:16.456	continuous	1355	1	->		2	3	0.5007	True	1.858221	0.789	0.004381	
2025-09-08 16:22:16.456	continuous	1356	1	->	2	3	3	0.5152	True	0.385922	0.789	0.004381	
2025-09-08 16:22:16.456	continuous	1357	3	->		4	3	0.4684	True	3.109401	0.788	0.004380	
2025-09-08 16:22:16.456	continuous	1358	1	->	2	3	3	0.5101	True	0.391228	0.788	0.004380	
2025-09-08 16:22:16.457	continuous	1359	2	->		3	3	0.4945	True	0.406975	0.788	0.004379	
2025-09-08 16:22:16.457	continuous	1360	1	->	2	3	3	0.5203	True	0.377252	0.788	0.004379	
2025-09-08 16:22:16.457	continuous	1361	1	->	2	3	3	0.5253	True	0.370483	0.788	0.004379	
2025-09-08 16:22:16.457	continuous	1362	1	->		2	3	0.5076	True	1.873251	0.788	0.004378	
2025-09-08 16:22:16.457	continuous	1363	1	->	2	3	3	0.5222	True	0.377276	0.788	0.004378	
2025-09-08 16:22:16.458	continuous	1364	2	->		3	3	0.5063	True	0.393058	0.788	0.004377	
2025-09-08 16:22:16.458	continuous	1365	1	->	2	3	3	0.5322	True	0.363839	0.788	0.004377	
2025-09-08 16:22:16.458	continuous	1366	2	->		3	3	0.5160	True	0.379636	0.788	0.004376	
2025-09-08 16:22:16.458	continuous	1367	1	->	2	3	3	0.5420	True	0.350979	0.788	0.004376	
2025-09-08 16:22:16.458	continuous	1368	1	->	2	3	3	0.5468	True	0.344763	0.788	0.004376	
2025-09-08 16:22:16.458	continuous	1369	1	->		2	3	0.5287	True	1.913059	0.788	0.004375	
2025-09-08 16:22:16.459	continuous	1370	1	->		2	3	0.5202	True	1.869832	0.787	0.004375	
2025-09-08 16:22:16.459	continuous	1371	3	->		4	3	0.4822	True	3.137145	0.787	0.004374	
2025-09-08 16:22:16.459	continuous	1372	2	->		3	3	0.5035	True	0.400634	0.787	0.004374	
2025-09-08 16:22:16.459	continuous	1373	1	->		2	3	0.5066	True	1.828911	0.787	0.004373	
2025-09-08 16:22:16.459	continuous	1374	3	->		4	3	0.4692	True	3.081503	0.787	0.004373	
2025-09-08 16:22:16.460	continuous	1375	1	->		2	3	0.4891	True	1.777724	0.787	0.004372	
2025-09-08 16:22:16.460	continuous	1376	2	->	3	4	3	0.4832	True	3.091345	0.787	0.004372	
2025-09-08 16:22:16.460	continuous	1377	3	->		4	3	0.4427	True	2.963994	0.787	0.004372	
2025-09-08 16:22:16.460	continuous	1378	1	->		2	3	0.4630	True	1.721000	0.787	0.004371	
2025-09-08 16:22:16.461	continuous	1379	1	->	2	3	3	0.4786	True	0.449172	0.787	0.004371	
2025-09-08 16:22:16.461	continuous	1380	1	->		2	3	0.4621	True	1.699429	0.787	0.004370	
2025-09-08 16:22:16.461	continuous	1381	1	->		2	3	0.4562	True	1.664815	0.787	0.004370	
2025-09-08 16:22:16.462	continuous	1382	1	->		2	3	0.4507	True	1.631086	0.786	0.004369	
2025-09-08 16:22:16.462	continuous	1383	1	->	2	3	3	0.4665	True	0.481279	0.786	0.004369	
2025-09-08 16:22:16.462	continuous	1384	1	->		2	3	0.4505	True	1.611684	0.786	0.004369	
2025-09-08 16:22:16.462	continuous	1385	2	->		3	3	0.4472	True	0.509174	0.786	0.004368	
2025-09-08 16:22:16.462	continuous	1386	3	->		4	3	0.4222	True	2.916179	0.786	0.004368	
2025-09-08 16:22:16.462	continuous	1387	2	->		3	3	0.4440	True	0.511836	0.786	0.004367	
2025-09-08 16:22:16.463	continuous	1388	1	->	2	3	3	0.4683	True	0.479268	0.786	0.004367	
2025-09-08 16:22:16.463	continuous	1389	2	->		3	3	0.4541	True	0.493497	0.786	0.004366	
2025-09-08 16:22:16.463	continuous	1390	2	->		3	3	0.4592	True	0.484472	0.786	0.004366	
2025-09-08 16:22:16.463	continuous	1391	2	->		3	3	0.4644	True	0.475624	0.786	0.004365	
2025-09-08 16:22:16.464	continuous	1392	2	->		3	3	0.4695	True	0.466955	0.786	0.004365	
2025-09-08 16:22:16.464	continuous	1393	2	->		3	3	0.4745	True	0.458453	0.786	0.004365	
2025-09-08 16:22:16.464	continuous	1394	1	->	2	3	3	0.4990	True	0.427952	0.786	0.004364	
2025-09-08 16:22:16.464	continuous	1395	2	->		3	3	0.4845	True	0.442171	0.785	0.004364	
2025-09-08 16:22:16.465	continuous	1396	2	->	3	4	3	0.4884	True	3.051774	0.785	0.004363	
2025-09-08 16:22:16.465	continuous	1397	1	->	2	3	3	0.4991	True	0.425226	0.785	0.004363	
2025-09-08 16:22:16.465	continuous	1398	1	->		2	3	0.4822	True	1.713179	0.785	0.004362	
2025-09-08 16:22:16.465	continuous	1399	1	->		2	3	0.4757	True	1.676325	0.785	0.004362	
2025-09-08 16:22:16.465	continuous	1400	2	->		3	3	0.4719	True	0.467589	0.785	0.004362	
2025-09-08 16:22:16.466	continuous	1401	1	->	2	3	3	0.4962	True	0.436766	0.785	0.004361	
2025-09-08 16:22:16.466	continuous	1402	1	->	2	3	3	0.5013	True	0.428546	0.785	0.004361	
2025-09-08 16:22:16.466	continuous	1403	2	->		3	3	0.4866	True	0.442872	0.785	0.004360	
2025-09-08 16:22:16.466	continuous	1404	1	->	2	3	3	0.5114	True	0.412685	0.785	0.004360	
2025-09-08 16:22:16.466	continuous	1405	1	->		2	3	0.4943	True	1.710129	0.785	0.004359	
2025-09-08 16:22:16.466	continuous	1406	1	->		2	3	0.4876	True	1.672086	0.785	0.004359	
2025-09-08 16:22:16.467	continuous	1407	3	->		4	3	0.4524	True	2.960794	0.785	0.004359	
2025-09-08 16:22:16.467	continuous	1408	2	->		3	3	0.4746	True	0.467683	0.784	0.004358	
2025-09-08 16:22:16.467	continuous	1409	2	->		3	3	0.4797	True	0.459087	0.784	0.004358	
2025-09-08 16:22:16.467	continuous	1410	3	->		4	3	0.4530	True	2.934120	0.784	0.004357	
2025-09-08 16:22:16.467	continuous	1411	2	->		3	3	0.4758	True	0.462934	0.784	0.004357	
2025-09-08 16:22:16.468	continuous	1412	2	->	3	4	3	0.4795	True	2.966679	0.784	0.004356	
2025-09-08 16:22:16.468	continuous	1413	3	->		4	3	0.4395	True	2.843561	0.784	0.004356	
2025-09-08 16:22:16.468	continuous	1414	1	->	2	3	3	0.4819	True	0.457164	0.784	0.004355	
2025-09-08 16:22:16.468	continuous	1415	2	->		3	3	0.4677	True	0.471396	0.784	0.004355	
2025-09-08 16:22:16.468	continuous	1416	1	->		2	3	0.4704	True	1.673141	0.784	0.004355	
2025-09-08 16:22:16.468	continuous	1417	1	->	2	3	3	0.4860	True	0.454082	0.784	0.004354	
2025-09-08 16:22:16.469	continuous	1418	1	->	2	3	3	0.4911	True	0.445484	0.784	0.004354	
2025-09-08 16:22:16.469	continuous	1419	4	->		5	3	0.4415	True	3.997556	0.784	0.004353	
2025-09-08 16:22:16.469	continuous	1420	2	->		3	3	0.4661	True	0.473678	0.784	0.004353	
2025-09-08 16:22:16.469	continuous	1421	1	->		2	3	0.4688	True	1.669417	0.783	0.004352	
2025-09-08 16:22:16.469	continuous	1422	1	->		2	3	0.4629	True	1.634027	0.783	0.004352	
2025-09-08 16:22:16.470	continuous	1423	1	->	2	3	3	0.4789	True	0.470031	0.783	0.004352	
2025-09-08 16:22:16.470	continuous	1424	3	->		4	3	0.4331	True	2.823335	0.783	0.004351	
2025-09-08 16:22:16.470	continuous	1425	1	->		2	3	0.4542	True	1.607377	0.783	0.004351	
2025-09-08 16:22:16.470	continuous	1426	4	->		5	3	0.4169	True	3.910897	0.783	0.004350	
2025-09-08 16:22:16.470	continuous	1427	3	->		4	3	0.4105	True	2.751358	0.783	0.004350	
2025-09-08 16:22:16.470	continuous	1428	2	->		3	3	0.4342	True	0.534879	0.783	0.004349	
2025-09-08 16:22:16.471	continuous	1429	2	->		3	3	0.4393	True	0.525028	0.783	0.004349	
2025-09-08 16:22:16.471	continuous	1430	1	->		2	3	0.4418	True	1.589903	0.783	0.004348	
2025-09-08 16:22:16.471	continuous	1431	1	->	2	3	3	0.4582	True	0.505929	0.783	0.004348	
2025-09-08 16:22:16.471	continuous	1432	2	->		3	3	0.4445	True	0.519409	0.783	0.004348	
2025-09-08 16:22:16.471	continuous	1433	1	->		2	3	0.4470	True	1.585059	0.782	0.004347	
2025-09-08 16:22:16.472	continuous	1434	1	->		2	3	0.4422	True	1.552455	0.782	0.004347	
2025-09-08 16:22:16.472	continuous	1435	3	->		4	3	0.4093	True	2.740068	0.782	0.004346	
2025-09-08 16:22:16.472	continuous	1436	2	->		3	3	0.4330	True	0.548909	0.782	0.004346	
2025-09-08 16:22:16.472	continuous	1437	1	->	2	3	3	0.4562	True	0.516002	0.782	0.004345	
2025-09-08 16:22:16.472	continuous	1438	3	->		4	3	0.4114	True	2.719072	0.782	0.004345	
2025-09-08 16:22:16.473	continuous	1439	2	->		3	3	0.4355	True	0.540482	0.782	0.004345	
2025-09-08 16:22:16.473	continuous	1440	2	->		3	3	0.4405	True	0.530469	0.782	0.004344	
2025-09-08 16:22:16.473	continuous	1441	1	->	2	3	3	0.4639	True	0.497990	0.782	0.004344	
2025-09-08 16:22:16.473	continuous	1442	3	->		4	3	0.4183	True	2.709849	0.782	0.004343	
2025-09-08 16:22:16.473	continuous	1443	2	->		3	3	0.4429	True	0.522884	0.782	0.004343	
2025-09-08 16:22:16.473	continuous	1444	2	->		3	3	0.4480	True	0.513213	0.782	0.004342	
2025-09-08 16:22:16.474	continuous	1445	1	->	2	3	3	0.4716	True	0.481171	0.782	0.004342	
2025-09-08 16:22:16.474	continuous	1446	1	->	2	3	3	0.4767	True	0.471988	0.781	0.004342	
2025-09-08 16:22:16.474	continuous	1447	1	->		2	3	0.4599	True	1.632288	0.781	0.004341	
2025-09-08 16:22:16.474	continuous	1448	2	->		3	3	0.4574	True	0.499676	0.781	0.004341	
2025-09-08 16:22:16.474	continuous	1449	1	->	2	3	3	0.4812	True	0.468021	0.781	0.004340	
2025-09-08 16:22:16.474	continuous	1450	2	->		3	3	0.4674	True	0.481565	0.781	0.004340	
2025-09-08 16:22:16.475	continuous	1451	2	->		3	3	0.4724	True	0.472674	0.781	0.004339	
2025-09-08 16:22:16.475	continuous	1452	2	->		3	3	0.4774	True	0.463958	0.781	0.004339	
2025-09-08 16:22:16.475	continuous	1453	2	->		3	3	0.4825	True	0.455415	0.781	0.004339	
2025-09-08 16:22:16.475	continuous	1454	1	->		2	3	0.4841	True	1.682108	0.781	0.004338	
2025-09-08 16:22:16.475	continuous	1455	1	->	2	3	3	0.4999	True	0.439742	0.781	0.004338	
2025-09-08 16:22:16.476	continuous	1456	2	->		3	3	0.4860	True	0.453007	0.781	0.004337	
2025-09-08 16:22:16.476	continuous	1457	2	->		3	3	0.4910	True	0.444657	0.781	0.004337	
2025-09-08 16:22:16.476	continuous	1458	2	->		3	3	0.4960	True	0.436478	0.781	0.004336	
2025-09-08 16:22:16.476	continuous	1459	2	->		3	3	0.5009	True	0.428468	0.780	0.004336	
2025-09-08 16:22:16.476	continuous	1460	3	->		4	3	0.4713	True	2.829589	0.780	0.004335	
2025-09-08 16:22:16.476	continuous	1461	1	->	2	3	3	0.5155	True	0.411835	0.780	0.004335	
2025-09-08 16:22:16.477	continuous	1462	1	->	2	3	3	0.5205	True	0.404082	0.780	0.004335	
2025-09-08 16:22:16.477	continuous	1463	1	->	2	3	3	0.5255	True	0.396501	0.780	0.004334	
2025-09-08 16:22:16.477	continuous	1464	2	->		3	3	0.5111	True	0.410270	0.780	0.004334	
2025-09-08 16:22:16.477	continuous	1465	1	->	2	3	3	0.5352	True	0.381872	0.780	0.004333	
2025-09-08 16:22:16.478	continuous	1466	1	->		2	3	0.5171	True	1.778336	0.780	0.004333	
2025-09-08 16:22:16.478	continuous	1467	2	->		3	3	0.5131	True	0.410218	0.780	0.004332	
2025-09-08 16:22:16.478	continuous	1468	2	->		3	3	0.5180	True	0.402746	0.780	0.004332	
2025-09-08 16:22:16.479	continuous	1469	1	->		2	3	0.5190	True	1.765191	0.780	0.004332	
2025-09-08 16:22:16.479	continuous	1470	2	->		3	3	0.5153	True	0.410019	0.780	0.004331	
2025-09-08 16:22:16.479	continuous	1471	2	->		3	3	0.5202	True	0.402520	0.780	0.004331	
2025-09-08 16:22:16.479	continuous	1472	1	->	2	3	3	0.5438	True	0.375087	0.779	0.004330	
2025-09-08 16:22:16.480	continuous	1473	1	->		2	3	0.5257	True	1.766757	0.779	0.004330	
2025-09-08 16:22:16.480	continuous	1474	1	->	2	3	3	0.5406	True	0.382787	0.779	0.004329	
2025-09-08 16:22:16.480	continuous	1475	1	->	2	3	3	0.5454	True	0.375609	0.779	0.004329	
2025-09-08 16:22:16.480	continuous	1476	1	->		2	3	0.5273	True	1.753214	0.779	0.004329	
2025-09-08 16:22:16.480	continuous	1477	1	->	2	3	3	0.5422	True	0.383389	0.779	0.004328	
2025-09-08 16:22:16.481	continuous	1478	2	->	3	4	3	0.5264	True	2.971666	0.779	0.004328	
2025-09-08 16:22:16.481	continuous	1479	3	->		4	3	0.4829	True	2.831272	0.779	0.004327	
2025-09-08 16:22:16.481	continuous	1480	2	->		3	3	0.5084	True	0.422414	0.779	0.004327	
2025-09-08 16:22:16.481	continuous	1481	2	->		3	3	0.5133	True	0.414608	0.779	0.004326	
2025-09-08 16:22:16.481	continuous	1482	2	->		3	3	0.5182	True	0.406989	0.779	0.004326	
2025-09-08 16:22:16.482	continuous	1483	1	->		2	3	0.5191	True	1.746438	0.779	0.004326	
2025-09-08 16:22:16.482	continuous	1484	1	->		2	3	0.5116	True	1.704324	0.779	0.004325	
2025-09-08 16:22:16.482	continuous	1485	1	->		2	3	0.5046	True	1.663501	0.778	0.004325	
2025-09-08 16:22:16.482	continuous	1486	1	->		2	3	0.4979	True	1.623904	0.778	0.004324	
2025-09-08 16:22:16.482	continuous	1487	2	->	3	4	3	0.4938	True	2.851246	0.778	0.004324	
2025-09-08 16:22:16.483	continuous	1488	2	->		3	3	0.4864	True	0.472595	0.778	0.004323	
2025-09-08 16:22:16.483	continuous	1489	1	->	2	3	3	0.5092	True	0.443126	0.778	0.004323	
2025-09-08 16:22:16.483	continuous	1490	3	->		4	3	0.4622	True	2.748152	0.778	0.004322	
2025-09-08 16:22:16.483	continuous	1491	1	->		2	3	0.4838	True	1.600015	0.778	0.004322	
2025-09-08 16:22:16.483	continuous	1492	2	->		3	3	0.4818	True	0.482121	0.778	0.004322	
2025-09-08 16:22:16.484	continuous	1493	1	->	2	3	3	0.5045	True	0.452383	0.778	0.004321	
2025-09-08 16:22:16.484	continuous	1494	1	->		2	3	0.4876	True	1.593016	0.778	0.004321	
2025-09-08 16:22:16.484	continuous	1495	1	->		2	3	0.4818	True	1.555793	0.778	0.004320	
2025-09-08 16:22:16.484	continuous	1496	2	->		3	3	0.4802	True	0.494329	0.778	0.004320	
2025-09-08 16:22:16.484	continuous	1497	3	->		4	3	0.4518	True	2.714451	0.778	0.004319	
2025-09-08 16:22:16.485	continuous	1498	2	->		3	3	0.4771	True	0.496790	0.777	0.004319	
2025-09-08 16:22:16.485	continuous	1499	2	->	3	4	3	0.4799	True	2.745622	0.777	0.004319	
2025-09-08 16:22:16.485	continuous	1500	1	->		2	3	0.4694	True	1.537739	0.777	0.004318	
2025-09-08 16:22:16.485	continuous	1501	1	->	2	3	3	0.4855	True	0.494947	0.777	0.004318	
2025-09-08 16:22:16.485	continuous	1502	1	->	2	3	3	0.4904	True	0.485029	0.777	0.004317	
2025-09-08 16:22:16.486	continuous	1503	1	->	2	3	3	0.4953	True	0.475332	0.777	0.004317	
2025-09-08 16:22:16.486	continuous	1504	2	->		3	3	0.4824	True	0.486721	0.777	0.004316	
2025-09-08 16:22:16.486	continuous	1505	1	->		2	3	0.4835	True	1.563384	0.777	0.004316	
2025-09-08 16:22:16.486	continuous	1506	2	->		3	3	0.4818	True	0.492612	0.777	0.004316	
2025-09-08 16:22:16.486	continuous	1507	1	->		2	3	0.4827	True	1.541933	0.777	0.004315	
2025-09-08 16:22:16.487	continuous	1508	2	->		3	3	0.4812	True	0.498444	0.777	0.004315	
2025-09-08 16:22:16.487	continuous	1509	2	->		3	3	0.4860	True	0.488769	0.777	0.004314	
2025-09-08 16:22:16.487	continuous	1510	2	->		3	3	0.4909	True	0.479302	0.776	0.004314	
2025-09-08 16:22:16.487	continuous	1511	2	->		3	3	0.4957	True	0.470039	0.776	0.004313	
2025-09-08 16:22:16.488	continuous	1512	2	->		3	3	0.5005	True	0.460976	0.776	0.004313	
2025-09-08 16:22:16.488	continuous	1513	2	->		3	3	0.5053	True	0.452110	0.776	0.004313	
2025-09-08 16:22:16.488	continuous	1514	2	->		3	3	0.5101	True	0.443439	0.776	0.004312	
2025-09-08 16:22:16.488	continuous	1515	1	->	2	3	3	0.5322	True	0.415777	0.776	0.004312	
2025-09-08 16:22:16.488	continuous	1516	1	->		2	3	0.5150	True	1.628800	0.776	0.004311	
2025-09-08 16:22:16.489	continuous	1517	2	->	3	4	3	0.5107	True	2.832584	0.776	0.004311	
2025-09-08 16:22:16.489	continuous	1518	1	->		2	3	0.4991	True	1.579048	0.776	0.004310	
2025-09-08 16:22:16.489	continuous	1519	2	->		3	3	0.4974	True	0.471556	0.776	0.004310	
2025-09-08 16:22:16.489	continuous	1520	3	->		4	3	0.4684	True	2.705903	0.776	0.004310	
2025-09-08 16:22:16.489	continuous	1521	1	->	2	3	3	0.5109	True	0.454998	0.776	0.004309	
2025-09-08 16:22:16.490	continuous	1522	1	->	2	3	3	0.5158	True	0.445875	0.776	0.004309	
2025-09-08 16:22:16.490	continuous	1523	1	->	2	3	3	0.5207	True	0.436983	0.775	0.004308	
2025-09-08 16:22:16.490	continuous	1524	2	->	3	4	3	0.5056	True	2.763025	0.775	0.004308	
2025-09-08 16:22:16.490	continuous	1525	1	->		2	3	0.4946	True	1.587450	0.775	0.004307	
2025-09-08 16:22:16.490	continuous	1526	2	->		3	3	0.4927	True	0.477142	0.775	0.004307	
2025-09-08 16:22:16.491	continuous	1527	1	->		2	3	0.4934	True	1.564520	0.775	0.004307	
2025-09-08 16:22:16.491	continuous	1528	3	->	4	5	3	0.4467	True	4.099122	0.775	0.004306	
2025-09-08 16:22:16.491	continuous	1529	1	->	2	3	3	0.4992	True	0.476673	0.775	0.004306	
2025-09-08 16:22:16.491	continuous	1530	1	->	2	3	3	0.5041	True	0.467053	0.775	0.004305	
2025-09-08 16:22:16.491	continuous	1531	1	->	2	3	3	0.5089	True	0.457675	0.775	0.004305	
2025-09-08 16:22:16.492	continuous	1532	2	->		3	3	0.4960	True	0.468969	0.775	0.004304	
2025-09-08 16:22:16.492	continuous	1533	1	->	2	3	3	0.5186	True	0.439636	0.775	0.004304	
2025-09-08 16:22:16.492	continuous	1534	1	->	2	3	3	0.5235	True	0.430903	0.775	0.004304	
2025-09-08 16:22:16.492	continuous	1535	2	->		3	3	0.5102	True	0.442754	0.775	0.004303	
2025-09-08 16:22:16.493	continuous	1536	2	->		3	3	0.5150	True	0.434284	0.774	0.004303	
2025-09-08 16:22:16.493	continuous	1537	2	->		3	3	0.5198	True	0.426003	0.774	0.004302	
2025-09-08 16:22:16.493	continuous	1538	1	->		2	3	0.5202	True	1.657764	0.774	0.004302	
2025-09-08 16:22:16.493	continuous	1539	1	->		2	3	0.5132	True	1.615841	0.774	0.004301	
2025-09-08 16:22:16.493	continuous	1540	1	->	2	3	3	0.5286	True	0.429552	0.774	0.004301	
2025-09-08 16:22:16.494	continuous	1541	3	->		4	3	0.4809	True	2.715922	0.774	0.004300	
2025-09-08 16:22:16.494	continuous	1542	1	->	2	3	3	0.5248	True	0.433000	0.774	0.004300	
2025-09-08 16:22:16.494	continuous	1543	1	->		2	3	0.5075	True	1.598780	0.774	0.004300	
2025-09-08 16:22:16.494	continuous	1544	2	->	3	4	3	0.5030	True	2.740217	0.774	0.004299	
2025-09-08 16:22:16.494	continuous	1545	1	->	2	3	3	0.5140	True	0.453319	0.774	0.004299	
2025-09-08 16:22:16.495	continuous	1546	2	->		3	3	0.5011	True	0.464583	0.774	0.004298	
2025-09-08 16:22:16.495	continuous	1547	1	->	2	3	3	0.5237	True	0.435332	0.774	0.004298	
2025-09-08 16:22:16.495	continuous	1548	1	->	2	3	3	0.5285	True	0.426635	0.774	0.004297	
2025-09-08 16:22:16.495	continuous	1549	2	->	3	4	3	0.5126	True	2.734852	0.773	0.004297	
2025-09-08 16:22:16.496	continuous	1550	2	->		3	3	0.5058	True	0.452110	0.773	0.004297	
2025-09-08 16:22:16.496	continuous	1551	1	->	2	3	3	0.5288	True	0.422859	0.773	0.004296	
2025-09-08 16:22:16.496	continuous	1552	2	->		3	3	0.5153	True	0.435072	0.773	0.004296	
2025-09-08 16:22:16.496	continuous	1553	3	->		4	3	0.4847	True	2.643620	0.773	0.004295	
2025-09-08 16:22:16.497	continuous	1554	1	->	2	3	3	0.5298	True	0.418498	0.773	0.004295	
2025-09-08 16:22:16.497	continuous	1555	1	->		2	3	0.5121	True	1.658254	0.773	0.004294	
2025-09-08 16:22:16.497	continuous	1556	2	->		3	3	0.5094	True	0.446567	0.773	0.004294	
2025-09-08 16:22:16.497	continuous	1557	1	->		2	3	0.5101	True	1.632313	0.773	0.004294	
2025-09-08 16:22:16.497	continuous	1558	2	->		3	3	0.5076	True	0.453704	0.773	0.004293	
2025-09-08 16:22:16.498	continuous	1559	2	->		3	3	0.5124	True	0.444898	0.773	0.004293	
2025-09-08 16:22:16.498	continuous	1560	1	->		2	3	0.5129	True	1.622784	0.773	0.004292	
2025-09-08 16:22:16.498	continuous	1561	1	->	2	3	3	0.5283	True	0.432201	0.773	0.004292	
2025-09-08 16:22:16.498	continuous	1562	2	->		3	3	0.5152	True	0.443511	0.772	0.004291	
2025-09-08 16:22:16.498	continuous	1563	3	->		4	3	0.4848	True	2.640516	0.772	0.004291	
2025-09-08 16:22:16.499	continuous	1564	3	->		4	3	0.4763	True	2.588313	0.772	0.004291	
2025-09-08 16:22:16.499	continuous	1565	3	->	4	5	3	0.4562	True	4.128401	0.772	0.004290	
2025-09-08 16:22:16.499	continuous	1566	2	->		3	3	0.4932	True	0.473205	0.772	0.004290	
2025-09-08 16:22:16.499	continuous	1567	2	->		3	3	0.4981	True	0.464027	0.772	0.004289	
2025-09-08 16:22:16.499	continuous	1568	2	->	3	4	3	0.5002	True	2.608916	0.772	0.004289	
2025-09-08 16:22:16.500	continuous	1569	2	->		3	3	0.4941	True	0.468699	0.772	0.004288	
2025-09-08 16:22:16.500	continuous	1570	3	->		4	3	0.4629	True	2.501188	0.772	0.004288	
2025-09-08 16:22:16.500	continuous	1571	1	->	2	3	3	0.5088	True	0.451120	0.772	0.004288	
2025-09-08 16:22:16.500	continuous	1572	3	->		4	3	0.4597	True	2.465460	0.772	0.004287	
2025-09-08 16:22:16.500	continuous	1573	1	->	2	3	3	0.5059	True	0.454218	0.772	0.004287	
2025-09-08 16:22:16.501	continuous	1574	1	->		2	3	0.4886	True	1.644020	0.772	0.004286	
2025-09-08 16:22:16.501	continuous	1575	2	->		3	3	0.4868	True	0.481684	0.771	0.004286	
2025-09-08 16:22:16.501	continuous	1576	1	->	2	3	3	0.5095	True	0.451468	0.771	0.004285	
2025-09-08 16:22:16.501	continuous	1577	1	->	2	3	3	0.5144	True	0.442434	0.771	0.004285	
2025-09-08 16:22:16.501	continuous	1578	2	->		3	3	0.5012	True	0.454615	0.771	0.004285	
2025-09-08 16:22:16.502	continuous	1579	1	->	2	3	3	0.5242	True	0.425065	0.771	0.004284	
2025-09-08 16:22:16.502	continuous	1580	1	->		2	3	0.5064	True	1.681832	0.771	0.004284	
2025-09-08 16:22:16.502	continuous	1581	1	->	2	3	3	0.5221	True	0.432287	0.771	0.004283	
2025-09-08 16:22:16.502	continuous	1582	2	->	3	4	3	0.5059	True	2.556294	0.771	0.004283	
2025-09-08 16:22:16.502	continuous	1583	2	->		3	3	0.4998	True	0.458309	0.771	0.004282	
2025-09-08 16:22:16.503	continuous	1584	1	->	2	3	3	0.5230	True	0.428456	0.771	0.004282	
2025-09-08 16:22:16.503	continuous	1585	2	->		3	3	0.5095	True	0.441009	0.771	0.004282	
2025-09-08 16:22:16.503	continuous	1586	1	->	2	3	3	0.5327	True	0.411693	0.771	0.004281	
2025-09-08 16:22:16.503	continuous	1587	2	->		3	3	0.5190	True	0.424484	0.771	0.004281	
2025-09-08 16:22:16.504	continuous	1588	2	->		3	3	0.5238	True	0.416410	0.770	0.004280	
2025-09-08 16:22:16.504	continuous	1589	2	->		3	3	0.5286	True	0.408522	0.770	0.004280	
2025-09-08 16:22:16.504	continuous	1590	2	->	3	4	3	0.5304	True	2.596055	0.770	0.004279	
2025-09-08 16:22:16.504	continuous	1591	2	->		3	3	0.5237	True	0.414828	0.770	0.004279	
2025-09-08 16:22:16.504	continuous	1592	1	->		2	3	0.5239	True	1.759253	0.770	0.004279	
2025-09-08 16:22:16.505	continuous	1593	2	->		3	3	0.5210	True	0.422530	0.770	0.004278	
2025-09-08 16:22:16.505	continuous	1594	1	->		2	3	0.5211	True	1.729853	0.770	0.004278	
2025-09-08 16:22:16.505	continuous	1595	4	->		5	3	0.4817	True	4.220344	0.770	0.004277	
2025-09-08 16:22:16.505	continuous	1596	1	->	2	3	3	0.5258	True	0.423464	0.770	0.004277	
2025-09-08 16:22:16.505	continuous	1597	1	->	2	3	3	0.5307	True	0.415070	0.770	0.004276	
2025-09-08 16:22:16.506	continuous	1598	2	->		3	3	0.5172	True	0.427664	0.770	0.004276	
2025-09-08 16:22:16.506	continuous	1599	1	->	2	3	3	0.5404	True	0.398931	0.770	0.004276	
2025-09-08 16:22:16.506	continuous	1600	2	->		3	3	0.5267	True	0.411734	0.770	0.004275	
2025-09-08 16:22:16.506	continuous	1601	2	->	3	4	3	0.5283	True	2.586715	0.769	0.004275	
2025-09-08 16:22:16.506	continuous	1602	3	->		4	3	0.4843	True	2.460716	0.769	0.004274	
2025-09-08 16:22:16.507	continuous	1603	2	->		3	3	0.5134	True	0.430545	0.769	0.004274	
2025-09-08 16:22:16.507	continuous	1604	3	->		4	3	0.4806	True	2.423613	0.769	0.004273	
2025-09-08 16:22:16.507	continuous	1605	1	->	2	3	3	0.5284	True	0.413907	0.769	0.004273	
2025-09-08 16:22:16.507	continuous	1606	1	->		2	3	0.5101	True	1.751936	0.769	0.004273	
2025-09-08 16:22:16.507	continuous	1607	1	->	2	3	3	0.5259	True	0.421250	0.769	0.004272	
2025-09-08 16:22:16.508	continuous	1608	2	->	3	4	3	0.5090	True	2.454123	0.769	0.004272	
2025-09-08 16:22:16.508	continuous	1609	1	->	2	3	3	0.5218	True	0.426608	0.769	0.004271	
2025-09-08 16:22:16.508	continuous	1610	1	->	2	3	3	0.5268	True	0.418169	0.769	0.004271	
2025-09-08 16:22:16.508	continuous	1611	2	->		3	3	0.5129	True	0.431432	0.769	0.004270	
2025-09-08 16:22:16.508	continuous	1612	2	->		3	3	0.5178	True	0.423209	0.769	0.004270	
2025-09-08 16:22:16.509	continuous	1613	2	->		3	3	0.5227	True	0.415179	0.769	0.004270	
2025-09-08 16:22:16.509	continuous	1614	2	->		3	3	0.5275	True	0.407331	0.768	0.004269	
2025-09-08 16:22:16.509	continuous	1615	3	->		4	3	0.4940	True	2.415455	0.768	0.004269	
2025-09-08 16:22:16.509	continuous	1616	3	->		4	3	0.4854	True	2.365285	0.768	0.004268	
2025-09-08 16:22:16.509	continuous	1617	3	->	4	5	3	0.4650	True	4.125910	0.768	0.004268	
2025-09-08 16:22:16.510	continuous	1618	2	->		3	3	0.5050	True	0.438910	0.768	0.004268	
2025-09-08 16:22:16.510	continuous	1619	1	->	2	3	3	0.5286	True	0.409190	0.768	0.004267	
2025-09-08 16:22:16.510	continuous	1620	1	->		2	3	0.5099	True	1.804064	0.768	0.004267	
2025-09-08 16:22:16.510	continuous	1621	3	->	4	5	3	0.4562	True	4.063715	0.768	0.004266	
2025-09-08 16:22:16.510	continuous	1622	2	->		3	3	0.4971	True	0.451406	0.768	0.004266	
2025-09-08 16:22:16.511	continuous	1623	1	->		2	3	0.4972	True	1.762027	0.768	0.004265	
2025-09-08 16:22:16.511	continuous	1624	1	->	2	3	3	0.5136	True	0.436381	0.768	0.004265	
2025-09-08 16:22:16.511	continuous	1625	1	->		2	3	0.4951	True	1.734873	0.768	0.004265	
2025-09-08 16:22:16.512	continuous	1626	3	->		4	3	0.4550	True	2.306313	0.768	0.004264	
2025-09-08 16:22:16.512	continuous	1627	2	->		3	3	0.4860	True	0.477125	0.767	0.004264	
2025-09-08 16:22:16.512	continuous	1628	3	->		4	3	0.4525	True	2.274151	0.767	0.004263	
2025-09-08 16:22:16.512	continuous	1629	2	->		3	3	0.4837	True	0.480386	0.767	0.004263	
2025-09-08 16:22:16.512	continuous	1630	2	->		3	3	0.4887	True	0.471104	0.767	0.004262	
2025-09-08 16:22:16.513	continuous	1631	1	->	2	3	3	0.5117	True	0.440678	0.767	0.004262	
2025-09-08 16:22:16.513	continuous	1632	1	->	2	3	3	0.5167	True	0.431936	0.767	0.004262	
2025-09-08 16:22:16.513	continuous	1633	1	->		2	3	0.4982	True	1.757064	0.767	0.004261	
2025-09-08 16:22:16.513	continuous	1634	2	->		3	3	0.4964	True	0.460144	0.767	0.004261	
2025-09-08 16:22:16.513	continuous	1635	1	->	2	3	3	0.5195	True	0.430067	0.767	0.004260	
2025-09-08 16:22:16.514	continuous	1636	1	->	2	3	3	0.5245	True	0.421540	0.767	0.004260	
2025-09-08 16:22:16.514	continuous	1637	1	->	2	3	3	0.5294	True	0.413216	0.767	0.004259	
2025-09-08 16:22:16.514	continuous	1638	1	->		2	3	0.5106	True	1.775645	0.767	0.004259	
2025-09-08 16:22:16.514	continuous	1639	2	->		3	3	0.5084	True	0.441854	0.767	0.004259	
2025-09-08 16:22:16.514	continuous	1640	1	->	2	3	3	0.5317	True	0.412267	0.766	0.004258	
2025-09-08 16:22:16.515	continuous	1641	1	->	2	3	3	0.5366	True	0.404122	0.766	0.004258	
2025-09-08 16:22:16.515	continuous	1642	1	->	2	3	3	0.5415	True	0.396184	0.766	0.004257	
2025-09-08 16:22:16.515	continuous	1643	1	->	2	3	3	0.5463	True	0.388439	0.766	0.004257	
2025-09-08 16:22:16.515	continuous	1644	1	->		2	3	0.5270	True	1.808467	0.766	0.004256	
2025-09-08 16:22:16.515	continuous	1645	1	->		2	3	0.5191	True	1.761991	0.766	0.004256	
2025-09-08 16:22:16.516	continuous	1646	1	->		2	3	0.5117	True	1.717000	0.766	0.004256	
2025-09-08 16:22:16.516	continuous	1647	3	->		4	3	0.4713	True	2.350525	0.766	0.004255	
2025-09-08 16:22:16.516	continuous	1648	1	->		2	3	0.4970	True	1.666583	0.766	0.004255	
2025-09-08 16:22:16.516	continuous	1649	2	->		3	3	0.4957	True	0.477539	0.766	0.004254	
2025-09-08 16:22:16.516	continuous	1650	2	->		3	3	0.5006	True	0.468107	0.766	0.004254	
2025-09-08 16:22:16.516	continuous	1651	1	->	2	3	3	0.5233	True	0.438023	0.766	0.004253	
2025-09-08 16:22:16.517	continuous	1652	2	->		3	3	0.5102	True	0.450049	0.766	0.004253	
2025-09-08 16:22:16.517	continuous	1653	1	->	2	3	3	0.5331	True	0.420493	0.765	0.004253	
2025-09-08 16:22:16.517	continuous	1654	1	->		2	3	0.5145	True	1.704359	0.765	0.004252	
2025-09-08 16:22:16.517	continuous	1655	3	->		4	3	0.4742	True	2.351867	0.765	0.004252	
2025-09-08 16:22:16.517	continuous	1656	1	->		2	3	0.4998	True	1.653688	0.765	0.004251	
2025-09-08 16:22:16.517	continuous	1657	1	->		2	3	0.4935	True	1.611989	0.765	0.004251	
2025-09-08 16:22:16.518	continuous	1658	2	->		3	3	0.4927	True	0.493612	0.765	0.004250	
2025-09-08 16:22:16.518	continuous	1659	2	->	3	4	3	0.4941	True	2.365661	0.765	0.004250	
2025-09-08 16:22:16.518	continuous	1660	1	->		2	3	0.4844	True	1.581629	0.765	0.004250	
2025-09-08 16:22:16.518	continuous	1661	2	->	3	4	3	0.4806	True	2.307148	0.765	0.004249	
2025-09-08 16:22:16.518	continuous	1662	1	->	2	3	3	0.4934	True	0.506905	0.765	0.004249	
2025-09-08 16:22:16.519	continuous	1663	2	->	3	4	3	0.4777	True	2.269659	0.765	0.004248	
2025-09-08 16:22:16.519	continuous	1664	1	->	2	3	3	0.4909	True	0.509930	0.765	0.004248	
2025-09-08 16:22:16.519	continuous	1665	1	->	2	3	3	0.4958	True	0.499160	0.765	0.004247	
2025-09-08 16:22:16.519	continuous	1666	1	->	2	3	3	0.5008	True	0.488652	0.764	0.004247	
2025-09-08 16:22:16.519	continuous	1667	1	->	2	3	3	0.5057	True	0.478408	0.764	0.004247	
2025-09-08 16:22:16.520	continuous	1668	2	->		3	3	0.4928	True	0.490004	0.764	0.004246	
2025-09-08 16:22:16.520	continuous	1669	2	->		3	3	0.4977	True	0.480193	0.764	0.004246	
2025-09-08 16:22:16.520	continuous	1670	1	->		2	3	0.4977	True	1.646634	0.764	0.004245	
2025-09-08 16:22:16.520	continuous	1671	1	->		2	3	0.4915	True	1.604854	0.764	0.004245	
2025-09-08 16:22:16.520	continuous	1672	2	->		3	3	0.4905	True	0.503080	0.764	0.004245	
2025-09-08 16:22:16.521	continuous	1673	2	->		3	3	0.4953	True	0.492875	0.764	0.004244	
2025-09-08 16:22:16.521	continuous	1674	2	->		3	3	0.5002	True	0.482906	0.764	0.004244	
2025-09-08 16:22:16.521	continuous	1675	2	->		3	3	0.5050	True	0.473170	0.764	0.004243	
2025-09-08 16:22:16.521	continuous	1676	1	->	2	3	3	0.5273	True	0.443154	0.764	0.004243	
2025-09-08 16:22:16.522	continuous	1677	1	->		2	3	0.5093	True	1.645874	0.764	0.004242	
2025-09-08 16:22:16.522	continuous	1678	1	->		2	3	0.5028	True	1.602872	0.764	0.004242	
2025-09-08 16:22:16.522	continuous	1679	1	->		2	3	0.4968	True	1.561198	0.763	0.004242	
2025-09-08 16:22:16.522	continuous	1680	2	->		3	3	0.4962	True	0.504239	0.763	0.004241	
2025-09-08 16:22:16.522	continuous	1681	1	->		2	3	0.4958	True	1.537480	0.763	0.004241	
2025-09-08 16:22:16.522	continuous	1682	1	->		2	3	0.4903	True	1.497550	0.763	0.004240	
2025-09-08 16:22:16.523	continuous	1683	1	->	2	3	3	0.5066	True	0.507961	0.763	0.004240	
2025-09-08 16:22:16.523	continuous	1684	2	->		3	3	0.4949	True	0.516650	0.763	0.004239	
2025-09-08 16:22:16.523	continuous	1685	1	->	2	3	3	0.5161	True	0.486124	0.763	0.004239	
2025-09-08 16:22:16.523	continuous	1686	2	->		3	3	0.5042	True	0.495418	0.763	0.004239	
2025-09-08 16:22:16.523	continuous	1687	4	->		5	3	0.4736	True	4.230298	0.763	0.004238	
2025-09-08 16:22:16.523	continuous	1688	1	->		2	3	0.4942	True	1.517699	0.763	0.004238	
2025-09-08 16:22:16.524	continuous	1689	2	->		3	3	0.4941	True	0.515462	0.763	0.004237	
2025-09-08 16:22:16.524	continuous	1690	1	->		2	3	0.4934	True	1.495251	0.763	0.004237	
2025-09-08 16:22:16.524	continuous	1691	2	->		3	3	0.4936	True	0.521734	0.763	0.004236	
2025-09-08 16:22:16.524	continuous	1692	2	->		3	3	0.4982	True	0.510818	0.762	0.004236	
2025-09-08 16:22:16.524	continuous	1693	2	->		3	3	0.5029	True	0.500165	0.762	0.004236	
2025-09-08 16:22:16.525	continuous	1694	1	->	2	3	3	0.5240	True	0.470413	0.762	0.004235	
2025-09-08 16:22:16.525	continuous	1695	1	->	2	3	3	0.5288	True	0.460274	0.762	0.004235	
2025-09-08 16:22:16.525	continuous	1696	1	->	2	3	3	0.5335	True	0.450403	0.762	0.004234	
2025-09-08 16:22:16.525	continuous	1697	2	->		3	3	0.5213	True	0.460403	0.762	0.004234	
2025-09-08 16:22:16.525	continuous	1698	1	->	2	3	3	0.5430	True	0.431504	0.762	0.004234	
2025-09-08 16:22:16.525	continuous	1699	1	->		2	3	0.5249	True	1.592691	0.762	0.004233	
2025-09-08 16:22:16.526	continuous	1700	2	->	3	4	3	0.5205	True	2.484435	0.762	0.004233	
2025-09-08 16:22:16.526	continuous	1701	3	->	4	5	3	0.4665	True	4.151052	0.762	0.004232	
2025-09-08 16:22:16.526	continuous	1702	1	->		2	3	0.5006	True	1.531886	0.762	0.004232	
2025-09-08 16:22:16.526	continuous	1703	2	->		3	3	0.5004	True	0.503161	0.762	0.004231	
2025-09-08 16:22:16.526	continuous	1704	2	->		3	3	0.5051	True	0.492720	0.762	0.004231	
2025-09-08 16:22:16.526	continuous	1705	2	->	3	4	3	0.5062	True	2.426355	0.761	0.004231	
2025-09-08 16:22:16.527	continuous	1706	1	->		2	3	0.4962	True	1.519500	0.761	0.004230	
2025-09-08 16:22:16.527	continuous	1707	1	->	2	3	3	0.5128	True	0.493710	0.761	0.004230	
2025-09-08 16:22:16.527	continuous	1708	3	->		4	3	0.4638	True	2.316254	0.761	0.004229	
2025-09-08 16:22:16.528	continuous	1709	2	->		3	3	0.4939	True	0.515392	0.761	0.004229	
2025-09-08 16:22:16.528	continuous	1710	1	->	2	3	3	0.5152	True	0.484708	0.761	0.004228	
2025-09-08 16:22:16.528	continuous	1711	1	->	2	3	3	0.5200	True	0.474235	0.761	0.004228	
2025-09-08 16:22:16.529	continuous	1712	1	->		2	3	0.5024	True	1.543972	0.761	0.004228	
2025-09-08 16:22:16.529	continuous	1713	1	->	2	3	3	0.5189	True	0.481184	0.761	0.004227	
2025-09-08 16:22:16.529	continuous	1714	2	->	3	4	3	0.5030	True	2.377399	0.761	0.004227	
2025-09-08 16:22:16.529	continuous	1715	2	->		3	3	0.4987	True	0.504987	0.761	0.004226	
2025-09-08 16:22:16.530	continuous	1716	3	->		4	3	0.4662	True	2.275587	0.761	0.004226	
2025-09-08 16:22:16.530	continuous	1717	2	->		3	3	0.4964	True	0.507181	0.761	0.004225	
2025-09-08 16:22:16.530	continuous	1718	2	->		3	3	0.5012	True	0.496666	0.761	0.004225	
2025-09-08 16:22:16.530	continuous	1719	1	->	2	3	3	0.5228	True	0.466260	0.760	0.004225	
2025-09-08 16:22:16.530	continuous	1720	1	->		2	3	0.5051	True	1.577936	0.760	0.004224	
2025-09-08 16:22:16.530	continuous	1721	1	->		2	3	0.4992	True	1.536099	0.760	0.004224	
2025-09-08 16:22:16.531	continuous	1722	1	->		2	3	0.4937	True	1.495553	0.760	0.004223	
2025-09-08 16:22:16.531	continuous	1723	2	->	3	4	3	0.4902	True	2.312139	0.760	0.004223	
2025-09-08 16:22:16.531	continuous	1724	3	->		4	3	0.4506	True	2.204677	0.760	0.004223	
2025-09-08 16:22:16.531	continuous	1725	1	->		2	3	0.4751	True	1.450643	0.760	0.004222	
2025-09-08 16:22:16.531	continuous	1726	1	->	2	3	3	0.4918	True	0.551636	0.760	0.004222	
2025-09-08 16:22:16.532	continuous	1727	3	->	4	5	3	0.4336	True	4.060178	0.760	0.004221	
2025-09-08 16:22:16.532	continuous	1728	2	->		3	3	0.4723	True	0.571423	0.760	0.004221	
2025-09-08 16:22:16.532	continuous	1729	1	->		2	3	0.4717	True	1.442581	0.760	0.004220	
2025-09-08 16:22:16.532	continuous	1730	2	->		3	3	0.4727	True	0.576262	0.760	0.004220	
2025-09-08 16:22:16.532	continuous	1731	3	->	4	5	3	0.4297	True	4.008618	0.760	0.004220	
2025-09-08 16:22:16.532	continuous	1732	2	->		3	3	0.4693	True	0.576163	0.759	0.004219	
2025-09-08 16:22:16.533	continuous	1733	2	->		3	3	0.4739	True	0.563997	0.759	0.004219	
2025-09-08 16:22:16.533	continuous	1734	1	->	2	3	3	0.4948	True	0.532090	0.759	0.004218	
2025-09-08 16:22:16.533	continuous	1735	1	->	2	3	3	0.4995	True	0.520380	0.759	0.004218	
2025-09-08 16:22:16.533	continuous	1736	2	->		3	3	0.4877	True	0.529323	0.759	0.004217	
2025-09-08 16:22:16.533	continuous	1737	1	->	2	3	3	0.5090	True	0.498017	0.759	0.004217	
2025-09-08 16:22:16.533	continuous	1738	3	->	4	5	3	0.4464	True	4.012383	0.759	0.004217	
2025-09-08 16:22:16.534	continuous	1739	2	->		3	3	0.4884	True	0.520193	0.759	0.004216	
2025-09-08 16:22:16.534	continuous	1740	1	->	2	3	3	0.5101	True	0.488831	0.759	0.004216	
2025-09-08 16:22:16.534	continuous	1741	1	->	2	3	3	0.5150	True	0.478349	0.759	0.004215	
2025-09-08 16:22:16.534	continuous	1742	1	->		2	3	0.4967	True	1.561823	0.759	0.004215	
2025-09-08 16:22:16.534	continuous	1743	1	->	2	3	3	0.5139	True	0.485020	0.759	0.004214	
2025-09-08 16:22:16.535	continuous	1744	1	->	2	3	3	0.5187	True	0.474581	0.759	0.004214	
2025-09-08 16:22:16.535	continuous	1745	3	->		4	3	0.4665	True	2.281064	0.758	0.004214	
2025-09-08 16:22:16.535	continuous	1746	1	->	2	3	3	0.5163	True	0.476905	0.758	0.004213	
2025-09-08 16:22:16.535	continuous	1747	2	->	3	4	3	0.4996	True	2.308817	0.758	0.004213	
2025-09-08 16:22:16.535	continuous	1748	1	->	2	3	3	0.5132	True	0.480734	0.758	0.004212	
2025-09-08 16:22:16.535	continuous	1749	3	->		4	3	0.4609	True	2.209960	0.758	0.004212	
2025-09-08 16:22:16.536	continuous	1750	2	->		3	3	0.4935	True	0.504614	0.758	0.004212	
2025-09-08 16:22:16.536	continuous	1751	2	->		3	3	0.4983	True	0.494274	0.758	0.004211	
2025-09-08 16:22:16.536	continuous	1752	1	->	2	3	3	0.5207	True	0.462923	0.758	0.004211	
2025-09-08 16:22:16.536	continuous	1753	1	->	2	3	3	0.5256	True	0.453118	0.758	0.004210	
2025-09-08 16:22:16.536	continuous	1754	4	->		5	3	0.4751	True	4.096074	0.758	0.004210	
2025-09-08 16:22:16.537	continuous	1755	2	->		3	3	0.5030	True	0.478362	0.758	0.004209	
2025-09-08 16:22:16.537	continuous	1756	1	->	2	3	3	0.5260	True	0.447123	0.758	0.004209	
2025-09-08 16:22:16.537	continuous	1757	2	->		3	3	0.5125	True	0.459482	0.758	0.004209	
2025-09-08 16:22:16.537	continuous	1758	1	->	2	3	3	0.5357	True	0.428788	0.757	0.004208	
2025-09-08 16:22:16.537	continuous	1759	2	->		3	3	0.5220	True	0.441502	0.757	0.004208	
2025-09-08 16:22:16.538	continuous	1760	2	->		3	3	0.5268	True	0.432758	0.757	0.004207	
2025-09-08 16:22:16.538	continuous	1761	3	->		4	3	0.4896	True	2.275270	0.757	0.004207	
2025-09-08 16:22:16.538	continuous	1762	1	->	2	3	3	0.5421	True	0.415814	0.757	0.004206	
2025-09-08 16:22:16.538	continuous	1763	2	->	3	4	3	0.5241	True	2.305505	0.757	0.004206	
2025-09-08 16:22:16.538	continuous	1764	5	->		6	3	0.4796	True	4.833988	0.757	0.004206	
2025-09-08 16:22:16.538	continuous	1765	1	->	2	3	3	0.5271	True	0.436745	0.757	0.004205	
2025-09-08 16:22:16.539	continuous	1766	2	->		3	3	0.5132	True	0.450032	0.757	0.004205	
2025-09-08 16:22:16.539	continuous	1767	1	->		2	3	0.5121	True	1.741719	0.757	0.004204	
2025-09-08 16:22:16.539	continuous	1768	2	->	3	4	3	0.5067	True	2.245978	0.757	0.004204	
2025-09-08 16:22:16.539	continuous	1769	3	->	4	5	3	0.4485	True	3.947415	0.757	0.004204	
2025-09-08 16:22:16.539	continuous	1770	1	->		2	3	0.4881	True	1.678758	0.757	0.004203	
2025-09-08 16:22:16.539	continuous	1771	1	->		2	3	0.4821	True	1.637270	0.756	0.004203	
2025-09-08 16:22:16.540	continuous	1772	2	->		3	3	0.4821	True	0.516372	0.756	0.004202	
2025-09-08 16:22:16.540	continuous	1773	2	->		3	3	0.4870	True	0.505930	0.756	0.004202	
2025-09-08 16:22:16.540	continuous	1774	1	->	2	3	3	0.5099	True	0.473633	0.756	0.004201	
2025-09-08 16:22:16.540	continuous	1775	2	->	3	4	3	0.4923	True	2.208021	0.756	0.004201	
2025-09-08 16:22:16.540	continuous	1776	2	->		3	3	0.4889	True	0.500300	0.756	0.004201	
2025-09-08 16:22:16.541	continuous	1777	3	->		4	3	0.4525	True	2.117288	0.756	0.004200	
2025-09-08 16:22:16.541	continuous	1778	1	->	2	3	3	0.5053	True	0.480718	0.756	0.004200	
2025-09-08 16:22:16.541	continuous	1779	1	->	2	3	3	0.5102	True	0.470648	0.756	0.004199	
2025-09-08 16:22:16.541	continuous	1780	1	->	2	3	3	0.5152	True	0.460829	0.756	0.004199	
2025-09-08 16:22:16.541	continuous	1781	1	->	2	3	3	0.5201	True	0.451257	0.756	0.004199	
2025-09-08 16:22:16.541	continuous	1782	2	->		3	3	0.5062	True	0.464544	0.756	0.004198	
2025-09-08 16:22:16.542	continuous	1783	1	->	2	3	3	0.5300	True	0.432877	0.756	0.004198	
2025-09-08 16:22:16.542	continuous	1784	1	->	2	3	3	0.5349	True	0.424008	0.756	0.004197	
2025-09-08 16:22:16.542	continuous	1785	1	->		2	3	0.5146	True	1.762588	0.755	0.004197	
2025-09-08 16:22:16.542	continuous	1786	2	->	3	4	3	0.5089	True	2.216836	0.755	0.004196	
2025-09-08 16:22:16.542	continuous	1787	1	->		2	3	0.4995	True	1.709355	0.755	0.004196	
2025-09-08 16:22:16.542	continuous	1788	1	->	2	3	3	0.5173	True	0.462061	0.755	0.004196	
2025-09-08 16:22:16.543	continuous	1789	1	->	2	3	3	0.5222	True	0.452370	0.755	0.004195	
2025-09-08 16:22:16.543	continuous	1790	2	->		3	3	0.5082	True	0.465684	0.755	0.004195	
2025-09-08 16:22:16.543	continuous	1791	4	->		5	3	0.4741	True	4.040179	0.755	0.004194	
2025-09-08 16:22:16.543	continuous	1792	1	->	2	3	3	0.5226	True	0.446773	0.755	0.004194	
2025-09-08 16:22:16.543	continuous	1793	2	->		3	3	0.5083	True	0.460554	0.755	0.004193	
2025-09-08 16:22:16.544	continuous	1794	1	->	2	3	3	0.5324	True	0.428610	0.755	0.004193	
2025-09-08 16:22:16.544	continuous	1795	1	->	2	3	3	0.5373	True	0.419850	0.755	0.004193	
2025-09-08 16:22:16.544	continuous	1796	1	->	2	3	3	0.5422	True	0.411311	0.755	0.004192	
2025-09-08 16:22:16.545	continuous	1797	1	->	2	3	3	0.5470	True	0.402986	0.755	0.004192	
2025-09-08 16:22:16.545	continuous	1798	1	->		2	3	0.5260	True	1.797358	0.754	0.004191	
2025-09-08 16:22:16.545	continuous	1799	1	->	2	3	3	0.5439	True	0.410892	0.754	0.004191	
2025-09-08 16:22:16.546	continuous	1800	3	->		4	3	0.4856	True	2.207355	0.754	0.004191	
2025-09-08 16:22:16.546	continuous	1801	1	->	2	3	3	0.5409	True	0.415422	0.754	0.004190	
2025-09-08 16:22:16.546	continuous	1802	1	->	2	3	3	0.5457	True	0.406961	0.754	0.004190	
2025-09-08 16:22:16.546	continuous	1803	2	->		3	3	0.5304	True	0.421885	0.754	0.004189	
2025-09-08 16:22:16.546	continuous	1804	3	->		4	3	0.4915	True	2.198916	0.754	0.004189	
2025-09-08 16:22:16.547	continuous	1805	3	->		4	3	0.4839	True	2.151256	0.754	0.004188	
2025-09-08 16:22:16.547	continuous	1806	2	->		3	3	0.5198	True	0.440019	0.754	0.004188	
2025-09-08 16:22:16.547	continuous	1807	1	->	2	3	3	0.5444	True	0.408256	0.754	0.004188	
2025-09-08 16:22:16.547	continuous	1808	2	->	3	4	3	0.5245	True	2.192712	0.754	0.004187	
2025-09-08 16:22:16.547	continuous	1809	2	->	3	4	3	0.5159	True	2.137974	0.754	0.004187	
2025-09-08 16:22:16.547	continuous	1810	2	->	3	4	3	0.5076	True	2.084981	0.754	0.004186	
2025-09-08 16:22:16.548	continuous	1811	1	->	2	3	3	0.5241	True	0.444431	0.753	0.004186	
2025-09-08 16:22:16.548	continuous	1812	2	->		3	3	0.5093	True	0.459131	0.753	0.004186	
2025-09-08 16:22:16.548	continuous	1813	1	->		2	3	0.5087	True	1.827470	0.753	0.004185	
2025-09-08 16:22:16.548	continuous	1814	1	->		2	3	0.5015	True	1.780763	0.753	0.004185	
2025-09-08 16:22:16.548	continuous	1815	2	->		3	3	0.5002	True	0.481748	0.753	0.004184	
2025-09-08 16:22:16.548	continuous	1816	2	->	3	4	3	0.5004	True	2.064252	0.753	0.004184	
2025-09-08 16:22:16.549	continuous	1817	1	->		2	3	0.4921	True	1.745078	0.753	0.004183	
2025-09-08 16:22:16.549	continuous	1818	2	->		3	3	0.4912	True	0.503136	0.753	0.004183	
2025-09-08 16:22:16.549	continuous	1819	2	->	3	4	3	0.4914	True	2.023299	0.753	0.004183	
2025-09-08 16:22:16.549	continuous	1820	1	->		2	3	0.4836	True	1.712008	0.753	0.004182	
2025-09-08 16:22:16.549	continuous	1821	3	->		4	3	0.4432	True	1.929060	0.753	0.004182	
2025-09-08 16:22:16.549	continuous	1822	1	->		2	3	0.4720	True	1.666870	0.753	0.004181	
2025-09-08 16:22:16.550	continuous	1823	2	->	3	4	3	0.4674	True	1.923873	0.753	0.004181	
2025-09-08 16:22:16.550	continuous	1824	5	->		6	3	0.4295	True	4.698690	0.752	0.004180	
2025-09-08 16:22:16.550	continuous	1825	1	->		2	3	0.4518	True	1.614527	0.752	0.004180	
2025-09-08 16:22:16.550	continuous	1826	1	->	2	3	3	0.4700	True	0.575539	0.752	0.004180	
2025-09-08 16:22:16.550	continuous	1827	2	->		3	3	0.4571	True	0.586333	0.752	0.004179	
2025-09-08 16:22:16.551	continuous	1828	3	->		4	3	0.4231	True	1.860398	0.752	0.004179	
2025-09-08 16:22:16.551	continuous	1829	2	->		3	3	0.4568	True	0.587267	0.752	0.004178	
2025-09-08 16:22:16.551	continuous	1830	1	->	2	3	3	0.4793	True	0.551810	0.752	0.004178	
2025-09-08 16:22:16.551	continuous	1831	2	->		3	3	0.4663	True	0.563148	0.752	0.004178	
2025-09-08 16:22:16.551	continuous	1832	2	->		3	3	0.4711	True	0.551463	0.752	0.004177	
2025-09-08 16:22:16.552	continuous	1833	2	->		3	3	0.4759	True	0.540048	0.752	0.004177	
2025-09-08 16:22:16.552	continuous	1834	1	->	2	3	3	0.4989	True	0.505775	0.752	0.004176	
2025-09-08 16:22:16.552	continuous	1835	2	->		3	3	0.4856	True	0.518117	0.752	0.004176	
2025-09-08 16:22:16.552	continuous	1836	1	->	2	3	3	0.5089	True	0.484350	0.752	0.004175	
2025-09-08 16:22:16.552	continuous	1837	1	->	2	3	3	0.5138	True	0.474003	0.752	0.004175	
2025-09-08 16:22:16.552	continuous	1838	2	->	3	4	3	0.4951	True	1.988520	0.751	0.004175	
2025-09-08 16:22:16.553	continuous	1839	1	->		2	3	0.4872	True	1.744952	0.751	0.004174	
2025-09-08 16:22:16.553	continuous	1840	1	->		2	3	0.4811	True	1.701288	0.751	0.004174	
2025-09-08 16:22:16.553	continuous	1841	1	->	2	3	3	0.4990	True	0.511440	0.751	0.004173	
2025-09-08 16:22:16.553	continuous	1842	1	->	2	3	3	0.5040	True	0.500312	0.751	0.004173	
2025-09-08 16:22:16.554	continuous	1843	1	->	2	3	3	0.5089	True	0.489475	0.751	0.004173	
2025-09-08 16:22:16.554	continuous	1844	2	->	3	4	3	0.4903	True	1.976513	0.751	0.004172	
2025-09-08 16:22:16.554	continuous	1845	1	->		2	3	0.4829	True	1.702978	0.751	0.004172	
2025-09-08 16:22:16.554	continuous	1846	2	->		3	3	0.4825	True	0.533837	0.751	0.004171	
2025-09-08 16:22:16.554	continuous	1847	2	->		3	3	0.4873	True	0.522714	0.751	0.004171	
2025-09-08 16:22:16.554	continuous	1848	1	->	2	3	3	0.5105	True	0.488662	0.751	0.004170	
2025-09-08 16:22:16.555	continuous	1849	1	->	2	3	3	0.5155	True	0.478081	0.751	0.004170	
2025-09-08 16:22:16.555	continuous	1850	4	->		5	3	0.4638	True	4.057627	0.751	0.004170	
2025-09-08 16:22:16.555	continuous	1851	2	->	3	4	3	0.4879	True	1.970836	0.750	0.004169	
2025-09-08 16:22:16.555	continuous	1852	2	->		3	3	0.4860	True	0.519604	0.750	0.004169	
2025-09-08 16:22:16.555	continuous	1853	2	->		3	3	0.4909	True	0.508909	0.750	0.004168	
2025-09-08 16:22:16.555	continuous	1854	1	->		2	3	0.4901	True	1.740773	0.750	0.004168	
2025-09-08 16:22:16.556	continuous	1855	1	->	2	3	3	0.5081	True	0.491075	0.750	0.004168	
2025-09-08 16:22:16.556	continuous	1856	3	->		4	3	0.4534	True	1.920885	0.750	0.004167	
2025-09-08 16:22:16.556	continuous	1857	1	->	2	3	3	0.5068	True	0.494114	0.750	0.004167	
2025-09-08 16:22:16.556	continuous	1858	2	->	3	4	3	0.4881	True	1.934737	0.750	0.004166	
2025-09-08 16:22:16.556	continuous	1859	1	->	2	3	3	0.5049	True	0.498842	0.750	0.004166	
2025-09-08 16:22:16.557	continuous	1860	2	->		3	3	0.4911	True	0.511821	0.750	0.004165	
2025-09-08 16:22:16.557	continuous	1861	1	->	2	3	3	0.5148	True	0.477575	0.750	0.004165	
2025-09-08 16:22:16.557	continuous	1862	1	->		2	3	0.4951	True	1.769550	0.750	0.004165	
2025-09-08 16:22:16.557	continuous	1863	2	->		3	3	0.4943	True	0.507149	0.750	0.004164	
2025-09-08 16:22:16.557	continuous	1864	1	->	2	3	3	0.5180	True	0.473135	0.750	0.004164	
2025-09-08 16:22:16.557	continuous	1865	3	->	4	5	3	0.4498	True	3.960770	0.750	0.004163	
2025-09-08 16:22:16.558	continuous	1866	1	->		2	3	0.4897	True	1.745068	0.750	0.004163	
2025-09-08 16:22:16.558	continuous	1867	2	->		3	3	0.4892	True	0.515226	0.750	0.004163	
2025-09-08 16:22:16.558	continuous	1868	2	->	3	4	3	0.4891	True	1.956216	0.750	0.004162	
2025-09-08 16:22:16.558	continuous	1869	1	->		2	3	0.4817	True	1.712702	0.750	0.004162	
2025-09-08 16:22:16.558	continuous	1870	1	->	2	3	3	0.4999	True	0.512362	0.750	0.004161	
2025-09-08 16:22:16.558	continuous	1871	1	->		2	3	0.4807	True	1.686127	0.750	0.004161	
2025-09-08 16:22:16.559	continuous	1872	2	->		3	3	0.4806	True	0.541141	0.750	0.004160	
2025-09-08 16:22:16.559	continuous	1873	1	->		2	3	0.4798	True	1.660009	0.750	0.004160	
2025-09-08 16:22:16.559	continuous	1874	2	->	3	4	3	0.4751	True	1.928480	0.750	0.004160	
2025-09-08 16:22:16.559	continuous	1875	1	->	2	3	3	0.4917	True	0.537935	0.750	0.004159	
2025-09-08 16:22:16.559	continuous	1876	1	->		2	3	0.4730	True	1.632290	0.750	0.004159	
2025-09-08 16:22:16.559	continuous	1877	1	->	2	3	3	0.4912	True	0.542508	0.750	0.004158	
2025-09-08 16:22:16.560	continuous	1878	2	->		3	3	0.4780	True	0.553890	0.750	0.004158	
2025-09-08 16:22:16.560	continuous	1879	1	->		2	3	0.4773	True	1.624391	0.750	0.004158	
2025-09-08 16:22:16.560	continuous	1880	2	->	3	4	3	0.4727	True	1.922770	0.750	0.004157	
2025-09-08 16:22:16.560	continuous	1881	1	->	2	3	3	0.4893	True	0.550600	0.750	0.004157	
2025-09-08 16:22:16.560	continuous	1882	1	->	2	3	3	0.4941	True	0.538222	0.750	0.004156	
2025-09-08 16:22:16.561	continuous	1883	2	->		3	3	0.4808	True	0.549728	0.750	0.004156	
2025-09-08 16:22:16.561	continuous	1884	2	->	3	4	3	0.4807	True	1.922005	0.750	0.004155	
2025-09-08 16:22:16.562	continuous	1885	2	->		3	3	0.4793	True	0.553485	0.750	0.004155	
2025-09-08 16:22:16.562	continuous	1886	2	->		3	3	0.4840	True	0.541727	0.750	0.004155	
2025-09-08 16:22:16.562	continuous	1887	2	->		3	3	0.4888	True	0.530252	0.750	0.004154	
2025-09-08 16:22:16.562	continuous	1888	1	->	2	3	3	0.5120	True	0.495769	0.750	0.004154	
2025-09-08 16:22:16.563	continuous	1889	2	->		3	3	0.4984	True	0.508231	0.750	0.004153	
2025-09-08 16:22:16.563	continuous	1890	1	->		2	3	0.4974	True	1.710673	0.750	0.004153	
2025-09-08 16:22:16.563	continuous	1891	2	->	3	4	3	0.4921	True	1.947447	0.750	0.004153	
2025-09-08 16:22:16.563	continuous	1892	1	->	2	3	3	0.5084	True	0.506559	0.750	0.004152	
2025-09-08 16:22:16.563	continuous	1893	3	->		4	3	0.4548	True	1.873811	0.750	0.004152	
2025-09-08 16:22:16.563	continuous	1894	4	->		5	3	0.4526	True	4.015439	0.750	0.004151	
2025-09-08 16:22:16.564	continuous	1895	2	->		3	3	0.4812	True	0.545372	0.750	0.004151	
2025-09-08 16:22:16.564	continuous	1896	1	->		2	3	0.4803	True	1.682576	0.750	0.004150	
2025-09-08 16:22:16.564	continuous	1897	2	->		3	3	0.4804	True	0.550167	0.750	0.004150	
2025-09-08 16:22:16.564	continuous	1898	2	->		3	3	0.4852	True	0.538493	0.750	0.004150	
2025-09-08 16:22:16.564	continuous	1899	2	->		3	3	0.4900	True	0.527100	0.750	0.004149	
2025-09-08 16:22:16.565	continuous	1900	2	->		3	3	0.4948	True	0.515983	0.750	0.004149	
2025-09-08 16:22:16.565	continuous	1901	2	->		3	3	0.4996	True	0.505141	0.750	0.004148	
2025-09-08 16:22:16.565	continuous	1902	1	->		2	3	0.4983	True	1.721742	0.750	0.004148	
2025-09-08 16:22:16.565	continuous	1903	2	->		3	3	0.4982	True	0.511103	0.750	0.004148	
2025-09-08 16:22:16.565	continuous	1904	1	->	2	3	3	0.5211	True	0.477672	0.750	0.004147	
2025-09-08 16:22:16.565	continuous	1905	1	->	2	3	3	0.5261	True	0.467189	0.750	0.004147	
2025-09-08 16:22:16.566	continuous	1906	2	->	3	4	3	0.5073	True	1.990283	0.750	0.004146	
2025-09-08 16:22:16.566	continuous	1907	1	->	2	3	3	0.5235	True	0.472641	0.750	0.004146	
2025-09-08 16:22:16.566	continuous	1908	2	->		3	3	0.5098	True	0.485342	0.750	0.004146	
2025-09-08 16:22:16.566	continuous	1909	2	->		3	3	0.5147	True	0.475228	0.750	0.004145	
2025-09-08 16:22:16.566	continuous	1910	1	->	2	3	3	0.5381	True	0.442575	0.750	0.004145	
2025-09-08 16:22:16.566	continuous	1911	2	->	3	4	3	0.5189	True	2.001789	0.750	0.004144	
2025-09-08 16:22:16.567	continuous	1912	1	->		2	3	0.5102	True	1.779690	0.750	0.004144	
2025-09-08 16:22:16.567	continuous	1913	2	->		3	3	0.5096	True	0.488341	0.750	0.004143	
2025-09-08 16:22:16.567	continuous	1914	1	->		2	3	0.5082	True	1.748735	0.750	0.004143	
2025-09-08 16:22:16.567	continuous	1915	1	->	2	3	3	0.5260	True	0.472122	0.750	0.004143	
2025-09-08 16:22:16.567	continuous	1916	1	->	2	3	3	0.5309	True	0.461696	0.750	0.004142	
2025-09-08 16:22:16.568	continuous	1917	3	->		4	3	0.4754	True	1.935842	0.750	0.004142	
2025-09-08 16:22:16.568	continuous	1918	2	->		3	3	0.5107	True	0.488529	0.750	0.004141	
2025-09-08 16:22:16.568	continuous	1919	1	->		2	3	0.5092	True	1.747504	0.750	0.004141	
2025-09-08 16:22:16.568	continuous	1920	2	->	3	4	3	0.5038	True	1.947013	0.750	0.004141	
2025-09-08 16:22:16.568	continuous	1921	2	->		3	3	0.5019	True	0.510969	0.750	0.004140	
2025-09-08 16:22:16.568	continuous	1922	2	->	3	4	3	0.5015	True	1.912357	0.750	0.004140	
2025-09-08 16:22:16.569	continuous	1923	2	->		3	3	0.4998	True	0.516177	0.750	0.004139	
2025-09-08 16:22:16.569	continuous	1924	1	->	2	3	3	0.5225	True	0.482578	0.750	0.004139	
2025-09-08 16:22:16.569	continuous	1925	1	->	2	3	3	0.5274	True	0.471807	0.750	0.004138	
2025-09-08 16:22:16.569	continuous	1926	2	->		3	3	0.5140	True	0.484113	0.750	0.004138	
2025-09-08 16:22:16.570	continuous	1927	2	->		3	3	0.5188	True	0.473904	0.750	0.004138	
2025-09-08 16:22:16.570	continuous	1928	2	->		3	3	0.5236	True	0.463955	0.750	0.004137	
2025-09-08 16:22:16.570	continuous	1929	1	->	2	3	3	0.5469	True	0.431871	0.750	0.004137	
2025-09-08 16:22:16.570	continuous	1930	1	->	2	3	3	0.5518	True	0.422510	0.750	0.004136	
2025-09-08 16:22:16.570	continuous	1931	2	->	3	4	3	0.5324	True	1.991125	0.750	0.004136	
2025-09-08 16:22:16.571	continuous	1932	2	->		3	3	0.5297	True	0.452206	0.750	0.004136	
2025-09-08 16:22:16.571	continuous	1933	1	->		2	3	0.5280	True	1.848771	0.750	0.004135	
2025-09-08 16:22:16.571	continuous	1934	2	->	3	4	3	0.5216	True	1.944945	0.750	0.004135	
2025-09-08 16:22:16.572	continuous	1935	1	->	2	3	3	0.5376	True	0.453262	0.750	0.004134	
2025-09-08 16:22:16.572	continuous	1936	1	->		2	3	0.5178	True	1.807588	0.750	0.004134	
2025-09-08 16:22:16.573	continuous	1937	1	->		2	3	0.5108	True	1.758260	0.750	0.004134	
2025-09-08 16:22:16.573	continuous	1938	1	->		2	3	0.5042	True	1.710483	0.750	0.004133	
2025-09-08 16:22:16.573	continuous	1939	1	->		2	3	0.4981	True	1.664194	0.750	0.004133	
2025-09-08 16:22:16.574	continuous	1940	2	->		3	3	0.4983	True	0.533622	0.750	0.004132	
2025-09-08 16:22:16.574	continuous	1941	2	->		3	3	0.5031	True	0.521941	0.750	0.004132	
2025-09-08 16:22:16.575	continuous	1942	2	->		3	3	0.5078	True	0.510562	0.750	0.004131	
2025-09-08 16:22:16.575	continuous	1943	2	->		3	3	0.5126	True	0.499478	0.750	0.004131	
2025-09-08 16:22:16.575	continuous	1944	1	->	2	3	3	0.5349	True	0.466867	0.750	0.004131	
2025-09-08 16:22:16.575	continuous	1945	2	->	3	4	3	0.5169	True	1.968908	0.750	0.004130	
2025-09-08 16:22:16.575	continuous	1946	2	->	3	4	3	0.5095	True	1.915905	0.750	0.004130	
2025-09-08 16:22:16.575	continuous	1947	1	->	2	3	3	0.5250	True	0.488870	0.750	0.004129	
2025-09-08 16:22:16.576	continuous	1948	1	->	2	3	3	0.5299	True	0.477713	0.750	0.004129	
2025-09-08 16:22:16.576	continuous	1949	1	->	2	3	3	0.5348	True	0.466881	0.750	0.004129	
2025-09-08 16:22:16.576	continuous	1950	1	->	2	3	3	0.5397	True	0.456361	0.750	0.004128	
2025-09-08 16:22:16.576	continuous	1951	2	->		3	3	0.5265	True	0.468575	0.750	0.004128	
2025-09-08 16:22:16.576	continuous	1952	1	->	2	3	3	0.5495	True	0.436281	0.750	0.004127	
2025-09-08 16:22:16.576	continuous	1953	1	->	2	3	3	0.5543	True	0.426630	0.750	0.004127	
2025-09-08 16:22:16.577	continuous	1954	1	->		2	3	0.5342	True	1.814104	0.750	0.004126	
2025-09-08 16:22:16.577	continuous	1955	1	->	2	3	3	0.5513	True	0.434375	0.750	0.004126	
2025-09-08 16:22:16.577	continuous	1956	2	->		3	3	0.5377	True	0.447162	0.750	0.004126	
2025-09-08 16:22:16.578	continuous	1957	2	->		3	3	0.5425	True	0.437727	0.750	0.004125	
2025-09-08 16:22:16.578	continuous	1958	1	->		2	3	0.5406	True	1.813701	0.750	0.004125	
2025-09-08 16:22:16.578	continuous	1959	2	->		3	3	0.5395	True	0.445713	0.750	0.004124	
2025-09-08 16:22:16.579	continuous	1960	2	->		3	3	0.5442	True	0.436283	0.750	0.004124	
2025-09-08 16:22:16.579	continuous	1961	1	->	2	3	3	0.5673	True	0.405279	0.750	0.004124	
2025-09-08 16:22:16.579	continuous	1962	3	->		4	3	0.5108	True	2.000176	0.750	0.004123	
2025-09-08 16:22:16.579	continuous	1963	1	->		2	3	0.5393	True	1.805000	0.750	0.004123	
2025-09-08 16:22:16.579	continuous	1964	1	->	2	3	3	0.5563	True	0.428230	0.750	0.004122	
2025-09-08 16:22:16.580	continuous	1965	1	->	2	3	3	0.5611	True	0.418716	0.750	0.004122	
2025-09-08 16:22:16.580	continuous	1966	2	->	3	4	3	0.5421	True	2.029761	0.750	0.004122	
2025-09-08 16:22:16.580	continuous	1967	2	->		3	3	0.5392	True	0.447983	0.750	0.004121	
2025-09-08 16:22:16.580	continuous	1968	2	->		3	3	0.5440	True	0.438460	0.750	0.004121	
2025-09-08 16:22:16.580	continuous	1969	2	->		3	3	0.5487	True	0.429192	0.750	0.004120	
2025-09-08 16:22:16.580	continuous	1970	1	->	2	3	3	0.5718	True	0.398409	0.750	0.004120	
2025-09-08 16:22:16.581	continuous	1971	1	->	2	3	3	0.5765	True	0.389752	0.750	0.004119	
2025-09-08 16:22:16.581	continuous	1972	2	->		3	3	0.5625	True	0.403150	0.750	0.004119	
2025-09-08 16:22:16.581	continuous	1973	2	->		3	3	0.5672	True	0.394833	0.750	0.004119	
2025-09-08 16:22:16.581	continuous	1974	1	->		2	3	0.5648	True	1.897944	0.750	0.004118	
2025-09-08 16:22:16.582	continuous	1975	1	->	2	3	3	0.5815	True	0.382311	0.750	0.004118	
2025-09-08 16:22:16.582	continuous	1976	1	->		2	3	0.5607	True	1.858179	0.750	0.004117	
2025-09-08 16:22:16.582	continuous	1977	1	->		2	3	0.5522	True	1.802485	0.750	0.004117	
2025-09-08 16:22:16.582	continuous	1978	1	->		2	3	0.5443	True	1.748734	0.750	0.004117	
2025-09-08 16:22:16.582	continuous	1979	1	->		2	3	0.5368	True	1.696835	0.750	0.004116	
2025-09-08 16:22:16.582	continuous	1980	1	->		2	3	0.5297	True	1.646705	0.750	0.004116	
2025-09-08 16:22:16.583	continuous	1981	1	->	2	3	3	0.5468	True	0.463185	0.750	0.004115	
2025-09-08 16:22:16.583	continuous	1982	2	->		3	3	0.5344	True	0.473672	0.750	0.004115	
2025-09-08 16:22:16.583	continuous	1983	1	->	2	3	3	0.5564	True	0.442027	0.750	0.004115	
2025-09-08 16:22:16.583	continuous	1984	3	->		4	3	0.5027	True	2.034615	0.750	0.004114	
2025-09-08 16:22:16.583	continuous	1985	2	->		3	3	0.5365	True	0.467541	0.750	0.004114	
2025-09-08 16:22:16.583	continuous	1986	2	->	3	4	3	0.5360	True	2.057613	0.750	0.004113	
2025-09-08 16:22:16.584	continuous	1987	1	->	2	3	3	0.5505	True	0.452264	0.750	0.004113	
2025-09-08 16:22:16.584	continuous	1988	2	->		3	3	0.5379	True	0.463316	0.750	0.004112	
2025-09-08 16:22:16.584	continuous	1989	1	->	2	3	3	0.5601	True	0.431782	0.750	0.004112	
2025-09-08 16:22:16.584	continuous	1990	1	->	2	3	3	0.5649	True	0.421962	0.750	0.004112	
2025-09-08 16:22:16.584	continuous	1991	1	->	2	3	3	0.5697	True	0.412441	0.750	0.004111	
2025-09-08 16:22:16.585	continuous	1992	2	->		3	3	0.5565	True	0.424735	0.750	0.004111	
2025-09-08 16:22:16.585	continuous	1993	4	->		5	3	0.5222	True	4.319450	0.750	0.004110	
2025-09-08 16:22:16.585	continuous	1994	1	->	2	3	3	0.5699	True	0.407406	0.750	0.004110	
2025-09-08 16:22:16.585	continuous	1995	3	->		4	3	0.5135	True	2.030089	0.750	0.004110	
2025-09-08 16:22:16.585	continuous	1996	1	->		2	3	0.5417	True	1.758511	0.750	0.004109	
2025-09-08 16:22:16.586	continuous	1997	2	->	3	4	3	0.5357	True	2.029795	0.750	0.004109	
2025-09-08 16:22:16.586	continuous	1998	1	->	2	3	3	0.5508	True	0.446882	0.750	0.004108	
2025-09-08 16:22:16.586	continuous	1999	2	->		3	3	0.5378	True	0.458758	0.750	0.004108	
2025-09-08 16:22:16.586	continuous	2000	3	->		4	3	0.5007	True	1.950755	0.750	0.004108	
2025-09-08 16:22:16.587	continuous	2001	1	->		2	3	0.5287	True	1.728892	0.750	0.004107	
2025-09-08 16:22:16.587	continuous	2002	2	->		3	3	0.5285	True	0.481259	0.750	0.004107	
2025-09-08 16:22:16.587	continuous	2003	1	->		2	3	0.5264	True	1.696549	0.750	0.004106	
2025-09-08 16:22:16.587	continuous	2004	3	->		4	3	0.4861	True	1.908374	0.750	0.004106	
2025-09-08 16:22:16.587	continuous	2005	1	->	2	3	3	0.5371	True	0.481603	0.750	0.004106	
2025-09-08 16:22:16.587	continuous	2006	4	->		5	3	0.4874	True	4.189115	0.750	0.004105	
2025-09-08 16:22:16.588	continuous	2007	2	->		3	3	0.5165	True	0.505097	0.750	0.004105	
2025-09-08 16:22:16.588	continuous	2008	2	->		3	3	0.5212	True	0.493931	0.750	0.004104	
2025-09-08 16:22:16.588	continuous	2009	2	->		3	3	0.5260	True	0.483067	0.750	0.004104	
2025-09-08 16:22:16.588	continuous	2010	2	->		3	3	0.5307	True	0.472498	0.750	0.004103	
2025-09-08 16:22:16.588	continuous	2011	1	->		2	3	0.5283	True	1.719660	0.750	0.004103	
2025-09-08 16:22:16.588	continuous	2012	2	->	3	4	3	0.5231	True	1.969115	0.750	0.004103	
2025-09-08 16:22:16.589	continuous	2013	2	->		3	3	0.5211	True	0.496435	0.750	0.004102	
2025-09-08 16:22:16.589	continuous	2014	1	->	2	3	3	0.5431	True	0.463820	0.750	0.004102	
2025-09-08 16:22:16.589	continuous	2015	1	->	2	3	3	0.5479	True	0.453119	0.750	0.004101	
2025-09-08 16:22:16.589	continuous	2016	1	->		2	3	0.5281	True	1.717570	0.750	0.004101	
2025-09-08 16:22:16.589	continuous	2017	2	->	3	4	3	0.5229	True	1.957712	0.750	0.004101	
2025-09-08 16:22:16.590	continuous	2018	1	->	2	3	3	0.5381	True	0.477155	0.750	0.004100	
2025-09-08 16:22:16.590	continuous	2019	2	->		3	3	0.5256	True	0.487895	0.750	0.004100	
2025-09-08 16:22:16.590	continuous	2020	1	->		2	3	0.5234	True	1.698018	0.750	0.004099	
2025-09-08 16:22:16.590	continuous	2021	2	->		3	3	0.5237	True	0.494926	0.750	0.004099	
2025-09-08 16:22:16.590	continuous	2022	1	->	2	3	3	0.5456	True	0.462340	0.750	0.004099	
2025-09-08 16:22:16.590	continuous	2023	1	->	2	3	3	0.5505	True	0.451621	0.750	0.004098	
2025-09-08 16:22:16.591	continuous	2024	2	->	3	4	3	0.5322	True	1.980369	0.750	0.004098	
2025-09-08 16:22:16.591	continuous	2025	2	->		3	3	0.5300	True	0.479696	0.750	0.004097	
2025-09-08 16:22:16.591	continuous	2026	3	->		4	3	0.4934	True	1.890925	0.750	0.004097	
2025-09-08 16:22:16.591	continuous	2027	2	->	3	4	3	0.5227	True	1.890996	0.750	0.004096	
2025-09-08 16:22:16.591	continuous	2028	1	->	2	3	3	0.5380	True	0.479322	0.750	0.004096	
2025-09-08 16:22:16.592	continuous	2029	1	->	2	3	3	0.5429	True	0.468079	0.750	0.004096	
2025-09-08 16:22:16.592	continuous	2030	2	->		3	3	0.5303	True	0.479170	0.750	0.004095	
2025-09-08 16:22:16.592	continuous	2031	2	->		3	3	0.5351	True	0.468593	0.750	0.004095	
2025-09-08 16:22:16.592	continuous	2032	2	->		3	3	0.5398	True	0.458310	0.750	0.004094	
2025-09-08 16:22:16.592	continuous	2033	1	->	2	3	3	0.5622	True	0.426606	0.750	0.004094	
2025-09-08 16:22:16.592	continuous	2034	1	->	2	3	3	0.5671	True	0.416941	0.750	0.004094	
2025-09-08 16:22:16.593	continuous	2035	1	->	2	3	3	0.5719	True	0.407566	0.750	0.004093	
2025-09-08 16:22:16.593	continuous	2036	2	->		3	3	0.5584	True	0.420321	0.750	0.004093	
2025-09-08 16:22:16.593	continuous	2037	1	->	2	3	3	0.5814	True	0.389673	0.750	0.004092	
2025-09-08 16:22:16.593	continuous	2038	1	->		2	3	0.5603	True	1.878069	0.750	0.004092	
2025-09-08 16:22:16.594	continuous	2039	2	->		3	3	0.5592	True	0.420209	0.750	0.004092	
2025-09-08 16:22:16.594	continuous	2040	2	->		3	3	0.5639	True	0.411253	0.750	0.004091	
2025-09-08 16:22:16.594	continuous	2041	1	->	2	3	3	0.5867	True	0.381106	0.750	0.004091	
2025-09-08 16:22:16.594	continuous	2042	2	->		3	3	0.5730	True	0.394225	0.750	0.004090	
2025-09-08 16:22:16.595	continuous	2043	3	->		4	3	0.5336	True	1.997574	0.750	0.004090	
2025-09-08 16:22:16.595	continuous	2044	1	->	2	3	3	0.5877	True	0.379550	0.750	0.004090	
2025-09-08 16:22:16.595	continuous	2045	3	->		4	3	0.5301	True	1.960503	0.750	0.004089	
2025-09-08 16:22:16.595	continuous	2046	4	->		5	3	0.5257	True	4.297729	0.750	0.004089	
2025-09-08 16:22:16.596	continuous	2047	2	->	3	4	3	0.5507	True	1.947904	0.750	0.004088	
2025-09-08 16:22:16.596	continuous	2048	2	->		3	3	0.5482	True	0.438490	0.750	0.004088	
2025-09-08 16:22:16.596	continuous	2049	2	->	3	4	3	0.5471	True	1.907651	0.750	0.004087	
2025-09-08 16:22:16.596	continuous	2050	1	->	2	3	3	0.5628	True	0.424355	0.750	0.004087	
2025-09-08 16:22:16.596	continuous	2051	2	->		3	3	0.5495	True	0.436899	0.750	0.004087	
2025-09-08 16:22:16.596	continuous	2052	1	->	2	3	3	0.5724	True	0.405519	0.750	0.004086	
2025-09-08 16:22:16.597	continuous	2053	1	->		2	3	0.5514	True	1.918653	0.750	0.004086	
2025-09-08 16:22:16.597	continuous	2054	2	->		3	3	0.5506	True	0.435563	0.750	0.004085	
2025-09-08 16:22:16.597	continuous	2055	2	->		3	3	0.5553	True	0.426196	0.750	0.004085	
2025-09-08 16:22:16.597	continuous	2056	1	->		2	3	0.5524	True	1.896329	0.750	0.004085	
2025-09-08 16:22:16.597	continuous	2057	2	->		3	3	0.5518	True	0.434286	0.750	0.004084	
2025-09-08 16:22:16.598	continuous	2058	1	->	2	3	3	0.5745	True	0.403330	0.750	0.004084	
2025-09-08 16:22:16.598	continuous	2059	2	->		3	3	0.5611	True	0.415979	0.750	0.004083	
2025-09-08 16:22:16.598	continuous	2060	1	->	2	3	3	0.5840	True	0.385639	0.750	0.004083	
2025-09-08 16:22:16.598	continuous	2061	2	->		3	3	0.5703	True	0.398706	0.750	0.004083	
2025-09-08 16:22:16.598	continuous	2062	1	->		2	3	0.5670	True	1.925720	0.750	0.004082	
2025-09-08 16:22:16.598	continuous	2063	3	->		4	3	0.5223	True	1.931892	0.750	0.004082	
2025-09-08 16:22:16.599	continuous	2064	1	->		2	3	0.5508	True	1.858951	0.750	0.004081	
2025-09-08 16:22:16.599	continuous	2065	1	->		2	3	0.5428	True	1.803526	0.750	0.004081	
2025-09-08 16:22:16.599	continuous	2066	2	->		3	3	0.5430	True	0.457850	0.750	0.004081	
2025-09-08 16:22:16.599	continuous	2067	1	->	2	3	3	0.5650	True	0.426467	0.750	0.004080	
2025-09-08 16:22:16.599	continuous	2068	1	->	2	3	3	0.5698	True	0.416698	0.750	0.004080	
2025-09-08 16:22:16.599	continuous	2069	3	->		4	3	0.5138	True	1.913981	0.750	0.004079	
2025-09-08 16:22:16.600	continuous	2070	1	->	2	3	3	0.5671	True	0.422407	0.750	0.004079	
2025-09-08 16:22:16.600	continuous	2071	2	->	3	4	3	0.5484	True	1.934984	0.750	0.004078	
2025-09-08 16:22:16.600	continuous	2072	1	->	2	3	3	0.5636	True	0.430031	0.750	0.004078	
2025-09-08 16:22:16.600	continuous	2073	3	->	4	5	3	0.4962	True	4.154374	0.750	0.004078	
2025-09-08 16:22:16.600	continuous	2074	1	->	2	3	3	0.5600	True	0.432478	0.750	0.004077	
2025-09-08 16:22:16.601	continuous	2075	3	->		4	3	0.5034	True	1.844857	0.750	0.004077	
2025-09-08 16:22:16.601	continuous	2076	1	->	2	3	3	0.5578	True	0.437970	0.750	0.004076	
2025-09-08 16:22:16.601	continuous	2077	2	->		3	3	0.5447	True	0.450117	0.750	0.004076	
2025-09-08 16:22:16.601	continuous	2078	1	->	2	3	3	0.5674	True	0.418231	0.750	0.004076	
2025-09-08 16:22:16.602	continuous	2079	1	->	2	3	3	0.5722	True	0.408773	0.750	0.004075	
2025-09-08 16:22:16.602	continuous	2080	1	->	2	3	3	0.5770	True	0.399599	0.750	0.004075	
2025-09-08 16:22:16.602	continuous	2081	1	->	2	3	3	0.5817	True	0.390706	0.750	0.004074	
2025-09-08 16:22:16.602	continuous	2082	2	->		3	3	0.5677	True	0.404284	0.750	0.004074	
2025-09-08 16:22:16.602	continuous	2083	3	->		4	3	0.5272	True	1.905480	0.750	0.004074	
2025-09-08 16:22:16.602	continuous	2084	4	->		5	3	0.5233	True	4.233016	0.750	0.004073	
2025-09-08 16:22:16.603	continuous	2085	2	->		3	3	0.5553	True	0.424396	0.750	0.004073	
2025-09-08 16:22:16.603	continuous	2086	2	->		3	3	0.5600	True	0.415380	0.750	0.004072	
2025-09-08 16:22:16.603	continuous	2087	2	->		3	3	0.5646	True	0.406618	0.750	0.004072	
2025-09-08 16:22:16.603	continuous	2088	3	->	4	5	3	0.5103	True	4.097942	0.750	0.004072	
2025-09-08 16:22:16.603	continuous	2089	1	->		2	3	0.5520	True	1.940273	0.750	0.004071	
2025-09-08 16:22:16.604	continuous	2090	1	->		2	3	0.5437	True	1.883959	0.750	0.004071	
2025-09-08 16:22:16.604	continuous	2091	1	->		2	3	0.5359	True	1.829534	0.750	0.004070	
2025-09-08 16:22:16.604	continuous	2092	3	->	4	5	3	0.4791	True	3.967857	0.750	0.004070	
2025-09-08 16:22:16.604	continuous	2093	1	->	2	3	3	0.5465	True	0.451180	0.750	0.004070	
2025-09-08 16:22:16.604	continuous	2094	1	->		2	3	0.5249	True	1.780481	0.750	0.004069	
2025-09-08 16:22:16.604	continuous	2095	4	->		5	3	0.4847	True	3.978329	0.750	0.004069	
2025-09-08 16:22:16.605	continuous	2096	2	->		3	3	0.5178	True	0.493739	0.750	0.004068	
2025-09-08 16:22:16.605	continuous	2097	2	->		3	3	0.5225	True	0.483024	0.750	0.004068	
2025-09-08 16:22:16.605	continuous	2098	3	->		4	3	0.4817	True	1.864332	0.750	0.004067	
2025-09-08 16:22:16.605	continuous	2099	1	->		2	3	0.5128	True	1.747237	0.750	0.004067	
2025-09-08 16:22:16.605	continuous	2100	2	->		3	3	0.5144	True	0.504290	0.750	0.004067	
2025-09-08 16:22:16.606	continuous	2101	2	->	3	4	3	0.5131	True	1.878885	0.750	0.004066	
2025-09-08 16:22:16.606	continuous	2102	2	->		3	3	0.5122	True	0.509960	0.750	0.004066	
2025-09-08 16:22:16.606	continuous	2103	3	->		4	3	0.4724	True	1.799906	0.750	0.004065	
2025-09-08 16:22:16.606	continuous	2104	1	->	2	3	3	0.5286	True	0.490965	0.750	0.004065	
2025-09-08 16:22:16.606	continuous	2105	2	->		3	3	0.5158	True	0.502294	0.750	0.004065	
2025-09-08 16:22:16.606	continuous	2106	3	->		4	3	0.4757	True	1.787790	0.750	0.004064	
2025-09-08 16:22:16.607	continuous	2107	3	->		4	3	0.4703	True	1.745815	0.750	0.004064	
2025-09-08 16:22:16.607	continuous	2108	1	->	2	3	3	0.5263	True	0.498852	0.750	0.004063	
2025-09-08 16:22:16.607	continuous	2109	1	->	2	3	3	0.5312	True	0.487175	0.750	0.004063	
2025-09-08 16:22:16.607	continuous	2110	1	->	2	3	3	0.5361	True	0.475849	0.750	0.004063	
2025-09-08 16:22:16.607	continuous	2111	1	->	2	3	3	0.5410	True	0.464857	0.750	0.004062	
2025-09-08 16:22:16.607	continuous	2112	3	->		4	3	0.4824	True	1.765800	0.750	0.004062	
2025-09-08 16:22:16.608	continuous	2113	2	->	3	4	3	0.5155	True	1.763447	0.750	0.004061	
2025-09-08 16:22:16.608	continuous	2114	2	->	3	4	3	0.5089	True	1.713581	0.750	0.004061	
2025-09-08 16:22:16.608	continuous	2115	3	->		4	3	0.4654	True	1.634602	0.750	0.004061	
2025-09-08 16:22:16.608	continuous	2116	1	->		2	3	0.4961	True	1.807703	0.750	0.004060	
2025-09-08 16:22:16.608	continuous	2117	2	->	3	4	3	0.4919	True	1.620953	0.750	0.004060	
2025-09-08 16:22:16.608	continuous	2118	2	->	3	4	3	0.4868	True	1.576007	0.750	0.004059	
2025-09-08 16:22:16.609	continuous	2119	1	->	2	3	3	0.5042	True	0.573688	0.750	0.004059	
2025-09-08 16:22:16.609	continuous	2120	3	->		4	3	0.4510	True	1.530977	0.750	0.004059	
2025-09-08 16:22:16.609	continuous	2121	2	->		3	3	0.4881	True	0.597703	0.750	0.004058	
2025-09-08 16:22:16.609	continuous	2122	3	->	4	5	3	0.4393	True	3.827675	0.750	0.004058	
2025-09-08 16:22:16.610	continuous	2123	2	->		3	3	0.4860	True	0.594886	0.750	0.004057	
2025-09-08 16:22:16.610	continuous	2124	2	->	3	4	3	0.4848	True	1.542035	0.750	0.004057	
2025-09-08 16:22:16.610	continuous	2125	1	->	2	3	3	0.5026	True	0.577438	0.750	0.004057	
2025-09-08 16:22:16.611	continuous	2126	1	->	2	3	3	0.5073	True	0.563223	0.750	0.004056	
2025-09-08 16:22:16.611	continuous	2127	1	->	2	3	3	0.5120	True	0.549431	0.750	0.004056	
2025-09-08 16:22:16.611	continuous	2128	1	->		2	3	0.4921	True	1.844997	0.750	0.004055	
2025-09-08 16:22:16.611	continuous	2129	2	->		3	3	0.4936	True	0.574685	0.750	0.004055	
2025-09-08 16:22:16.612	continuous	2130	1	->		2	3	0.4907	True	1.812628	0.750	0.004055	
2025-09-08 16:22:16.612	continuous	2131	2	->	3	4	3	0.4867	True	1.570752	0.750	0.004054	
2025-09-08 16:22:16.612	continuous	2132	1	->	2	3	3	0.5043	True	0.573745	0.750	0.004054	
2025-09-08 16:22:16.612	continuous	2133	1	->		2	3	0.4849	True	1.780919	0.750	0.004053	
2025-09-08 16:22:16.612	continuous	2134	1	->		2	3	0.4796	True	1.734208	0.750	0.004053	
2025-09-08 16:22:16.612	continuous	2135	2	->		3	3	0.4817	True	0.614433	0.750	0.004052	
2025-09-08 16:22:16.613	continuous	2136	1	->	2	3	3	0.5026	True	0.578167	0.750	0.004052	
2025-09-08 16:22:16.613	continuous	2137	1	->	2	3	3	0.5073	True	0.563875	0.750	0.004052	
2025-09-08 16:22:16.613	continuous	2138	2	->		3	3	0.4952	True	0.572455	0.750	0.004051	
2025-09-08 16:22:16.613	continuous	2139	2	->		3	3	0.4998	True	0.559266	0.750	0.004051	
2025-09-08 16:22:16.613	continuous	2140	1	->		2	3	0.4968	True	1.771669	0.750	0.004050	
2025-09-08 16:22:16.614	continuous	2141	3	->		4	3	0.4566	True	1.607365	0.750	0.004050	
2025-09-08 16:22:16.614	continuous	2142	2	->		3	3	0.4941	True	0.578902	0.750	0.004050	
2025-09-08 16:22:16.614	continuous	2143	2	->		3	3	0.4987	True	0.565481	0.750	0.004049	
2025-09-08 16:22:16.614	continuous	2144	1	->		2	3	0.4956	True	1.757274	0.750	0.004049	
2025-09-08 16:22:16.614	continuous	2145	1	->	2	3	3	0.5141	True	0.547315	0.750	0.004048	
2025-09-08 16:22:16.614	continuous	2146	3	->		4	3	0.4600	True	1.616841	0.750	0.004048	
2025-09-08 16:22:16.615	continuous	2147	2	->		3	3	0.4975	True	0.571818	0.750	0.004048	
2025-09-08 16:22:16.615	continuous	2148	2	->	3	4	3	0.4963	True	1.621270	0.750	0.004047	
2025-09-08 16:22:16.615	continuous	2149	1	->		2	3	0.4893	True	1.742400	0.750	0.004047	
2025-09-08 16:22:16.615	continuous	2150	2	->		3	3	0.4914	True	0.593359	0.750	0.004046	
2025-09-08 16:22:16.615	continuous	2151	2	->		3	3	0.4960	True	0.579430	0.750	0.004046	
2025-09-08 16:22:16.616	continuous	2152	3	->		4	3	0.4588	True	1.585387	0.750	0.004046	
2025-09-08 16:22:16.616	continuous	2153	2	->		3	3	0.4961	True	0.581887	0.750	0.004045	
2025-09-08 16:22:16.616	continuous	2154	2	->		3	3	0.5007	True	0.568230	0.750	0.004045	
2025-09-08 16:22:16.616	continuous	2155	1	->		2	3	0.4974	True	1.762860	0.750	0.004044	
2025-09-08 16:22:16.616	continuous	2156	1	->	2	3	3	0.5156	True	0.550599	0.750	0.004044	
2025-09-08 16:22:16.616	continuous	2157	1	->	2	3	3	0.5204	True	0.536933	0.750	0.004044	
2025-09-08 16:22:16.617	continuous	2158	1	->	2	3	3	0.5252	True	0.523697	0.750	0.004043	
2025-09-08 16:22:16.617	continuous	2159	2	->		3	3	0.5134	True	0.532725	0.750	0.004043	
2025-09-08 16:22:16.617	continuous	2160	1	->	2	3	3	0.5348	True	0.498610	0.750	0.004042	
2025-09-08 16:22:16.617	continuous	2161	1	->	2	3	3	0.5397	True	0.486558	0.750	0.004042	
2025-09-08 16:22:16.617	continuous	2162	2	->		3	3	0.5274	True	0.497001	0.750	0.004042	
2025-09-08 16:22:16.618	continuous	2163	2	->	3	4	3	0.5260	True	1.732436	0.750	0.004041	
2025-09-08 16:22:16.618	continuous	2164	1	->		2	3	0.5171	True	1.829425	0.750	0.004041	
2025-09-08 16:22:16.618	continuous	2165	3	->		4	3	0.4757	True	1.643366	0.750	0.004040	
2025-09-08 16:22:16.618	continuous	2166	1	->	2	3	3	0.5300	True	0.515428	0.750	0.004040	
2025-09-08 16:22:16.618	continuous	2167	2	->		3	3	0.5181	True	0.524627	0.750	0.004040	
2025-09-08 16:22:16.619	continuous	2168	3	->		4	3	0.4795	True	1.635492	0.750	0.004039	
2025-09-08 16:22:16.619	continuous	2169	1	->		2	3	0.5094	True	1.808473	0.750	0.004039	
2025-09-08 16:22:16.619	continuous	2170	2	->		3	3	0.5112	True	0.545759	0.750	0.004038	
2025-09-08 16:22:16.619	continuous	2171	2	->		3	3	0.5159	True	0.532995	0.750	0.004038	
2025-09-08 16:22:16.619	continuous	2172	2	->		3	3	0.5206	True	0.520599	0.750	0.004038	
2025-09-08 16:22:16.619	continuous	2173	2	->		3	3	0.5253	True	0.508557	0.750	0.004037	
2025-09-08 16:22:16.620	continuous	2174	4	->		5	3	0.4897	True	4.039114	0.750	0.004037	
2025-09-08 16:22:16.620	continuous	2175	2	->		3	3	0.5223	True	0.509389	0.750	0.004036	
2025-09-08 16:22:16.620	continuous	2176	1	->		2	3	0.5183	True	1.828716	0.750	0.004036	
2025-09-08 16:22:16.620	continuous	2177	3	->	4	5	3	0.4636	True	3.872419	0.750	0.004035	
2025-09-08 16:22:16.620	continuous	2178	1	->	2	3	3	0.5299	True	0.504654	0.750	0.004035	
2025-09-08 16:22:16.621	continuous	2179	1	->	2	3	3	0.5348	True	0.492521	0.750	0.004035	
2025-09-08 16:22:16.621	continuous	2180	3	->		4	3	0.4772	True	1.685886	0.750	0.004034	
2025-09-08 16:22:16.621	continuous	2181	3	->		4	3	0.4723	True	1.645002	0.750	0.004034	
2025-09-08 16:22:16.621	continuous	2182	3	->	4	5	3	0.4547	True	3.808172	0.750	0.004033	
2025-09-08 16:22:16.621	continuous	2183	1	->	2	3	3	0.5216	True	0.523882	0.750	0.004033	
2025-09-08 16:22:16.621	continuous	2184	1	->		2	3	0.5008	True	1.800484	0.750	0.004033	
2025-09-08 16:22:16.622	continuous	2185	1	->	2	3	3	0.5201	True	0.528050	0.750	0.004032	
2025-09-08 16:22:16.622	continuous	2186	1	->	2	3	3	0.5249	True	0.515259	0.750	0.004032	
2025-09-08 16:22:16.622	continuous	2187	1	->	2	3	3	0.5298	True	0.502852	0.750	0.004031	
2025-09-08 16:22:16.622	continuous	2188	1	->		2	3	0.5085	True	1.802322	0.750	0.004031	
2025-09-08 16:22:16.622	continuous	2189	1	->	2	3	3	0.5280	True	0.507853	0.750	0.004031	
2025-09-08 16:22:16.622	continuous	2190	1	->	2	3	3	0.5329	True	0.495659	0.750	0.004030	
2025-09-08 16:22:16.623	continuous	2191	1	->		2	3	0.5115	True	1.786792	0.750	0.004030	
2025-09-08 16:22:16.623	continuous	2192	2	->		3	3	0.5137	True	0.523764	0.750	0.004029	
2025-09-08 16:22:16.623	continuous	2193	1	->		2	3	0.5097	True	1.754189	0.750	0.004029	
2025-09-08 16:22:16.623	continuous	2194	1	->	2	3	3	0.5293	True	0.506633	0.750	0.004029	
2025-09-08 16:22:16.623	continuous	2195	1	->		2	3	0.5082	True	1.722692	0.750	0.004028	
2025-09-08 16:22:16.623	continuous	2196	2	->	3	4	3	0.5046	True	1.754253	0.750	0.004028	
2025-09-08 16:22:16.624	continuous	2197	2	->		3	3	0.5047	True	0.552019	0.750	0.004027	
2025-09-08 16:22:16.624	continuous	2198	1	->	2	3	3	0.5262	True	0.516906	0.750	0.004027	
2025-09-08 16:22:16.624	continuous	2199	2	->		3	3	0.5140	True	0.526896	0.750	0.004027	
2025-09-08 16:22:16.624	continuous	2200	3	->		4	3	0.4736	True	1.716794	0.750	0.004026	
2025-09-08 16:22:16.624	continuous	2201	1	->	2	3	3	0.5302	True	0.507936	0.750	0.004026	
2025-09-08 16:22:16.625	continuous	2202	2	->		3	3	0.5178	True	0.518177	0.750	0.004025	
2025-09-08 16:22:16.625	continuous	2203	1	->	2	3	3	0.5398	True	0.483864	0.750	0.004025	
2025-09-08 16:22:16.625	continuous	2204	4	->		5	3	0.4853	True	3.913722	0.750	0.004025	
2025-09-08 16:22:16.625	continuous	2205	2	->		3	3	0.5195	True	0.507304	0.750	0.004024	
2025-09-08 16:22:16.625	continuous	2206	1	->	2	3	3	0.5420	True	0.473047	0.750	0.004024	
2025-09-08 16:22:16.626	continuous	2207	1	->	2	3	3	0.5469	True	0.461925	0.750	0.004023	
2025-09-08 16:22:16.626	continuous	2208	3	->		4	3	0.4863	True	1.758735	0.750	0.004023	
2025-09-08 16:22:16.626	continuous	2209	2	->	3	4	3	0.5211	True	1.758924	0.750	0.004023	
2025-09-08 16:22:16.626	continuous	2210	4	->		5	3	0.4785	True	3.853217	0.750	0.004022	
2025-09-08 16:22:16.626	continuous	2211	1	->	2	3	3	0.5310	True	0.496428	0.750	0.004022	
2025-09-08 16:22:16.626	continuous	2212	1	->	2	3	3	0.5359	True	0.484645	0.750	0.004021	
2025-09-08 16:22:16.627	continuous	2213	3	->		4	3	0.4757	True	1.692872	0.750	0.004021	
2025-09-08 16:22:16.627	continuous	2214	2	->	3	4	3	0.5106	True	1.688196	0.750	0.004021	
2025-09-08 16:22:16.627	continuous	2215	1	->	2	3	3	0.5285	True	0.507030	0.750	0.004020	
2025-09-08 16:22:16.627	continuous	2216	2	->		3	3	0.5155	True	0.518215	0.750	0.004020	
2025-09-08 16:22:16.628	continuous	2217	2	->		3	3	0.5202	True	0.506505	0.750	0.004019	
2025-09-08 16:22:16.628	continuous	2218	2	->	3	4	3	0.5184	True	1.693974	0.750	0.004019	
2025-09-08 16:22:16.628	continuous	2219	1	->		2	3	0.5097	True	1.864078	0.750	0.004019	
2025-09-08 16:22:16.629	continuous	2220	2	->	3	4	3	0.5056	True	1.641268	0.750	0.004018	
2025-09-08 16:22:16.629	continuous	2221	3	->		4	3	0.4616	True	1.567465	0.750	0.004018	
2025-09-08 16:22:16.629	continuous	2222	2	->	3	4	3	0.4955	True	1.552989	0.750	0.004017	
2025-09-08 16:22:16.630	continuous	2223	2	->		3	3	0.4967	True	0.582748	0.750	0.004017	
2025-09-08 16:22:16.630	continuous	2224	1	->		2	3	0.4929	True	1.825779	0.750	0.004017	
2025-09-08 16:22:16.630	continuous	2225	1	->	2	3	3	0.5121	True	0.563141	0.750	0.004016	
2025-09-08 16:22:16.630	continuous	2226	1	->	2	3	3	0.5169	True	0.549039	0.750	0.004016	
2025-09-08 16:22:16.630	continuous	2227	2	->		3	3	0.5046	True	0.558030	0.750	0.004015	
2025-09-08 16:22:16.630	continuous	2228	1	->		2	3	0.5007	True	1.826454	0.750	0.004015	
2025-09-08 16:22:16.631	continuous	2229	2	->		3	3	0.5032	True	0.561588	0.750	0.004015	
2025-09-08 16:22:16.631	continuous	2230	2	->		3	3	0.5078	True	0.548491	0.750	0.004014	
2025-09-08 16:22:16.631	continuous	2231	2	->	3	4	3	0.5062	True	1.617685	0.750	0.004014	
2025-09-08 16:22:16.631	continuous	2232	1	->	2	3	3	0.5237	True	0.531922	0.750	0.004013	
2025-09-08 16:22:16.631	continuous	2233	1	->	2	3	3	0.5285	True	0.518756	0.750	0.004013	
2025-09-08 16:22:16.631	continuous	2234	1	->	2	3	3	0.5333	True	0.506001	0.750	0.004013	
2025-09-08 16:22:16.632	continuous	2235	1	->	2	3	3	0.5381	True	0.493644	0.750	0.004012	
2025-09-08 16:22:16.632	continuous	2236	1	->	2	3	3	0.5430	True	0.481674	0.750	0.004012	
2025-09-08 16:22:16.632	continuous	2237	3	->		4	3	0.4836	True	1.627723	0.750	0.004011	
2025-09-08 16:22:16.632	continuous	2238	1	->		2	3	0.5156	True	1.888396	0.750	0.004011	
2025-09-08 16:22:16.632	continuous	2239	2	->		3	3	0.5177	True	0.526138	0.750	0.004011	
2025-09-08 16:22:16.633	continuous	2240	1	->	2	3	3	0.5399	True	0.491129	0.750	0.004010	
2025-09-08 16:22:16.633	continuous	2241	1	->	2	3	3	0.5447	True	0.479191	0.750	0.004010	
2025-09-08 16:22:16.633	continuous	2242	2	->	3	4	3	0.5251	True	1.671556	0.750	0.004009	
2025-09-08 16:22:16.633	continuous	2243	1	->		2	3	0.5165	True	1.881573	0.750	0.004009	
2025-09-08 16:22:16.633	continuous	2244	2	->		3	3	0.5185	True	0.526109	0.750	0.004009	
2025-09-08 16:22:16.633	continuous	2245	1	->		2	3	0.5144	True	1.845812	0.750	0.004008	
2025-09-08 16:22:16.634	continuous	2246	1	->	2	3	3	0.5338	True	0.508069	0.750	0.004008	
2025-09-08 16:22:16.634	continuous	2247	1	->	2	3	3	0.5387	True	0.495559	0.750	0.004007	
2025-09-08 16:22:16.634	continuous	2248	2	->	3	4	3	0.5195	True	1.670377	0.750	0.004007	
2025-09-08 16:22:16.634	continuous	2249	2	->		3	3	0.5197	True	0.525083	0.750	0.004007	
2025-09-08 16:22:16.635	continuous	2250	2	->		3	3	0.5243	True	0.512883	0.750	0.004006	
2025-09-08 16:22:16.635	continuous	2251	1	->	2	3	3	0.5466	True	0.478157	0.750	0.004006	
2025-09-08 16:22:16.635	continuous	2252	1	->	2	3	3	0.5515	True	0.466563	0.750	0.004005	
2025-09-08 16:22:16.635	continuous	2253	1	->		2	3	0.5293	True	1.892092	0.750	0.004005	
2025-09-08 16:22:16.635	continuous	2254	1	->		2	3	0.5223	True	1.837855	0.750	0.004005	
2025-09-08 16:22:16.636	continuous	2255	1	->		2	3	0.5156	True	1.785341	0.750	0.004004	
2025-09-08 16:22:16.636	continuous	2256	3	->		4	3	0.4736	True	1.646676	0.750	0.004004	
2025-09-08 16:22:16.636	continuous	2257	3	->	4	5	3	0.4561	True	3.782615	0.750	0.004003	
2025-09-08 16:22:16.636	continuous	2258	2	->		3	3	0.5062	True	0.557292	0.750	0.004003	
2025-09-08 16:22:16.636	continuous	2259	1	->	2	3	3	0.5280	True	0.521377	0.750	0.004003	
2025-09-08 16:22:16.637	continuous	2260	1	->	2	3	3	0.5328	True	0.508480	0.750	0.004002	
2025-09-08 16:22:16.637	continuous	2261	1	->	2	3	3	0.5377	True	0.495987	0.750	0.004002	
2025-09-08 16:22:16.637	continuous	2262	2	->		3	3	0.5248	True	0.507276	0.750	0.004001	
2025-09-08 16:22:16.637	continuous	2263	2	->		3	3	0.5295	True	0.495656	0.750	0.004001	
2025-09-08 16:22:16.637	continuous	2264	1	->	2	3	3	0.5522	True	0.461103	0.750	0.004001	
2025-09-08 16:22:16.638	continuous	2265	2	->		3	3	0.5389	True	0.473480	0.750	0.004000	
2025-09-08 16:22:16.638	continuous	2266	2	->	3	4	3	0.5368	True	1.775089	0.750	0.004000	
2025-09-08 16:22:16.638	continuous	2267	1	->	2	3	3	0.5544	True	0.457805	0.750	0.003999	
2025-09-08 16:22:16.638	continuous	2268	1	->	2	3	3	0.5592	True	0.446886	0.750	0.003999	
2025-09-08 16:22:16.638	continuous	2269	1	->	2	3	3	0.5641	True	0.436309	0.750	0.003999	
2025-09-08 16:22:16.638	continuous	2270	2	->	3	4	3	0.5434	True	1.776163	0.750	0.003998	
2025-09-08 16:22:16.639	continuous	2271	1	->	2	3	3	0.5612	True	0.444402	0.750	0.003998	
2025-09-08 16:22:16.639	continuous	2272	2	->	3	4	3	0.5406	True	1.740190	0.750	0.003997	
2025-09-08 16:22:16.639	continuous	2273	1	->	2	3	3	0.5585	True	0.452441	0.750	0.003997	
2025-09-08 16:22:16.639	continuous	2274	2	->		3	3	0.5447	True	0.465304	0.750	0.003997	
2025-09-08 16:22:16.639	continuous	2275	2	->		3	3	0.5494	True	0.454822	0.750	0.003996	
2025-09-08 16:22:16.640	continuous	2276	1	->		2	3	0.5449	True	1.958822	0.750	0.003996	
2025-09-08 16:22:16.640	continuous	2277	2	->		3	3	0.5463	True	0.461572	0.750	0.003995	
2025-09-08 16:22:16.640	continuous	2278	1	->		2	3	0.5417	True	1.918488	0.750	0.003995	
2025-09-08 16:22:16.640	continuous	2279	1	->	2	3	3	0.5615	True	0.444985	0.750	0.003995	
2025-09-08 16:22:16.640	continuous	2280	1	->	2	3	3	0.5664	True	0.434392	0.750	0.003994	
2025-09-08 16:22:16.640	continuous	2281	2	->	3	4	3	0.5457	True	1.782708	0.750	0.003994	
2025-09-08 16:22:16.641	continuous	2282	2	->		3	3	0.5451	True	0.466051	0.750	0.003993	
2025-09-08 16:22:16.641	continuous	2283	2	->		3	3	0.5498	True	0.455520	0.750	0.003993	
2025-09-08 16:22:16.641	continuous	2284	1	->		2	3	0.5450	True	1.923370	0.750	0.003993	
2025-09-08 16:22:16.641	continuous	2285	1	->	2	3	3	0.5649	True	0.439175	0.750	0.003992	
2025-09-08 16:22:16.641	continuous	2286	2	->	3	4	3	0.5445	True	1.775398	0.750	0.003992	
2025-09-08 16:22:16.641	continuous	2287	1	->	2	3	3	0.5620	True	0.447216	0.750	0.003991	
2025-09-08 16:22:16.642	continuous	2288	2	->	3	4	3	0.5417	True	1.739144	0.750	0.003991	
2025-09-08 16:22:16.642	continuous	2289	2	->		3	3	0.5413	True	0.478642	0.750	0.003991	
2025-09-08 16:22:16.642	continuous	2290	2	->		3	3	0.5460	True	0.467669	0.750	0.003990	
2025-09-08 16:22:16.642	continuous	2291	2	->		3	3	0.5506	True	0.457026	0.750	0.003990	
2025-09-08 16:22:16.642	continuous	2292	1	->	2	3	3	0.5737	True	0.423497	0.750	0.003989	
2025-09-08 16:22:16.643	continuous	2293	2	->		3	3	0.5599	True	0.436767	0.750	0.003989	
2025-09-08 16:22:16.643	continuous	2294	1	->		2	3	0.5550	True	1.972380	0.750	0.003989	
2025-09-08 16:22:16.643	continuous	2295	2	->		3	3	0.5564	True	0.444140	0.750	0.003988	
2025-09-08 16:22:16.643	continuous	2296	2	->		3	3	0.5611	True	0.434184	0.750	0.003988	
2025-09-08 16:22:16.643	continuous	2297	2	->		3	3	0.5658	True	0.424522	0.750	0.003987	
2025-09-08 16:22:16.644	continuous	2298	2	->		3	3	0.5704	True	0.415150	0.750	0.003987	
2025-09-08 16:22:16.644	continuous	2299	3	->		4	3	0.5255	True	1.783960	0.750	0.003987	
2025-09-08 16:22:16.644	continuous	2300	2	->		3	3	0.5677	True	0.422115	0.750	0.003986	
2025-09-08 16:22:16.645	continuous	2301	2	->		3	3	0.5723	True	0.412784	0.750	0.003986	
2025-09-08 16:22:16.645	continuous	2302	4	->		5	3	0.5315	True	4.041575	0.750	0.003985	
2025-09-08 16:22:16.645	continuous	2303	1	->	2	3	3	0.5869	True	0.393619	0.750	0.003985	
2025-09-08 16:22:16.646	continuous	2304	3	->		4	3	0.5225	True	1.770227	0.750	0.003985	
2025-09-08 16:22:16.646	continuous	2305	2	->		3	3	0.5655	True	0.423523	0.750	0.003984	
2025-09-08 16:22:16.647	continuous	2306	3	->	4	5	3	0.5057	True	3.872282	0.750	0.003984	
2025-09-08 16:22:16.647	continuous	2307	1	->		2	3	0.5517	True	1.993994	0.750	0.003983	
2025-09-08 16:22:16.647	continuous	2308	1	->	2	3	3	0.5723	True	0.419757	0.750	0.003983	
2025-09-08 16:22:16.647	continuous	2309	2	->		3	3	0.5584	True	0.433247	0.750	0.003983	
2025-09-08 16:22:16.647	continuous	2310	2	->	3	4	3	0.5558	True	1.807141	0.750	0.003982	
2025-09-08 16:22:16.648	continuous	2311	2	->		3	3	0.5550	True	0.442063	0.750	0.003982	
2025-09-08 16:22:16.648	continuous	2312	1	->		2	3	0.5495	True	1.976859	0.750	0.003981	
2025-09-08 16:22:16.648	continuous	2313	1	->		2	3	0.5415	True	1.918838	0.750	0.003981	
2025-09-08 16:22:16.648	continuous	2314	1	->		2	3	0.5339	True	1.862729	0.750	0.003981	
2025-09-08 16:22:16.648	continuous	2315	2	->	3	4	3	0.5298	True	1.747585	0.750	0.003980	
2025-09-08 16:22:16.648	continuous	2316	1	->		2	3	0.5201	True	1.803556	0.750	0.003980	
2025-09-08 16:22:16.649	continuous	2317	3	->		4	3	0.4770	True	1.653038	0.750	0.003979	
2025-09-08 16:22:16.649	continuous	2318	1	->	2	3	3	0.5348	True	0.512805	0.750	0.003979	
2025-09-08 16:22:16.649	continuous	2319	2	->		3	3	0.5227	True	0.522717	0.750	0.003979	
2025-09-08 16:22:16.649	continuous	2320	3	->		4	3	0.4807	True	1.644812	0.750	0.003978	
2025-09-08 16:22:16.649	continuous	2321	3	->		4	3	0.4760	True	1.603991	0.750	0.003978	
2025-09-08 16:22:16.650	continuous	2322	2	->		3	3	0.5169	True	0.543078	0.750	0.003977	
2025-09-08 16:22:16.650	continuous	2323	1	->	2	3	3	0.5383	True	0.507829	0.750	0.003977	
2025-09-08 16:22:16.650	continuous	2324	2	->		3	3	0.5262	True	0.517605	0.750	0.003977	
2025-09-08 16:22:16.650	continuous	2325	3	->		4	3	0.4841	True	1.613821	0.750	0.003976	
2025-09-08 16:22:16.650	continuous	2326	2	->		3	3	0.5255	True	0.521966	0.750	0.003976	
2025-09-08 16:22:16.650	continuous	2327	1	->		2	3	0.5204	True	1.848553	0.750	0.003975	
2025-09-08 16:22:16.651	continuous	2328	3	->		4	3	0.4777	True	1.588001	0.750	0.003975	
2025-09-08 16:22:16.651	continuous	2329	2	->		3	3	0.5186	True	0.543372	0.750	0.003975	
2025-09-08 16:22:16.651	continuous	2330	1	->		2	3	0.5136	True	1.811673	0.750	0.003974	
2025-09-08 16:22:16.651	continuous	2331	2	->		3	3	0.5170	True	0.547572	0.750	0.003974	
2025-09-08 16:22:16.651	continuous	2332	2	->		3	3	0.5216	True	0.534439	0.750	0.003973	
2025-09-08 16:22:16.652	continuous	2333	1	->	2	3	3	0.5427	True	0.499830	0.750	0.003973	
2025-09-08 16:22:16.652	continuous	2334	3	->	4	5	3	0.4708	True	3.780227	0.750	0.003973	
2025-09-08 16:22:16.652	continuous	2335	1	->		2	3	0.5141	True	1.799433	0.750	0.003972	
2025-09-08 16:22:16.652	continuous	2336	1	->		2	3	0.5079	True	1.748283	0.750	0.003972	
2025-09-08 16:22:16.652	continuous	2337	2	->		3	3	0.5118	True	0.555400	0.750	0.003971	
2025-09-08 16:22:16.653	continuous	2338	1	->		2	3	0.5065	True	1.716196	0.750	0.003971	
2025-09-08 16:22:16.653	continuous	2339	1	->	2	3	3	0.5266	True	0.538025	0.750	0.003971	
2025-09-08 16:22:16.653	continuous	2340	1	->	2	3	3	0.5314	True	0.524340	0.750	0.003970	
2025-09-08 16:22:16.653	continuous	2341	2	->		3	3	0.5198	True	0.533314	0.750	0.003970	
2025-09-08 16:22:16.653	continuous	2342	2	->		3	3	0.5245	True	0.520700	0.750	0.003969	
2025-09-08 16:22:16.654	continuous	2343	2	->	3	4	3	0.5224	True	1.727354	0.750	0.003969	
2025-09-08 16:22:16.654	continuous	2344	4	->		5	3	0.4803	True	3.817605	0.750	0.003969	
2025-09-08 16:22:16.654	continuous	2345	2	->		3	3	0.5158	True	0.538750	0.750	0.003968	
2025-09-08 16:22:16.654	continuous	2346	1	->	2	3	3	0.5372	True	0.503732	0.750	0.003968	
2025-09-08 16:22:16.654	continuous	2347	2	->		3	3	0.5251	True	0.513762	0.750	0.003967	
2025-09-08 16:22:16.655	continuous	2348	2	->		3	3	0.5298	True	0.501815	0.750	0.003967	
2025-09-08 16:22:16.655	continuous	2349	1	->	2	3	3	0.5517	True	0.467773	0.750	0.003967	
2025-09-08 16:22:16.655	continuous	2350	2	->	3	4	3	0.5321	True	1.757333	0.750	0.003966	
2025-09-08 16:22:16.655	continuous	2351	3	->		4	3	0.4839	True	1.662235	0.750	0.003966	
2025-09-08 16:22:16.655	continuous	2352	2	->		3	3	0.5267	True	0.513530	0.750	0.003965	
2025-09-08 16:22:16.655	continuous	2353	2	->		3	3	0.5314	True	0.501531	0.750	0.003965	
2025-09-08 16:22:16.656	continuous	2354	1	->	2	3	3	0.5531	True	0.467575	0.750	0.003965	
2025-09-08 16:22:16.656	continuous	2355	3	->		4	3	0.4916	True	1.669471	0.750	0.003964	
2025-09-08 16:22:16.656	continuous	2356	2	->		3	3	0.5349	True	0.494864	0.750	0.003964	
2025-09-08 16:22:16.656	continuous	2357	2	->		3	3	0.5395	True	0.483383	0.750	0.003963	
2025-09-08 16:22:16.656	continuous	2358	1	->	2	3	3	0.5614	True	0.450038	0.750	0.003963	
2025-09-08 16:22:16.656	continuous	2359	1	->		2	3	0.5380	True	1.902571	0.750	0.003963	
2025-09-08 16:22:16.657	continuous	2360	2	->		3	3	0.5414	True	0.478698	0.750	0.003962	
2025-09-08 16:22:16.657	continuous	2361	1	->		2	3	0.5352	True	1.864029	0.750	0.003962	
2025-09-08 16:22:16.657	continuous	2362	2	->		3	3	0.5389	True	0.485097	0.750	0.003962	
2025-09-08 16:22:16.657	continuous	2363	3	->		4	3	0.4943	True	1.699966	0.750	0.003961	
2025-09-08 16:22:16.657	continuous	2364	3	->		4	3	0.4890	True	1.656933	0.750	0.003961	
2025-09-08 16:22:16.658	continuous	2365	2	->		3	3	0.5319	True	0.506341	0.750	0.003960	
2025-09-08 16:22:16.658	continuous	2366	1	->	2	3	3	0.5531	True	0.472685	0.750	0.003960	
2025-09-08 16:22:16.658	continuous	2367	1	->	2	3	3	0.5580	True	0.461028	0.750	0.003960	
2025-09-08 16:22:16.658	continuous	2368	2	->	3	4	3	0.5388	True	1.710287	0.750	0.003959	
2025-09-08 16:22:16.658	continuous	2369	2	->	3	4	3	0.5319	True	1.656982	0.750	0.003959	
2025-09-08 16:22:16.658	continuous	2370	1	->	2	3	3	0.5488	True	0.488189	0.750	0.003958	
2025-09-08 16:22:16.659	continuous	2371	3	->	4	5	3	0.4751	True	3.748367	0.750	0.003958	
2025-09-08 16:22:16.659	continuous	2372	1	->	2	3	3	0.5469	True	0.486940	0.750	0.003958	
2025-09-08 16:22:16.659	continuous	2373	1	->		2	3	0.5240	True	1.882486	0.750	0.003957	
2025-09-08 16:22:16.659	continuous	2374	2	->	3	4	3	0.5209	True	1.630716	0.750	0.003957	
2025-09-08 16:22:16.659	continuous	2375	1	->		2	3	0.5115	True	1.825572	0.750	0.003956	
2025-09-08 16:22:16.660	continuous	2376	3	->		4	3	0.4690	True	1.550068	0.750	0.003956	
2025-09-08 16:22:16.660	continuous	2377	2	->		3	3	0.5111	True	0.566994	0.750	0.003956	
2025-09-08 16:22:16.660	continuous	2378	1	->	2	3	3	0.5317	True	0.531544	0.750	0.003955	
2025-09-08 16:22:16.660	continuous	2379	2	->		3	3	0.5202	True	0.539839	0.750	0.003955	
2025-09-08 16:22:16.660	continuous	2380	1	->	2	3	3	0.5412	True	0.504949	0.750	0.003954	
2025-09-08 16:22:16.661	continuous	2381	1	->	2	3	3	0.5461	True	0.492202	0.750	0.003954	
2025-09-08 16:22:16.661	continuous	2382	1	->		2	3	0.5234	True	1.859402	0.750	0.003954	
2025-09-08 16:22:16.661	continuous	2383	1	->		2	3	0.5168	True	1.805856	0.750	0.003953	
2025-09-08 16:22:16.662	continuous	2384	1	->		2	3	0.5106	True	1.753991	0.750	0.003953	
2025-09-08 16:22:16.662	continuous	2385	2	->		3	3	0.5150	True	0.554285	0.750	0.003952	
2025-09-08 16:22:16.662	continuous	2386	1	->	2	3	3	0.5357	True	0.519065	0.750	0.003952	
2025-09-08 16:22:16.662	continuous	2387	3	->	4	5	3	0.4630	True	3.690567	0.750	0.003952	
2025-09-08 16:22:16.663	continuous	2388	1	->	2	3	3	0.5342	True	0.516642	0.750	0.003951	
2025-09-08 16:22:16.663	continuous	2389	1	->	2	3	3	0.5390	True	0.503636	0.750	0.003951	
2025-09-08 16:22:16.663	continuous	2390	1	->		2	3	0.5163	True	1.763633	0.750	0.003950	
2025-09-08 16:22:16.663	continuous	2391	2	->		3	3	0.5207	True	0.531364	0.750	0.003950	
2025-09-08 16:22:16.663	continuous	2392	1	->		2	3	0.5146	True	1.730463	0.750	0.003950	
2025-09-08 16:22:16.664	continuous	2393	2	->		3	3	0.5192	True	0.536610	0.750	0.003949	
2025-09-08 16:22:16.664	continuous	2394	1	->	2	3	3	0.5404	True	0.501541	0.750	0.003949	
2025-09-08 16:22:16.664	continuous	2395	2	->		3	3	0.5285	True	0.511489	0.750	0.003948	
2025-09-08 16:22:16.664	continuous	2396	3	->	4	5	3	0.4694	True	3.666821	0.750	0.003948	
2025-09-08 16:22:16.664	continuous	2397	2	->		3	3	0.5264	True	0.510706	0.750	0.003948	
2025-09-08 16:22:16.665	continuous	2398	2	->	3	4	3	0.5238	True	1.765242	0.750	0.003947	
2025-09-08 16:22:16.665	continuous	2399	1	->	2	3	3	0.5413	True	0.494365	0.750	0.003947	
2025-09-08 16:22:16.665	continuous	2400	3	->		4	3	0.4792	True	1.686377	0.750	0.003946	
2025-09-08 16:22:16.665	continuous	2401	2	->		3	3	0.5236	True	0.520764	0.750	0.003946	
2025-09-08 16:22:16.665	continuous	2402	3	->		4	3	0.4785	True	1.661045	0.750	0.003946	
2025-09-08 16:22:16.666	continuous	2403	3	->		4	3	0.4739	True	1.620332	0.750	0.003945	
2025-09-08 16:22:16.666	continuous	2404	1	->		2	3	0.5071	True	1.766904	0.750	0.003945	
2025-09-08 16:22:16.666	continuous	2405	1	->		2	3	0.5013	True	1.716936	0.750	0.003945	
2025-09-08 16:22:16.666	continuous	2406	2	->		3	3	0.5063	True	0.575541	0.750	0.003944	
2025-09-08 16:22:16.666	continuous	2407	1	->	2	3	3	0.5268	True	0.539718	0.750	0.003944	
2025-09-08 16:22:16.667	continuous	2408	1	->	2	3	3	0.5316	True	0.525911	0.750	0.003943	
2025-09-08 16:22:16.667	continuous	2409	1	->	2	3	3	0.5365	True	0.512558	0.750	0.003943	
2025-09-08 16:22:16.667	continuous	2410	1	->	2	3	3	0.5414	True	0.499643	0.750	0.003943	
2025-09-08 16:22:16.667	continuous	2411	2	->	3	4	3	0.5221	True	1.704478	0.750	0.003942	
2025-09-08 16:22:16.667	continuous	2412	2	->		3	3	0.5230	True	0.528466	0.750	0.003942	
2025-09-08 16:22:16.668	continuous	2413	2	->	3	4	3	0.5205	True	1.671768	0.750	0.003941	
2025-09-08 16:22:16.668	continuous	2414	1	->		2	3	0.5108	True	1.768416	0.750	0.003941	
2025-09-08 16:22:16.668	continuous	2415	2	->		3	3	0.5155	True	0.552240	0.750	0.003941	
2025-09-08 16:22:16.668	continuous	2416	1	->		2	3	0.5094	True	1.735362	0.750	0.003940	
2025-09-08 16:22:16.668	continuous	2417	1	->		2	3	0.5036	True	1.685567	0.750	0.003940	
2025-09-08 16:22:16.668	continuous	2418	1	->	2	3	3	0.5243	True	0.552715	0.750	0.003939	
2025-09-08 16:22:16.669	continuous	2419	2	->		3	3	0.5132	True	0.560387	0.750	0.003939	
2025-09-08 16:22:16.669	continuous	2420	2	->	3	4	3	0.5109	True	1.672681	0.750	0.003939	
2025-09-08 16:22:16.669	continuous	2421	3	->		4	3	0.4654	True	1.590427	0.750	0.003938	
2025-09-08 16:22:16.669	continuous	2422	2	->		3	3	0.5076	True	0.581675	0.750	0.003938	
2025-09-08 16:22:16.670	continuous	2423	3	->		4	3	0.4655	True	1.568110	0.750	0.003937	
2025-09-08 16:22:16.670	continuous	2424	1	->	2	3	3	0.5232	True	0.562411	0.750	0.003937	
2025-09-08 16:22:16.670	continuous	2425	2	->	3	4	3	0.5055	True	1.575438	0.750	0.003937	
2025-09-08 16:22:16.670	continuous	2426	1	->	2	3	3	0.5226	True	0.567161	0.750	0.003936	
2025-09-08 16:22:16.670	continuous	2427	2	->	3	4	3	0.5049	True	1.547766	0.750	0.003936	
2025-09-08 16:22:16.670	continuous	2428	2	->	3	4	3	0.5001	True	1.501140	0.750	0.003935	
2025-09-08 16:22:16.671	continuous	2429	2	->	3	4	3	0.4957	True	1.456022	0.750	0.003935	
2025-09-08 16:22:16.671	continuous	2430	1	->	2	3	3	0.5130	True	0.612264	0.750	0.003935	
2025-09-08 16:22:16.671	continuous	2431	1	->	2	3	3	0.5175	True	0.595574	0.750	0.003934	
2025-09-08 16:22:16.671	continuous	2432	3	->		4	3	0.4618	True	1.435880	0.750	0.003934	
2025-09-08 16:22:16.671	continuous	2433	1	->	2	3	3	0.5183	True	0.597289	0.750	0.003933	
2025-09-08 16:22:16.671	continuous	2434	2	->		3	3	0.5074	True	0.602155	0.750	0.003933	
2025-09-08 16:22:16.672	continuous	2435	3	->		4	3	0.4665	True	1.435750	0.750	0.003933	
2025-09-08 16:22:16.672	continuous	2436	4	->		5	3	0.4678	True	3.751470	0.750	0.003932	
2025-09-08 16:22:16.672	continuous	2437	1	->	2	3	3	0.5176	True	0.594222	0.750	0.003932	
2025-09-08 16:22:16.672	continuous	2438	1	->		2	3	0.4965	True	1.806925	0.750	0.003932	
2025-09-08 16:22:16.672	continuous	2439	2	->		3	3	0.5011	True	0.616121	0.750	0.003931	
2025-09-08 16:22:16.672	continuous	2440	1	->	2	3	3	0.5210	True	0.579259	0.750	0.003931	
2025-09-08 16:22:16.673	continuous	2441	1	->	2	3	3	0.5256	True	0.563763	0.750	0.003930	
2025-09-08 16:22:16.673	continuous	2442	2	->	3	4	3	0.5075	True	1.491880	0.750	0.003930	
2025-09-08 16:22:16.673	continuous	2443	1	->	2	3	3	0.5253	True	0.569122	0.750	0.003930	
2025-09-08 16:22:16.673	continuous	2444	2	->		3	3	0.5139	True	0.575758	0.750	0.003929	
2025-09-08 16:22:16.673	continuous	2445	1	->		2	3	0.5081	True	1.840671	0.750	0.003929	
2025-09-08 16:22:16.674	continuous	2446	2	->		3	3	0.5125	True	0.578267	0.750	0.003928	
2025-09-08 16:22:16.674	continuous	2447	1	->		2	3	0.5067	True	1.805556	0.750	0.003928	
2025-09-08 16:22:16.674	continuous	2448	4	->		5	3	0.4695	True	3.716390	0.750	0.003928	
2025-09-08 16:22:16.674	continuous	2449	2	->	3	4	3	0.4983	True	1.499603	0.750	0.003927	
2025-09-08 16:22:16.674	continuous	2450	3	->		4	3	0.4552	True	1.438703	0.750	0.003927	
2025-09-08 16:22:16.675	continuous	2451	1	->	2	3	3	0.5124	True	0.607644	0.750	0.003926	
2025-09-08 16:22:16.675	continuous	2452	2	->		3	3	0.5014	True	0.612627	0.750	0.003926	
2025-09-08 16:22:16.675	continuous	2453	2	->	3	4	3	0.4991	True	1.456083	0.750	0.003926	
2025-09-08 16:22:16.675	continuous	2454	2	->	3	4	3	0.4950	True	1.412189	0.750	0.003925	
2025-09-08 16:22:16.675	continuous	2455	2	->		3	3	0.4977	True	0.637342	0.750	0.003925	
2025-09-08 16:22:16.675	continuous	2456	2	->		3	3	0.5019	True	0.621059	0.750	0.003924	
2025-09-08 16:22:16.676	continuous	2457	1	->	2	3	3	0.5217	True	0.584213	0.750	0.003924	
2025-09-08 16:22:16.676	continuous	2458	1	->	2	3	3	0.5262	True	0.568438	0.750	0.003924	
2025-09-08 16:22:16.676	continuous	2459	2	->	3	4	3	0.5081	True	1.451333	0.750	0.003923	
2025-09-08 16:22:16.676	continuous	2460	1	->	2	3	3	0.5261	True	0.573936	0.750	0.003923	
2025-09-08 16:22:16.676	continuous	2461	2	->		3	3	0.5147	True	0.580024	0.750	0.003922	
2025-09-08 16:22:16.677	continuous	2462	2	->		3	3	0.5192	True	0.565471	0.750	0.003922	
2025-09-08 16:22:16.677	continuous	2463	1	->	2	3	3	0.5398	True	0.529582	0.750	0.003922	
2025-09-08 16:22:16.677	continuous	2464	2	->		3	3	0.5282	True	0.537648	0.750	0.003921	
2025-09-08 16:22:16.677	continuous	2465	1	->	2	3	3	0.5492	True	0.502356	0.750	0.003921	
2025-09-08 16:22:16.678	continuous	2466	1	->	2	3	3	0.5540	True	0.489331	0.750	0.003921	
2025-09-08 16:22:16.678	continuous	2467	1	->	2	3	3	0.5588	True	0.476753	0.750	0.003920	
2025-09-08 16:22:16.678	continuous	2468	1	->	2	3	3	0.5636	True	0.464607	0.750	0.003920	
2025-09-08 16:22:16.679	continuous	2469	1	->		2	3	0.5397	True	1.998041	0.750	0.003919	
2025-09-08 16:22:16.679	continuous	2470	1	->	2	3	3	0.5607	True	0.469669	0.750	0.003919	
2025-09-08 16:22:16.679	continuous	2471	2	->		3	3	0.5481	True	0.480632	0.750	0.003919	
2025-09-08 16:22:16.680	continuous	2472	1	->	2	3	3	0.5702	True	0.446451	0.750	0.003918	
2025-09-08 16:22:16.680	continuous	2473	2	->		3	3	0.5574	True	0.458262	0.750	0.003918	
2025-09-08 16:22:16.680	continuous	2474	2	->	3	4	3	0.5544	True	1.663542	0.750	0.003917	
2025-09-08 16:22:16.680	continuous	2475	2	->		3	3	0.5547	True	0.467347	0.750	0.003917	
2025-09-08 16:22:16.680	continuous	2476	3	->		4	3	0.5082	True	1.585708	0.750	0.003917	
2025-09-08 16:22:16.681	continuous	2477	1	->	2	3	3	0.5706	True	0.451083	0.750	0.003916	
2025-09-08 16:22:16.681	continuous	2478	1	->	2	3	3	0.5754	True	0.439741	0.750	0.003916	
2025-09-08 16:22:16.681	continuous	2479	1	->		2	3	0.5510	True	2.044989	0.750	0.003915	
2025-09-08 16:22:16.681	continuous	2480	2	->	3	4	3	0.5471	True	1.614497	0.750	0.003915	
2025-09-08 16:22:16.682	continuous	2481	2	->	3	4	3	0.5404	True	1.561696	0.750	0.003915	
2025-09-08 16:22:16.682	continuous	2482	2	->		3	3	0.5415	True	0.508730	0.750	0.003914	
2025-09-08 16:22:16.682	continuous	2483	2	->		3	3	0.5461	True	0.496278	0.750	0.003914	
2025-09-08 16:22:16.682	continuous	2484	2	->		3	3	0.5507	True	0.484223	0.750	0.003913	
2025-09-08 16:22:16.682	continuous	2485	1	->		2	3	0.5439	True	2.023590	0.750	0.003913	
2025-09-08 16:22:16.682	continuous	2486	2	->		3	3	0.5478	True	0.489298	0.750	0.003913	
2025-09-08 16:22:16.683	continuous	2487	1	->	2	3	3	0.5694	True	0.455202	0.750	0.003912	
2025-09-08 16:22:16.683	continuous	2488	1	->	2	3	3	0.5742	True	0.443678	0.750	0.003912	
2025-09-08 16:22:16.683	continuous	2489	1	->	2	3	3	0.5790	True	0.432551	0.750	0.003912	
2025-09-08 16:22:16.683	continuous	2490	2	->	3	4	3	0.5584	True	1.646635	0.750	0.003911	
2025-09-08 16:22:16.684	continuous	2491	1	->		2	3	0.5474	True	2.023626	0.750	0.003911	
2025-09-08 16:22:16.684	continuous	2492	2	->		3	3	0.5511	True	0.481362	0.750	0.003910	
2025-09-08 16:22:16.684	continuous	2493	1	->	2	3	3	0.5729	True	0.447313	0.750	0.003910	
2025-09-08 16:22:16.684	continuous	2494	1	->	2	3	3	0.5777	True	0.436039	0.750	0.003910	
2025-09-08 16:22:16.684	continuous	2495	3	->		4	3	0.5137	True	1.600098	0.750	0.003909	
2025-09-08 16:22:16.685	continuous	2496	1	->	2	3	3	0.5760	True	0.442644	0.750	0.003909	
2025-09-08 16:22:16.685	continuous	2497	3	->		4	3	0.5125	True	1.574332	0.750	0.003908	
2025-09-08 16:22:16.685	continuous	2498	2	->		3	3	0.5573	True	0.471684	0.750	0.003908	
2025-09-08 16:22:16.685	continuous	2499	1	->	2	3	3	0.5792	True	0.437885	0.750	0.003908	
2025-09-08 16:22:16.685	continuous	2500	1	->	2	3	3	0.5839	True	0.426844	0.750	0.003907	
2025-09-08 16:22:16.686	continuous	2501	2	->		3	3	0.5710	True	0.438834	0.750	0.003907	
2025-09-08 16:22:16.686	continuous	2502	3	->	4	5	3	0.5086	True	3.794562	0.750	0.003906	
2025-09-08 16:22:16.686	continuous	2503	1	->	2	3	3	0.5861	True	0.417037	0.750	0.003906	
2025-09-08 16:22:16.686	continuous	2504	2	->	3	4	3	0.5647	True	1.657874	0.750	0.003906	
2025-09-08 16:22:16.686	continuous	2505	2	->		3	3	0.5650	True	0.449847	0.750	0.003905	
2025-09-08 16:22:16.687	continuous	2506	1	->		2	3	0.5578	True	2.093177	0.750	0.003905	
2025-09-08 16:22:16.687	continuous	2507	1	->	2	3	3	0.5791	True	0.432990	0.750	0.003904	
2025-09-08 16:22:16.687	continuous	2508	1	->	2	3	3	0.5839	True	0.422205	0.750	0.003904	
2025-09-08 16:22:16.687	continuous	2509	2	->		3	3	0.5706	True	0.434866	0.750	0.003904	
2025-09-08 16:22:16.688	continuous	2510	1	->		2	3	0.5632	True	2.080569	0.750	0.003903	
2025-09-08 16:22:16.688	continuous	2511	1	->	2	3	3	0.5847	True	0.418564	0.750	0.003903	
2025-09-08 16:22:16.688	continuous	2512	2	->	3	4	3	0.5634	True	1.684816	0.750	0.003903	
2025-09-08 16:22:16.688	continuous	2513	5	->		6	3	0.5195	True	5.481675	0.750	0.003902	
2025-09-08 16:22:16.688	continuous	2514	1	->		2	3	0.5428	True	2.002244	0.750	0.003902	
2025-09-08 16:22:16.689	continuous	2515	1	->	2	3	3	0.5647	True	0.459403	0.750	0.003901	
2025-09-08 16:22:16.689	continuous	2516	2	->		3	3	0.5517	True	0.471405	0.750	0.003901	
2025-09-08 16:22:16.689	continuous	2517	2	->		3	3	0.5563	True	0.460359	0.750	0.003901	
2025-09-08 16:22:16.689	continuous	2518	2	->		3	3	0.5610	True	0.449654	0.750	0.003900	
2025-09-08 16:22:16.689	continuous	2519	2	->	3	4	3	0.5575	True	1.684253	0.750	0.003900	
2025-09-08 16:22:16.690	continuous	2520	1	->	2	3	3	0.5760	True	0.435611	0.750	0.003899	
2025-09-08 16:22:16.690	continuous	2521	1	->	2	3	3	0.5808	True	0.424874	0.750	0.003899	
2025-09-08 16:22:16.690	continuous	2522	2	->	3	4	3	0.5591	True	1.668443	0.750	0.003899	
2025-09-08 16:22:16.690	continuous	2523	3	->		4	3	0.5073	True	1.571300	0.750	0.003898	
2025-09-08 16:22:16.691	continuous	2524	1	->	2	3	3	0.5716	True	0.451687	0.750	0.003898	
2025-09-08 16:22:16.691	continuous	2525	2	->	3	4	3	0.5505	True	1.586857	0.750	0.003897	
2025-09-08 16:22:16.691	continuous	2526	1	->	2	3	3	0.5692	True	0.460699	0.750	0.003897	
2025-09-08 16:22:16.691	continuous	2527	3	->		4	3	0.5046	True	1.518672	0.750	0.003897	
2025-09-08 16:22:16.691	continuous	2528	2	->		3	3	0.5506	True	0.489807	0.750	0.003896	
2025-09-08 16:22:16.692	continuous	2529	3	->		4	3	0.5040	True	1.495920	0.750	0.003896	
2025-09-08 16:22:16.692	continuous	2530	3	->		4	3	0.4994	True	1.455952	0.750	0.003896	
2025-09-08 16:22:16.692	continuous	2531	2	->		3	3	0.5448	True	0.513845	0.750	0.003895	
2025-09-08 16:22:16.692	continuous	2532	2	->	3	4	3	0.5417	True	1.462743	0.750	0.003895	
2025-09-08 16:22:16.692	continuous	2533	2	->		3	3	0.5436	True	0.522194	0.750	0.003894	
2025-09-08 16:22:16.693	continuous	2534	1	->		2	3	0.5368	True	2.085948	0.750	0.003894	
2025-09-08 16:22:16.693	continuous	2535	1	->	2	3	3	0.5576	True	0.502886	0.750	0.003894	
2025-09-08 16:22:16.693	continuous	2536	1	->		2	3	0.5342	True	2.042307	0.750	0.003893	
2025-09-08 16:22:16.693	continuous	2537	1	->		2	3	0.5273	True	1.983656	0.750	0.003893	
2025-09-08 16:22:16.693	continuous	2538	1	->	2	3	3	0.5481	True	0.522156	0.750	0.003892	
2025-09-08 16:22:16.694	continuous	2539	1	->	2	3	3	0.5528	True	0.508148	0.750	0.003892	
2025-09-08 16:22:16.694	continuous	2540	2	->	3	4	3	0.5332	True	1.489985	0.750	0.003892	
2025-09-08 16:22:16.694	continuous	2541	1	->	2	3	3	0.5517	True	0.515760	0.750	0.003891	
2025-09-08 16:22:16.694	continuous	2542	1	->		2	3	0.5285	True	1.973540	0.750	0.003891	
2025-09-08 16:22:16.695	continuous	2543	2	->		3	3	0.5329	True	0.540974	0.750	0.003890	
2025-09-08 16:22:16.695	continuous	2544	1	->	2	3	3	0.5540	True	0.504862	0.750	0.003890	
2025-09-08 16:22:16.695	continuous	2545	3	->	4	5	3	0.4780	True	3.710573	0.750	0.003890	
2025-09-08 16:22:16.695	continuous	2546	1	->		2	3	0.5242	True	1.935500	0.750	0.003889	
2025-09-08 16:22:16.696	continuous	2547	3	->	4	5	3	0.4651	True	3.627904	0.750	0.003889	
2025-09-08 16:22:16.696	continuous	2548	1	->	2	3	3	0.5397	True	0.528863	0.750	0.003889	
2025-09-08 16:22:16.696	continuous	2549	1	->	2	3	3	0.5445	True	0.514944	0.750	0.003888	
2025-09-08 16:22:16.696	continuous	2550	1	->	2	3	3	0.5493	True	0.501504	0.750	0.003888	
2025-09-08 16:22:16.696	continuous	2551	2	->		3	3	0.5365	True	0.512369	0.750	0.003887	
2025-09-08 16:22:16.697	continuous	2552	2	->		3	3	0.5411	True	0.500022	0.750	0.003887	
2025-09-08 16:22:16.697	continuous	2553	1	->	2	3	3	0.5635	True	0.464225	0.750	0.003887	
2025-09-08 16:22:16.697	continuous	2554	1	->	2	3	3	0.5683	True	0.452523	0.750	0.003886	
2025-09-08 16:22:16.697	continuous	2555	1	->	2	3	3	0.5731	True	0.441227	0.750	0.003886	
2025-09-08 16:22:16.697	continuous	2556	2	->	3	4	3	0.5511	True	1.645397	0.750	0.003885	
2025-09-08 16:22:16.698	continuous	2557	2	->		3	3	0.5523	True	0.474224	0.750	0.003885	
2025-09-08 16:22:16.698	continuous	2558	1	->		2	3	0.5448	True	2.011009	0.750	0.003885	
2025-09-08 16:22:16.698	continuous	2559	2	->		3	3	0.5493	True	0.479748	0.750	0.003884	
2025-09-08 16:22:16.698	continuous	2560	4	->		5	3	0.5062	True	3.752074	0.750	0.003884	
2025-09-08 16:22:16.698	continuous	2561	3	->	4	5	3	0.4772	True	3.571678	0.750	0.003883	
2025-09-08 16:22:16.699	continuous	2562	1	->		2	3	0.5276	True	1.938071	0.750	0.003883	
2025-09-08 16:22:16.699	continuous	2563	2	->		3	3	0.5329	True	0.507766	0.750	0.003883	
2025-09-08 16:22:16.699	continuous	2564	1	->	2	3	3	0.5557	True	0.471347	0.750	0.003882	
2025-09-08 16:22:16.699	continuous	2565	1	->	2	3	3	0.5606	True	0.459625	0.750	0.003882	
2025-09-08 16:22:16.699	continuous	2566	2	->		3	3	0.5468	True	0.473002	0.750	0.003882	
2025-09-08 16:22:16.700	continuous	2567	3	->	4	5	3	0.4796	True	3.534725	0.750	0.003881	
2025-09-08 16:22:16.700	continuous	2568	1	->		2	3	0.5317	True	1.935473	0.750	0.003881	
2025-09-08 16:22:16.700	continuous	2569	1	->	2	3	3	0.5558	True	0.464894	0.750	0.003880	
2025-09-08 16:22:16.700	continuous	2570	1	->		2	3	0.5291	True	1.896974	0.750	0.003880	
2025-09-08 16:22:16.700	continuous	2571	1	->		2	3	0.5222	True	1.842536	0.750	0.003880	
2025-09-08 16:22:16.701	continuous	2572	2	->	3	4	3	0.5198	True	1.671504	0.750	0.003879	
2025-09-08 16:22:16.701	continuous	2573	2	->		3	3	0.5219	True	0.531433	0.750	0.003879	
2025-09-08 16:22:16.701	continuous	2574	3	->	4	5	3	0.4570	True	3.443983	0.750	0.003878	
2025-09-08 16:22:16.701	continuous	2575	2	->	3	4	3	0.5120	True	1.632186	0.750	0.003878	
2025-09-08 16:22:16.701	continuous	2576	1	->	2	3	3	0.5323	True	0.523415	0.750	0.003878	
2025-09-08 16:22:16.702	continuous	2577	2	->		3	3	0.5191	True	0.535079	0.750	0.003877	
2025-09-08 16:22:16.702	continuous	2578	1	->		2	3	0.5113	True	1.824672	0.750	0.003877	
2025-09-08 16:22:16.702	continuous	2579	2	->	3	4	3	0.5092	True	1.618926	0.750	0.003876	
2025-09-08 16:22:16.702	continuous	2580	3	->		4	3	0.4597	True	1.542538	0.750	0.003876	
2025-09-08 16:22:16.702	continuous	2581	1	->		2	3	0.4958	True	1.772414	0.750	0.003876	
2025-09-08 16:22:16.703	continuous	2582	2	->		3	3	0.5021	True	0.591296	0.750	0.003875	
2025-09-08 16:22:16.703	continuous	2583	1	->		2	3	0.4947	True	1.740578	0.750	0.003875	
2025-09-08 16:22:16.703	continuous	2584	1	->	2	3	3	0.5179	True	0.570075	0.750	0.003875	
2025-09-08 16:22:16.703	continuous	2585	1	->	2	3	3	0.5227	True	0.555185	0.750	0.003874	
2025-09-08 16:22:16.703	continuous	2586	2	->	3	4	3	0.5022	True	1.587034	0.750	0.003874	
2025-09-08 16:22:16.704	continuous	2587	2	->	3	4	3	0.4972	True	1.540289	0.750	0.003873	
2025-09-08 16:22:16.704	continuous	2588	1	->	2	3	3	0.5170	True	0.579421	0.750	0.003873	
2025-09-08 16:22:16.704	continuous	2589	3	->	4	5	3	0.4386	True	3.385702	0.750	0.003873	
2025-09-08 16:22:16.704	continuous	2590	3	->		4	3	0.4484	True	1.489887	0.750	0.003872	
2025-09-08 16:22:16.704	continuous	2591	1	->	2	3	3	0.5124	True	0.590434	0.750	0.003872	
2025-09-08 16:22:16.705	continuous	2592	1	->	2	3	3	0.5171	True	0.574841	0.750	0.003871	
2025-09-08 16:22:16.705	continuous	2593	2	->	3	4	3	0.4965	True	1.510067	0.750	0.003871	
2025-09-08 16:22:16.705	continuous	2594	1	->		2	3	0.4884	True	1.772190	0.750	0.003871	
2025-09-08 16:22:16.705	continuous	2595	2	->		3	3	0.4947	True	0.620132	0.750	0.003870	
2025-09-08 16:22:16.705	continuous	2596	2	->		3	3	0.4990	True	0.604824	0.750	0.003870	
2025-09-08 16:22:16.705	continuous	2597	2	->	3	4	3	0.4956	True	1.505230	0.750	0.003869	
2025-09-08 16:22:16.706	continuous	2598	2	->		3	3	0.4990	True	0.609268	0.750	0.003869	
2025-09-08 16:22:16.706	continuous	2599	1	->		2	3	0.4917	True	1.774564	0.750	0.003869	
2025-09-08 16:22:16.706	continuous	2600	3	->		4	3	0.4481	True	1.464028	0.750	0.003868	
2025-09-08 16:22:16.706	continuous	2601	2	->		3	3	0.4946	True	0.627378	0.750	0.003868	
2025-09-08 16:22:16.706	continuous	2602	1	->		2	3	0.4875	True	1.745225	0.750	0.003868	
2025-09-08 16:22:16.707	continuous	2603	2	->	3	4	3	0.4864	True	1.463880	0.750	0.003867	
2025-09-08 16:22:16.707	continuous	2604	1	->	2	3	3	0.5061	True	0.624931	0.750	0.003867	
2025-09-08 16:22:16.707	continuous	2605	2	->	3	4	3	0.4868	True	1.441133	0.750	0.003866	
2025-09-08 16:22:16.707	continuous	2606	3	->		4	3	0.4424	True	1.390979	0.750	0.003866	
2025-09-08 16:22:16.707	continuous	2607	3	->		4	3	0.4403	True	1.358487	0.750	0.003866	
2025-09-08 16:22:16.707	continuous	2608	2	->	3	4	3	0.4783	True	1.327260	0.750	0.003865	
2025-09-08 16:22:16.708	continuous	2609	2	->	3	4	3	0.4758	True	1.288597	0.750	0.003865	
2025-09-08 16:22:16.708	continuous	2610	1	->		2	3	0.4702	True	1.738069	0.750	0.003864	
2025-09-08 16:22:16.708	continuous	2611	2	->		3	3	0.4764	True	0.740305	0.750	0.003864	
2025-09-08 16:22:16.708	continuous	2612	4	->		5	3	0.4392	True	3.449543	0.750	0.003864	
2025-09-08 16:22:16.708	continuous	2613	1	->	2	3	3	0.4903	True	0.709131	0.750	0.003863	
2025-09-08 16:22:16.708	continuous	2614	1	->	2	3	3	0.4943	True	0.689164	0.750	0.003863	
2025-09-08 16:22:16.709	continuous	2615	2	->		3	3	0.4827	True	0.691627	0.750	0.003863	
2025-09-08 16:22:16.709	continuous	2616	1	->		2	3	0.4757	True	1.747639	0.750	0.003862	
2025-09-08 16:22:16.709	continuous	2617	1	->	2	3	3	0.4977	True	0.667905	0.750	0.003862	
2025-09-08 16:22:16.709	continuous	2618	2	->		3	3	0.4861	True	0.671690	0.750	0.003861	
2025-09-08 16:22:16.709	continuous	2619	2	->		3	3	0.4902	True	0.654552	0.750	0.003861	
2025-09-08 16:22:16.709	continuous	2620	1	->	2	3	3	0.5104	True	0.615097	0.750	0.003861	
2025-09-08 16:22:16.710	continuous	2621	3	->		4	3	0.4492	True	1.410246	0.750	0.003860	
2025-09-08 16:22:16.710	continuous	2622	2	->	3	4	3	0.4880	True	1.384939	0.750	0.003860	
2025-09-08 16:22:16.710	continuous	2623	3	->		4	3	0.4441	True	1.340443	0.750	0.003859	
2025-09-08 16:22:16.710	continuous	2624	2	->		3	3	0.4896	True	0.676121	0.750	0.003859	
2025-09-08 16:22:16.710	continuous	2625	2	->	3	4	3	0.4863	True	1.328853	0.750	0.003859	
2025-09-08 16:22:16.711	continuous	2626	2	->	3	4	3	0.4835	True	1.289345	0.750	0.003858	
2025-09-08 16:22:16.711	continuous	2627	1	->	2	3	3	0.5034	True	0.679051	0.750	0.003858	
2025-09-08 16:22:16.711	continuous	2628	1	->	2	3	3	0.5074	True	0.659648	0.750	0.003858	
2025-09-08 16:22:16.712	continuous	2629	1	->		2	3	0.4848	True	1.830963	0.750	0.003857	
2025-09-08 16:22:16.712	continuous	2630	1	->	2	3	3	0.5064	True	0.656638	0.750	0.003857	
2025-09-08 16:22:16.712	continuous	2631	1	->		2	3	0.4839	True	1.797585	0.750	0.003856	
2025-09-08 16:22:16.712	continuous	2632	1	->	2	3	3	0.5056	True	0.654141	0.750	0.003856	
2025-09-08 16:22:16.712	continuous	2633	1	->		2	3	0.4831	True	1.765193	0.750	0.003856	
2025-09-08 16:22:16.713	continuous	2634	2	->		3	3	0.4894	True	0.674058	0.750	0.003855	
2025-09-08 16:22:16.713	continuous	2635	2	->		3	3	0.4934	True	0.656597	0.750	0.003855	
2025-09-08 16:22:16.713	continuous	2636	3	->		4	3	0.4494	True	1.378459	0.750	0.003854	
2025-09-08 16:22:16.713	continuous	2637	1	->		2	3	0.4837	True	1.753553	0.750	0.003854	
2025-09-08 16:22:16.713	continuous	2638	1	->	2	3	3	0.5054	True	0.651535	0.750	0.003854	
2025-09-08 16:22:16.713	continuous	2639	3	->		4	3	0.4467	True	1.367738	0.750	0.003853	
2025-09-08 16:22:16.714	continuous	2640	1	->	2	3	3	0.5069	True	0.651160	0.750	0.003853	
2025-09-08 16:22:16.714	continuous	2641	1	->	2	3	3	0.5111	True	0.632819	0.750	0.003853	
2025-09-08 16:22:16.714	continuous	2642	1	->	2	3	3	0.5155	True	0.615118	0.750	0.003852	
2025-09-08 16:22:16.714	continuous	2643	1	->	2	3	3	0.5200	True	0.598037	0.750	0.003852	
2025-09-08 16:22:16.715	continuous	2644	1	->	2	3	3	0.5245	True	0.581554	0.750	0.003851	
2025-09-08 16:22:16.715	continuous	2645	1	->	2	3	3	0.5292	True	0.565647	0.750	0.003851	
2025-09-08 16:22:16.715	continuous	2646	1	->	2	3	3	0.5338	True	0.550307	0.750	0.003851	
2025-09-08 16:22:16.715	continuous	2647	2	->		3	3	0.5214	True	0.559809	0.750	0.003850	
2025-09-08 16:22:16.715	continuous	2648	2	->		3	3	0.5259	True	0.545866	0.750	0.003850	
2025-09-08 16:22:16.715	continuous	2649	2	->		3	3	0.5305	True	0.532363	0.750	0.003849	
2025-09-08 16:22:16.716	continuous	2650	1	->	2	3	3	0.5527	True	0.494808	0.750	0.003849	
2025-09-08 16:22:16.716	continuous	2651	1	->	2	3	3	0.5575	True	0.481947	0.750	0.003849	
2025-09-08 16:22:16.716	continuous	2652	1	->	2	3	3	0.5623	True	0.469535	0.750	0.003848	
2025-09-08 16:22:16.716	continuous	2653	4	->		5	3	0.4999	True	3.615303	0.750	0.003848	
2025-09-08 16:22:16.716	continuous	2654	1	->		2	3	0.5289	True	1.929264	0.750	0.003848	
2025-09-08 16:22:16.716	continuous	2655	2	->	3	4	3	0.5264	True	1.589852	0.750	0.003847	
2025-09-08 16:22:16.717	continuous	2656	2	->	3	4	3	0.5206	True	1.540025	0.750	0.003847	
2025-09-08 16:22:16.717	continuous	2657	1	->	2	3	3	0.5408	True	0.526078	0.750	0.003846	
2025-09-08 16:22:16.717	continuous	2658	2	->		3	3	0.5279	True	0.537011	0.750	0.003846	
2025-09-08 16:22:16.717	continuous	2659	3	->		4	3	0.4793	True	1.502151	0.750	0.003846	
2025-09-08 16:22:16.717	continuous	2660	1	->		2	3	0.5155	True	1.901027	0.750	0.003845	
2025-09-08 16:22:16.718	continuous	2661	3	->		4	3	0.4700	True	1.464495	0.750	0.003845	
2025-09-08 16:22:16.718	continuous	2662	2	->		3	3	0.5174	True	0.574980	0.750	0.003844	
2025-09-08 16:22:16.718	continuous	2663	2	->		3	3	0.5219	True	0.560514	0.750	0.003844	
2025-09-08 16:22:16.718	continuous	2664	1	->		2	3	0.5140	True	1.880971	0.750	0.003844	
2025-09-08 16:22:16.718	continuous	2665	3	->		4	3	0.4690	True	1.463237	0.750	0.003843	
2025-09-08 16:22:16.718	continuous	2666	2	->	3	4	3	0.5083	True	1.445787	0.750	0.003843	
2025-09-08 16:22:16.719	continuous	2667	2	->		3	3	0.5117	True	0.601059	0.750	0.003843	
2025-09-08 16:22:16.719	continuous	2668	3	->		4	3	0.4659	True	1.405028	0.750	0.003842	
2025-09-08 16:22:16.719	continuous	2669	2	->	3	4	3	0.5048	True	1.382291	0.750	0.003842	
2025-09-08 16:22:16.719	continuous	2670	1	->	2	3	3	0.5245	True	0.601807	0.750	0.003841	
2025-09-08 16:22:16.719	continuous	2671	2	->		3	3	0.5127	True	0.607743	0.750	0.003841	
2025-09-08 16:22:16.720	continuous	2672	1	->		2	3	0.5052	True	1.881166	0.750	0.003841	
2025-09-08 16:22:16.720	continuous	2673	2	->	3	4	3	0.5037	True	1.382761	0.750	0.003840	
2025-09-08 16:22:16.720	continuous	2674	1	->	2	3	3	0.5233	True	0.606779	0.750	0.003840	
2025-09-08 16:22:16.720	continuous	2675	3	->		4	3	0.4629	True	1.351454	0.750	0.003839	
2025-09-08 16:22:16.720	continuous	2676	2	->		3	3	0.5086	True	0.630531	0.750	0.003839	
2025-09-08 16:22:16.721	continuous	2677	2	->	3	4	3	0.5052	True	1.344831	0.750	0.003839	
2025-09-08 16:22:16.721	continuous	2678	1	->		2	3	0.4978	True	1.867492	0.750	0.003838	
2025-09-08 16:22:16.721	continuous	2679	2	->		3	3	0.5039	True	0.651021	0.750	0.003838	
2025-09-08 16:22:16.721	continuous	2680	2	->		3	3	0.5079	True	0.633723	0.750	0.003838	
2025-09-08 16:22:16.721	continuous	2681	2	->	3	4	3	0.5046	True	1.347811	0.750	0.003837	
2025-09-08 16:22:16.721	continuous	2682	2	->	3	4	3	0.5012	True	1.305576	0.750	0.003837	
2025-09-08 16:22:16.722	continuous	2683	1	->	2	3	3	0.5206	True	0.638707	0.750	0.003836	
2025-09-08 16:22:16.722	continuous	2684	3	->		4	3	0.4618	True	1.284585	0.750	0.003836	
2025-09-08 16:22:16.722	continuous	2685	3	->	4	5	3	0.4449	True	3.450254	0.750	0.003836	
2025-09-08 16:22:16.722	continuous	2686	2	->		3	3	0.5019	True	0.669008	0.750	0.003835	
2025-09-08 16:22:16.722	continuous	2687	1	->	2	3	3	0.5213	True	0.629544	0.750	0.003835	
2025-09-08 16:22:16.722	continuous	2688	3	->		4	3	0.4612	True	1.290949	0.750	0.003834	
2025-09-08 16:22:16.723	continuous	2689	4	->		5	3	0.4641	True	3.511582	0.750	0.003834	
2025-09-08 16:22:16.723	continuous	2690	1	->	2	3	3	0.5176	True	0.639836	0.750	0.003834	
2025-09-08 16:22:16.723	continuous	2691	1	->	2	3	3	0.5217	True	0.621383	0.750	0.003833	
2025-09-08 16:22:16.723	continuous	2692	1	->		2	3	0.4982	True	1.917042	0.750	0.003833	
2025-09-08 16:22:16.723	continuous	2693	2	->	3	4	3	0.4969	True	1.303488	0.750	0.003833	
2025-09-08 16:22:16.723	continuous	2694	2	->		3	3	0.5013	True	0.662846	0.750	0.003832	
2025-09-08 16:22:16.724	continuous	2695	1	->	2	3	3	0.5211	True	0.623187	0.750	0.003832	
2025-09-08 16:22:16.724	continuous	2696	2	->		3	3	0.5093	True	0.627794	0.750	0.003831	
2025-09-08 16:22:16.724	continuous	2697	3	->		4	3	0.4637	True	1.320746	0.750	0.003831	
2025-09-08 16:22:16.724	continuous	2698	2	->	3	4	3	0.5030	True	1.290952	0.750	0.003831	
2025-09-08 16:22:16.724	continuous	2699	1	->	2	3	3	0.5230	True	0.629784	0.750	0.003830	
2025-09-08 16:22:16.724	continuous	2700	1	->	2	3	3	0.5272	True	0.611495	0.750	0.003830	
2025-09-08 16:22:16.725	continuous	2701	2	->		3	3	0.5153	True	0.616305	0.750	0.003829	
2025-09-08 16:22:16.725	continuous	2702	4	->		5	3	0.4742	True	3.507281	0.750	0.003829	
2025-09-08 16:22:16.725	continuous	2703	1	->		2	3	0.5017	True	1.952805	0.750	0.003829	
2025-09-08 16:22:16.725	continuous	2704	2	->		3	3	0.5081	True	0.625550	0.750	0.003828	
2025-09-08 16:22:16.725	continuous	2705	1	->	2	3	3	0.5286	True	0.586253	0.750	0.003828	
2025-09-08 16:22:16.725	continuous	2706	3	->		4	3	0.4656	True	1.347679	0.750	0.003828	
2025-09-08 16:22:16.726	continuous	2707	2	->	3	4	3	0.5055	True	1.320644	0.750	0.003827	
2025-09-08 16:22:16.726	continuous	2708	1	->	2	3	3	0.5257	True	0.610582	0.750	0.003827	
2025-09-08 16:22:16.726	continuous	2709	1	->		2	3	0.5018	True	1.950069	0.750	0.003826	
2025-09-08 16:22:16.726	continuous	2710	1	->		2	3	0.4964	True	1.896607	0.750	0.003826	
2025-09-08 16:22:16.727	continuous	2711	3	->		4	3	0.4543	True	1.303287	0.750	0.003826	
2025-09-08 16:22:16.727	continuous	2712	3	->		4	3	0.4525	True	1.271525	0.750	0.003825	
2025-09-08 16:22:16.727	continuous	2713	1	->	2	3	3	0.5136	True	0.662378	0.750	0.003825	
2025-09-08 16:22:16.727	continuous	2714	2	->		3	3	0.5021	True	0.664601	0.750	0.003824	
2025-09-08 16:22:16.728	continuous	2715	3	->		4	3	0.4575	True	1.278281	0.750	0.003824	
2025-09-08 16:22:16.728	continuous	2716	1	->	2	3	3	0.5191	True	0.644033	0.750	0.003824	
2025-09-08 16:22:16.728	continuous	2717	2	->	3	4	3	0.5001	True	1.266280	0.750	0.003823	
2025-09-08 16:22:16.728	continuous	2718	1	->	2	3	3	0.5201	True	0.647677	0.750	0.003823	
2025-09-08 16:22:16.728	continuous	2719	2	->		3	3	0.5085	True	0.650277	0.750	0.003823	
2025-09-08 16:22:16.728	continuous	2720	2	->	3	4	3	0.5050	True	1.271054	0.750	0.003822	
2025-09-08 16:22:16.729	continuous	2721	1	->		2	3	0.4979	True	1.939915	0.750	0.003822	
2025-09-08 16:22:16.729	continuous	2722	1	->	2	3	3	0.5195	True	0.648514	0.750	0.003821	
2025-09-08 16:22:16.729	continuous	2723	4	->		5	3	0.4641	True	3.474436	0.750	0.003821	
2025-09-08 16:22:16.729	continuous	2724	1	->		2	3	0.4911	True	1.891059	0.750	0.003821	
2025-09-08 16:22:16.729	continuous	2725	3	->		4	3	0.4499	True	1.262687	0.750	0.003820	
2025-09-08 16:22:16.730	continuous	2726	1	->	2	3	3	0.5109	True	0.673187	0.750	0.003820	
2025-09-08 16:22:16.730	continuous	2727	3	->		4	3	0.4517	True	1.251338	0.750	0.003820	
2025-09-08 16:22:16.730	continuous	2728	3	->		4	3	0.4504	True	1.220882	0.750	0.003819	
2025-09-08 16:22:16.730	continuous	2729	1	->		2	3	0.4848	True	1.870781	0.750	0.003819	
2025-09-08 16:22:16.730	continuous	2730	3	->		4	3	0.4453	True	1.197394	0.750	0.003818	
2025-09-08 16:22:16.731	continuous	2731	1	->		2	3	0.4792	True	1.826975	0.750	0.003818	
2025-09-08 16:22:16.731	continuous	2732	2	->		3	3	0.4856	True	0.760142	0.750	0.003818	
2025-09-08 16:22:16.731	continuous	2733	2	->		3	3	0.4889	True	0.739072	0.750	0.003817	
2025-09-08 16:22:16.731	continuous	2734	1	->	2	3	3	0.5071	True	0.698639	0.750	0.003817	
2025-09-08 16:22:16.731	continuous	2735	1	->	2	3	3	0.5109	True	0.677825	0.750	0.003816	
2025-09-08 16:22:16.732	continuous	2736	1	->	2	3	3	0.5149	True	0.657789	0.750	0.003816	
2025-09-08 16:22:16.732	continuous	2737	3	->	4	5	3	0.4402	True	3.340575	0.750	0.003816	
2025-09-08 16:22:16.732	continuous	2738	2	->		3	3	0.4986	True	0.668991	0.750	0.003815	
2025-09-08 16:22:16.732	continuous	2739	3	->		4	3	0.4538	True	1.289970	0.750	0.003815	
2025-09-08 16:22:16.732	continuous	2740	1	->	2	3	3	0.5157	True	0.647768	0.750	0.003815	
2025-09-08 16:22:16.732	continuous	2741	4	->		5	3	0.4595	True	3.398154	0.750	0.003814	
2025-09-08 16:22:16.733	continuous	2742	3	->		4	3	0.4499	True	1.277982	0.750	0.003814	
2025-09-08 16:22:16.733	continuous	2743	2	->	3	4	3	0.4894	True	1.242453	0.750	0.003813	
2025-09-08 16:22:16.733	continuous	2744	1	->		2	3	0.4829	True	1.877959	0.750	0.003813	
2025-09-08 16:22:16.733	continuous	2745	3	->		4	3	0.4426	True	1.219269	0.750	0.003813	
2025-09-08 16:22:16.733	continuous	2746	1	->	2	3	3	0.5033	True	0.713542	0.750	0.003812	
2025-09-08 16:22:16.733	continuous	2747	3	->	4	5	3	0.4288	True	3.243556	0.750	0.003812	
2025-09-08 16:22:16.734	continuous	2748	1	->		2	3	0.4757	True	1.840474	0.750	0.003812	
2025-09-08 16:22:16.734	continuous	2749	3	->		4	3	0.4357	True	1.218217	0.750	0.003811	
2025-09-08 16:22:16.734	continuous	2750	1	->	2	3	3	0.4965	True	0.733837	0.750	0.003811	
2025-09-08 16:22:16.734	continuous	2751	5	->		6	3	0.4452	True	5.257929	0.750	0.003810	
2025-09-08 16:22:16.734	continuous	2752	4	->		5	3	0.4350	True	3.251759	0.750	0.003810	
2025-09-08 16:22:16.735	continuous	2753	1	->		2	3	0.4629	True	1.793224	0.750	0.003810	
2025-09-08 16:22:16.735	continuous	2754	1	->	2	3	3	0.4857	True	0.745512	0.750	0.003809	
2025-09-08 16:22:16.735	continuous	2755	1	->	2	3	3	0.4893	True	0.724097	0.750	0.003809	
2025-09-08 16:22:16.735	continuous	2756	2	->		3	3	0.4772	True	0.725553	0.750	0.003808	
2025-09-08 16:22:16.735	continuous	2757	1	->		2	3	0.4690	True	1.791680	0.750	0.003808	
2025-09-08 16:22:16.735	continuous	2758	2	->	3	4	3	0.4693	True	1.271963	0.750	0.003808	
2025-09-08 16:22:16.736	continuous	2759	3	->		4	3	0.4268	True	1.246591	0.750	0.003807	
2025-09-08 16:22:16.736	continuous	2760	3	->		4	3	0.4261	True	1.218308	0.750	0.003807	
2025-09-08 16:22:16.736	continuous	2761	1	->	2	3	3	0.4877	True	0.756894	0.750	0.003807	
2025-09-08 16:22:16.736	continuous	2762	1	->	2	3	3	0.4911	True	0.734811	0.750	0.003806	
2025-09-08 16:22:16.736	continuous	2763	1	->	2	3	3	0.4947	True	0.713503	0.750	0.003806	
2025-09-08 16:22:16.737	continuous	2764	1	->	2	3	3	0.4985	True	0.692943	0.750	0.003805	
2025-09-08 16:22:16.737	continuous	2765	1	->	2	3	3	0.5024	True	0.673106	0.750	0.003805	
2025-09-08 16:22:16.737	continuous	2766	1	->		2	3	0.4781	True	1.838506	0.750	0.003805	
2025-09-08 16:22:16.737	continuous	2767	2	->	3	4	3	0.4780	True	1.284258	0.750	0.003804	
2025-09-08 16:22:16.737	continuous	2768	2	->		3	3	0.4831	True	0.712913	0.750	0.003804	
2025-09-08 16:22:16.738	continuous	2769	1	->		2	3	0.4749	True	1.809703	0.750	0.003804	
2025-09-08 16:22:16.738	continuous	2770	3	->		4	3	0.4340	True	1.277556	0.750	0.003803	
2025-09-08 16:22:16.738	continuous	2771	2	->		3	3	0.4806	True	0.726868	0.750	0.003803	
2025-09-08 16:22:16.738	continuous	2772	1	->		2	3	0.4725	True	1.782805	0.750	0.003802	
2025-09-08 16:22:16.738	continuous	2773	3	->		4	3	0.4322	True	1.271572	0.750	0.003802	
2025-09-08 16:22:16.738	continuous	2774	1	->	2	3	3	0.4937	True	0.719079	0.750	0.003802	
2025-09-08 16:22:16.739	continuous	2775	4	->		5	3	0.4377	True	3.258789	0.750	0.003801	
2025-09-08 16:22:16.739	continuous	2776	1	->	2	3	3	0.4928	True	0.706779	0.750	0.003801	
2025-09-08 16:22:16.739	continuous	2777	2	->		3	3	0.4809	True	0.709303	0.750	0.003800	
2025-09-08 16:22:16.739	continuous	2778	2	->		3	3	0.4847	True	0.690776	0.750	0.003800	
2025-09-08 16:22:16.739	continuous	2779	2	->	3	4	3	0.4810	True	1.315719	0.750	0.003800	
2025-09-08 16:22:16.739	continuous	2780	2	->	3	4	3	0.4785	True	1.276874	0.750	0.003799	
2025-09-08 16:22:16.740	continuous	2781	1	->		2	3	0.4717	True	1.804973	0.750	0.003799	
2025-09-08 16:22:16.740	continuous	2782	1	->	2	3	3	0.4947	True	0.707047	0.750	0.003799	
2025-09-08 16:22:16.740	continuous	2783	2	->		3	3	0.4829	True	0.709124	0.750	0.003798	
2025-09-08 16:22:16.740	continuous	2784	1	->	2	3	3	0.5025	True	0.667671	0.750	0.003798	
2025-09-08 16:22:16.740	continuous	2785	3	->	4	5	3	0.4244	True	3.156720	0.750	0.003797	
2025-09-08 16:22:16.741	continuous	2786	3	->		4	3	0.4358	True	1.308764	0.750	0.003797	
2025-09-08 16:22:16.741	continuous	2787	3	->		4	3	0.4344	True	1.278543	0.750	0.003797	
2025-09-08 16:22:16.741	continuous	2788	1	->	2	3	3	0.4978	True	0.693417	0.750	0.003796	
2025-09-08 16:22:16.741	continuous	2789	1	->		2	3	0.4736	True	1.821846	0.750	0.003796	
2025-09-08 16:22:16.741	continuous	2790	3	->		4	3	0.4325	True	1.272882	0.750	0.003796	
2025-09-08 16:22:16.741	continuous	2791	1	->		2	3	0.4678	True	1.779877	0.750	0.003795	
2025-09-08 16:22:16.742	continuous	2792	1	->	2	3	3	0.4908	True	0.722254	0.750	0.003795	
2025-09-08 16:22:16.742	continuous	2793	1	->	2	3	3	0.4946	True	0.701434	0.750	0.003794	
2025-09-08 16:22:16.742	continuous	2794	2	->		3	3	0.4827	True	0.704239	0.750	0.003794	
2025-09-08 16:22:16.742	continuous	2795	2	->	3	4	3	0.4791	True	1.302134	0.750	0.003794	
2025-09-08 16:22:16.742	continuous	2796	1	->	2	3	3	0.4998	True	0.683738	0.750	0.003793	
2025-09-08 16:22:16.742	continuous	2797	2	->		3	3	0.4878	True	0.687302	0.750	0.003793	
2025-09-08 16:22:16.743	continuous	2798	1	->		2	3	0.4794	True	1.814785	0.750	0.003792	
2025-09-08 16:22:16.743	continuous	2799	3	->		4	3	0.4378	True	1.310401	0.750	0.003792	
2025-09-08 16:22:16.743	continuous	2800	2	->		3	3	0.4850	True	0.702360	0.750	0.003792	
2025-09-08 16:22:16.743	continuous	2801	1	->	2	3	3	0.5046	True	0.660843	0.750	0.003791	
2025-09-08 16:22:16.743	continuous	2802	2	->		3	3	0.4927	True	0.665564	0.750	0.003791	
2025-09-08 16:22:16.744	continuous	2803	1	->	2	3	3	0.5130	True	0.624411	0.750	0.003791	
2025-09-08 16:22:16.744	continuous	2804	2	->		3	3	0.5009	True	0.631151	0.750	0.003790	
2025-09-08 16:22:16.744	continuous	2805	2	->	3	4	3	0.4971	True	1.379381	0.750	0.003790	
2025-09-08 16:22:16.744	continuous	2806	4	->		5	3	0.4541	True	3.270571	0.750	0.003789	
2025-09-08 16:22:16.745	continuous	2807	2	->		3	3	0.4961	True	0.645294	0.750	0.003789	
2025-09-08 16:22:16.745	continuous	2808	2	->		3	3	0.5003	True	0.628664	0.750	0.003789	
2025-09-08 16:22:16.745	continuous	2809	1	->		2	3	0.4912	True	1.873910	0.750	0.003788	
2025-09-08 16:22:16.746	continuous	2810	1	->		2	3	0.4860	True	1.823265	0.750	0.003788	
2025-09-08 16:22:16.746	continuous	2811	3	->		4	3	0.4431	True	1.372754	0.750	0.003788	
2025-09-08 16:22:16.746	continuous	2812	4	->		5	3	0.4445	True	3.211482	0.750	0.003787	
2025-09-08 16:22:16.746	continuous	2813	1	->	2	3	3	0.5024	True	0.647441	0.750	0.003787	
2025-09-08 16:22:16.746	continuous	2814	1	->	2	3	3	0.5067	True	0.629419	0.750	0.003786	
2025-09-08 16:22:16.747	continuous	2815	1	->	2	3	3	0.5112	True	0.612027	0.750	0.003786	
2025-09-08 16:22:16.747	continuous	2816	4	->		5	3	0.4498	True	3.181892	0.750	0.003786	
2025-09-08 16:22:16.747	continuous	2817	3	->		4	3	0.4410	True	1.392849	0.750	0.003785	
2025-09-08 16:22:16.747	continuous	2818	3	->		4	3	0.4389	True	1.360619	0.750	0.003785	
2025-09-08 16:22:16.747	continuous	2819	4	->		5	3	0.4400	True	3.123598	0.750	0.003785	
2025-09-08 16:22:16.748	continuous	2820	1	->	2	3	3	0.4994	True	0.649470	0.750	0.003784	
2025-09-08 16:22:16.748	continuous	2821	2	->		3	3	0.4870	True	0.656305	0.750	0.003784	
2025-09-08 16:22:16.748	continuous	2822	2	->		3	3	0.4912	True	0.639654	0.750	0.003783	
2025-09-08 16:22:16.748	continuous	2823	2	->	3	4	3	0.4872	True	1.390805	0.750	0.003783	
2025-09-08 16:22:16.748	continuous	2824	1	->		2	3	0.4785	True	1.857891	0.750	0.003783	
2025-09-08 16:22:16.748	continuous	2825	1	->	2	3	3	0.5033	True	0.634729	0.750	0.003782	
2025-09-08 16:22:16.749	continuous	2826	1	->	2	3	3	0.5077	True	0.617252	0.750	0.003782	
2025-09-08 16:22:16.749	continuous	2827	2	->		3	3	0.4952	True	0.625696	0.750	0.003782	
2025-09-08 16:22:16.749	continuous	2828	2	->	3	4	3	0.4912	True	1.413478	0.750	0.003781	
2025-09-08 16:22:16.749	continuous	2829	1	->	2	3	3	0.5125	True	0.605152	0.750	0.003781	
2025-09-08 16:22:16.749	continuous	2830	2	->	3	4	3	0.4917	True	1.391948	0.750	0.003780	
2025-09-08 16:22:16.749	continuous	2831	2	->		3	3	0.4961	True	0.634349	0.750	0.003780	
2025-09-08 16:22:16.750	continuous	2832	1	->	2	3	3	0.5174	True	0.593139	0.750	0.003780	
2025-09-08 16:22:16.750	continuous	2833	2	->		3	3	0.5046	True	0.602341	0.750	0.003779	
2025-09-08 16:22:16.750	continuous	2834	1	->	2	3	3	0.5265	True	0.561648	0.750	0.003779	
2025-09-08 16:22:16.750	continuous	2835	1	->		2	3	0.4992	True	1.938068	0.750	0.003778	
2025-09-08 16:22:16.750	continuous	2836	3	->		4	3	0.4531	True	1.416159	0.750	0.003778	
2025-09-08 16:22:16.750	continuous	2837	1	->	2	3	3	0.5212	True	0.580197	0.750	0.003778	
2025-09-08 16:22:16.751	continuous	2838	1	->	2	3	3	0.5258	True	0.564436	0.750	0.003777	
2025-09-08 16:22:16.751	continuous	2839	1	->	2	3	3	0.5305	True	0.549226	0.750	0.003777	
2025-09-08 16:22:16.751	continuous	2840	3	->		4	3	0.4617	True	1.435447	0.750	0.003777	
2025-09-08 16:22:16.751	continuous	2841	1	->	2	3	3	0.5310	True	0.552182	0.750	0.003776	
2025-09-08 16:22:16.751	continuous	2842	1	->		2	3	0.5036	True	1.951957	0.750	0.003776	
2025-09-08 16:22:16.752	continuous	2843	2	->		3	3	0.5116	True	0.579386	0.750	0.003775	
2025-09-08 16:22:16.752	continuous	2844	3	->		4	3	0.4609	True	1.436541	0.750	0.003775	
2025-09-08 16:22:16.752	continuous	2845	5	->		6	3	0.4658	True	5.292628	0.750	0.003775	
2025-09-08 16:22:16.752	continuous	2846	1	->	2	3	3	0.5230	True	0.569409	0.750	0.003774	
2025-09-08 16:22:16.752	continuous	2847	1	->	2	3	3	0.5276	True	0.554172	0.750	0.003774	
2025-09-08 16:22:16.752	continuous	2848	1	->	2	3	3	0.5323	True	0.539460	0.750	0.003774	
2025-09-08 16:22:16.753	continuous	2849	1	->	2	3	3	0.5370	True	0.525260	0.750	0.003773	
2025-09-08 16:22:16.753	continuous	2850	1	->	2	3	3	0.5418	True	0.511548	0.750	0.003773	
2025-09-08 16:22:16.753	continuous	2851	2	->		3	3	0.5275	True	0.525484	0.750	0.003772	
2025-09-08 16:22:16.753	continuous	2852	2	->		3	3	0.5321	True	0.512871	0.750	0.003772	
2025-09-08 16:22:16.753	continuous	2853	2	->	3	4	3	0.5273	True	1.552293	0.750	0.003772	
2025-09-08 16:22:16.754	continuous	2854	2	->	3	4	3	0.5215	True	1.503484	0.750	0.003771	
2025-09-08 16:22:16.754	continuous	2855	2	->		3	3	0.5252	True	0.540806	0.750	0.003771	
2025-09-08 16:22:16.754	continuous	2856	4	->		5	3	0.4752	True	3.221452	0.750	0.003771	
2025-09-08 16:22:16.754	continuous	2857	1	->		2	3	0.5086	True	2.006769	0.750	0.003770	
2025-09-08 16:22:16.754	continuous	2858	1	->	2	3	3	0.5357	True	0.527167	0.750	0.003770	
2025-09-08 16:22:16.754	continuous	2859	2	->		3	3	0.5216	True	0.540452	0.750	0.003769	
2025-09-08 16:22:16.755	continuous	2860	3	->		4	3	0.4677	True	1.480799	0.750	0.003769	
2025-09-08 16:22:16.755	continuous	2861	2	->	3	4	3	0.5127	True	1.468645	0.750	0.003769	
2025-09-08 16:22:16.755	continuous	2862	2	->	3	4	3	0.5079	True	1.423238	0.750	0.003768	
2025-09-08 16:22:16.755	continuous	2863	3	->		4	3	0.4568	True	1.367288	0.750	0.003768	
2025-09-08 16:22:16.755	continuous	2864	3	->		4	3	0.4544	True	1.334638	0.750	0.003768	
2025-09-08 16:22:16.756	continuous	2865	2	->		3	3	0.5060	True	0.620296	0.750	0.003767	
2025-09-08 16:22:16.756	continuous	2866	2	->	3	4	3	0.5017	True	1.327160	0.750	0.003767	
2025-09-08 16:22:16.756	continuous	2867	1	->	2	3	3	0.5238	True	0.600884	0.750	0.003766	
2025-09-08 16:22:16.756	continuous	2868	3	->		4	3	0.4565	True	1.303391	0.750	0.003766	
2025-09-08 16:22:16.756	continuous	2869	3	->	4	5	3	0.4366	True	3.087905	0.750	0.003766	
2025-09-08 16:22:16.756	continuous	2870	2	->		3	3	0.5029	True	0.635782	0.750	0.003765	
2025-09-08 16:22:16.757	continuous	2871	1	->	2	3	3	0.5244	True	0.594397	0.750	0.003765	
2025-09-08 16:22:16.757	continuous	2872	2	->	3	4	3	0.5025	True	1.314711	0.750	0.003765	
2025-09-08 16:22:16.757	continuous	2873	2	->		3	3	0.5075	True	0.624340	0.750	0.003764	
2025-09-08 16:22:16.757	continuous	2874	4	->		5	3	0.4597	True	3.146143	0.750	0.003764	
2025-09-08 16:22:16.757	continuous	2875	3	->	4	5	3	0.4328	True	3.005322	0.750	0.003763	
2025-09-08 16:22:16.757	continuous	2876	2	->		3	3	0.5010	True	0.626604	0.750	0.003763	
2025-09-08 16:22:16.758	continuous	2877	2	->		3	3	0.5051	True	0.610634	0.750	0.003763	
2025-09-08 16:22:16.758	continuous	2878	2	->	3	4	3	0.5006	True	1.334803	0.750	0.003762	
2025-09-08 16:22:16.758	continuous	2879	1	->		2	3	0.4914	True	2.061454	0.750	0.003762	
2025-09-08 16:22:16.758	continuous	2880	2	->		3	3	0.4999	True	0.630558	0.750	0.003762	
2025-09-08 16:22:16.758	continuous	2881	3	->		4	3	0.4485	True	1.312802	0.750	0.003761	
2025-09-08 16:22:16.758	continuous	2882	3	->		4	3	0.4466	True	1.281932	0.750	0.003761	
2025-09-08 16:22:16.759	continuous	2883	1	->		2	3	0.4851	True	2.028738	0.750	0.003760	
2025-09-08 16:22:16.759	continuous	2884	2	->		3	3	0.4936	True	0.664288	0.750	0.003760	
2025-09-08 16:22:16.759	continuous	2885	1	->		2	3	0.4835	True	1.990895	0.750	0.003760	
2025-09-08 16:22:16.759	continuous	2886	1	->		2	3	0.4784	True	1.939530	0.750	0.003759	
2025-09-08 16:22:16.759	continuous	2887	1	->		2	3	0.4735	True	1.889519	0.750	0.003759	
2025-09-08 16:22:16.759	continuous	2888	3	->	4	5	3	0.4127	True	2.946709	0.750	0.003759	
2025-09-08 16:22:16.760	continuous	2889	1	->		2	3	0.4643	True	1.834295	0.750	0.003758	
2025-09-08 16:22:16.760	continuous	2890	2	->	3	4	3	0.4656	True	1.285890	0.750	0.003758	
2025-09-08 16:22:16.760	continuous	2891	3	->	4	5	3	0.4029	True	2.893354	0.750	0.003757	
2025-09-08 16:22:16.760	continuous	2892	3	->	4	5	3	0.3983	True	2.846567	0.750	0.003757	
2025-09-08 16:22:16.760	continuous	2893	3	->		4	3	0.4117	True	1.266835	0.750	0.003757	
2025-09-08 16:22:16.761	continuous	2894	2	->		3	3	0.4618	True	0.766527	0.750	0.003756	
2025-09-08 16:22:16.761	continuous	2895	3	->		4	3	0.4139	True	1.256323	0.750	0.003756	
2025-09-08 16:22:16.761	continuous	2896	2	->	3	4	3	0.4566	True	1.210959	0.750	0.003756	
2025-09-08 16:22:16.762	continuous	2897	1	->		2	3	0.4500	True	1.815665	0.750	0.003755	
2025-09-08 16:22:16.762	continuous	2898	2	->	3	4	3	0.4518	True	1.183968	0.750	0.003755	
2025-09-08 16:22:16.762	continuous	2899	2	->	3	4	3	0.4511	True	1.151102	0.750	0.003754	
2025-09-08 16:22:16.763	continuous	2900	2	->		3	3	0.4578	True	0.837983	0.750	0.003754	
2025-09-08 16:22:16.763	continuous	2901	3	->	4	5	3	0.3935	True	2.826156	0.750	0.003754	
2025-09-08 16:22:16.763	continuous	2902	3	->		4	3	0.4071	True	1.170670	0.750	0.003753	
2025-09-08 16:22:16.763	continuous	2903	2	->	3	4	3	0.4495	True	1.115139	0.750	0.003753	
2025-09-08 16:22:16.763	continuous	2904	1	->		2	3	0.4440	True	1.810751	0.750	0.003753	
2025-09-08 16:22:16.763	continuous	2905	1	->	2	3	3	0.4678	True	0.854121	0.750	0.003752	
2025-09-08 16:22:16.764	continuous	2906	2	->		3	3	0.4553	True	0.848452	0.750	0.003752	
2025-09-08 16:22:16.764	continuous	2907	3	->	4	5	3	0.3911	True	2.798224	0.750	0.003751	
2025-09-08 16:22:16.764	continuous	2908	4	->		5	3	0.4072	True	2.824539	0.750	0.003751	
2025-09-08 16:22:16.764	continuous	2909	2	->		3	3	0.4501	True	0.839771	0.750	0.003751	
2025-09-08 16:22:16.764	continuous	2910	1	->	2	3	3	0.4684	True	0.796650	0.750	0.003750	
2025-09-08 16:22:16.765	continuous	2911	1	->	2	3	3	0.4717	True	0.773911	0.750	0.003750	
2025-09-08 16:22:16.765	continuous	2912	3	->	4	5	3	0.3900	True	2.729281	0.750	0.003750	
2025-09-08 16:22:16.765	continuous	2913	1	->	2	3	3	0.4712	True	0.759217	0.750	0.003749	
2025-09-08 16:22:16.765	continuous	2914	3	->		4	3	0.4068	True	1.246436	0.750	0.003749	
2025-09-08 16:22:16.765	continuous	2915	1	->	2	3	3	0.4737	True	0.755517	0.750	0.003748	
2025-09-08 16:22:16.765	continuous	2916	4	->		5	3	0.4119	True	2.773408	0.750	0.003748	
2025-09-08 16:22:16.766	continuous	2917	3	->		4	3	0.4049	True	1.241116	0.750	0.003748	
2025-09-08 16:22:16.766	continuous	2918	2	->	3	4	3	0.4485	True	1.191680	0.750	0.003747	
2025-09-08 16:22:16.766	continuous	2919	1	->	2	3	3	0.4710	True	0.780962	0.750	0.003747	
2025-09-08 16:22:16.766	continuous	2920	2	->		3	3	0.4583	True	0.781426	0.750	0.003747	
2025-09-08 16:22:16.766	continuous	2921	1	->		2	3	0.4481	True	1.887803	0.750	0.003746	
2025-09-08 16:22:16.766	continuous	2922	3	->		4	3	0.4060	True	1.227124	0.750	0.003746	
2025-09-08 16:22:16.767	continuous	2923	1	->	2	3	3	0.4725	True	0.769456	0.750	0.003745	
2025-09-08 16:22:16.767	continuous	2924	3	->		4	3	0.4084	True	1.218704	0.750	0.003745	
2025-09-08 16:22:16.767	continuous	2925	1	->		2	3	0.4461	True	1.868863	0.750	0.003745	
2025-09-08 16:22:16.767	continuous	2926	1	->	2	3	3	0.4710	True	0.779035	0.750	0.003744	
2025-09-08 16:22:16.767	continuous	2927	1	->		2	3	0.4453	True	1.836918	0.750	0.003744	
2025-09-08 16:22:16.768	continuous	2928	2	->		3	3	0.4546	True	0.793304	0.750	0.003744	
2025-09-08 16:22:16.768	continuous	2929	1	->		2	3	0.4447	True	1.805708	0.750	0.003743	
2025-09-08 16:22:16.768	continuous	2930	2	->		3	3	0.4541	True	0.786771	0.750	0.003743	
2025-09-08 16:22:16.768	continuous	2931	2	->		3	3	0.4575	True	0.766458	0.750	0.003742	
2025-09-08 16:22:16.768	continuous	2932	2	->		3	3	0.4611	True	0.746738	0.750	0.003742	
2025-09-08 16:22:16.769	continuous	2933	1	->		2	3	0.4509	True	1.804269	0.750	0.003742	
2025-09-08 16:22:16.769	continuous	2934	2	->		3	3	0.4607	True	0.742327	0.750	0.003741	
2025-09-08 16:22:16.769	continuous	2935	1	->	2	3	3	0.4803	True	0.699013	0.750	0.003741	
2025-09-08 16:22:16.769	continuous	2936	3	->		4	3	0.4153	True	1.337558	0.750	0.003741	
2025-09-08 16:22:16.769	continuous	2937	2	->		3	3	0.4665	True	0.721222	0.750	0.003740	
2025-09-08 16:22:16.770	continuous	2938	2	->	3	4	3	0.4625	True	1.319732	0.750	0.003740	
2025-09-08 16:22:16.770	continuous	2939	2	->		3	3	0.4680	True	0.722757	0.750	0.003739	
2025-09-08 16:22:16.770	continuous	2940	2	->	3	4	3	0.4640	True	1.302174	0.750	0.003739	
2025-09-08 16:22:16.770	continuous	2941	1	->		2	3	0.4557	True	1.833028	0.750	0.003739	
2025-09-08 16:22:16.770	continuous	2942	2	->		3	3	0.4653	True	0.738927	0.750	0.003738	
2025-09-08 16:22:16.770	continuous	2943	3	->		4	3	0.4168	True	1.298992	0.750	0.003738	
2025-09-08 16:22:16.771	continuous	2944	3	->		4	3	0.4158	True	1.270385	0.750	0.003738	
2025-09-08 16:22:16.771	continuous	2945	1	->		2	3	0.4526	True	1.813346	0.750	0.003737	
2025-09-08 16:22:16.771	continuous	2946	3	->		4	3	0.4118	True	1.248945	0.750	0.003737	
2025-09-08 16:22:16.771	continuous	2947	1	->	2	3	3	0.4763	True	0.763904	0.750	0.003736	
2025-09-08 16:22:16.771	continuous	2948	1	->	2	3	3	0.4799	True	0.741889	0.750	0.003736	
2025-09-08 16:22:16.772	continuous	2949	2	->		3	3	0.4682	True	0.743551	0.750	0.003736	
2025-09-08 16:22:16.772	continuous	2950	2	->		3	3	0.4718	True	0.724086	0.750	0.003735	
2025-09-08 16:22:16.772	continuous	2951	4	->		5	3	0.4255	True	2.860040	0.750	0.003735	
2025-09-08 16:22:16.772	continuous	2952	1	->	2	3	3	0.4867	True	0.690324	0.750	0.003735	
2025-09-08 16:22:16.772	continuous	2953	4	->		5	3	0.4240	True	2.818039	0.750	0.003734	
2025-09-08 16:22:16.772	continuous	2954	2	->	3	4	3	0.4623	True	1.307494	0.750	0.003734	
2025-09-08 16:22:16.773	continuous	2955	1	->	2	3	3	0.4837	True	0.700841	0.750	0.003733	
2025-09-08 16:22:16.773	continuous	2956	2	->	3	4	3	0.4639	True	1.291031	0.750	0.003733	
2025-09-08 16:22:16.773	continuous	2957	2	->		3	3	0.4696	True	0.725909	0.750	0.003733	
2025-09-08 16:22:16.773	continuous	2958	1	->		2	3	0.4590	True	1.873735	0.750	0.003732	
2025-09-08 16:22:16.773	continuous	2959	2	->		3	3	0.4688	True	0.721671	0.750	0.003732	
2025-09-08 16:22:16.774	continuous	2960	3	->		4	3	0.4196	True	1.305972	0.750	0.003732	
2025-09-08 16:22:16.774	continuous	2961	3	->		4	3	0.4185	True	1.276994	0.750	0.003731	
2025-09-08 16:22:16.774	continuous	2962	3	->		4	3	0.4177	True	1.248649	0.750	0.003731	
2025-09-08 16:22:16.774	continuous	2963	1	->		2	3	0.4545	True	1.858140	0.750	0.003730	
2025-09-08 16:22:16.774	continuous	2964	1	->		2	3	0.4505	True	1.811455	0.750	0.003730	
2025-09-08 16:22:16.774	continuous	2965	3	->	4	5	3	0.3924	True	2.721437	0.750	0.003730	
2025-09-08 16:22:16.775	continuous	2966	2	->	3	4	3	0.4491	True	1.218521	0.750	0.003729	
2025-09-08 16:22:16.775	continuous	2967	1	->	2	3	3	0.4700	True	0.789551	0.750	0.003729	
2025-09-08 16:22:16.775	continuous	2968	1	->	2	3	3	0.4735	True	0.766743	0.750	0.003729	
2025-09-08 16:22:16.775	continuous	2969	3	->		4	3	0.4111	True	1.244051	0.750	0.003728	
2025-09-08 16:22:16.775	continuous	2970	2	->		3	3	0.4610	True	0.784501	0.750	0.003728	
2025-09-08 16:22:16.775	continuous	2971	1	->	2	3	3	0.4795	True	0.741384	0.750	0.003727	
2025-09-08 16:22:16.776	continuous	2972	1	->		2	3	0.4539	True	1.832818	0.750	0.003727	
2025-09-08 16:22:16.776	continuous	2973	3	->	4	5	3	0.3947	True	2.709161	0.750	0.003727	
2025-09-08 16:22:16.776	continuous	2974	1	->		2	3	0.4460	True	1.782319	0.750	0.003726	
2025-09-08 16:22:16.776	continuous	2975	1	->	2	3	3	0.4708	True	0.757150	0.750	0.003726	
2025-09-08 16:22:16.776	continuous	2976	1	->		2	3	0.4457	True	1.752643	0.750	0.003726	
2025-09-08 16:22:16.776	continuous	2977	1	->	2	3	3	0.4706	True	0.750807	0.750	0.003725	
2025-09-08 16:22:16.777	continuous	2978	2	->	3	4	3	0.4518	True	1.299372	0.750	0.003725	
2025-09-08 16:22:16.777	continuous	2979	1	->		2	3	0.4440	True	1.729944	0.750	0.003724	
2025-09-08 16:22:16.777	continuous	2980	3	->		4	3	0.4043	True	1.284632	0.750	0.003724	
2025-09-08 16:22:16.778	continuous	2981	2	->		3	3	0.4530	True	0.804514	0.750	0.003724	
2025-09-08 16:22:16.778	continuous	2982	1	->	2	3	3	0.4711	True	0.760901	0.750	0.003723	
2025-09-08 16:22:16.778	continuous	2983	3	->		4	3	0.4094	True	1.291152	0.750	0.003723	
2025-09-08 16:22:16.779	continuous	2984	1	->	2	3	3	0.4735	True	0.756709	0.750	0.003723	
2025-09-08 16:22:16.779	continuous	2985	3	->		4	3	0.4117	True	1.280652	0.750	0.003722	
2025-09-08 16:22:16.779	continuous	2986	1	->		2	3	0.4476	True	1.751835	0.750	0.003722	
2025-09-08 16:22:16.779	continuous	2987	1	->	2	3	3	0.4721	True	0.767701	0.750	0.003721	
2025-09-08 16:22:16.780	continuous	2988	3	->		4	3	0.4108	True	1.277282	0.750	0.003721	
2025-09-08 16:22:16.780	continuous	2989	2	->		3	3	0.4597	True	0.785492	0.750	0.003721	
2025-09-08 16:22:16.780	continuous	2990	2	->	3	4	3	0.4559	True	1.252333	0.750	0.003720	
2025-09-08 16:22:16.780	continuous	2991	2	->		3	3	0.4617	True	0.784998	0.750	0.003720	
2025-09-08 16:22:16.780	continuous	2992	1	->		2	3	0.4515	True	1.765237	0.750	0.003720	
2025-09-08 16:22:16.780	continuous	2993	4	->		5	3	0.4137	True	2.793676	0.750	0.003719	
2025-09-08 16:22:16.781	continuous	2994	2	->	3	4	3	0.4500	True	1.246122	0.750	0.003719	
2025-09-08 16:22:16.781	continuous	2995	2	->		3	3	0.4559	True	0.807148	0.750	0.003719	
2025-09-08 16:22:16.781	continuous	2996	1	->		2	3	0.4457	True	1.737664	0.750	0.003718	
2025-09-08 16:22:16.781	continuous	2997	3	->		4	3	0.4066	True	1.256066	0.750	0.003718	
2025-09-08 16:22:16.781	continuous	2998	2	->		3	3	0.4548	True	0.817321	0.750	0.003717	
2025-09-08 16:22:16.782	continuous	2999	2	->		3	3	0.4580	True	0.795498	0.750	0.003717	
2025-09-08 16:22:16.782	continuous	3000	1	->	2	3	3	0.4760	True	0.752214	0.750	0.003717	
2025-09-08 16:22:16.782	continuous	3001	1	->	2	3	3	0.4798	True	0.730512	0.750	0.003716	
2025-09-08 16:22:16.782	continuous	3002	1	->	2	3	3	0.4837	True	0.709559	0.750	0.003716	
2025-09-08 16:22:16.782	continuous	3003	1	->	2	3	3	0.4878	True	0.689331	0.750	0.003716	
2025-09-08 16:22:16.783	continuous	3004	1	->	2	3	3	0.4921	True	0.669804	0.750	0.003715	
2025-09-08 16:22:16.783	continuous	3005	2	->		3	3	0.4805	True	0.676017	0.750	0.003715	
2025-09-08 16:22:16.783	continuous	3006	3	->		4	3	0.4306	True	1.368588	0.750	0.003714	
2025-09-08 16:22:16.783	continuous	3007	3	->		4	3	0.4289	True	1.337403	0.750	0.003714	
2025-09-08 16:22:16.783	continuous	3008	1	->	2	3	3	0.4956	True	0.668748	0.750	0.003714	
2025-09-08 16:22:16.783	continuous	3009	2	->		3	3	0.4840	True	0.674460	0.750	0.003713	
2025-09-08 16:22:16.784	continuous	3010	1	->		2	3	0.4732	True	1.862929	0.750	0.003713	
2025-09-08 16:22:16.784	continuous	3011	2	->	3	4	3	0.4753	True	1.347932	0.750	0.003713	
2025-09-08 16:22:16.784	continuous	3012	1	->		2	3	0.4659	True	1.817530	0.750	0.003712	
2025-09-08 16:22:16.784	continuous	3013	1	->	2	3	3	0.4911	True	0.684601	0.750	0.003712	
2025-09-08 16:22:16.784	continuous	3014	1	->	2	3	3	0.4954	True	0.665067	0.750	0.003711	
2025-09-08 16:22:16.785	continuous	3015	1	->	2	3	3	0.4997	True	0.646219	0.750	0.003711	
2025-09-08 16:22:16.785	continuous	3016	2	->		3	3	0.4881	True	0.653457	0.750	0.003711	
2025-09-08 16:22:16.785	continuous	3017	3	->		4	3	0.4377	True	1.386895	0.750	0.003710	
2025-09-08 16:22:16.785	continuous	3018	2	->	3	4	3	0.4816	True	1.359277	0.750	0.003710	
2025-09-08 16:22:16.785	continuous	3019	2	->		3	3	0.4864	True	0.674572	0.750	0.003710	
2025-09-08 16:22:16.785	continuous	3020	2	->		3	3	0.4905	True	0.656833	0.750	0.003709	
2025-09-08 16:22:16.786	continuous	3021	2	->		3	3	0.4947	True	0.639667	0.750	0.003709	
2025-09-08 16:22:16.786	continuous	3022	2	->		3	3	0.4989	True	0.623055	0.750	0.003708	
2025-09-08 16:22:16.786	continuous	3023	1	->	2	3	3	0.5198	True	0.581523	0.750	0.003708	
2025-09-08 16:22:16.786	continuous	3024	1	->	2	3	3	0.5245	True	0.565473	0.750	0.003708	
2025-09-08 16:22:16.786	continuous	3025	1	->	2	3	3	0.5293	True	0.549997	0.750	0.003707	
2025-09-08 16:22:16.787	continuous	3026	3	->		4	3	0.4584	True	1.442097	0.750	0.003707	
2025-09-08 16:22:16.787	continuous	3027	2	->	3	4	3	0.5042	True	1.425120	0.750	0.003707	
2025-09-08 16:22:16.787	continuous	3028	2	->		3	3	0.5084	True	0.599835	0.750	0.003706	
2025-09-08 16:22:16.787	continuous	3029	1	->		2	3	0.4968	True	1.967524	0.750	0.003706	
2025-09-08 16:22:16.788	continuous	3030	3	->		4	3	0.4507	True	1.387851	0.750	0.003706	
2025-09-08 16:22:16.788	continuous	3031	3	->		4	3	0.4484	True	1.354702	0.750	0.003705	
2025-09-08 16:22:16.788	continuous	3032	2	->		3	3	0.5007	True	0.635690	0.750	0.003705	
2025-09-08 16:22:16.788	continuous	3033	3	->	4	5	3	0.4309	True	2.864757	0.750	0.003704	
2025-09-08 16:22:16.788	continuous	3034	2	->	3	4	3	0.4920	True	1.346873	0.750	0.003704	
2025-09-08 16:22:16.788	continuous	3035	3	->		4	3	0.4424	True	1.304592	0.750	0.003704	
2025-09-08 16:22:16.789	continuous	3036	2	->	3	4	3	0.4865	True	1.269971	0.750	0.003703	
2025-09-08 16:22:16.789	continuous	3037	1	->		2	3	0.4772	True	1.936138	0.750	0.003703	
2025-09-08 16:22:16.789	continuous	3038	1	->		2	3	0.4724	True	1.885042	0.750	0.003703	
2025-09-08 16:22:16.789	continuous	3039	1	->	2	3	3	0.4972	True	0.695821	0.750	0.003702	
2025-09-08 16:22:16.789	continuous	3040	2	->		3	3	0.4859	True	0.698678	0.750	0.003702	
2025-09-08 16:22:16.790	continuous	3041	1	->	2	3	3	0.5052	True	0.656130	0.750	0.003701	
2025-09-08 16:22:16.790	continuous	3042	2	->	3	4	3	0.4860	True	1.305567	0.750	0.003701	
2025-09-08 16:22:16.790	continuous	3043	1	->	2	3	3	0.5064	True	0.659243	0.750	0.003701	
2025-09-08 16:22:16.790	continuous	3044	3	->		4	3	0.4416	True	1.289429	0.750	0.003700	
2025-09-08 16:22:16.790	continuous	3045	2	->	3	4	3	0.4852	True	1.252869	0.750	0.003700	
2025-09-08 16:22:16.790	continuous	3046	2	->		3	3	0.4904	True	0.704143	0.750	0.003700	
2025-09-08 16:22:16.791	continuous	3047	1	->		2	3	0.4796	True	1.923211	0.750	0.003699	
2025-09-08 16:22:16.791	continuous	3048	3	->		4	3	0.4375	True	1.248808	0.750	0.003699	
2025-09-08 16:22:16.791	continuous	3049	2	->	3	4	3	0.4803	True	1.207082	0.750	0.003698	
2025-09-08 16:22:16.791	continuous	3050	2	->		3	3	0.4859	True	0.740114	0.750	0.003698	
2025-09-08 16:22:16.791	continuous	3051	2	->	3	4	3	0.4821	True	1.192196	0.750	0.003698	
2025-09-08 16:22:16.792	continuous	3052	2	->		3	3	0.4876	True	0.741664	0.750	0.003697	
2025-09-08 16:22:16.792	continuous	3053	3	->		4	3	0.4399	True	1.192468	0.750	0.003697	
2025-09-08 16:22:16.792	continuous	3054	3	->		4	3	0.4394	True	1.164178	0.750	0.003697	
2025-09-08 16:22:16.792	continuous	3055	3	->		4	3	0.4390	True	1.136584	0.750	0.003696	
2025-09-08 16:22:16.792	continuous	3056	2	->		3	3	0.4885	True	0.778386	0.750	0.003696	
2025-09-08 16:22:16.792	continuous	3057	1	->	2	3	3	0.5059	True	0.736111	0.750	0.003696	
2025-09-08 16:22:16.793	continuous	3058	3	->		4	3	0.4439	True	1.149514	0.750	0.003695	
2025-09-08 16:22:16.793	continuous	3059	4	->		5	3	0.4452	True	2.971116	0.750	0.003695	
2025-09-08 16:22:16.793	continuous	3060	2	->		3	3	0.4892	True	0.760769	0.750	0.003694	
2025-09-08 16:22:16.793	continuous	3061	2	->		3	3	0.4923	True	0.738989	0.750	0.003694	
2025-09-08 16:22:16.793	continuous	3062	1	->	2	3	3	0.5105	True	0.696948	0.750	0.003694	
2025-09-08 16:22:16.794	continuous	3063	2	->	3	4	3	0.4918	True	1.172159	0.750	0.003693	
2025-09-08 16:22:16.794	continuous	3064	3	->	4	5	3	0.4274	True	2.863110	0.750	0.003693	
2025-09-08 16:22:16.794	continuous	3065	3	->		4	3	0.4413	True	1.156295	0.750	0.003693	
2025-09-08 16:22:16.794	continuous	3066	3	->	4	5	3	0.4223	True	2.817536	0.750	0.003692	
2025-09-08 16:22:16.795	continuous	3067	2	->		3	3	0.4878	True	0.754086	0.750	0.003692	
2025-09-08 16:22:16.795	continuous	3068	2	->		3	3	0.4910	True	0.732702	0.750	0.003691	
2025-09-08 16:22:16.796	continuous	3069	2	->		3	3	0.4943	True	0.712061	0.750	0.003691	
2025-09-08 16:22:16.796	continuous	3070	2	->	3	4	3	0.4904	True	1.177552	0.750	0.003691	
2025-09-08 16:22:16.796	continuous	3071	1	->	2	3	3	0.5110	True	0.693719	0.750	0.003690	
2025-09-08 16:22:16.796	continuous	3072	1	->		2	3	0.4845	True	2.056056	0.750	0.003690	
2025-09-08 16:22:16.796	continuous	3073	1	->	2	3	3	0.5093	True	0.686260	0.750	0.003690	
2025-09-08 16:22:16.797	continuous	3074	1	->	2	3	3	0.5131	True	0.665418	0.750	0.003689	
2025-09-08 16:22:16.797	continuous	3075	2	->		3	3	0.5016	True	0.668282	0.750	0.003689	
2025-09-08 16:22:16.797	continuous	3076	1	->		2	3	0.4900	True	2.044569	0.750	0.003689	
2025-09-08 16:22:16.797	continuous	3077	2	->		3	3	0.5000	True	0.664468	0.750	0.003688	
2025-09-08 16:22:16.797	continuous	3078	3	->		4	3	0.4493	True	1.264845	0.750	0.003688	
2025-09-08 16:22:16.797	continuous	3079	3	->		4	3	0.4479	True	1.234254	0.750	0.003687	
2025-09-08 16:22:16.798	continuous	3080	2	->	3	4	3	0.4923	True	1.193863	0.750	0.003687	
2025-09-08 16:22:16.798	continuous	3081	3	->		4	3	0.4454	True	1.171479	0.750	0.003687	
2025-09-08 16:22:16.798	continuous	3082	1	->		2	3	0.4820	True	2.023325	0.750	0.003686	
2025-09-08 16:22:16.798	continuous	3083	2	->	3	4	3	0.4846	True	1.129811	0.750	0.003686	
2025-09-08 16:22:16.798	continuous	3084	3	->	4	5	3	0.4214	True	2.820717	0.750	0.003686	
2025-09-08 16:22:16.799	continuous	3085	2	->		3	3	0.4863	True	0.769507	0.750	0.003685	
2025-09-08 16:22:16.799	continuous	3086	3	->		4	3	0.4380	True	1.142611	0.750	0.003685	
2025-09-08 16:22:16.799	continuous	3087	2	->		3	3	0.4887	True	0.766849	0.750	0.003684	
2025-09-08 16:22:16.799	continuous	3088	2	->	3	4	3	0.4847	True	1.113277	0.750	0.003684	
2025-09-08 16:22:16.799	continuous	3089	1	->	2	3	3	0.5051	True	0.748619	0.750	0.003684	
2025-09-08 16:22:16.799	continuous	3090	2	->		3	3	0.4937	True	0.744861	0.750	0.003683	
2025-09-08 16:22:16.800	continuous	3091	2	->		3	3	0.4969	True	0.723438	0.750	0.003683	
2025-09-08 16:22:16.800	continuous	3092	3	->		4	3	0.4476	True	1.164353	0.750	0.003683	
2025-09-08 16:22:16.800	continuous	3093	1	->		2	3	0.4844	True	2.053113	0.750	0.003682	
2025-09-08 16:22:16.800	continuous	3094	2	->	3	4	3	0.4870	True	1.122279	0.750	0.003682	
2025-09-08 16:22:16.800	continuous	3095	2	->		3	3	0.4929	True	0.758729	0.750	0.003682	
2025-09-08 16:22:16.800	continuous	3096	3	->		4	3	0.4445	True	1.131271	0.750	0.003681	
2025-09-08 16:22:16.801	continuous	3097	1	->	2	3	3	0.5095	True	0.737471	0.750	0.003681	
2025-09-08 16:22:16.801	continuous	3098	2	->		3	3	0.4983	True	0.733767	0.750	0.003680	
2025-09-08 16:22:16.801	continuous	3099	1	->	2	3	3	0.5161	True	0.692197	0.750	0.003680	
2025-09-08 16:22:16.801	continuous	3100	3	->		4	3	0.4522	True	1.165134	0.750	0.003680	
2025-09-08 16:22:16.802	continuous	3101	2	->		3	3	0.5037	True	0.711306	0.750	0.003679	
2025-09-08 16:22:16.802	continuous	3102	2	->	3	4	3	0.4997	True	1.142294	0.750	0.003679	
2025-09-08 16:22:16.802	continuous	3103	2	->		3	3	0.5053	True	0.714262	0.750	0.003679	
2025-09-08 16:22:16.802	continuous	3104	2	->	3	4	3	0.5013	True	1.128958	0.750	0.003678	
2025-09-08 16:22:16.802	continuous	3105	1	->	2	3	3	0.5213	True	0.697661	0.750	0.003678	
2025-09-08 16:22:16.803	continuous	3106	1	->	2	3	3	0.5248	True	0.675378	0.750	0.003677	
2025-09-08 16:22:16.803	continuous	3107	1	->	2	3	3	0.5284	True	0.654019	0.750	0.003677	
2025-09-08 16:22:16.803	continuous	3108	3	->		4	3	0.4633	True	1.174905	0.750	0.003677	
2025-09-08 16:22:16.804	continuous	3109	2	->	3	4	3	0.5081	True	1.132402	0.750	0.003676	
2025-09-08 16:22:16.804	continuous	3110	2	->		3	3	0.5135	True	0.698944	0.750	0.003676	
2025-09-08 16:22:16.804	continuous	3111	2	->	3	4	3	0.5095	True	1.119060	0.750	0.003676	
2025-09-08 16:22:16.805	continuous	3112	3	->	4	5	3	0.4436	True	2.905651	0.750	0.003675	
2025-09-08 16:22:16.805	continuous	3113	2	->	3	4	3	0.5033	True	1.084591	0.750	0.003675	
2025-09-08 16:22:16.805	continuous	3114	2	->		3	3	0.5092	True	0.733794	0.750	0.003675	
2025-09-08 16:22:16.805	continuous	3115	2	->		3	3	0.5122	True	0.711873	0.750	0.003674	
2025-09-08 16:22:16.805	continuous	3116	3	->		4	3	0.4621	True	1.114801	0.750	0.003674	
2025-09-08 16:22:16.805	continuous	3117	1	->	2	3	3	0.5287	True	0.692280	0.750	0.003673	
2025-09-08 16:22:16.806	continuous	3118	1	->		2	3	0.5022	True	2.207815	0.750	0.003673	
2025-09-08 16:22:16.806	continuous	3119	3	->		4	3	0.4592	True	1.113700	0.750	0.003673	
2025-09-08 16:22:16.806	continuous	3120	2	->		3	3	0.5108	True	0.722786	0.750	0.003672	
2025-09-08 16:22:16.806	continuous	3121	2	->	3	4	3	0.5068	True	1.088028	0.750	0.003672	
2025-09-08 16:22:16.806	continuous	3122	1	->		2	3	0.4977	True	2.172158	0.750	0.003672	
2025-09-08 16:22:16.806	continuous	3123	3	->		4	3	0.4557	True	1.081641	0.750	0.003671	
2025-09-08 16:22:16.807	continuous	3124	1	->		2	3	0.4921	True	2.121180	0.750	0.003671	
2025-09-08 16:22:16.807	continuous	3125	2	->		3	3	0.5016	True	0.770564	0.750	0.003670	
2025-09-08 16:22:16.807	continuous	3126	1	->		2	3	0.4897	True	2.077154	0.750	0.003670	
2025-09-08 16:22:16.807	continuous	3127	1	->	2	3	3	0.5132	True	0.741793	0.750	0.003670	
2025-09-08 16:22:16.807	continuous	3128	2	->		3	3	0.5023	True	0.736832	0.750	0.003669	
2025-09-08 16:22:16.807	continuous	3129	3	->		4	3	0.4539	True	1.131100	0.750	0.003669	
2025-09-08 16:22:16.808	continuous	3130	2	->	3	4	3	0.4977	True	1.081469	0.750	0.003669	
2025-09-08 16:22:16.808	continuous	3131	1	->	2	3	3	0.5174	True	0.741384	0.750	0.003668	
2025-09-08 16:22:16.808	continuous	3132	3	->	4	5	3	0.4365	True	2.893609	0.750	0.003668	
2025-09-08 16:22:16.808	continuous	3133	2	->	3	4	3	0.4953	True	1.074759	0.750	0.003668	
2025-09-08 16:22:16.808	continuous	3134	3	->		4	3	0.4504	True	1.068082	0.750	0.003667	
2025-09-08 16:22:16.808	continuous	3135	2	->	3	4	3	0.4945	True	1.011150	0.750	0.003667	
2025-09-08 16:22:16.809	continuous	3136	3	->		4	3	0.4509	True	1.013725	0.750	0.003666	
2025-09-08 16:22:16.809	continuous	3137	1	->		2	3	0.4872	True	2.093481	0.750	0.003666	
2025-09-08 16:22:16.809	continuous	3138	3	->		4	3	0.4473	True	0.998251	0.750	0.003666	
2025-09-08 16:22:16.809	continuous	3139	2	->	3	4	3	0.4913	True	0.933705	0.750	0.003665	
2025-09-08 16:22:16.809	continuous	3140	1	->	2	3	3	0.5118	True	0.875616	0.750	0.003665	
2025-09-08 16:22:16.809	continuous	3141	1	->		2	3	0.4856	True	2.066906	0.750	0.003665	
2025-09-08 16:22:16.810	continuous	3142	1	->	2	3	3	0.5083	True	0.855671	0.750	0.003664	
2025-09-08 16:22:16.810	continuous	3143	2	->	3	4	3	0.4905	True	0.965023	0.750	0.003664	
2025-09-08 16:22:16.810	continuous	3144	1	->	2	3	3	0.5107	True	0.851751	0.750	0.003664	
2025-09-08 16:22:16.810	continuous	3145	1	->		2	3	0.4849	True	2.042688	0.750	0.003663	
2025-09-08 16:22:16.811	continuous	3146	1	->	2	3	3	0.5076	True	0.833681	0.750	0.003663	
2025-09-08 16:22:16.811	continuous	3147	2	->		3	3	0.4963	True	0.821532	0.750	0.003662	
2025-09-08 16:22:16.811	continuous	3148	2	->	3	4	3	0.4923	True	1.018437	0.750	0.003662	
2025-09-08 16:22:16.812	continuous	3149	2	->		3	3	0.4985	True	0.820455	0.750	0.003662	
2025-09-08 16:22:16.812	continuous	3150	1	->		2	3	0.4864	True	2.031429	0.750	0.003661	
2025-09-08 16:22:16.812	continuous	3151	1	->	2	3	3	0.5094	True	0.790726	0.750	0.003661	
2025-09-08 16:22:16.812	continuous	3152	1	->	2	3	3	0.5120	True	0.764438	0.750	0.003661	
2025-09-08 16:22:16.813	continuous	3153	2	->		3	3	0.5014	True	0.757665	0.750	0.003660	
2025-09-08 16:22:16.813	continuous	3154	1	->	2	3	3	0.5181	True	0.715926	0.750	0.003660	
2025-09-08 16:22:16.813	continuous	3155	1	->	2	3	3	0.5215	True	0.692762	0.750	0.003659	
2025-09-08 16:22:16.813	continuous	3156	2	->		3	3	0.5109	True	0.691044	0.750	0.003659	
2025-09-08 16:22:16.813	continuous	3157	3	->		4	3	0.4619	True	1.175321	0.750	0.003659	
2025-09-08 16:22:16.813	continuous	3158	3	->		4	3	0.4610	True	1.145693	0.750	0.003658	
2025-09-08 16:22:16.814	continuous	3159	3	->		4	3	0.4603	True	1.116891	0.750	0.003658	
2025-09-08 16:22:16.814	continuous	3160	3	->		4	3	0.4600	True	1.088876	0.750	0.003658	
2025-09-08 16:22:16.814	continuous	3161	2	->	3	4	3	0.5035	True	1.036245	0.750	0.003657	
2025-09-08 16:22:16.814	continuous	3162	3	->	4	5	3	0.4410	True	2.938631	0.750	0.003657	
2025-09-08 16:22:16.815	continuous	3163	1	->	2	3	3	0.5187	True	0.766785	0.750	0.003657	
2025-09-08 16:22:16.815	continuous	3164	2	->		3	3	0.5077	True	0.758731	0.750	0.003656	
2025-09-08 16:22:16.815	continuous	3165	1	->	2	3	3	0.5243	True	0.717143	0.750	0.003656	
2025-09-08 16:22:16.815	continuous	3166	3	->		4	3	0.4619	True	1.101384	0.750	0.003655	
2025-09-08 16:22:16.815	continuous	3167	2	->		3	3	0.5126	True	0.733478	0.750	0.003655	
2025-09-08 16:22:16.815	continuous	3168	1	->	2	3	3	0.5296	True	0.692189	0.750	0.003655	
2025-09-08 16:22:16.816	continuous	3169	2	->		3	3	0.5188	True	0.689163	0.750	0.003654	
2025-09-08 16:22:16.816	continuous	3170	1	->	2	3	3	0.5365	True	0.648376	0.750	0.003654	
2025-09-08 16:22:16.816	continuous	3171	1	->	2	3	3	0.5403	True	0.627532	0.750	0.003654	
2025-09-08 16:22:16.816	continuous	3172	1	->	2	3	3	0.5443	True	0.607582	0.750	0.003653	
2025-09-08 16:22:16.816	continuous	3173	1	->	2	3	3	0.5484	True	0.588485	0.750	0.003653	
2025-09-08 16:22:16.816	continuous	3174	1	->		2	3	0.5208	True	2.215209	0.750	0.003653	
2025-09-08 16:22:16.817	continuous	3175	2	->		3	3	0.5310	True	0.606980	0.750	0.003652	
2025-09-08 16:22:16.817	continuous	3176	2	->		3	3	0.5351	True	0.589733	0.750	0.003652	
2025-09-08 16:22:16.817	continuous	3177	2	->		3	3	0.5392	True	0.573135	0.750	0.003651	
2025-09-08 16:22:16.817	continuous	3178	1	->	2	3	3	0.5590	True	0.534174	0.750	0.003651	
2025-09-08 16:22:16.817	continuous	3179	3	->		4	3	0.4897	True	1.303430	0.750	0.003651	
2025-09-08 16:22:16.818	continuous	3180	2	->		3	3	0.5440	True	0.561313	0.750	0.003650	
2025-09-08 16:22:16.818	continuous	3181	2	->	3	4	3	0.5401	True	1.303645	0.750	0.003650	
2025-09-08 16:22:16.818	continuous	3182	2	->		3	3	0.5436	True	0.569502	0.750	0.003650	
2025-09-08 16:22:16.818	continuous	3183	2	->		3	3	0.5478	True	0.553476	0.750	0.003649	
2025-09-08 16:22:16.818	continuous	3184	1	->	2	3	3	0.5677	True	0.515262	0.750	0.003649	
2025-09-08 16:22:16.819	continuous	3185	2	->		3	3	0.5564	True	0.523106	0.750	0.003649	
2025-09-08 16:22:16.819	continuous	3186	3	->		4	3	0.5012	True	1.328318	0.750	0.003648	
2025-09-08 16:22:16.819	continuous	3187	1	->	2	3	3	0.5722	True	0.505756	0.750	0.003648	
2025-09-08 16:22:16.819	continuous	3188	3	->	4	5	3	0.4813	True	3.035420	0.750	0.003647	
2025-09-08 16:22:16.820	continuous	3189	2	->	3	4	3	0.5467	True	1.330522	0.750	0.003647	
2025-09-08 16:22:16.820	continuous	3190	2	->		3	3	0.5501	True	0.546956	0.750	0.003647	
2025-09-08 16:22:16.820	continuous	3191	1	->	2	3	3	0.5702	True	0.508802	0.750	0.003646	
2025-09-08 16:22:16.820	continuous	3192	3	->		4	3	0.4989	True	1.309528	0.750	0.003646	
2025-09-08 16:22:16.821	continuous	3193	2	->	3	4	3	0.5462	True	1.289249	0.750	0.003646	
2025-09-08 16:22:16.821	continuous	3194	1	->	2	3	3	0.5652	True	0.538638	0.750	0.003645	
2025-09-08 16:22:16.821	continuous	3195	1	->	2	3	3	0.5696	True	0.522188	0.750	0.003645	
2025-09-08 16:22:16.821	continuous	3196	3	->		4	3	0.4993	True	1.275427	0.750	0.003645	
2025-09-08 16:22:16.821	continuous	3197	2	->		3	3	0.5543	True	0.549536	0.750	0.003644	
2025-09-08 16:22:16.822	continuous	3198	3	->		4	3	0.5000	True	1.260889	0.750	0.003644	
2025-09-08 16:22:16.822	continuous	3199	4	->		5	3	0.4995	True	3.111015	0.750	0.003643	
2025-09-08 16:22:16.822	continuous	3200	1	->	2	3	3	0.5646	True	0.541722	0.750	0.003643	
2025-09-08 16:22:16.822	continuous	3201	1	->	2	3	3	0.5689	True	0.525137	0.750	0.003643	
2025-09-08 16:22:16.822	continuous	3202	3	->		4	3	0.4983	True	1.267384	0.750	0.003642	
2025-09-08 16:22:16.822	continuous	3203	2	->		3	3	0.5536	True	0.552437	0.750	0.003642	
2025-09-08 16:22:16.823	continuous	3204	4	->		5	3	0.5011	True	3.075571	0.750	0.003642	
2025-09-08 16:22:16.823	continuous	3205	1	->	2	3	3	0.5678	True	0.523845	0.750	0.003641	
2025-09-08 16:22:16.823	continuous	3206	2	->		3	3	0.5561	True	0.531324	0.750	0.003641	
2025-09-08 16:22:16.823	continuous	3207	2	->		3	3	0.5604	True	0.516670	0.750	0.003641	
2025-09-08 16:22:16.823	continuous	3208	2	->	3	4	3	0.5560	True	1.335776	0.750	0.003640	
2025-09-08 16:22:16.823	continuous	3209	4	->		5	3	0.5015	True	3.038354	0.750	0.003640	
2025-09-08 16:22:16.824	continuous	3210	1	->	2	3	3	0.5695	True	0.513222	0.750	0.003639	
2025-09-08 16:22:16.824	continuous	3211	4	->		5	3	0.4988	True	2.985987	0.750	0.003639	
2025-09-08 16:22:16.824	continuous	3212	2	->		3	3	0.5516	True	0.531717	0.750	0.003639	
2025-09-08 16:22:16.824	continuous	3213	3	->	4	5	3	0.4733	True	2.848644	0.750	0.003638	
2025-09-08 16:22:16.824	continuous	3214	2	->		3	3	0.5503	True	0.526672	0.750	0.003638	
2025-09-08 16:22:16.825	continuous	3215	3	->		4	3	0.4924	True	1.325646	0.750	0.003638	
2025-09-08 16:22:16.825	continuous	3216	3	->		4	3	0.4894	True	1.290469	0.750	0.003637	
2025-09-08 16:22:16.825	continuous	3217	2	->		3	3	0.5467	True	0.551463	0.750	0.003637	
2025-09-08 16:22:16.825	continuous	3218	2	->	3	4	3	0.5423	True	1.290494	0.750	0.003637	
2025-09-08 16:22:16.825	continuous	3219	2	->		3	3	0.5462	True	0.560040	0.750	0.003636	
2025-09-08 16:22:16.825	continuous	3220	3	->	4	5	3	0.4689	True	2.819064	0.750	0.003636	
2025-09-08 16:22:16.826	continuous	3221	2	->	3	4	3	0.5365	True	1.266511	0.750	0.003635	
2025-09-08 16:22:16.826	continuous	3222	1	->		2	3	0.5231	True	2.397780	0.750	0.003635	
2025-09-08 16:22:16.826	continuous	3223	2	->	3	4	3	0.5261	True	1.221112	0.750	0.003635	
2025-09-08 16:22:16.826	continuous	3224	2	->		3	3	0.5307	True	0.615033	0.750	0.003634	
2025-09-08 16:22:16.826	continuous	3225	2	->		3	3	0.5346	True	0.597420	0.750	0.003634	
2025-09-08 16:22:16.826	continuous	3226	2	->	3	4	3	0.5304	True	1.226935	0.750	0.003634	
2025-09-08 16:22:16.827	continuous	3227	3	->		4	3	0.4769	True	1.186974	0.750	0.003633	
2025-09-08 16:22:16.827	continuous	3228	2	->		3	3	0.5325	True	0.624911	0.750	0.003633	
2025-09-08 16:22:16.827	continuous	3229	1	->	2	3	3	0.5514	True	0.585026	0.750	0.003633	
2025-09-08 16:22:16.827	continuous	3230	1	->	2	3	3	0.5555	True	0.566757	0.750	0.003632	
2025-09-08 16:22:16.828	continuous	3231	2	->		3	3	0.5441	True	0.571824	0.750	0.003632	
2025-09-08 16:22:16.828	continuous	3232	3	->	4	5	3	0.4669	True	2.804307	0.750	0.003631	
2025-09-08 16:22:16.829	continuous	3233	4	->		5	3	0.4845	True	2.835397	0.750	0.003631	
2025-09-08 16:22:16.829	continuous	3234	1	->		2	3	0.5193	True	2.387227	0.750	0.003631	
2025-09-08 16:22:16.829	continuous	3235	1	->	2	3	3	0.5465	True	0.565103	0.750	0.003630	
2025-09-08 16:22:16.830	continuous	3236	3	->		4	3	0.4745	True	1.260695	0.750	0.003630	
2025-09-08 16:22:16.830	continuous	3237	2	->	3	4	3	0.5235	True	1.229881	0.750	0.003630	
2025-09-08 16:22:16.830	continuous	3238	3	->		4	3	0.4700	True	1.192214	0.750	0.003629	
2025-09-08 16:22:16.830	continuous	3239	3	->		4	3	0.4686	True	1.161903	0.750	0.003629	
2025-09-08 16:22:16.830	continuous	3240	1	->		2	3	0.5072	True	2.344664	0.750	0.003629	
2025-09-08 16:22:16.831	continuous	3241	2	->	3	4	3	0.5107	True	1.121441	0.750	0.003628	
2025-09-08 16:22:16.831	continuous	3242	2	->	3	4	3	0.5089	True	1.083936	0.750	0.003628	
2025-09-08 16:22:16.831	continuous	3243	2	->		3	3	0.5147	True	0.717243	0.750	0.003627	
2025-09-08 16:22:16.831	continuous	3244	1	->		2	3	0.5013	True	2.302399	0.750	0.003627	
2025-09-08 16:22:16.831	continuous	3245	2	->		3	3	0.5122	True	0.707806	0.750	0.003627	
2025-09-08 16:22:16.832	continuous	3246	3	->		4	3	0.4601	True	1.119205	0.750	0.003626	
2025-09-08 16:22:16.832	continuous	3247	2	->		3	3	0.5143	True	0.707243	0.750	0.003626	
2025-09-08 16:22:16.832	continuous	3248	3	->		4	3	0.4622	True	1.112020	0.750	0.003626	
2025-09-08 16:22:16.832	continuous	3249	1	->	2	3	3	0.5304	True	0.687463	0.750	0.003625	
2025-09-08 16:22:16.832	continuous	3250	2	->	3	4	3	0.5122	True	1.087341	0.750	0.003625	
2025-09-08 16:22:16.833	continuous	3251	1	->	2	3	3	0.5320	True	0.690489	0.750	0.003625	
2025-09-08 16:22:16.833	continuous	3252	1	->	2	3	3	0.5353	True	0.667635	0.750	0.003624	
2025-09-08 16:22:16.833	continuous	3253	2	->		3	3	0.5243	True	0.666214	0.750	0.003624	
2025-09-08 16:22:16.833	continuous	3254	2	->	3	4	3	0.5202	True	1.126715	0.750	0.003623	
2025-09-08 16:22:16.833	continuous	3255	1	->	2	3	3	0.5399	True	0.651051	0.750	0.003623	
2025-09-08 16:22:16.834	continuous	3256	1	->	2	3	3	0.5435	True	0.629797	0.750	0.003623	
2025-09-08 16:22:16.834	continuous	3257	3	->	4	5	3	0.4546	True	2.763437	0.750	0.003622	
2025-09-08 16:22:16.834	continuous	3258	1	->	2	3	3	0.5425	True	0.617393	0.750	0.003622	
2025-09-08 16:22:16.834	continuous	3259	1	->	2	3	3	0.5464	True	0.597819	0.750	0.003622	
2025-09-08 16:22:16.834	continuous	3260	3	->	4	5	3	0.4553	True	2.729076	0.750	0.003621	
2025-09-08 16:22:16.835	continuous	3261	1	->	2	3	3	0.5456	True	0.587442	0.750	0.003621	
2025-09-08 16:22:16.835	continuous	3262	2	->	3	4	3	0.5259	True	1.215468	0.750	0.003621	
2025-09-08 16:22:16.835	continuous	3263	4	->		5	3	0.4738	True	2.767490	0.750	0.003620	
2025-09-08 16:22:16.835	continuous	3264	3	->		4	3	0.4671	True	1.181500	0.750	0.003620	
2025-09-08 16:22:16.835	continuous	3265	1	->		2	3	0.5061	True	2.362130	0.750	0.003619	
2025-09-08 16:22:16.836	continuous	3266	2	->	3	4	3	0.5097	True	1.141759	0.750	0.003619	
2025-09-08 16:22:16.836	continuous	3267	1	->	2	3	3	0.5299	True	0.661916	0.750	0.003619	
2025-09-08 16:22:16.836	continuous	3268	1	->	2	3	3	0.5336	True	0.640701	0.750	0.003618	
2025-09-08 16:22:16.836	continuous	3269	2	->		3	3	0.5223	True	0.642669	0.750	0.003618	
2025-09-08 16:22:16.836	continuous	3270	3	->		4	3	0.4677	True	1.184514	0.750	0.003618	
2025-09-08 16:22:16.837	continuous	3271	2	->		3	3	0.5239	True	0.644264	0.750	0.003617	
2025-09-08 16:22:16.837	continuous	3272	1	->	2	3	3	0.5428	True	0.603210	0.750	0.003617	
2025-09-08 16:22:16.837	continuous	3273	1	->		2	3	0.5136	True	2.370792	0.750	0.003617	
2025-09-08 16:22:16.837	continuous	3274	1	->		2	3	0.5075	True	2.308061	0.750	0.003616	
2025-09-08 16:22:16.838	continuous	3275	2	->	3	4	3	0.5112	True	1.193884	0.750	0.003616	
2025-09-08 16:22:16.838	continuous	3276	2	->		3	3	0.5164	True	0.658081	0.750	0.003615	
2025-09-08 16:22:16.838	continuous	3277	1	->	2	3	3	0.5351	True	0.616629	0.750	0.003615	
2025-09-08 16:22:16.838	continuous	3278	1	->	2	3	3	0.5392	True	0.597505	0.750	0.003615	
2025-09-08 16:22:16.838	continuous	3279	1	->	2	3	3	0.5434	True	0.579180	0.750	0.003614	
2025-09-08 16:22:16.838	continuous	3280	1	->	2	3	3	0.5478	True	0.561617	0.750	0.003614	
2025-09-08 16:22:16.839	continuous	3281	3	->	4	5	3	0.4539	True	2.693758	0.750	0.003614	
2025-09-08 16:22:16.839	continuous	3282	3	->		4	3	0.4704	True	1.268374	0.750	0.003613	
2025-09-08 16:22:16.839	continuous	3283	2	->		3	3	0.5280	True	0.597458	0.750	0.003613	
2025-09-08 16:22:16.839	continuous	3284	1	->	2	3	3	0.5480	True	0.556742	0.750	0.003613	
2025-09-08 16:22:16.839	continuous	3285	1	->		2	3	0.5177	True	2.334662	0.750	0.003612	
2025-09-08 16:22:16.840	continuous	3286	2	->		3	3	0.5297	True	0.578861	0.750	0.003612	
2025-09-08 16:22:16.840	continuous	3287	1	->		2	3	0.5152	True	2.286351	0.750	0.003611	
2025-09-08 16:22:16.840	continuous	3288	2	->		3	3	0.5274	True	0.577588	0.750	0.003611	
2025-09-08 16:22:16.840	continuous	3289	2	->		3	3	0.5318	True	0.561928	0.750	0.003611	
2025-09-08 16:22:16.840	continuous	3290	2	->		3	3	0.5362	True	0.546834	0.750	0.003610	
2025-09-08 16:22:16.841	continuous	3291	1	->	2	3	3	0.5571	True	0.507329	0.750	0.003610	
2025-09-08 16:22:16.841	continuous	3292	2	->	3	4	3	0.5360	True	1.396228	0.750	0.003610	
2025-09-08 16:22:16.841	continuous	3293	1	->	2	3	3	0.5561	True	0.516158	0.750	0.003609	
2025-09-08 16:22:16.841	continuous	3294	2	->		3	3	0.5442	True	0.526459	0.750	0.003609	
2025-09-08 16:22:16.841	continuous	3295	2	->		3	3	0.5487	True	0.512558	0.750	0.003609	
2025-09-08 16:22:16.842	continuous	3296	2	->		3	3	0.5532	True	0.499156	0.750	0.003608	
2025-09-08 16:22:16.842	continuous	3297	2	->	3	4	3	0.5483	True	1.438645	0.750	0.003608	
2025-09-08 16:22:16.842	continuous	3298	1	->	2	3	3	0.5684	True	0.484042	0.750	0.003608	
2025-09-08 16:22:16.842	continuous	3299	1	->	2	3	3	0.5731	True	0.470469	0.750	0.003607	
2025-09-08 16:22:16.842	continuous	3300	2	->		3	3	0.5606	True	0.482650	0.750	0.003607	
2025-09-08 16:22:16.842	continuous	3301	1	->	2	3	3	0.5826	True	0.445062	0.750	0.003606	
2025-09-08 16:22:16.843	continuous	3302	2	->		3	3	0.5697	True	0.458331	0.750	0.003606	
2025-09-08 16:22:16.843	continuous	3303	2	->	3	4	3	0.5643	True	1.500481	0.750	0.003606	
2025-09-08 16:22:16.843	continuous	3304	1	->	2	3	3	0.5847	True	0.444053	0.750	0.003605	
2025-09-08 16:22:16.843	continuous	3305	3	->	4	5	3	0.4813	True	2.769126	0.750	0.003605	
2025-09-08 16:22:16.843	continuous	3306	2	->		3	3	0.5656	True	0.467104	0.750	0.003605	
2025-09-08 16:22:16.844	continuous	3307	1	->	2	3	3	0.5881	True	0.429837	0.750	0.003604	
2025-09-08 16:22:16.844	continuous	3308	2	->	3	4	3	0.5646	True	1.507223	0.750	0.003604	
2025-09-08 16:22:16.845	continuous	3309	2	->		3	3	0.5676	True	0.466218	0.750	0.003604	
2025-09-08 16:22:16.845	continuous	3310	2	->	3	4	3	0.5622	True	1.474846	0.750	0.003603	
2025-09-08 16:22:16.845	continuous	3311	2	->		3	3	0.5653	True	0.476904	0.750	0.003603	
2025-09-08 16:22:16.846	continuous	3312	2	->		3	3	0.5699	True	0.464597	0.750	0.003602	
2025-09-08 16:22:16.846	continuous	3313	4	->		5	3	0.5088	True	2.843400	0.750	0.003602	
2025-09-08 16:22:16.846	continuous	3314	1	->		2	3	0.5468	True	2.440593	0.750	0.003602	
2025-09-08 16:22:16.846	continuous	3315	2	->		3	3	0.5599	True	0.478597	0.750	0.003601	
2025-09-08 16:22:16.846	continuous	3316	3	->	4	5	3	0.4733	True	2.693487	0.750	0.003601	
2025-09-08 16:22:16.846	continuous	3317	1	->		2	3	0.5374	True	2.373610	0.750	0.003601	
2025-09-08 16:22:16.847	continuous	3318	5	->		6	3	0.4944	True	5.581181	0.750	0.003600	
2025-09-08 16:22:16.847	continuous	3319	2	->	3	4	3	0.5335	True	1.452064	0.750	0.003600	
2025-09-08 16:22:16.847	continuous	3320	1	->	2	3	3	0.5546	True	0.501127	0.750	0.003600	
2025-09-08 16:22:16.847	continuous	3321	4	->		5	3	0.4774	True	2.688482	0.750	0.003599	
2025-09-08 16:22:16.847	continuous	3322	2	->		3	3	0.5361	True	0.524070	0.750	0.003599	
2025-09-08 16:22:16.848	continuous	3323	3	->		4	3	0.4733	True	1.414963	0.750	0.003599	
2025-09-08 16:22:16.848	continuous	3324	3	->		4	3	0.4702	True	1.379938	0.750	0.003598	
2025-09-08 16:22:16.848	continuous	3325	2	->	3	4	3	0.5229	True	1.362021	0.750	0.003598	
2025-09-08 16:22:16.848	continuous	3326	1	->	2	3	3	0.5438	True	0.544066	0.750	0.003597	
2025-09-08 16:22:16.848	continuous	3327	2	->		3	3	0.5318	True	0.553900	0.750	0.003597	
2025-09-08 16:22:16.849	continuous	3328	2	->	3	4	3	0.5269	True	1.361644	0.750	0.003597	
2025-09-08 16:22:16.849	continuous	3329	3	->		4	3	0.4675	True	1.305286	0.750	0.003596	
2025-09-08 16:22:16.849	continuous	3330	1	->		2	3	0.5086	True	2.316659	0.750	0.003596	
2025-09-08 16:22:16.849	continuous	3331	2	->	3	4	3	0.5130	True	1.276851	0.750	0.003596	
2025-09-08 16:22:16.849	continuous	3332	3	->		4	3	0.4571	True	1.238054	0.750	0.003595	
2025-09-08 16:22:16.849	continuous	3333	1	->	2	3	3	0.5309	True	0.613511	0.750	0.003595	
2025-09-08 16:22:16.850	continuous	3334	1	->	2	3	3	0.5351	True	0.594907	0.750	0.003595	
2025-09-08 16:22:16.850	continuous	3335	2	->		3	3	0.5236	True	0.601336	0.750	0.003594	
2025-09-08 16:22:16.850	continuous	3336	1	->	2	3	3	0.5437	True	0.560327	0.750	0.003594	
2025-09-08 16:22:16.850	continuous	3337	2	->	3	4	3	0.5230	True	1.293989	0.750	0.003593	
2025-09-08 16:22:16.850	continuous	3338	3	->		4	3	0.4658	True	1.248801	0.750	0.003593	
2025-09-08 16:22:16.851	continuous	3339	4	->		5	3	0.4655	True	2.689246	0.750	0.003593	
2025-09-08 16:22:16.851	continuous	3340	2	->		3	3	0.5199	True	0.620632	0.750	0.003592	
2025-09-08 16:22:16.851	continuous	3341	2	->		3	3	0.5239	True	0.603361	0.750	0.003592	
2025-09-08 16:22:16.851	continuous	3342	1	->	2	3	3	0.5439	True	0.562381	0.750	0.003592	
2025-09-08 16:22:16.851	continuous	3343	3	->	4	5	3	0.4463	True	2.589872	0.750	0.003591	
2025-09-08 16:22:16.852	continuous	3344	1	->	2	3	3	0.5434	True	0.554667	0.750	0.003591	
2025-09-08 16:22:16.852	continuous	3345	2	->		3	3	0.5315	True	0.563742	0.750	0.003591	
2025-09-08 16:22:16.852	continuous	3346	1	->	2	3	3	0.5524	True	0.523346	0.750	0.003590	
2025-09-08 16:22:16.852	continuous	3347	2	->		3	3	0.5402	True	0.534047	0.750	0.003590	
2025-09-08 16:22:16.852	continuous	3348	1	->	2	3	3	0.5617	True	0.494395	0.750	0.003590	
2025-09-08 16:22:16.853	continuous	3349	1	->		2	3	0.5280	True	2.403148	0.750	0.003589	
2025-09-08 16:22:16.853	continuous	3350	1	->	2	3	3	0.5589	True	0.495131	0.750	0.003589	
2025-09-08 16:22:16.853	continuous	3351	3	->		4	3	0.4788	True	1.389534	0.750	0.003588	
2025-09-08 16:22:16.853	continuous	3352	3	->	4	5	3	0.4523	True	2.585553	0.750	0.003588	
2025-09-08 16:22:16.853	continuous	3353	1	->	2	3	3	0.5536	True	0.509253	0.750	0.003588	
2025-09-08 16:22:16.854	continuous	3354	2	->		3	3	0.5411	True	0.521291	0.750	0.003587	
2025-09-08 16:22:16.854	continuous	3355	2	->	3	4	3	0.5357	True	1.417905	0.750	0.003587	
2025-09-08 16:22:16.854	continuous	3356	1	->	2	3	3	0.5571	True	0.504280	0.750	0.003587	
2025-09-08 16:22:16.854	continuous	3357	2	->	3	4	3	0.5346	True	1.391889	0.750	0.003586	
2025-09-08 16:22:16.854	continuous	3358	2	->		3	3	0.5391	True	0.538892	0.750	0.003586	
2025-09-08 16:22:16.854	continuous	3359	1	->	2	3	3	0.5606	True	0.498843	0.750	0.003586	
2025-09-08 16:22:16.855	continuous	3360	1	->	2	3	3	0.5653	True	0.484892	0.750	0.003585	
2025-09-08 16:22:16.855	continuous	3361	1	->		2	3	0.5311	True	2.417459	0.750	0.003585	
2025-09-08 16:22:16.855	continuous	3362	2	->		3	3	0.5450	True	0.512339	0.750	0.003585	
2025-09-08 16:22:16.855	continuous	3363	2	->		3	3	0.5496	True	0.499186	0.750	0.003584	
2025-09-08 16:22:16.855	continuous	3364	2	->	3	4	3	0.5440	True	1.451032	0.750	0.003584	
2025-09-08 16:22:16.856	continuous	3365	3	->		4	3	0.4804	True	1.375145	0.750	0.003583	
2025-09-08 16:22:16.856	continuous	3366	3	->	4	5	3	0.4540	True	2.592051	0.750	0.003583	
2025-09-08 16:22:16.856	continuous	3367	3	->		4	3	0.4721	True	1.340322	0.750	0.003583	
2025-09-08 16:22:16.856	continuous	3368	1	->	2	3	3	0.5512	True	0.529471	0.750	0.003582	
2025-09-08 16:22:16.856	continuous	3369	1	->		2	3	0.5184	True	2.376060	0.750	0.003582	
2025-09-08 16:22:16.856	continuous	3370	3	->		4	3	0.4670	True	1.325566	0.750	0.003582	
2025-09-08 16:22:16.857	continuous	3371	2	->	3	4	3	0.5195	True	1.300230	0.750	0.003581	
2025-09-08 16:22:16.857	continuous	3372	1	->		2	3	0.5050	True	2.312519	0.750	0.003581	
2025-09-08 16:22:16.857	continuous	3373	3	->	4	5	3	0.4338	True	2.533532	0.750	0.003581	
2025-09-08 16:22:16.857	continuous	3374	1	->	2	3	3	0.5294	True	0.593702	0.750	0.003580	
2025-09-08 16:22:16.857	continuous	3375	2	->		3	3	0.5178	True	0.601575	0.750	0.003580	
2025-09-08 16:22:16.858	continuous	3376	1	->	2	3	3	0.5383	True	0.559714	0.750	0.003579	
2025-09-08 16:22:16.858	continuous	3377	3	->		4	3	0.4618	True	1.316545	0.750	0.003579	
2025-09-08 16:22:16.858	continuous	3378	2	->		3	3	0.5231	True	0.587991	0.750	0.003579	
2025-09-08 16:22:16.858	continuous	3379	2	->	3	4	3	0.5181	True	1.311303	0.750	0.003578	
2025-09-08 16:22:16.858	continuous	3380	1	->		2	3	0.5035	True	2.298932	0.750	0.003578	
2025-09-08 16:22:16.858	continuous	3381	2	->		3	3	0.5171	True	0.609029	0.750	0.003578	
2025-09-08 16:22:16.859	continuous	3382	3	->		4	3	0.4580	True	1.286215	0.750	0.003577	
2025-09-08 16:22:16.859	continuous	3383	2	->	3	4	3	0.5096	True	1.253362	0.750	0.003577	
2025-09-08 16:22:16.859	continuous	3384	2	->		3	3	0.5151	True	0.634413	0.750	0.003577	
2025-09-08 16:22:16.859	continuous	3385	2	->		3	3	0.5190	True	0.616675	0.750	0.003576	
2025-09-08 16:22:16.860	continuous	3386	2	->	3	4	3	0.5142	True	1.258203	0.750	0.003576	
2025-09-08 16:22:16.860	continuous	3387	2	->	3	4	3	0.5110	True	1.215954	0.750	0.003576	
2025-09-08 16:22:16.860	continuous	3388	4	->		5	3	0.4577	True	2.621074	0.750	0.003575	
2025-09-08 16:22:16.861	continuous	3389	1	->	2	3	3	0.5267	True	0.632283	0.750	0.003575	
2025-09-08 16:22:16.861	continuous	3390	3	->	4	5	3	0.4319	True	2.507410	0.750	0.003574	
2025-09-08 16:22:16.861	continuous	3391	1	->	2	3	3	0.5262	True	0.621172	0.750	0.003574	
2025-09-08 16:22:16.862	continuous	3392	2	->		3	3	0.5149	True	0.626880	0.750	0.003574	
2025-09-08 16:22:16.862	continuous	3393	1	->		2	3	0.4993	True	2.304588	0.750	0.003573	
2025-09-08 16:22:16.862	continuous	3394	3	->		4	3	0.4509	True	1.254433	0.750	0.003573	
2025-09-08 16:22:16.862	continuous	3395	2	->		3	3	0.5106	True	0.642191	0.750	0.003573	
2025-09-08 16:22:16.862	continuous	3396	1	->	2	3	3	0.5299	True	0.599831	0.750	0.003572	
2025-09-08 16:22:16.863	continuous	3397	1	->	2	3	3	0.5343	True	0.581910	0.750	0.003572	
2025-09-08 16:22:16.863	continuous	3398	1	->	2	3	3	0.5388	True	0.564706	0.750	0.003572	
2025-09-08 16:22:16.863	continuous	3399	2	->	3	4	3	0.5178	True	1.309102	0.750	0.003571	
2025-09-08 16:22:16.863	continuous	3400	2	->		3	3	0.5230	True	0.596831	0.750	0.003571	
2025-09-08 16:22:16.863	continuous	3401	3	->	4	5	3	0.4400	True	2.517508	0.750	0.003571	
2025-09-08 16:22:16.864	continuous	3402	1	->		2	3	0.5022	True	2.305886	0.750	0.003570	
2025-09-08 16:22:16.864	continuous	3403	2	->		3	3	0.5161	True	0.603616	0.750	0.003570	
2025-09-08 16:22:16.864	continuous	3404	1	->		2	3	0.5000	True	2.260144	0.750	0.003569	
2025-09-08 16:22:16.864	continuous	3405	1	->		2	3	0.4940	True	2.201199	0.750	0.003569	
2025-09-08 16:22:16.864	continuous	3406	2	->		3	3	0.5082	True	0.616091	0.750	0.003569	
2025-09-08 16:22:16.864	continuous	3407	4	->		5	3	0.4510	True	2.534165	0.750	0.003568	
2025-09-08 16:22:16.865	continuous	3408	2	->		3	3	0.5074	True	0.609743	0.750	0.003568	
2025-09-08 16:22:16.865	continuous	3409	2	->	3	4	3	0.5026	True	1.353785	0.750	0.003568	
2025-09-08 16:22:16.865	continuous	3410	1	->		2	3	0.4877	True	2.163646	0.750	0.003567	
2025-09-08 16:22:16.865	continuous	3411	2	->		3	3	0.5020	True	0.630287	0.750	0.003567	
2025-09-08 16:22:16.865	continuous	3412	2	->	3	4	3	0.4973	True	1.332584	0.750	0.003567	
2025-09-08 16:22:16.866	continuous	3413	2	->	3	4	3	0.4939	True	1.289612	0.750	0.003566	
2025-09-08 16:22:16.866	continuous	3414	2	->		3	3	0.4995	True	0.658184	0.750	0.003566	
2025-09-08 16:22:16.866	continuous	3415	2	->		3	3	0.5036	True	0.640103	0.750	0.003566	
2025-09-08 16:22:16.866	continuous	3416	1	->		2	3	0.4877	True	2.152874	0.750	0.003565	
2025-09-08 16:22:16.866	continuous	3417	1	->	2	3	3	0.5168	True	0.612235	0.750	0.003565	
2025-09-08 16:22:16.866	continuous	3418	1	->	2	3	3	0.5214	True	0.594352	0.750	0.003564	
2025-09-08 16:22:16.867	continuous	3419	3	->	4	5	3	0.4247	True	2.459482	0.750	0.003564	
2025-09-08 16:22:16.867	continuous	3420	3	->	4	5	3	0.4202	True	2.417037	0.750	0.003564	
2025-09-08 16:22:16.867	continuous	3421	3	->		4	3	0.4386	True	1.337821	0.750	0.003563	
2025-09-08 16:22:16.867	continuous	3422	1	->	2	3	3	0.5138	True	0.613616	0.750	0.003563	
2025-09-08 16:22:16.867	continuous	3423	2	->		3	3	0.5030	True	0.621621	0.750	0.003563	
2025-09-08 16:22:16.868	continuous	3424	1	->	2	3	3	0.5229	True	0.579080	0.750	0.003562	
2025-09-08 16:22:16.868	continuous	3425	2	->		3	3	0.5118	True	0.588904	0.750	0.003562	
2025-09-08 16:22:16.868	continuous	3426	1	->		2	3	0.4951	True	2.172976	0.750	0.003562	
2025-09-08 16:22:16.868	continuous	3427	1	->		2	3	0.4892	True	2.115893	0.750	0.003561	
2025-09-08 16:22:16.868	continuous	3428	1	->	2	3	3	0.5196	True	0.577345	0.750	0.003561	
2025-09-08 16:22:16.869	continuous	3429	2	->		3	3	0.5086	True	0.587720	0.750	0.003561	
2025-09-08 16:22:16.869	continuous	3430	1	->	2	3	3	0.5292	True	0.545783	0.750	0.003560	
2025-09-08 16:22:16.869	continuous	3431	2	->	3	4	3	0.5081	True	1.457095	0.750	0.003560	
2025-09-08 16:22:16.869	continuous	3432	3	->		4	3	0.4478	True	1.394452	0.750	0.003560	
2025-09-08 16:22:16.870	continuous	3433	1	->	2	3	3	0.5251	True	0.570662	0.750	0.003559	
2025-09-08 16:22:16.870	continuous	3434	2	->	3	4	3	0.5045	True	1.393497	0.750	0.003559	
2025-09-08 16:22:16.870	continuous	3435	2	->	3	4	3	0.5004	True	1.348066	0.750	0.003558	
2025-09-08 16:22:16.870	continuous	3436	1	->	2	3	3	0.5209	True	0.599804	0.750	0.003558	
2025-09-08 16:22:16.870	continuous	3437	2	->		3	3	0.5100	True	0.608244	0.750	0.003558	
2025-09-08 16:22:16.871	continuous	3438	2	->	3	4	3	0.5051	True	1.349484	0.750	0.003557	
2025-09-08 16:22:16.871	continuous	3439	2	->		3	3	0.5104	True	0.614386	0.750	0.003557	
2025-09-08 16:22:16.871	continuous	3440	1	->		2	3	0.4941	True	2.164344	0.750	0.003557	
2025-09-08 16:22:16.871	continuous	3441	2	->	3	4	3	0.4997	True	1.327728	0.750	0.003556	
2025-09-08 16:22:16.871	continuous	3442	2	->		3	3	0.5050	True	0.635003	0.750	0.003556	
2025-09-08 16:22:16.871	continuous	3443	1	->	2	3	3	0.5244	True	0.592283	0.750	0.003556	
2025-09-08 16:22:16.872	continuous	3444	1	->	2	3	3	0.5291	True	0.574989	0.750	0.003555	
2025-09-08 16:22:16.872	continuous	3445	1	->		2	3	0.4971	True	2.152301	0.750	0.003555	
2025-09-08 16:22:16.872	continuous	3446	2	->	3	4	3	0.5027	True	1.352485	0.750	0.003555	
2025-09-08 16:22:16.872	continuous	3447	3	->		4	3	0.4456	True	1.307622	0.750	0.003554	
2025-09-08 16:22:16.872	continuous	3448	1	->		2	3	0.4855	True	2.098374	0.750	0.003554	
2025-09-08 16:22:16.873	continuous	3449	2	->	3	4	3	0.4913	True	1.274154	0.750	0.003553	
2025-09-08 16:22:16.873	continuous	3450	3	->		4	3	0.4376	True	1.245441	0.750	0.003553	
2025-09-08 16:22:16.873	continuous	3451	2	->	3	4	3	0.4871	True	1.199526	0.750	0.003553	
2025-09-08 16:22:16.873	continuous	3452	2	->		3	3	0.4932	True	0.719247	0.750	0.003552	
2025-09-08 16:22:16.873	continuous	3453	1	->	2	3	3	0.5108	True	0.675329	0.750	0.003552	
2025-09-08 16:22:16.873	continuous	3454	1	->	2	3	3	0.5148	True	0.654436	0.750	0.003552	
2025-09-08 16:22:16.874	continuous	3455	2	->		3	3	0.5044	True	0.658777	0.750	0.003551	
2025-09-08 16:22:16.874	continuous	3456	3	->		4	3	0.4474	True	1.260865	0.750	0.003551	
2025-09-08 16:22:16.874	continuous	3457	2	->	3	4	3	0.4979	True	1.220109	0.750	0.003551	
2025-09-08 16:22:16.874	continuous	3458	2	->		3	3	0.5037	True	0.682552	0.750	0.003550	
2025-09-08 16:22:16.874	continuous	3459	2	->		3	3	0.5074	True	0.663003	0.750	0.003550	
2025-09-08 16:22:16.874	continuous	3460	1	->	2	3	3	0.5259	True	0.620078	0.750	0.003550	
2025-09-08 16:22:16.875	continuous	3461	1	->	2	3	3	0.5303	True	0.601175	0.750	0.003549	
2025-09-08 16:22:16.875	continuous	3462	2	->		3	3	0.5195	True	0.608015	0.750	0.003549	
2025-09-08 16:22:16.875	continuous	3463	2	->		3	3	0.5238	True	0.591196	0.750	0.003548	
2025-09-08 16:22:16.875	continuous	3464	3	->		4	3	0.4636	True	1.312064	0.750	0.003548	
2025-09-08 16:22:16.875	continuous	3465	3	->		4	3	0.4615	True	1.279821	0.750	0.003548	
2025-09-08 16:22:16.876	continuous	3466	2	->	3	4	3	0.5132	True	1.246158	0.750	0.003547	
2025-09-08 16:22:16.876	continuous	3467	3	->		4	3	0.4575	True	1.212667	0.750	0.003547	
2025-09-08 16:22:16.876	continuous	3468	1	->		2	3	0.4972	True	2.210682	0.750	0.003547	
2025-09-08 16:22:16.876	continuous	3469	1	->	2	3	3	0.5252	True	0.646690	0.750	0.003546	
2025-09-08 16:22:16.877	continuous	3470	3	->	4	5	3	0.4321	True	2.571051	0.750	0.003546	
2025-09-08 16:22:16.877	continuous	3471	1	->	2	3	3	0.5248	True	0.634472	0.750	0.003546	
2025-09-08 16:22:16.878	continuous	3472	1	->		2	3	0.4945	True	2.171413	0.750	0.003545	
2025-09-08 16:22:16.878	continuous	3473	2	->		3	3	0.5087	True	0.653147	0.750	0.003545	
2025-09-08 16:22:16.878	continuous	3474	1	->	2	3	3	0.5273	True	0.610241	0.750	0.003545	
2025-09-08 16:22:16.878	continuous	3475	4	->		5	3	0.4564	True	2.620257	0.750	0.003544	
2025-09-08 16:22:16.879	continuous	3476	1	->		2	3	0.4916	True	2.133091	0.750	0.003544	
2025-09-08 16:22:16.879	continuous	3477	3	->		4	3	0.4450	True	1.277519	0.750	0.003544	
2025-09-08 16:22:16.879	continuous	3478	2	->	3	4	3	0.4954	True	1.238118	0.750	0.003543	
2025-09-08 16:22:16.879	continuous	3479	2	->		3	3	0.5012	True	0.682820	0.750	0.003543	
2025-09-08 16:22:16.879	continuous	3480	4	->		5	3	0.4465	True	2.573895	0.750	0.003542	
2025-09-08 16:22:16.880	continuous	3481	2	->		3	3	0.5004	True	0.672668	0.750	0.003542	
2025-09-08 16:22:16.880	continuous	3482	3	->		4	3	0.4436	True	1.253969	0.750	0.003542	
2025-09-08 16:22:16.880	continuous	3483	2	->	3	4	3	0.4941	True	1.211255	0.750	0.003541	
2025-09-08 16:22:16.880	continuous	3484	1	->	2	3	3	0.5138	True	0.672920	0.750	0.003541	
2025-09-08 16:22:16.881	continuous	3485	2	->		3	3	0.5037	True	0.675531	0.750	0.003541	
2025-09-08 16:22:16.881	continuous	3486	3	->		4	3	0.4469	True	1.229885	0.750	0.003540	
2025-09-08 16:22:16.881	continuous	3487	3	->		4	3	0.4459	True	1.200596	0.750	0.003540	
2025-09-08 16:22:16.881	continuous	3488	3	->		4	3	0.4451	True	1.172035	0.750	0.003540	
2025-09-08 16:22:16.881	continuous	3489	1	->	2	3	3	0.5164	True	0.692593	0.750	0.003539	
2025-09-08 16:22:16.882	continuous	3490	4	->		5	3	0.4484	True	2.576684	0.750	0.003539	
2025-09-08 16:22:16.882	continuous	3491	2	->	3	4	3	0.4938	True	1.147514	0.750	0.003539	
2025-09-08 16:22:16.882	continuous	3492	3	->	4	5	3	0.4198	True	2.461513	0.750	0.003538	
2025-09-08 16:22:16.882	continuous	3493	3	->		4	3	0.4380	True	1.141572	0.750	0.003538	
2025-09-08 16:22:16.882	continuous	3494	3	->		4	3	0.4379	True	1.114906	0.750	0.003538	
2025-09-08 16:22:16.883	continuous	3495	2	->		3	3	0.4948	True	0.772765	0.750	0.003537	
2025-09-08 16:22:16.883	continuous	3496	3	->		4	3	0.4403	True	1.108936	0.750	0.003537	
2025-09-08 16:22:16.883	continuous	3497	3	->		4	3	0.4404	True	1.082933	0.750	0.003536	
2025-09-08 16:22:16.883	continuous	3498	1	->		2	3	0.4789	True	2.191709	0.750	0.003536	
2025-09-08 16:22:16.884	continuous	3499	2	->	3	4	3	0.4852	True	1.025140	0.750	0.003536	
2025-09-08 16:22:16.884	continuous	3500	2	->		3	3	0.4922	True	0.825487	0.750	0.003535	
2025-09-08 16:22:16.884	continuous	3501	3	->		4	3	0.4386	True	1.057355	0.750	0.003535	
2025-09-08 16:22:16.884	continuous	3502	2	->		3	3	0.4948	True	0.820377	0.750	0.003535	
2025-09-08 16:22:16.884	continuous	3503	2	->		3	3	0.4972	True	0.794916	0.750	0.003534	
2025-09-08 16:22:16.885	continuous	3504	2	->	3	4	3	0.4926	True	1.037925	0.750	0.003534	
2025-09-08 16:22:16.885	continuous	3505	2	->	3	4	3	0.4924	True	1.004372	0.750	0.003534	
2025-09-08 16:22:16.885	continuous	3506	3	->		4	3	0.4435	True	1.016749	0.750	0.003533	
2025-09-08 16:22:16.885	continuous	3507	2	->		3	3	0.4999	True	0.840609	0.750	0.003533	
2025-09-08 16:22:16.886	continuous	3508	2	->	3	4	3	0.4951	True	0.969964	0.750	0.003533	
2025-09-08 16:22:16.886	continuous	3509	1	->	2	3	3	0.5150	True	0.822606	0.750	0.003532	
2025-09-08 16:22:16.886	continuous	3510	2	->	3	4	3	0.4973	True	0.965005	0.750	0.003532	
2025-09-08 16:22:16.886	continuous	3511	2	->		3	3	0.5045	True	0.836239	0.750	0.003531	
2025-09-08 16:22:16.886	continuous	3512	3	->	4	5	3	0.4279	True	2.516063	0.750	0.003531	
2025-09-08 16:22:16.887	continuous	3513	1	->	2	3	3	0.5152	True	0.798014	0.750	0.003531	
2025-09-08 16:22:16.887	continuous	3514	1	->		2	3	0.4862	True	2.254010	0.750	0.003530	
2025-09-08 16:22:16.887	continuous	3515	1	->	2	3	3	0.5124	True	0.781302	0.750	0.003530	
2025-09-08 16:22:16.887	continuous	3516	3	->		4	3	0.4453	True	1.060697	0.750	0.003530	
2025-09-08 16:22:16.888	continuous	3517	2	->		3	3	0.5021	True	0.794634	0.750	0.003529	
2025-09-08 16:22:16.888	continuous	3518	1	->	2	3	3	0.5176	True	0.750672	0.750	0.003529	
2025-09-08 16:22:16.888	continuous	3519	3	->		4	3	0.4498	True	1.077947	0.750	0.003529	
2025-09-08 16:22:16.888	continuous	3520	1	->	2	3	3	0.5200	True	0.746819	0.750	0.003528	
2025-09-08 16:22:16.888	continuous	3521	1	->		2	3	0.4909	True	2.255359	0.750	0.003528	
2025-09-08 16:22:16.889	continuous	3522	1	->	2	3	3	0.5176	True	0.733253	0.750	0.003528	
2025-09-08 16:22:16.889	continuous	3523	1	->		2	3	0.4885	True	2.208905	0.750	0.003527	
2025-09-08 16:22:16.889	continuous	3524	1	->	2	3	3	0.5154	True	0.721131	0.750	0.003527	
2025-09-08 16:22:16.889	continuous	3525	1	->	2	3	3	0.5188	True	0.697375	0.750	0.003527	
2025-09-08 16:22:16.890	continuous	3526	3	->		4	3	0.4503	True	1.149769	0.750	0.003526	
2025-09-08 16:22:16.890	continuous	3527	1	->	2	3	3	0.5211	True	0.695492	0.750	0.003526	
2025-09-08 16:22:16.890	continuous	3528	2	->	3	4	3	0.5033	True	1.121643	0.750	0.003525	
2025-09-08 16:22:16.890	continuous	3529	3	->		4	3	0.4515	True	1.111006	0.750	0.003525	
2025-09-08 16:22:16.890	continuous	3530	2	->	3	4	3	0.5013	True	1.053118	0.750	0.003525	
2025-09-08 16:22:16.891	continuous	3531	2	->		3	3	0.5077	True	0.764809	0.750	0.003524	
2025-09-08 16:22:16.891	continuous	3532	1	->		2	3	0.4917	True	2.222743	0.750	0.003524	
2025-09-08 16:22:16.891	continuous	3533	2	->	3	4	3	0.4981	True	1.048824	0.750	0.003524	
2025-09-08 16:22:16.891	continuous	3534	2	->	3	4	3	0.4977	True	1.014280	0.750	0.003523	
2025-09-08 16:22:16.891	continuous	3535	2	->	3	4	3	0.4977	True	0.981066	0.750	0.003523	
2025-09-08 16:22:16.892	continuous	3536	1	->	2	3	3	0.5172	True	0.811062	0.750	0.003523	
2025-09-08 16:22:16.892	continuous	3537	2	->	3	4	3	0.4999	True	0.975513	0.750	0.003522	
2025-09-08 16:22:16.892	continuous	3538	1	->		2	3	0.4887	True	2.203198	0.750	0.003522	
2025-09-08 16:22:16.892	continuous	3539	1	->		2	3	0.4839	True	2.145593	0.750	0.003522	
2025-09-08 16:22:16.893	continuous	3540	2	->		3	3	0.4971	True	0.846856	0.750	0.003521	
2025-09-08 16:22:16.893	continuous	3541	2	->	3	4	3	0.4926	True	0.984932	0.750	0.003521	
2025-09-08 16:22:16.893	continuous	3542	2	->		3	3	0.4994	True	0.844839	0.750	0.003521	
2025-09-08 16:22:16.893	continuous	3543	2	->	3	4	3	0.4949	True	0.978205	0.750	0.003520	
2025-09-08 16:22:16.893	continuous	3544	3	->		4	3	0.4471	True	0.994354	0.750	0.003520	
2025-09-08 16:22:16.894	continuous	3545	2	->	3	4	3	0.4964	True	0.919975	0.750	0.003520	
2025-09-08 16:22:16.894	continuous	3546	3	->		4	4	0.4493	True	0.945048	0.750	0.003519	
2025-09-08 16:22:16.894	continuous	3547	3	->		4	4	0.4508	True	0.922844	0.750	0.003519	
2025-09-08 16:22:16.894	continuous	3548	3	->		4	4	0.4524	True	0.901211	0.750	0.003518	
2025-09-08 16:22:16.895	continuous	3549	4	->		5	4	0.4539	True	2.680455	0.750	0.003518	
2025-09-08 16:22:16.895	continuous	3550	1	->	2	3	4	0.5165	True	0.947068	0.750	0.003518	
2025-09-08 16:22:16.895	continuous	3551	3	->		4	4	0.4503	True	0.911908	0.750	0.003517	
2025-09-08 16:22:16.895	continuous	3552	2	->		3	4	0.5063	True	0.946436	0.750	0.003517	
2025-09-08 16:22:16.896	continuous	3553	1	->	2	3	4	0.5191	True	0.901595	0.750	0.003517	
2025-09-08 16:22:16.896	continuous	3554	2	->		3	3	0.5077	True	0.882568	0.750	0.003516	
2025-09-08 16:22:16.896	continuous	3555	2	->		3	3	0.5090	True	0.853214	0.750	0.003516	
2025-09-08 16:22:16.896	continuous	3556	4	->		5	3	0.4553	True	2.659791	0.750	0.003516	
2025-09-08 16:22:16.896	continuous	3557	1	->	2	3	3	0.5187	True	0.814668	0.750	0.003515	
2025-09-08 16:22:16.897	continuous	3558	2	->		3	3	0.5083	True	0.803287	0.750	0.003515	
2025-09-08 16:22:16.897	continuous	3559	4	->		5	3	0.4543	True	2.620838	0.750	0.003515	
2025-09-08 16:22:16.897	continuous	3560	3	->		4	3	0.4502	True	1.035939	0.750	0.003514	
2025-09-08 16:22:16.897	continuous	3561	2	->		3	3	0.5063	True	0.805642	0.750	0.003514	
2025-09-08 16:22:16.897	continuous	3562	2	->	3	4	3	0.5019	True	0.993353	0.750	0.003514	
2025-09-08 16:22:16.898	continuous	3563	2	->		3	3	0.5085	True	0.805289	0.750	0.003513	
2025-09-08 16:22:16.898	continuous	3564	1	->		2	3	0.4919	True	2.258557	0.750	0.003513	
2025-09-08 16:22:16.898	continuous	3565	1	->	2	3	3	0.5180	True	0.772275	0.750	0.003512	
2025-09-08 16:22:16.898	continuous	3566	1	->	2	3	3	0.5207	True	0.745586	0.750	0.003512	
2025-09-08 16:22:16.899	continuous	3567	3	->		4	3	0.4540	True	1.076666	0.750	0.003512	
2025-09-08 16:22:16.899	continuous	3568	4	->		5	3	0.4539	True	2.605011	0.750	0.003511	
2025-09-08 16:22:16.899	continuous	3569	1	->	2	3	3	0.5187	True	0.749135	0.750	0.003511	
2025-09-08 16:22:16.899	continuous	3570	2	->	3	4	3	0.5019	True	1.045867	0.750	0.003511	
2025-09-08 16:22:16.899	continuous	3571	2	->	3	4	3	0.5013	True	1.010936	0.750	0.003510	
2025-09-08 16:22:16.900	continuous	3572	2	->		3	3	0.5078	True	0.794090	0.750	0.003510	
2025-09-08 16:22:16.900	continuous	3573	4	->		5	3	0.4533	True	2.578463	0.750	0.003510	
2025-09-08 16:22:16.900	continuous	3574	1	->	2	3	3	0.5184	True	0.757113	0.750	0.003509	
2025-09-08 16:22:16.900	continuous	3575	2	->		3	3	0.5085	True	0.750939	0.750	0.003509	
2025-09-08 16:22:16.900	continuous	3576	2	->	3	4	3	0.5043	True	1.059174	0.750	0.003509	
2025-09-08 16:22:16.901	continuous	3577	3	->		4	3	0.4535	True	1.058488	0.750	0.003508	
2025-09-08 16:22:16.901	continuous	3578	1	->	2	3	3	0.5227	True	0.755304	0.750	0.003508	
2025-09-08 16:22:16.901	continuous	3579	2	->	3	4	3	0.5059	True	1.020524	0.750	0.003508	
2025-09-08 16:22:16.901	continuous	3580	1	->	2	3	3	0.5248	True	0.755637	0.750	0.003507	
2025-09-08 16:22:16.902	continuous	3581	1	->	2	3	3	0.5275	True	0.729301	0.750	0.003507	
2025-09-08 16:22:16.902	continuous	3582	2	->	3	4	3	0.5104	True	1.039306	0.750	0.003507	
2025-09-08 16:22:16.902	continuous	3583	3	->		4	3	0.4595	True	1.039464	0.750	0.003506	
2025-09-08 16:22:16.902	continuous	3584	2	->		3	3	0.5164	True	0.771352	0.750	0.003506	
2025-09-08 16:22:16.902	continuous	3585	2	->		3	3	0.5189	True	0.746458	0.750	0.003505	
2025-09-08 16:22:16.903	continuous	3586	3	->		4	3	0.4639	True	1.057054	0.750	0.003505	
2025-09-08 16:22:16.903	continuous	3587	2	->		3	3	0.5211	True	0.744062	0.750	0.003505	
2025-09-08 16:22:16.903	continuous	3588	1	->		2	3	0.5043	True	2.369611	0.750	0.003504	
2025-09-08 16:22:16.903	continuous	3589	1	->	2	3	3	0.5310	True	0.712096	0.750	0.003504	
2025-09-08 16:22:16.903	continuous	3590	2	->	3	4	3	0.5141	True	1.053171	0.750	0.003504	
2025-09-08 16:22:16.904	continuous	3591	3	->		4	3	0.4628	True	1.049423	0.750	0.003503	
2025-09-08 16:22:16.904	continuous	3592	1	->	2	3	3	0.5322	True	0.736606	0.750	0.003503	
2025-09-08 16:22:16.904	continuous	3593	3	->		4	3	0.4650	True	1.045993	0.750	0.003503	
2025-09-08 16:22:16.904	continuous	3594	1	->		2	3	0.5027	True	2.347483	0.750	0.003502	
2025-09-08 16:22:16.904	continuous	3595	1	->	2	3	3	0.5290	True	0.744034	0.750	0.003502	
2025-09-08 16:22:16.905	continuous	3596	1	->	2	3	3	0.5318	True	0.717944	0.750	0.003502	
2025-09-08 16:22:16.905	continuous	3597	1	->	2	3	3	0.5349	True	0.693061	0.750	0.003501	
2025-09-08 16:22:16.905	continuous	3598	1	->	2	3	3	0.5382	True	0.669323	0.750	0.003501	
2025-09-08 16:22:16.905	continuous	3599	2	->	3	4	3	0.5209	True	1.096289	0.750	0.003501	
2025-09-08 16:22:16.906	continuous	3600	2	->	3	4	3	0.5193	True	1.057746	0.750	0.003500	
2025-09-08 16:22:16.906	continuous	3601	3	->		4	3	0.4677	True	1.051149	0.750	0.003500	
2025-09-08 16:22:16.906	continuous	3602	3	->		4	3	0.4677	True	1.024807	0.750	0.003499	
2025-09-08 16:22:16.906	continuous	3603	1	->	2	3	3	0.5369	True	0.745328	0.750	0.003499	
2025-09-08 16:22:16.906	continuous	3604	2	->		3	3	0.5267	True	0.737491	0.750	0.003499	
2025-09-08 16:22:16.907	continuous	3605	2	->		3	3	0.5294	True	0.713492	0.750	0.003498	
2025-09-08 16:22:16.907	continuous	3606	3	->		4	3	0.4742	True	1.065865	0.750	0.003498	
2025-09-08 16:22:16.907	continuous	3607	1	->	2	3	3	0.5442	True	0.692918	0.750	0.003498	
2025-09-08 16:22:16.907	continuous	3608	3	->		4	3	0.4762	True	1.061435	0.750	0.003497	
2025-09-08 16:22:16.907	continuous	3609	3	->		4	3	0.4760	True	1.034241	0.750	0.003497	
2025-09-08 16:22:16.908	continuous	3610	2	->		3	3	0.5328	True	0.732602	0.750	0.003497	
2025-09-08 16:22:16.908	continuous	3611	1	->	2	3	3	0.5482	True	0.689318	0.750	0.003496	
2025-09-08 16:22:16.908	continuous	3612	3	->		4	3	0.4802	True	1.053050	0.750	0.003496	
2025-09-08 16:22:16.908	continuous	3613	1	->	2	3	3	0.5502	True	0.687721	0.750	0.003496	
2025-09-08 16:22:16.908	continuous	3614	3	->	4	5	3	0.4593	True	2.659160	0.750	0.003495	
2025-09-08 16:22:16.908	continuous	3615	2	->	3	4	3	0.5286	True	1.027761	0.750	0.003495	
2025-09-08 16:22:16.909	continuous	3616	1	->		2	3	0.5150	True	2.443561	0.750	0.003495	
2025-09-08 16:22:16.909	continuous	3617	3	->		4	3	0.4717	True	1.027903	0.750	0.003494	
2025-09-08 16:22:16.909	continuous	3618	3	->		4	3	0.4719	True	1.001909	0.750	0.003494	
2025-09-08 16:22:16.909	continuous	3619	2	->		3	3	0.5285	True	0.771664	0.750	0.003494	
2025-09-08 16:22:16.909	continuous	3620	2	->	3	4	3	0.5240	True	0.963574	0.750	0.003493	
2025-09-08 16:22:16.910	continuous	3621	1	->	2	3	3	0.5428	True	0.755502	0.750	0.003493	
2025-09-08 16:22:16.910	continuous	3622	3	->		4	3	0.4758	True	0.993541	0.750	0.003493	
2025-09-08 16:22:16.910	continuous	3623	4	->		5	3	0.4753	True	2.715164	0.750	0.003492	
2025-09-08 16:22:16.910	continuous	3624	1	->	2	3	3	0.5404	True	0.757180	0.750	0.003492	
2025-09-08 16:22:16.910	continuous	3625	3	->	4	5	3	0.4505	True	2.590152	0.750	0.003491	
2025-09-08 16:22:16.911	continuous	3626	3	->		4	3	0.4690	True	1.003668	0.750	0.003491	
2025-09-08 16:22:16.911	continuous	3627	1	->		2	3	0.5067	True	2.417673	0.750	0.003491	
2025-09-08 16:22:16.911	continuous	3628	2	->	3	4	3	0.5141	True	0.944135	0.750	0.003490	
2025-09-08 16:22:16.912	continuous	3629	1	->	2	3	3	0.5330	True	0.795881	0.750	0.003490	
2025-09-08 16:22:16.912	continuous	3630	3	->		4	3	0.4664	True	0.981457	0.750	0.003490	
2025-09-08 16:22:16.912	continuous	3631	2	->		3	3	0.5229	True	0.806372	0.750	0.003489	
2025-09-08 16:22:16.912	continuous	3632	2	->		3	3	0.5248	True	0.779228	0.750	0.003489	
2025-09-08 16:22:16.913	continuous	3633	1	->	2	3	3	0.5395	True	0.735029	0.750	0.003489	
2025-09-08 16:22:16.913	continuous	3634	1	->	2	3	3	0.5421	True	0.708566	0.750	0.003488	
2025-09-08 16:22:16.913	continuous	3635	1	->	2	3	3	0.5451	True	0.683377	0.750	0.003488	
2025-09-08 16:22:16.913	continuous	3636	3	->		4	3	0.4766	True	1.070361	0.750	0.003488	
2025-09-08 16:22:16.913	continuous	3637	3	->	4	5	3	0.4533	True	2.591145	0.750	0.003487	
2025-09-08 16:22:16.913	continuous	3638	4	->		5	3	0.4710	True	2.618984	0.750	0.003487	
2025-09-08 16:22:16.914	continuous	3639	2	->		3	3	0.5252	True	0.716515	0.750	0.003487	
2025-09-08 16:22:16.914	continuous	3640	2	->	3	4	3	0.5209	True	1.048748	0.750	0.003486	
2025-09-08 16:22:16.914	continuous	3641	2	->	3	4	3	0.5198	True	1.011884	0.750	0.003486	
2025-09-08 16:22:16.914	continuous	3642	1	->	2	3	3	0.5385	True	0.727164	0.750	0.003486	
2025-09-08 16:22:16.914	continuous	3643	2	->		3	3	0.5284	True	0.720907	0.750	0.003485	
2025-09-08 16:22:16.915	continuous	3644	3	->	4	5	3	0.4496	True	2.523446	0.750	0.003485	
2025-09-08 16:22:16.915	continuous	3645	2	->	3	4	3	0.5199	True	1.033850	0.750	0.003484	
2025-09-08 16:22:16.915	continuous	3646	2	->		3	3	0.5258	True	0.730905	0.750	0.003484	
2025-09-08 16:22:16.915	continuous	3647	4	->		5	3	0.4692	True	2.560460	0.750	0.003484	
2025-09-08 16:22:16.915	continuous	3648	2	->	3	4	3	0.5169	True	1.027947	0.750	0.003483	
2025-09-08 16:22:16.915	continuous	3649	3	->	4	5	3	0.4419	True	2.444821	0.750	0.003483	
2025-09-08 16:22:16.916	continuous	3650	1	->	2	3	3	0.5314	True	0.728576	0.750	0.003483	
2025-09-08 16:22:16.916	continuous	3651	2	->		3	3	0.5214	True	0.723383	0.750	0.003482	
2025-09-08 16:22:16.916	continuous	3652	3	->		4	3	0.4654	True	1.077437	0.750	0.003482	
2025-09-08 16:22:16.916	continuous	3653	1	->	2	3	3	0.5364	True	0.701715	0.750	0.003482	
2025-09-08 16:22:16.916	continuous	3654	2	->		3	3	0.5265	True	0.698168	0.750	0.003481	
2025-09-08 16:22:16.917	continuous	3655	2	->		3	3	0.5297	True	0.676126	0.750	0.003481	
2025-09-08 16:22:16.917	continuous	3656	3	->		4	3	0.4725	True	1.115517	0.750	0.003481	
2025-09-08 16:22:16.917	continuous	3657	2	->	3	4	3	0.5242	True	1.063990	0.750	0.003480	
2025-09-08 16:22:16.917	continuous	3658	2	->		3	3	0.5298	True	0.702379	0.750	0.003480	
2025-09-08 16:22:16.917	continuous	3659	1	->	2	3	3	0.5459	True	0.659137	0.750	0.003480	
2025-09-08 16:22:16.918	continuous	3660	2	->	3	4	3	0.5286	True	1.079369	0.750	0.003479	
2025-09-08 16:22:16.918	continuous	3661	3	->	4	5	3	0.4511	True	2.467720	0.750	0.003479	
2025-09-08 16:22:16.918	continuous	3662	1	->	2	3	3	0.5428	True	0.670764	0.750	0.003479	
2025-09-08 16:22:16.918	continuous	3663	2	->	3	4	3	0.5255	True	1.071046	0.750	0.003478	
2025-09-08 16:22:16.918	continuous	3664	5	->		6	3	0.4805	True	5.696730	0.750	0.003478	
2025-09-08 16:22:16.919	continuous	3665	1	->		2	3	0.5053	True	2.510532	0.750	0.003478	
2025-09-08 16:22:16.919	continuous	3666	3	->		4	3	0.4605	True	1.068531	0.750	0.003477	
2025-09-08 16:22:16.919	continuous	3667	4	->		5	3	0.4594	True	2.474127	0.750	0.003477	
2025-09-08 16:22:16.919	continuous	3668	2	->	3	4	3	0.5083	True	1.011747	0.750	0.003476	
2025-09-08 16:22:16.919	continuous	3669	2	->	3	4	3	0.5080	True	0.977702	0.750	0.003476	
2025-09-08 16:22:16.920	continuous	3670	4	->		5	3	0.4551	True	2.436271	0.750	0.003476	
2025-09-08 16:22:16.920	continuous	3671	1	->		2	3	0.4904	True	2.442470	0.750	0.003475	
2025-09-08 16:22:16.920	continuous	3672	4	->	5	6	3	0.4370	True	5.310943	0.750	0.003475	
2025-09-08 16:22:16.920	continuous	3673	5	->		6	3	0.4499	True	5.419250	0.750	0.003475	
2025-09-08 16:22:16.920	continuous	3674	3	->	4	5	3	0.4120	True	2.286639	0.750	0.003474	
2025-09-08 16:22:16.921	continuous	3675	2	->		3	3	0.4922	True	0.833338	0.750	0.003474	
2025-09-08 16:22:16.921	continuous	3676	1	->	2	3	3	0.5072	True	0.788226	0.750	0.003474	
2025-09-08 16:22:16.921	continuous	3677	2	->	3	4	3	0.4898	True	1.020509	0.750	0.003473	
2025-09-08 16:22:16.921	continuous	3678	1	->		2	3	0.4760	True	2.360813	0.750	0.003473	
2025-09-08 16:22:16.921	continuous	3679	3	->		4	3	0.4324	True	1.043312	0.750	0.003473	
2025-09-08 16:22:16.922	continuous	3680	1	->	2	3	3	0.5048	True	0.818032	0.750	0.003472	
2025-09-08 16:22:16.922	continuous	3681	2	->		3	3	0.4943	True	0.810397	0.750	0.003472	
2025-09-08 16:22:16.922	continuous	3682	1	->	2	3	3	0.5096	True	0.765368	0.750	0.003472	
2025-09-08 16:22:16.922	continuous	3683	1	->	2	3	3	0.5125	True	0.740227	0.750	0.003471	
2025-09-08 16:22:16.922	continuous	3684	3	->		4	3	0.4410	True	1.102115	0.750	0.003471	
2025-09-08 16:22:16.922	continuous	3685	2	->	3	4	3	0.4947	True	1.037963	0.750	0.003471	
2025-09-08 16:22:16.923	continuous	3686	1	->		2	3	0.4804	True	2.364249	0.750	0.003470	
2025-09-08 16:22:16.923	continuous	3687	1	->	2	3	3	0.5091	True	0.772258	0.750	0.003470	
2025-09-08 16:22:16.923	continuous	3688	1	->		2	3	0.4779	True	2.317550	0.750	0.003470	
2025-09-08 16:22:16.923	continuous	3689	1	->	2	3	3	0.5068	True	0.757745	0.750	0.003469	
2025-09-08 16:22:16.923	continuous	3690	1	->		2	3	0.4757	True	2.272349	0.750	0.003469	
2025-09-08 16:22:16.923	continuous	3691	1	->		2	3	0.4709	True	2.216869	0.750	0.003468	
2025-09-08 16:22:16.924	continuous	3692	3	->	4	5	3	0.4037	True	2.291666	0.750	0.003468	
2025-09-08 16:22:16.924	continuous	3693	2	->	3	4	3	0.4765	True	1.081573	0.750	0.003468	
2025-09-08 16:22:16.924	continuous	3694	2	->	3	4	3	0.4763	True	1.048109	0.750	0.003467	
2025-09-08 16:22:16.924	continuous	3695	1	->	2	3	3	0.4953	True	0.812022	0.750	0.003467	
2025-09-08 16:22:16.924	continuous	3696	1	->		2	3	0.4648	True	2.181192	0.750	0.003467	
2025-09-08 16:22:16.925	continuous	3697	1	->	2	3	3	0.4932	True	0.796824	0.750	0.003466	
2025-09-08 16:22:16.925	continuous	3698	3	->		4	3	0.4247	True	1.112553	0.750	0.003466	
2025-09-08 16:22:16.925	continuous	3699	1	->	2	3	3	0.4959	True	0.791166	0.750	0.003466	
2025-09-08 16:22:16.925	continuous	3700	1	->		2	3	0.4654	True	2.158156	0.750	0.003465	
2025-09-08 16:22:16.925	continuous	3701	2	->		3	3	0.4815	True	0.799157	0.750	0.003465	
2025-09-08 16:22:16.926	continuous	3702	4	->		5	3	0.4237	True	2.342270	0.750	0.003465	
2025-09-08 16:22:16.926	continuous	3703	2	->		3	3	0.4805	True	0.783924	0.750	0.003464	
2025-09-08 16:22:16.926	continuous	3704	3	->		4	3	0.4242	True	1.158535	0.750	0.003464	
2025-09-08 16:22:16.926	continuous	3705	1	->	2	3	3	0.4957	True	0.757853	0.750	0.003464	
2025-09-08 16:22:16.926	continuous	3706	1	->		2	3	0.4651	True	2.142131	0.750	0.003463	
2025-09-08 16:22:16.926	continuous	3707	4	->		5	3	0.4208	True	2.315644	0.750	0.003463	
2025-09-08 16:22:16.927	continuous	3708	1	->	2	3	3	0.4902	True	0.754736	0.750	0.003463	
2025-09-08 16:22:16.927	continuous	3709	2	->	3	4	3	0.4738	True	1.152685	0.750	0.003462	
2025-09-08 16:22:16.927	continuous	3710	2	->		3	3	0.4798	True	0.777761	0.750	0.003462	
2025-09-08 16:22:16.927	continuous	3711	3	->		4	3	0.4235	True	1.171914	0.750	0.003462	
2025-09-08 16:22:16.928	continuous	3712	2	->	3	4	3	0.4754	True	1.109792	0.750	0.003461	
2025-09-08 16:22:16.928	continuous	3713	2	->		3	3	0.4817	True	0.797272	0.750	0.003461	
2025-09-08 16:22:16.929	continuous	3714	2	->	3	4	3	0.4777	True	1.098592	0.750	0.003461	
2025-09-08 16:22:16.929	continuous	3715	2	->		3	3	0.4839	True	0.797310	0.750	0.003460	
2025-09-08 16:22:16.929	continuous	3716	2	->	3	4	3	0.4799	True	1.087747	0.750	0.003460	
2025-09-08 16:22:16.929	continuous	3717	4	->		5	3	0.4254	True	2.331937	0.750	0.003459	
2025-09-08 16:22:16.929	continuous	3718	3	->	4	5	3	0.3999	True	2.238707	0.750	0.003459	
2025-09-08 16:22:16.929	continuous	3719	4	->		5	3	0.4185	True	2.250095	0.750	0.003459	
2025-09-08 16:22:16.930	continuous	3720	5	->		6	3	0.4245	True	5.262646	0.750	0.003458	
2025-09-08 16:22:16.930	continuous	3721	2	->		3	3	0.4706	True	0.828806	0.750	0.003458	
2025-09-08 16:22:16.930	continuous	3722	1	->	2	3	3	0.4858	True	0.782963	0.750	0.003458	
2025-09-08 16:22:16.930	continuous	3723	2	->	3	4	3	0.4694	True	1.119473	0.750	0.003457	
2025-09-08 16:22:16.930	continuous	3724	3	->	4	5	3	0.3920	True	2.171181	0.750	0.003457	
2025-09-08 16:22:16.931	continuous	3725	1	->	2	3	3	0.4847	True	0.789526	0.750	0.003457	
2025-09-08 16:22:16.931	continuous	3726	2	->		3	3	0.4752	True	0.787874	0.750	0.003456	
2025-09-08 16:22:16.931	continuous	3727	4	->		5	3	0.4157	True	2.196450	0.750	0.003456	
2025-09-08 16:22:16.931	continuous	3728	2	->	3	4	3	0.4675	True	1.142049	0.750	0.003456	
2025-09-08 16:22:16.931	continuous	3729	4	->		5	3	0.4120	True	2.162063	0.750	0.003455	
2025-09-08 16:22:16.932	continuous	3730	2	->		3	3	0.4701	True	0.805294	0.750	0.003455	
2025-09-08 16:22:16.932	continuous	3731	4	->		5	3	0.4111	True	2.131601	0.750	0.003455	
2025-09-08 16:22:16.932	continuous	3732	1	->	2	3	3	0.4819	True	0.768413	0.750	0.003454	
2025-09-08 16:22:16.932	continuous	3733	2	->		3	3	0.4727	True	0.768810	0.750	0.003454	
2025-09-08 16:22:16.932	continuous	3734	2	->		3	3	0.4762	True	0.747462	0.750	0.003454	
2025-09-08 16:22:16.933	continuous	3735	1	->		2	3	0.4575	True	2.218685	0.750	0.003453	
2025-09-08 16:22:16.933	continuous	3736	4	->		5	3	0.4117	True	2.115983	0.750	0.003453	
2025-09-08 16:22:16.933	continuous	3737	4	->	5	6	3	0.3988	True	4.978033	0.750	0.003453	
2025-09-08 16:22:16.933	continuous	3738	2	->		3	3	0.4670	True	0.758319	0.750	0.003452	
2025-09-08 16:22:16.933	continuous	3739	1	->	2	3	3	0.4836	True	0.712999	0.750	0.003452	
2025-09-08 16:22:16.933	continuous	3740	1	->	2	3	3	0.4877	True	0.692362	0.750	0.003452	
2025-09-08 16:22:16.934	continuous	3741	2	->		3	3	0.4783	True	0.698419	0.750	0.003451	
2025-09-08 16:22:16.934	continuous	3742	5	->		6	3	0.4250	True	5.133487	0.750	0.003451	
2025-09-08 16:22:16.934	continuous	3743	2	->	3	4	3	0.4691	True	1.300735	0.750	0.003451	
2025-09-08 16:22:16.934	continuous	3744	2	->	3	4	3	0.4669	True	1.261949	0.750	0.003450	
2025-09-08 16:22:16.934	continuous	3745	2	->	3	4	3	0.4651	True	1.224408	0.750	0.003450	
2025-09-08 16:22:16.935	continuous	3746	3	->		4	3	0.4083	True	1.220114	0.750	0.003449	
2025-09-08 16:22:16.935	continuous	3747	4	->		5	3	0.4053	True	2.110425	0.750	0.003449	
2025-09-08 16:22:16.935	continuous	3748	2	->		3	3	0.4669	True	0.780956	0.750	0.003449	
2025-09-08 16:22:16.935	continuous	3749	2	->		3	3	0.4703	True	0.759770	0.750	0.003448	
2025-09-08 16:22:16.935	continuous	3750	1	->		2	3	0.4508	True	2.217371	0.750	0.003448	
2025-09-08 16:22:16.935	continuous	3751	2	->		3	3	0.4692	True	0.751492	0.750	0.003448	
2025-09-08 16:22:16.936	continuous	3752	1	->		2	3	0.4496	True	2.178967	0.750	0.003447	
2025-09-08 16:22:16.936	continuous	3753	1	->		2	3	0.4453	True	2.128904	0.750	0.003447	
2025-09-08 16:22:16.936	continuous	3754	2	->	3	4	3	0.4563	True	1.239209	0.750	0.003447	
2025-09-08 16:22:16.936	continuous	3755	1	->	2	3	3	0.4748	True	0.753536	0.750	0.003446	
2025-09-08 16:22:16.937	continuous	3756	1	->		2	3	0.4431	True	2.096930	0.750	0.003446	
2025-09-08 16:22:16.937	continuous	3757	2	->	3	4	3	0.4542	True	1.229252	0.750	0.003446	
2025-09-08 16:22:16.937	continuous	3758	3	->	4	5	3	0.3746	True	2.068771	0.750	0.003445	
2025-09-08 16:22:16.937	continuous	3759	4	->		5	3	0.3939	True	2.071279	0.750	0.003445	
2025-09-08 16:22:16.937	continuous	3760	2	->	3	4	3	0.4469	True	1.204003	0.750	0.003445	
2025-09-08 16:22:16.938	continuous	3761	2	->	3	4	3	0.4463	True	1.169547	0.750	0.003444	
2025-09-08 16:22:16.938	continuous	3762	2	->		3	3	0.4526	True	0.848858	0.750	0.003444	
2025-09-08 16:22:16.938	continuous	3763	2	->	3	4	3	0.4488	True	1.157243	0.750	0.003444	
2025-09-08 16:22:16.938	continuous	3764	2	->		3	3	0.4551	True	0.846951	0.750	0.003443	
2025-09-08 16:22:16.938	continuous	3765	2	->		3	3	0.4580	True	0.823743	0.750	0.003443	
2025-09-08 16:22:16.938	continuous	3766	2	->		3	3	0.4611	True	0.801270	0.750	0.003443	
2025-09-08 16:22:16.939	continuous	3767	1	->	2	3	3	0.4766	True	0.755919	0.750	0.003442	
2025-09-08 16:22:16.939	continuous	3768	4	->		5	3	0.4024	True	2.096963	0.750	0.003442	
2025-09-08 16:22:16.939	continuous	3769	1	->	2	3	3	0.4767	True	0.743080	0.750	0.003442	
2025-09-08 16:22:16.939	continuous	3770	2	->	3	4	3	0.4604	True	1.236741	0.750	0.003441	
2025-09-08 16:22:16.939	continuous	3771	2	->		3	3	0.4663	True	0.767596	0.750	0.003441	
2025-09-08 16:22:16.939	continuous	3772	2	->		3	3	0.4698	True	0.746913	0.750	0.003441	
2025-09-08 16:22:16.940	continuous	3773	2	->		3	3	0.4735	True	0.726893	0.750	0.003440	
2025-09-08 16:22:16.940	continuous	3774	3	->		4	3	0.4124	True	1.284125	0.750	0.003440	
2025-09-08 16:22:16.940	continuous	3775	3	->		4	3	0.4117	True	1.257243	0.750	0.003439	
2025-09-08 16:22:16.940	continuous	3776	1	->	2	3	3	0.4873	True	0.717665	0.750	0.003439	
2025-09-08 16:22:16.940	continuous	3777	2	->		3	3	0.4783	True	0.721275	0.750	0.003439	
2025-09-08 16:22:16.941	continuous	3778	1	->		2	3	0.4580	True	2.210291	0.750	0.003438	
2025-09-08 16:22:16.941	continuous	3779	1	->		2	3	0.4534	True	2.158761	0.750	0.003438	
2025-09-08 16:22:16.941	continuous	3780	2	->	3	4	3	0.4649	True	1.251512	0.750	0.003438	
2025-09-08 16:22:16.941	continuous	3781	3	->	4	5	3	0.3828	True	2.087808	0.750	0.003437	
2025-09-08 16:22:16.941	continuous	3782	3	->		4	3	0.4050	True	1.248340	0.750	0.003437	
2025-09-08 16:22:16.942	continuous	3783	3	->		4	3	0.4048	True	1.222560	0.750	0.003437	
2025-09-08 16:22:16.942	continuous	3784	3	->		4	3	0.4048	True	1.197298	0.750	0.003436	
2025-09-08 16:22:16.942	continuous	3785	2	->	3	4	3	0.4588	True	1.129805	0.750	0.003436	
2025-09-08 16:22:16.942	continuous	3786	1	->	2	3	3	0.4768	True	0.809508	0.750	0.003436	
2025-09-08 16:22:16.942	continuous	3787	2	->		3	3	0.4680	True	0.807089	0.750	0.003435	
2025-09-08 16:22:16.942	continuous	3788	2	->	3	4	3	0.4641	True	1.141376	0.750	0.003435	
2025-09-08 16:22:16.943	continuous	3789	1	->	2	3	3	0.4822	True	0.784752	0.750	0.003435	
2025-09-08 16:22:16.943	continuous	3790	3	->		4	3	0.4115	True	1.170405	0.750	0.003434	
2025-09-08 16:22:16.943	continuous	3791	1	->	2	3	3	0.4850	True	0.779470	0.750	0.003434	
2025-09-08 16:22:16.943	continuous	3792	3	->		4	3	0.4140	True	1.164564	0.750	0.003434	
2025-09-08 16:22:16.943	continuous	3793	1	->	2	3	3	0.4878	True	0.774377	0.750	0.003433	
2025-09-08 16:22:16.944	continuous	3794	3	->		4	3	0.4165	True	1.158843	0.750	0.003433	
2025-09-08 16:22:16.944	continuous	3795	3	->		4	3	0.4167	True	1.134207	0.750	0.003433	
2025-09-08 16:22:16.944	continuous	3796	4	->		5	3	0.4135	True	2.186590	0.750	0.003432	
2025-09-08 16:22:16.945	continuous	3797	2	->	3	4	3	0.4680	True	1.068716	0.750	0.003432	
2025-09-08 16:22:16.945	continuous	3798	2	->	3	4	3	0.4682	True	1.036647	0.750	0.003432	
2025-09-08 16:22:16.945	continuous	3799	2	->	3	4	3	0.4686	True	1.005670	0.750	0.003431	
2025-09-08 16:22:16.946	continuous	3800	3	->		4	3	0.4155	True	1.037175	0.750	0.003431	
2025-09-08 16:22:16.946	continuous	3801	1	->	2	3	3	0.4880	True	0.887641	0.750	0.003431	
2025-09-08 16:22:16.946	continuous	3802	2	->		3	3	0.4781	True	0.877512	0.750	0.003430	
2025-09-08 16:22:16.946	continuous	3803	3	->	4	5	3	0.3940	True	2.146398	0.750	0.003430	
2025-09-08 16:22:16.946	continuous	3804	1	->	2	3	3	0.4884	True	0.838305	0.750	0.003430	
2025-09-08 16:22:16.947	continuous	3805	3	->		4	3	0.4182	True	1.081102	0.750	0.003429	
2025-09-08 16:22:16.947	continuous	3806	1	->		2	3	0.4573	True	2.275192	0.750	0.003429	
2025-09-08 16:22:16.947	continuous	3807	3	->	4	5	3	0.3897	True	2.121271	0.750	0.003428	
2025-09-08 16:22:16.947	continuous	3808	2	->		3	3	0.4718	True	0.867459	0.750	0.003428	
2025-09-08 16:22:16.947	continuous	3809	3	->		4	3	0.4138	True	1.091295	0.750	0.003428	
2025-09-08 16:22:16.948	continuous	3810	3	->	4	5	3	0.3893	True	2.101300	0.750	0.003427	
2025-09-08 16:22:16.948	continuous	3811	2	->	3	4	3	0.4652	True	1.018451	0.750	0.003427	
2025-09-08 16:22:16.948	continuous	3812	2	->		3	3	0.4719	True	0.890407	0.750	0.003427	
2025-09-08 16:22:16.948	continuous	3813	2	->	3	4	3	0.4678	True	1.011110	0.750	0.003426	
2025-09-08 16:22:16.948	continuous	3814	1	->	2	3	3	0.4859	True	0.868532	0.750	0.003426	
2025-09-08 16:22:16.948	continuous	3815	3	->		4	3	0.4163	True	1.062103	0.750	0.003426	
2025-09-08 16:22:16.949	continuous	3816	3	->		4	3	0.4173	True	1.039579	0.750	0.003425	
2025-09-08 16:22:16.949	continuous	3817	3	->		4	3	0.4185	True	1.017531	0.750	0.003425	
2025-09-08 16:22:16.949	continuous	3818	1	->	2	3	3	0.4908	True	0.900430	0.750	0.003425	
2025-09-08 16:22:16.949	continuous	3819	4	->		5	3	0.4169	True	2.164009	0.750	0.003424	
2025-09-08 16:22:16.949	continuous	3820	1	->	2	3	3	0.4886	True	0.877308	0.750	0.003424	
2025-09-08 16:22:16.950	continuous	3821	3	->		4	3	0.4191	True	1.044301	0.750	0.003424	
2025-09-08 16:22:16.950	continuous	3822	1	->	2	3	3	0.4914	True	0.868659	0.750	0.003423	
2025-09-08 16:22:16.950	continuous	3823	1	->	2	3	3	0.4934	True	0.840142	0.750	0.003423	
2025-09-08 16:22:16.950	continuous	3824	2	->		3	3	0.4839	True	0.833038	0.750	0.003423	
2025-09-08 16:22:16.950	continuous	3825	2	->	3	4	3	0.4798	True	1.032637	0.750	0.003422	
2025-09-08 16:22:16.950	continuous	3826	2	->		3	3	0.4862	True	0.831855	0.750	0.003422	
2025-09-08 16:22:16.951	continuous	3827	2	->	3	4	3	0.4822	True	1.024381	0.750	0.003422	
2025-09-08 16:22:16.951	continuous	3828	3	->		4	3	0.4276	True	1.046645	0.750	0.003421	
2025-09-08 16:22:16.951	continuous	3829	2	->	3	4	3	0.4832	True	0.966408	0.750	0.003421	
2025-09-08 16:22:16.951	continuous	3830	2	->		3	3	0.4899	True	0.874191	0.750	0.003421	
2025-09-08 16:22:16.951	continuous	3831	4	->		5	3	0.4264	True	2.203101	0.750	0.003420	
2025-09-08 16:22:16.952	continuous	3832	2	->	3	4	3	0.4818	True	0.967801	0.750	0.003420	
2025-09-08 16:22:16.952	continuous	3833	1	->	2	3	3	0.5000	True	0.860232	0.750	0.003420	
2025-09-08 16:22:16.952	continuous	3834	2	->		3	3	0.4902	True	0.850353	0.750	0.003419	
2025-09-08 16:22:16.952	continuous	3835	3	->		4	3	0.4310	True	1.040664	0.750	0.003419	
2025-09-08 16:22:16.952	continuous	3836	4	->		5	3	0.4275	True	2.191128	0.750	0.003419	
2025-09-08 16:22:16.953	continuous	3837	3	->	4	5	3	0.4025	True	2.109811	0.750	0.003418	
2025-09-08 16:22:16.953	continuous	3838	4	->		5	3	0.4209	True	2.113971	0.750	0.003418	
2025-09-08 16:22:16.953	continuous	3839	1	->	2	3	3	0.4932	True	0.846211	0.750	0.003418	
2025-09-08 16:22:16.953	continuous	3840	3	->		4	3	0.4237	True	1.060549	0.750	0.003417	
2025-09-08 16:22:16.953	continuous	3841	1	->	2	3	3	0.4960	True	0.838645	0.750	0.003417	
2025-09-08 16:22:16.954	continuous	3842	1	->	2	3	3	0.4982	True	0.811097	0.750	0.003417	
2025-09-08 16:22:16.954	continuous	3843	3	->		4	3	0.4280	True	1.078029	0.750	0.003416	
2025-09-08 16:22:16.954	continuous	3844	1	->	2	3	3	0.5009	True	0.804800	0.750	0.003416	
2025-09-08 16:22:16.954	continuous	3845	1	->	2	3	3	0.5035	True	0.778473	0.750	0.003415	
2025-09-08 16:22:16.954	continuous	3846	1	->		2	3	0.4714	True	2.453621	0.750	0.003415	
2025-09-08 16:22:16.955	continuous	3847	2	->	3	4	3	0.4830	True	1.056355	0.750	0.003415	
2025-09-08 16:22:16.955	continuous	3848	3	->		4	3	0.4282	True	1.072669	0.750	0.003414	
2025-09-08 16:22:16.955	continuous	3849	4	->		5	3	0.4243	True	2.135654	0.750	0.003414	
2025-09-08 16:22:16.955	continuous	3850	2	->		3	3	0.4857	True	0.836108	0.750	0.003414	
2025-09-08 16:22:16.955	continuous	3851	1	->	2	3	3	0.4997	True	0.790249	0.750	0.003413	
2025-09-08 16:22:16.955	continuous	3852	3	->		4	3	0.4293	True	1.095978	0.750	0.003413	
2025-09-08 16:22:16.956	continuous	3853	1	->		2	3	0.4680	True	2.428406	0.750	0.003413	
2025-09-08 16:22:16.956	continuous	3854	2	->		3	3	0.4860	True	0.815558	0.750	0.003412	
2025-09-08 16:22:16.956	continuous	3855	3	->	4	5	3	0.4017	True	2.082199	0.750	0.003412	
2025-09-08 16:22:16.956	continuous	3856	3	->		4	3	0.4244	True	1.104100	0.750	0.003412	
2025-09-08 16:22:16.956	continuous	3857	2	->		3	3	0.4852	True	0.817951	0.750	0.003411	
2025-09-08 16:22:16.957	continuous	3858	2	->		3	3	0.4878	True	0.793660	0.750	0.003411	
2025-09-08 16:22:16.957	continuous	3859	2	->		3	3	0.4906	True	0.770253	0.750	0.003411	
2025-09-08 16:22:16.957	continuous	3860	2	->	3	4	3	0.4868	True	1.101190	0.750	0.003410	
2025-09-08 16:22:16.957	continuous	3861	2	->		3	3	0.4926	True	0.771368	0.750	0.003410	
2025-09-08 16:22:16.957	continuous	3862	2	->	3	4	3	0.4889	True	1.089833	0.750	0.003410	
2025-09-08 16:22:16.957	continuous	3863	3	->		4	3	0.4328	True	1.097759	0.750	0.003409	
2025-09-08 16:22:16.958	continuous	3864	1	->	2	3	3	0.5062	True	0.771240	0.750	0.003409	
2025-09-08 16:22:16.958	continuous	3865	4	->		5	3	0.4307	True	2.151230	0.750	0.003409	
2025-09-08 16:22:16.958	continuous	3866	1	->	2	3	3	0.5051	True	0.754484	0.750	0.003408	
2025-09-08 16:22:16.958	continuous	3867	4	->		5	3	0.4294	True	2.119653	0.750	0.003408	
2025-09-08 16:22:16.958	continuous	3868	1	->	2	3	3	0.5042	True	0.739048	0.750	0.003408	
2025-09-08 16:22:16.959	continuous	3869	1	->	2	3	3	0.5076	True	0.715644	0.750	0.003407	
2025-09-08 16:22:16.959	continuous	3870	2	->	3	4	3	0.4917	True	1.136280	0.750	0.003407	
2025-09-08 16:22:16.959	continuous	3871	2	->		3	3	0.4973	True	0.740207	0.750	0.003407	
2025-09-08 16:22:16.959	continuous	3872	1	->	2	3	3	0.5128	True	0.695503	0.750	0.003406	
2025-09-08 16:22:16.959	continuous	3873	2	->	3	4	3	0.4967	True	1.147648	0.750	0.003406	
2025-09-08 16:22:16.959	continuous	3874	1	->		2	3	0.4784	True	2.497265	0.750	0.003406	
2025-09-08 16:22:16.960	continuous	3875	1	->		2	3	0.4734	True	2.438860	0.750	0.003405	
2025-09-08 16:22:16.960	continuous	3876	3	->		4	3	0.4298	True	1.151709	0.750	0.003405	
2025-09-08 16:22:16.960	continuous	3877	2	->	3	4	3	0.4850	True	1.086793	0.750	0.003405	
2025-09-08 16:22:16.960	continuous	3878	2	->		3	3	0.4908	True	0.786225	0.750	0.003404	
2025-09-08 16:22:16.961	continuous	3879	1	->	2	3	3	0.5054	True	0.740826	0.750	0.003404	
2025-09-08 16:22:16.961	continuous	3880	1	->	2	3	3	0.5088	True	0.717214	0.750	0.003404	
2025-09-08 16:22:16.961	continuous	3881	4	->		5	3	0.4319	True	2.150185	0.750	0.003403	
2025-09-08 16:22:16.961	continuous	3882	1	->	2	3	3	0.5081	True	0.703664	0.750	0.003403	
2025-09-08 16:22:16.962	continuous	3883	1	->	2	3	3	0.5118	True	0.681748	0.750	0.003403	
2025-09-08 16:22:16.962	continuous	3884	4	->		5	3	0.4337	True	2.128735	0.750	0.003402	
2025-09-08 16:22:16.962	continuous	3885	4	->		5	3	0.4301	True	2.088784	0.750	0.003402	
2025-09-08 16:22:16.962	continuous	3886	2	->		3	3	0.4949	True	0.704418	0.750	0.003402	
2025-09-08 16:22:16.962	continuous	3887	3	->	4	5	3	0.4077	True	2.023701	0.750	0.003401	
2025-09-08 16:22:16.963	continuous	3888	3	->		4	3	0.4308	True	1.233800	0.750	0.003401	
2025-09-08 16:22:16.963	continuous	3889	1	->	2	3	3	0.5057	True	0.687823	0.750	0.003400	
2025-09-08 16:22:16.963	continuous	3890	3	->	4	5	3	0.4067	True	2.004058	0.750	0.003400	
2025-09-08 16:22:16.963	continuous	3891	2	->		3	3	0.4935	True	0.700496	0.750	0.003400	
2025-09-08 16:22:16.963	continuous	3892	3	->	4	5	3	0.4064	True	1.979757	0.750	0.003399	
2025-09-08 16:22:16.964	continuous	3893	1	->		2	3	0.4694	True	2.451853	0.750	0.003399	
2025-09-08 16:22:16.964	continuous	3894	2	->	3	4	3	0.4813	True	1.237633	0.750	0.003399	
2025-09-08 16:22:16.964	continuous	3895	3	->	4	5	3	0.3982	True	1.946898	0.750	0.003398	
2025-09-08 16:22:16.964	continuous	3896	2	->		3	3	0.4831	True	0.734209	0.750	0.003398	
2025-09-08 16:22:16.964	continuous	3897	1	->	2	3	3	0.4989	True	0.689316	0.750	0.003398	
2025-09-08 16:22:16.965	continuous	3898	2	->	3	4	3	0.4832	True	1.249030	0.750	0.003397	
2025-09-08 16:22:16.965	continuous	3899	4	->		5	3	0.4210	True	1.968376	0.750	0.003397	
2025-09-08 16:22:16.965	continuous	3900	2	->	3	4	3	0.4776	True	1.214279	0.750	0.003397	
2025-09-08 16:22:16.965	continuous	3901	2	->		3	3	0.4828	True	0.749079	0.750	0.003396	
2025-09-08 16:22:16.965	continuous	3902	3	->		4	3	0.4241	True	1.224694	0.750	0.003396	
2025-09-08 16:22:16.965	continuous	3903	2	->	3	4	3	0.4785	True	1.167023	0.750	0.003396	
2025-09-08 16:22:16.966	continuous	3904	3	->		4	3	0.4231	True	1.166990	0.750	0.003395	
2025-09-08 16:22:16.966	continuous	3905	1	->	2	3	3	0.4948	True	0.765567	0.750	0.003395	
2025-09-08 16:22:16.966	continuous	3906	2	->		3	3	0.4865	True	0.764199	0.750	0.003395	
2025-09-08 16:22:16.966	continuous	3907	3	->		4	3	0.4279	True	1.179524	0.750	0.003394	
2025-09-08 16:22:16.966	continuous	3908	1	->	2	3	3	0.5006	True	0.738099	0.750	0.003394	
2025-09-08 16:22:16.967	continuous	3909	2	->		3	3	0.4923	True	0.738159	0.750	0.003394	
2025-09-08 16:22:16.967	continuous	3910	1	->		2	3	0.4719	True	2.489308	0.750	0.003393	
2025-09-08 16:22:16.967	continuous	3911	1	->		2	3	0.4670	True	2.431538	0.750	0.003393	
2025-09-08 16:22:16.967	continuous	3912	3	->		4	3	0.4240	True	1.199841	0.750	0.003393	
2025-09-08 16:22:16.967	continuous	3913	2	->		3	3	0.4850	True	0.758455	0.750	0.003392	
2025-09-08 16:22:16.968	continuous	3914	4	->		5	3	0.4216	True	2.014727	0.750	0.003392	
2025-09-08 16:22:16.968	continuous	3915	4	->		5	3	0.4185	True	1.977128	0.750	0.003392	
2025-09-08 16:22:16.968	continuous	3916	2	->	3	4	3	0.4744	True	1.172961	0.750	0.003391	
2025-09-08 16:22:16.968	continuous	3917	2	->	3	4	3	0.4734	True	1.136138	0.750	0.003391	
2025-09-08 16:22:16.968	continuous	3918	2	->		3	3	0.4790	True	0.802183	0.750	0.003391	
2025-09-08 16:22:16.968	continuous	3919	3	->	4	5	3	0.3962	True	1.933287	0.750	0.003390	
2025-09-08 16:22:16.969	continuous	3920	3	->		4	3	0.4190	True	1.168628	0.750	0.003390	
2025-09-08 16:22:16.969	continuous	3921	3	->		4	3	0.4192	True	1.143274	0.750	0.003390	
2025-09-08 16:22:16.969	continuous	3922	2	->		3	3	0.4784	True	0.824651	0.750	0.003389	
2025-09-08 16:22:16.969	continuous	3923	3	->	4	5	3	0.3962	True	1.923182	0.750	0.003389	
2025-09-08 16:22:16.969	continuous	3924	1	->	2	3	3	0.4888	True	0.787354	0.750	0.003389	
2025-09-08 16:22:16.970	continuous	3925	2	->	3	4	3	0.4747	True	1.124955	0.750	0.003388	
2025-09-08 16:22:16.970	continuous	3926	4	->	5	6	3	0.4063	True	5.012938	0.750	0.003388	
2025-09-08 16:22:16.970	continuous	3927	2	->		3	3	0.4765	True	0.815746	0.750	0.003388	
2025-09-08 16:22:16.970	continuous	3928	2	->		3	3	0.4794	True	0.792136	0.750	0.003387	
2025-09-08 16:22:16.970	continuous	3929	4	->		5	3	0.4155	True	1.942734	0.750	0.003387	
2025-09-08 16:22:16.971	continuous	3930	3	->		4	3	0.4180	True	1.180487	0.750	0.003387	
2025-09-08 16:22:16.971	continuous	3931	3	->		4	3	0.4181	True	1.155146	0.750	0.003386	
2025-09-08 16:22:16.971	continuous	3932	3	->	4	5	3	0.3925	True	1.895221	0.750	0.003386	
2025-09-08 16:22:16.971	continuous	3933	4	->		5	3	0.4104	True	1.887778	0.750	0.003386	
2025-09-08 16:22:16.971	continuous	3934	1	->	2	3	3	0.4828	True	0.812390	0.750	0.003385	
2025-09-08 16:22:16.972	continuous	3935	1	->		2	3	0.4523	True	2.443934	0.750	0.003385	
2025-09-08 16:22:16.972	continuous	3936	3	->		4	3	0.4115	True	1.169170	0.750	0.003385	
2025-09-08 16:22:16.972	continuous	3937	3	->	4	5	3	0.3863	True	1.845108	0.750	0.003384	
2025-09-08 16:22:16.972	continuous	3938	3	->	4	5	3	0.3842	True	1.815122	0.750	0.003384	
2025-09-08 16:22:16.972	continuous	3939	3	->		4	3	0.4074	True	1.159018	0.750	0.003384	
2025-09-08 16:22:16.972	continuous	3940	2	->		3	3	0.4653	True	0.872504	0.750	0.003383	
2025-09-08 16:22:16.973	continuous	3941	4	->		5	3	0.4044	True	1.820776	0.750	0.003383	
2025-09-08 16:22:16.973	continuous	3942	3	->		4	3	0.4075	True	1.160537	0.750	0.003383	
2025-09-08 16:22:16.973	continuous	3943	3	->		4	3	0.4080	True	1.136127	0.750	0.003382	
2025-09-08 16:22:16.973	continuous	3944	1	->	2	3	3	0.4756	True	0.873833	0.750	0.003382	
2025-09-08 16:22:16.973	continuous	3945	1	->		2	3	0.4460	True	2.426584	0.750	0.003381	
2025-09-08 16:22:16.974	continuous	3946	2	->		3	3	0.4638	True	0.875908	0.750	0.003381	
2025-09-08 16:22:16.974	continuous	3947	3	->	4	5	3	0.3835	True	1.801390	0.750	0.003381	
2025-09-08 16:22:16.974	continuous	3948	2	->	3	4	3	0.4579	True	1.116881	0.750	0.003380	
2025-09-08 16:22:16.974	continuous	3949	2	->		3	3	0.4637	True	0.881653	0.750	0.003380	
2025-09-08 16:22:16.974	continuous	3950	1	->	2	3	3	0.4764	True	0.835727	0.750	0.003380	
2025-09-08 16:22:16.974	continuous	3951	1	->		2	3	0.4467	True	2.406549	0.750	0.003379	
2025-09-08 16:22:16.975	continuous	3952	1	->	2	3	3	0.4751	True	0.820177	0.750	0.003379	
2025-09-08 16:22:16.975	continuous	3953	3	->		4	3	0.4093	True	1.195352	0.750	0.003379	
2025-09-08 16:22:16.975	continuous	3954	1	->		2	3	0.4452	True	2.369014	0.750	0.003378	
2025-09-08 16:22:16.975	continuous	3955	4	->		5	3	0.4004	True	1.829034	0.750	0.003378	
2025-09-08 16:22:16.975	continuous	3956	3	->		4	3	0.4036	True	1.183530	0.750	0.003378	
2025-09-08 16:22:16.976	continuous	3957	3	->		4	3	0.4040	True	1.158860	0.750	0.003377	
2025-09-08 16:22:16.976	continuous	3958	1	->	2	3	3	0.4708	True	0.870656	0.750	0.003377	
2025-09-08 16:22:16.976	continuous	3959	3	->		4	3	0.4065	True	1.153368	0.750	0.003377	
2025-09-08 16:22:16.976	continuous	3960	2	->		3	3	0.4637	True	0.881793	0.750	0.003376	
2025-09-08 16:22:16.976	continuous	3961	2	->		3	3	0.4662	True	0.856140	0.750	0.003376	
2025-09-08 16:22:16.976	continuous	3962	2	->		3	3	0.4690	True	0.831361	0.750	0.003376	
2025-09-08 16:22:16.977	continuous	3963	4	->		5	3	0.4075	True	1.857442	0.750	0.003375	
2025-09-08 16:22:16.977	continuous	3964	2	->	3	4	3	0.4628	True	1.151903	0.750	0.003375	
2025-09-08 16:22:16.977	continuous	3965	4	->		5	3	0.4049	True	1.830560	0.750	0.003375	
2025-09-08 16:22:16.977	continuous	3966	1	->		2	3	0.4433	True	2.373670	0.750	0.003374	
2025-09-08 16:22:16.978	continuous	3967	3	->		4	3	0.4046	True	1.174642	0.750	0.003374	
2025-09-08 16:22:16.978	continuous	3968	1	->	2	3	3	0.4712	True	0.857942	0.750	0.003374	
2025-09-08 16:22:16.978	continuous	3969	2	->		3	3	0.4641	True	0.851751	0.750	0.003373	
2025-09-08 16:22:16.979	continuous	3970	3	->		4	3	0.4092	True	1.186520	0.750	0.003373	
2025-09-08 16:22:16.979	continuous	3971	2	->		3	3	0.4668	True	0.845161	0.750	0.003373	
2025-09-08 16:22:16.979	continuous	3972	1	->	2	3	3	0.4800	True	0.799571	0.750	0.003372	
2025-09-08 16:22:16.979	continuous	3973	3	->		4	3	0.4139	True	1.198064	0.750	0.003372	
2025-09-08 16:22:16.979	continuous	3974	2	->	3	4	3	0.4664	True	1.132198	0.750	0.003372	
2025-09-08 16:22:16.980	continuous	3975	2	->	3	4	3	0.4661	True	1.097195	0.750	0.003371	
2025-09-08 16:22:16.980	continuous	3976	1	->	2	3	3	0.4818	True	0.840620	0.750	0.003371	
2025-09-08 16:22:16.980	continuous	3977	2	->		3	3	0.4743	True	0.834361	0.750	0.003371	
2025-09-08 16:22:16.980	continuous	3978	2	->		3	3	0.4772	True	0.809883	0.750	0.003370	
2025-09-08 16:22:16.980	continuous	3979	3	->		4	3	0.4204	True	1.170794	0.750	0.003370	
2025-09-08 16:22:16.981	continuous	3980	1	->	2	3	3	0.4902	True	0.783683	0.750	0.003370	
2025-09-08 16:22:16.981	continuous	3981	2	->		3	3	0.4828	True	0.780678	0.750	0.003369	
2025-09-08 16:22:16.981	continuous	3982	3	->	4	5	3	0.3992	True	1.900342	0.750	0.003369	
2025-09-08 16:22:16.981	continuous	3983	2	->		3	3	0.4828	True	0.766997	0.750	0.003369	
2025-09-08 16:22:16.981	continuous	3984	1	->	2	3	3	0.4972	True	0.722386	0.750	0.003368	
2025-09-08 16:22:16.982	continuous	3985	2	->		3	3	0.4898	True	0.723216	0.750	0.003368	
2025-09-08 16:22:16.982	continuous	3986	3	->	4	5	3	0.4040	True	1.896746	0.750	0.003368	
2025-09-08 16:22:16.982	continuous	3987	2	->		3	3	0.4901	True	0.712278	0.750	0.003367	
2025-09-08 16:22:16.982	continuous	3988	3	->		4	3	0.4304	True	1.268338	0.750	0.003367	
2025-09-08 16:22:16.982	continuous	3989	1	->		2	3	0.4677	True	2.490135	0.750	0.003367	
2025-09-08 16:22:16.983	continuous	3990	3	->		4	3	0.4252	True	1.243473	0.750	0.003366	
2025-09-08 16:22:16.983	continuous	3991	2	->	3	4	3	0.4795	True	1.189513	0.750	0.003366	
2025-09-08 16:22:16.983	continuous	3992	3	->		4	3	0.4240	True	1.184508	0.750	0.003366	
2025-09-08 16:22:16.983	continuous	3993	2	->		3	3	0.4840	True	0.781813	0.750	0.003365	
2025-09-08 16:22:16.983	continuous	3994	3	->		4	3	0.4263	True	1.177240	0.750	0.003365	
2025-09-08 16:22:16.983	continuous	3995	1	->	2	3	3	0.4971	True	0.756367	0.750	0.003365	
2025-09-08 16:22:16.984	continuous	3996	3	->	4	5	3	0.4025	True	1.918186	0.750	0.003364	
2025-09-08 16:22:16.984	continuous	3997	4	->		5	3	0.4201	True	1.911721	0.750	0.003364	
2025-09-08 16:22:16.984	continuous	3998	2	->		3	3	0.4830	True	0.773197	0.750	0.003364	
2025-09-08 16:22:16.984	continuous	3999	2	->	3	4	3	0.4799	True	1.173227	0.750	0.003363	
2025-09-08 16:22:16.985	continuous	4000	2	->		3	3	0.4850	True	0.774029	0.750	0.003363	
2025-09-08 16:22:16.985	continuous	4001	4	->		5	3	0.4215	True	1.902059	0.750	0.003363	
2025-09-08 16:22:16.985	continuous	4002	1	->	2	3	3	0.4953	True	0.739891	0.750	0.003362	
2025-09-08 16:22:16.985	continuous	4003	1	->	2	3	3	0.4991	True	0.716869	0.750	0.003362	
2025-09-08 16:22:16.985	continuous	4004	2	->		3	3	0.4919	True	0.717584	0.750	0.003362	
2025-09-08 16:22:16.985	continuous	4005	1	->		2	3	0.4707	True	2.517828	0.750	0.003361	
2025-09-08 16:22:16.986	continuous	4006	1	->	2	3	3	0.5018	True	0.686010	0.750	0.003361	
2025-09-08 16:22:16.986	continuous	4007	1	->	2	3	3	0.5060	True	0.665269	0.750	0.003361	
2025-09-08 16:22:16.986	continuous	4008	3	->		4	3	0.4338	True	1.291622	0.750	0.003360	
2025-09-08 16:22:16.986	continuous	4009	1	->	2	3	3	0.5081	True	0.663665	0.750	0.003360	
2025-09-08 16:22:16.987	continuous	4010	3	->		4	3	0.4358	True	1.281208	0.750	0.003360	
2025-09-08 16:22:16.987	continuous	4011	2	->	3	4	3	0.4915	True	1.237653	0.750	0.003359	
2025-09-08 16:22:16.987	continuous	4012	1	->	2	3	3	0.5075	True	0.685993	0.750	0.003359	
2025-09-08 16:22:16.987	continuous	4013	2	->		3	3	0.5000	True	0.688453	0.750	0.003359	
2025-09-08 16:22:16.987	continuous	4014	2	->	3	4	3	0.4966	True	1.244181	0.750	0.003358	
2025-09-08 16:22:16.987	continuous	4015	3	->		4	3	0.4375	True	1.222037	0.750	0.003358	
2025-09-08 16:22:16.988	continuous	4016	1	->	2	3	3	0.5111	True	0.688157	0.750	0.003358	
2025-09-08 16:22:16.988	continuous	4017	2	->	3	4	3	0.4965	True	1.194123	0.750	0.003357	
2025-09-08 16:22:16.988	continuous	4018	1	->	2	3	3	0.5126	True	0.691087	0.750	0.003357	
2025-09-08 16:22:16.988	continuous	4019	1	->	2	3	3	0.5165	True	0.669347	0.750	0.003357	
2025-09-08 16:22:16.988	continuous	4020	3	->		4	3	0.4439	True	1.219735	0.750	0.003356	
2025-09-08 16:22:16.989	continuous	4021	2	->		3	3	0.5070	True	0.691152	0.750	0.003356	
2025-09-08 16:22:16.989	continuous	4022	2	->	3	4	3	0.5035	True	1.193824	0.750	0.003356	
2025-09-08 16:22:16.989	continuous	4023	2	->	3	4	3	0.5015	True	1.153448	0.750	0.003355	
2025-09-08 16:22:16.989	continuous	4024	2	->	3	4	3	0.4999	True	1.114623	0.750	0.003355	
2025-09-08 16:22:16.989	continuous	4025	3	->		4	3	0.4430	True	1.114105	0.750	0.003355	
2025-09-08 16:22:16.990	continuous	4026	2	->		3	3	0.5045	True	0.763884	0.750	0.003354	
2025-09-08 16:22:16.990	continuous	4027	2	->	3	4	3	0.5011	True	1.072074	0.750	0.003354	
2025-09-08 16:22:16.990	continuous	4028	1	->	2	3	3	0.5172	True	0.744452	0.750	0.003354	
2025-09-08 16:22:16.990	continuous	4029	2	->	3	4	3	0.5030	True	1.061908	0.750	0.003353	
2025-09-08 16:22:16.990	continuous	4030	5	->		6	3	0.4524	True	5.356127	0.750	0.003353	
2025-09-08 16:22:16.990	continuous	4031	3	->		4	3	0.4416	True	1.073245	0.750	0.003353	
2025-09-08 16:22:16.991	continuous	4032	3	->	4	5	3	0.4148	True	2.030432	0.750	0.003352	
2025-09-08 16:22:16.991	continuous	4033	4	->		5	3	0.4323	True	2.029901	0.750	0.003352	
2025-09-08 16:22:16.991	continuous	4034	2	->		3	3	0.4968	True	0.810070	0.750	0.003352	
2025-09-08 16:22:16.991	continuous	4035	4	->		5	3	0.4310	True	2.000093	0.750	0.003351	
2025-09-08 16:22:16.991	continuous	4036	2	->	3	4	3	0.4898	True	1.044460	0.750	0.003351	
2025-09-08 16:22:16.991	continuous	4037	1	->	2	3	3	0.5058	True	0.798260	0.750	0.003351	
2025-09-08 16:22:16.992	continuous	4038	1	->	2	3	3	0.5085	True	0.771703	0.750	0.003350	
2025-09-08 16:22:16.992	continuous	4039	4	->		5	3	0.4320	True	1.986917	0.750	0.003350	
2025-09-08 16:22:16.992	continuous	4040	3	->	4	5	3	0.4085	True	1.920729	0.750	0.003350	
2025-09-08 16:22:16.992	continuous	4041	3	->		4	3	0.4326	True	1.116518	0.750	0.003349	
2025-09-08 16:22:16.992	continuous	4042	3	->	4	5	3	0.4062	True	1.895384	0.750	0.003349	
2025-09-08 16:22:16.992	continuous	4043	1	->	2	3	3	0.5006	True	0.792201	0.750	0.003349	
2025-09-08 16:22:16.993	continuous	4044	2	->	3	4	3	0.4870	True	1.076640	0.750	0.003348	
2025-09-08 16:22:16.993	continuous	4045	2	->	3	4	3	0.4867	True	1.041893	0.750	0.003348	
2025-09-08 16:22:16.993	continuous	4046	1	->	2	3	3	0.5026	True	0.816074	0.750	0.003348	
2025-09-08 16:22:16.993	continuous	4047	3	->		4	3	0.4343	True	1.081970	0.750	0.003347	
2025-09-08 16:22:16.993	continuous	4048	2	->	3	4	3	0.4894	True	1.005450	0.750	0.003347	
2025-09-08 16:22:16.994	continuous	4049	2	->	3	4	3	0.4899	True	0.973137	0.750	0.003347	
2025-09-08 16:22:16.994	continuous	4050	1	->		2	3	0.4726	True	2.650108	0.750	0.003346	
2025-09-08 16:22:16.994	continuous	4051	1	->	2	3	3	0.5013	True	0.867848	0.750	0.003346	
2025-09-08 16:22:16.995	continuous	4052	2	->		3	3	0.4931	True	0.857415	0.750	0.003346	
2025-09-08 16:22:16.995	continuous	4053	1	->	2	3	3	0.5054	True	0.810765	0.750	0.003345	
2025-09-08 16:22:16.995	continuous	4054	3	->		4	3	0.4365	True	1.072750	0.750	0.003345	
2025-09-08 16:22:16.995	continuous	4055	3	->		4	3	0.4371	True	1.048817	0.750	0.003345	
2025-09-08 16:22:16.996	continuous	4056	4	->		5	3	0.4310	True	1.979314	0.750	0.003344	
2025-09-08 16:22:16.996	continuous	4057	2	->		3	3	0.4946	True	0.852129	0.750	0.003344	
2025-09-08 16:22:16.996	continuous	4058	3	->	4	5	3	0.4096	True	1.921492	0.750	0.003343	
2025-09-08 16:22:16.996	continuous	4059	2	->		3	3	0.4934	True	0.833271	0.750	0.003343	
2025-09-08 16:22:16.996	continuous	4060	2	->		3	3	0.4958	True	0.807531	0.750	0.003343	
2025-09-08 16:22:16.997	continuous	4061	4	->		5	3	0.4307	True	1.933119	0.750	0.003342	
2025-09-08 16:22:16.997	continuous	4062	1	->	2	3	3	0.5052	True	0.771093	0.750	0.003342	
2025-09-08 16:22:16.997	continuous	4063	4	->		5	3	0.4299	True	1.905770	0.750	0.003342	
2025-09-08 16:22:16.997	continuous	4064	2	->	3	4	3	0.4882	True	1.095652	0.750	0.003341	
2025-09-08 16:22:16.997	continuous	4065	2	->		3	3	0.4935	True	0.801228	0.750	0.003341	
2025-09-08 16:22:16.998	continuous	4066	2	->		3	3	0.4963	True	0.776906	0.750	0.003341	
2025-09-08 16:22:16.998	continuous	4067	3	->	4	5	3	0.4109	True	1.869754	0.750	0.003340	
2025-09-08 16:22:16.998	continuous	4068	3	->	4	5	3	0.4083	True	1.837830	0.750	0.003340	
2025-09-08 16:22:16.998	continuous	4069	1	->	2	3	3	0.5032	True	0.750214	0.750	0.003340	
2025-09-08 16:22:16.998	continuous	4070	2	->		3	3	0.4961	True	0.748344	0.750	0.003339	
2025-09-08 16:22:16.999	continuous	4071	3	->	4	5	3	0.4104	True	1.825524	0.750	0.003339	
2025-09-08 16:22:16.999	continuous	4072	3	->		4	3	0.4345	True	1.201682	0.750	0.003339	
2025-09-08 16:22:16.999	continuous	4073	1	->	2	3	3	0.5057	True	0.732717	0.750	0.003338	
2025-09-08 16:22:16.999	continuous	4074	2	->	3	4	3	0.4921	True	1.167213	0.750	0.003338	
2025-09-08 16:22:16.999	continuous	4075	3	->	4	5	3	0.4093	True	1.816648	0.750	0.003338	
2025-09-08 16:22:16.999	continuous	4076	2	->	3	4	3	0.4878	True	1.135145	0.750	0.003337	
2025-09-08 16:22:17.000	continuous	4077	3	->	4	5	3	0.4066	True	1.792307	0.750	0.003337	
2025-09-08 16:22:17.000	continuous	4078	2	->		3	3	0.4898	True	0.798149	0.750	0.003337	
2025-09-08 16:22:17.000	continuous	4079	1	->	2	3	3	0.5030	True	0.752813	0.750	0.003336	
2025-09-08 16:22:17.000	continuous	4080	3	->	4	5	3	0.4086	True	1.780889	0.750	0.003336	
2025-09-08 16:22:17.000	continuous	4081	3	->		4	3	0.4326	True	1.190342	0.750	0.003336	
2025-09-08 16:22:17.000	continuous	4082	2	->		3	3	0.4922	True	0.779120	0.750	0.003335	
2025-09-08 16:22:17.001	continuous	4083	2	->	3	4	3	0.4892	True	1.151781	0.750	0.003335	
2025-09-08 16:22:17.001	continuous	4084	3	->		4	3	0.4342	True	1.151078	0.750	0.003335	
2025-09-08 16:22:17.001	continuous	4085	4	->		5	3	0.4280	True	1.801846	0.750	0.003334	
2025-09-08 16:22:17.001	continuous	4086	2	->	3	4	3	0.4848	True	1.091225	0.750	0.003334	
2025-09-08 16:22:17.002	continuous	4087	4	->		5	3	0.4254	True	1.774896	0.750	0.003334	
2025-09-08 16:22:17.002	continuous	4088	2	->		3	3	0.4869	True	0.842738	0.750	0.003333	
2025-09-08 16:22:17.002	continuous	4089	2	->		3	3	0.4895	True	0.816970	0.750	0.003333	
2025-09-08 16:22:17.002	continuous	4090	3	->		4	3	0.4333	True	1.149903	0.750	0.003333	
2025-09-08 16:22:17.002	continuous	4091	4	->		5	3	0.4271	True	1.768792	0.750	0.003332	
2025-09-08 16:22:17.003	continuous	4092	3	->	4	5	3	0.4052	True	1.717857	0.750	0.003332	
2025-09-08 16:22:17.003	continuous	4093	1	->	2	3	3	0.4956	True	0.811572	0.750	0.003332	
2025-09-08 16:22:17.003	continuous	4094	1	->	2	3	3	0.4987	True	0.785002	0.750	0.003331	
2025-09-08 16:22:17.003	continuous	4095	2	->		3	3	0.4920	True	0.780529	0.750	0.003331	
2025-09-08 16:22:17.003	continuous	4096	3	->		4	3	0.4354	True	1.197565	0.750	0.003331	
2025-09-08 16:22:17.004	continuous	4097	2	->		3	3	0.4944	True	0.775886	0.750	0.003330	
2025-09-08 16:22:17.004	continuous	4098	3	->		4	3	0.4376	True	1.189400	0.750	0.003330	
2025-09-08 16:22:17.004	continuous	4099	3	->		4	3	0.4374	True	1.162452	0.750	0.003330	
2025-09-08 16:22:17.004	continuous	4100	1	->		2	3	0.4732	True	2.785910	0.750	0.003329	
2025-09-08 16:22:17.004	continuous	4101	2	->		3	3	0.4917	True	0.800272	0.750	0.003329	
2025-09-08 16:22:17.004	continuous	4102	3	->	4	5	3	0.4090	True	1.755904	0.750	0.003329	
2025-09-08 16:22:17.005	continuous	4103	2	->	3	4	3	0.4859	True	1.132128	0.750	0.003328	
2025-09-08 16:22:17.005	continuous	4104	3	->	4	5	3	0.4066	True	1.732897	0.750	0.003328	
2025-09-08 16:22:17.005	continuous	4105	2	->		3	3	0.4881	True	0.819167	0.750	0.003328	
2025-09-08 16:22:17.005	continuous	4106	4	->		5	3	0.4262	True	1.729165	0.750	0.003327	
2025-09-08 16:22:17.005	continuous	4107	1	->	2	3	3	0.4974	True	0.785164	0.750	0.003327	
2025-09-08 16:22:17.006	continuous	4108	1	->	2	3	3	0.5008	True	0.759727	0.750	0.003327	
2025-09-08 16:22:17.006	continuous	4109	3	->	4	5	3	0.4088	True	1.701996	0.750	0.003326	
2025-09-08 16:22:17.006	continuous	4110	2	->	3	4	3	0.4854	True	1.189504	0.750	0.003326	
2025-09-08 16:22:17.006	continuous	4111	2	->	3	4	3	0.4843	True	1.150407	0.750	0.003326	
2025-09-08 16:22:17.006	continuous	4112	3	->		4	3	0.4316	True	1.152051	0.750	0.003325	
2025-09-08 16:22:17.007	continuous	4113	1	->		2	3	0.4667	True	2.762606	0.750	0.003325	
2025-09-08 16:22:17.007	continuous	4114	2	->		3	3	0.4847	True	0.842251	0.750	0.003325	
2025-09-08 16:22:17.007	continuous	4115	4	->		5	3	0.4234	True	1.717654	0.750	0.003324	
2025-09-08 16:22:17.007	continuous	4116	1	->	2	3	3	0.4938	True	0.807677	0.750	0.003324	
2025-09-08 16:22:17.007	continuous	4117	2	->		3	3	0.4875	True	0.801804	0.750	0.003324	
2025-09-08 16:22:17.007	continuous	4118	2	->	3	4	3	0.4847	True	1.165641	0.750	0.003323	
2025-09-08 16:22:17.008	continuous	4119	2	->	3	4	3	0.4838	True	1.127420	0.750	0.003323	
2025-09-08 16:22:17.008	continuous	4120	3	->	4	5	3	0.4054	True	1.706577	0.750	0.003323	
2025-09-08 16:22:17.008	continuous	4121	2	->		3	3	0.4860	True	0.834677	0.750	0.003322	
2025-09-08 16:22:17.008	continuous	4122	3	->		4	3	0.4311	True	1.160518	0.750	0.003322	
2025-09-08 16:22:17.008	continuous	4123	1	->		2	3	0.4661	True	2.744400	0.750	0.003322	
2025-09-08 16:22:17.008	continuous	4124	2	->	3	4	3	0.4789	True	1.095420	0.750	0.003322	
2025-09-08 16:22:17.009	continuous	4125	2	->	3	4	3	0.4789	True	1.060117	0.750	0.003321	
2025-09-08 16:22:17.009	continuous	4126	2	->	3	4	3	0.4793	True	1.026091	0.750	0.003321	
2025-09-08 16:22:17.009	continuous	4127	3	->		4	3	0.4285	True	1.053486	0.750	0.003321	
2025-09-08 16:22:17.009	continuous	4128	3	->	4	5	3	0.4036	True	1.726791	0.750	0.003320	
2025-09-08 16:22:17.009	continuous	4129	3	->		4	3	0.4275	True	1.039346	0.750	0.003320	
2025-09-08 16:22:17.010	continuous	4130	2	->	3	4	4	0.4798	True	0.949530	0.750	0.003320	
2025-09-08 16:22:17.010	continuous	4131	1	->		2	4	0.4638	True	2.716558	0.750	0.003319	
2025-09-08 16:22:17.010	continuous	4132	1	->	2	3	4	0.4899	True	0.972285	0.750	0.003319	
2025-09-08 16:22:17.011	continuous	4133	2	->	3	4	4	0.4782	True	0.952032	0.750	0.003319	
2025-09-08 16:22:17.011	continuous	4134	2	->		3	4	0.4840	True	0.978510	0.750	0.003318	
2025-09-08 16:22:17.011	continuous	4135	2	->	3	4	4	0.4807	True	0.946396	0.750	0.003318	
2025-09-08 16:22:17.012	continuous	4136	4	->		5	4	0.4231	True	1.765969	0.750	0.003318	
2025-09-08 16:22:17.012	continuous	4137	1	->	2	3	4	0.4918	True	0.964663	0.750	0.003317	
2025-09-08 16:22:17.012	continuous	4138	2	->	3	4	4	0.4802	True	0.952113	0.750	0.003317	
2025-09-08 16:22:17.012	continuous	4139	2	->	3	4	4	0.4818	True	0.922098	0.750	0.003317	
2025-09-08 16:22:17.012	continuous	4140	3	->	4	5	4	0.4051	True	1.743432	0.750	0.003316	
2025-09-08 16:22:17.012	continuous	4141	4	->		5	4	0.4220	True	1.728891	0.750	0.003316	
2025-09-08 16:22:17.013	continuous	4142	3	->	4	5	4	0.4011	True	1.681595	0.750	0.003316	
2025-09-08 16:22:17.013	continuous	4143	1	->	2	3	4	0.4875	True	1.005263	0.750	0.003315	
2025-09-08 16:22:17.013	continuous	4144	1	->	2	3	4	0.4885	True	0.970318	0.750	0.003315	
2025-09-08 16:22:17.013	continuous	4145	2	->	3	4	3	0.4772	True	0.973943	0.750	0.003315	
2025-09-08 16:22:17.013	continuous	4146	3	->		4	4	0.4278	True	1.012873	0.750	0.003314	
2025-09-08 16:22:17.014	continuous	4147	1	->	2	3	4	0.4925	True	0.982107	0.750	0.003314	
2025-09-08 16:22:17.014	continuous	4148	1	->	2	3	3	0.4935	True	0.947690	0.750	0.003314	
2025-09-08 16:22:17.014	continuous	4149	3	->		4	3	0.4309	True	1.032052	0.750	0.003313	
2025-09-08 16:22:17.014	continuous	4150	2	->	3	4	4	0.4834	True	0.941662	0.750	0.003313	
2025-09-08 16:22:17.014	continuous	4151	2	->	3	4	4	0.4851	True	0.911755	0.750	0.003313	
2025-09-08 16:22:17.015	continuous	4152	3	->	4	5	4	0.4086	True	1.734455	0.750	0.003312	
2025-09-08 16:22:17.015	continuous	4153	2	->		3	4	0.4880	True	1.007402	0.750	0.003312	
2025-09-08 16:22:17.015	continuous	4154	1	->	2	3	4	0.4970	True	0.959450	0.750	0.003312	
2025-09-08 16:22:17.015	continuous	4155	2	->	3	4	4	0.4856	True	0.943019	0.750	0.003311	
2025-09-08 16:22:17.015	continuous	4156	2	->	3	4	4	0.4871	True	0.912876	0.750	0.003311	
2025-09-08 16:22:17.015	continuous	4157	2	->		3	4	0.4928	True	0.990954	0.750	0.003311	
2025-09-08 16:22:17.016	continuous	4158	3	->	4	5	4	0.4111	True	1.746555	0.750	0.003310	
2025-09-08 16:22:17.016	continuous	4159	3	->		4	4	0.4352	True	0.989139	0.750	0.003310	
2025-09-08 16:22:17.016	continuous	4160	2	->	3	4	4	0.4884	True	0.893329	0.750	0.003310	
2025-09-08 16:22:17.016	continuous	4161	2	->	3	4	4	0.4905	True	0.865021	0.750	0.003309	
2025-09-08 16:22:17.016	continuous	4162	3	->	4	5	4	0.4134	True	1.745982	0.750	0.003309	
2025-09-08 16:22:17.016	continuous	4163	4	->		5	4	0.4302	True	1.732062	0.750	0.003309	
2025-09-08 16:22:17.017	continuous	4164	2	->		3	4	0.4903	True	1.049687	0.750	0.003308	
2025-09-08 16:22:17.017	continuous	4165	2	->	3	4	4	0.4868	True	0.884399	0.750	0.003308	
2025-09-08 16:22:17.017	continuous	4166	4	->		5	4	0.4298	True	1.716566	0.750	0.003308	
2025-09-08 16:22:17.017	continuous	4167	1	->		2	4	0.4681	True	2.805995	0.750	0.003307	
2025-09-08 16:22:17.017	continuous	4168	2	->		3	4	0.4855	True	1.051728	0.750	0.003307	
2025-09-08 16:22:17.018	continuous	4169	2	->		3	4	0.4859	True	1.017135	0.750	0.003307	
2025-09-08 16:22:17.018	continuous	4170	1	->	2	3	4	0.4945	True	0.969305	0.750	0.003306	
2025-09-08 16:22:17.018	continuous	4171	1	->	2	3	3	0.4957	True	0.935209	0.750	0.003306	
2025-09-08 16:22:17.018	continuous	4172	2	->	3	4	3	0.4848	True	0.975398	0.750	0.003306	
2025-09-08 16:22:17.018	continuous	4173	1	->	2	3	3	0.4982	True	0.927885	0.750	0.003305	
2025-09-08 16:22:17.018	continuous	4174	2	->		3	3	0.4915	True	0.912239	0.750	0.003305	
2025-09-08 16:22:17.019	continuous	4175	2	->		3	3	0.4932	True	0.882804	0.750	0.003305	
2025-09-08 16:22:17.019	continuous	4176	3	->		4	3	0.4384	True	1.072382	0.750	0.003304	
2025-09-08 16:22:17.019	continuous	4177	3	->		4	3	0.4392	True	1.048035	0.750	0.003304	
2025-09-08 16:22:17.019	continuous	4178	2	->		3	3	0.4965	True	0.894752	0.750	0.003304	
2025-09-08 16:22:17.019	continuous	4179	1	->	2	3	3	0.5068	True	0.847806	0.750	0.003303	
2025-09-08 16:22:17.020	continuous	4180	2	->		3	3	0.5004	True	0.837020	0.750	0.003303	
2025-09-08 16:22:17.020	continuous	4181	2	->		3	3	0.5028	True	0.810214	0.750	0.003303	
2025-09-08 16:22:17.020	continuous	4182	3	->		4	3	0.4466	True	1.106001	0.750	0.003302	
2025-09-08 16:22:17.020	continuous	4183	3	->	4	5	3	0.4206	True	1.793478	0.750	0.003302	
2025-09-08 16:22:17.020	continuous	4184	2	->	3	4	3	0.4971	True	1.041366	0.750	0.003302	
2025-09-08 16:22:17.021	continuous	4185	1	->	2	3	3	0.5105	True	0.820363	0.750	0.003301	
2025-09-08 16:22:17.021	continuous	4186	1	->	2	3	3	0.5131	True	0.791929	0.750	0.003301	
2025-09-08 16:22:17.021	continuous	4187	2	->		3	3	0.5069	True	0.784656	0.750	0.003301	
2025-09-08 16:22:17.021	continuous	4188	3	->	4	5	3	0.4238	True	1.797130	0.750	0.003300	
2025-09-08 16:22:17.021	continuous	4189	1	->	2	3	3	0.5157	True	0.749096	0.750	0.003300	
2025-09-08 16:22:17.022	continuous	4190	3	->		4	3	0.4498	True	1.148373	0.750	0.003300	
2025-09-08 16:22:17.022	continuous	4191	1	->	2	3	3	0.5181	True	0.744305	0.750	0.003299	
2025-09-08 16:22:17.022	continuous	4192	2	->	3	4	3	0.5064	True	1.109574	0.750	0.003299	
2025-09-08 16:22:17.022	continuous	4193	3	->		4	3	0.4514	True	1.110043	0.750	0.003299	
2025-09-08 16:22:17.022	continuous	4194	2	->		3	3	0.5103	True	0.785685	0.750	0.003298	
2025-09-08 16:22:17.023	continuous	4195	2	->		3	3	0.5131	True	0.760524	0.750	0.003298	
2025-09-08 16:22:17.023	continuous	4196	2	->		3	3	0.5161	True	0.736384	0.750	0.003298	
2025-09-08 16:22:17.023	continuous	4197	3	->		4	3	0.4581	True	1.144972	0.750	0.003297	
2025-09-08 16:22:17.023	continuous	4198	2	->		3	3	0.5183	True	0.733423	0.750	0.003297	
2025-09-08 16:22:17.023	continuous	4199	3	->	4	5	3	0.4332	True	1.849747	0.750	0.003297	
2025-09-08 16:22:17.023	continuous	4200	3	->	4	5	3	0.4304	True	1.816187	0.750	0.003296	
2025-09-08 16:22:17.024	continuous	4201	4	->		5	3	0.4476	True	1.807272	0.750	0.003296	
2025-09-08 16:22:17.024	continuous	4202	2	->	3	4	3	0.5053	True	1.128495	0.750	0.003296	
2025-09-08 16:22:17.024	continuous	4203	2	->	3	4	3	0.5042	True	1.089224	0.750	0.003295	
2025-09-08 16:22:17.024	continuous	4204	4	->		5	3	0.4436	True	1.785255	0.750	0.003295	
2025-09-08 16:22:17.024	continuous	4205	2	->	3	4	3	0.5003	True	1.059611	0.750	0.003295	
2025-09-08 16:22:17.024	continuous	4206	3	->	4	5	3	0.4218	True	1.737300	0.750	0.003294	
2025-09-08 16:22:17.025	continuous	4207	3	->	4	5	3	0.4196	True	1.705961	0.750	0.003294	
2025-09-08 16:22:17.025	continuous	4208	1	->		2	3	0.4769	True	2.916014	0.750	0.003294	
2025-09-08 16:22:17.025	continuous	4209	1	->	2	3	3	0.5031	True	0.835707	0.750	0.003293	
2025-09-08 16:22:17.025	continuous	4210	1	->	2	3	3	0.5058	True	0.807073	0.750	0.003293	
2025-09-08 16:22:17.025	continuous	4211	2	->		3	3	0.5001	True	0.799265	0.750	0.003293	
2025-09-08 16:22:17.025	continuous	4212	4	->		5	3	0.4383	True	1.720125	0.750	0.003292	
2025-09-08 16:22:17.026	continuous	4213	1	->	2	3	3	0.5086	True	0.765604	0.750	0.003292	
2025-09-08 16:22:17.026	continuous	4214	3	->		4	3	0.4447	True	1.182325	0.750	0.003292	
2025-09-08 16:22:17.026	continuous	4215	3	->		4	3	0.4445	True	1.154862	0.750	0.003291	
2025-09-08 16:22:17.026	continuous	4216	2	->		3	3	0.5016	True	0.799455	0.750	0.003291	
2025-09-08 16:22:17.026	continuous	4217	3	->	4	5	3	0.4207	True	1.705582	0.750	0.003291	
2025-09-08 16:22:17.027	continuous	4218	2	->		3	3	0.5016	True	0.784478	0.750	0.003290	
2025-09-08 16:22:17.027	continuous	4219	1	->		2	3	0.4814	True	2.906637	0.750	0.003290	
2025-09-08 16:22:17.027	continuous	4220	2	->	3	4	3	0.4949	True	1.146259	0.750	0.003290	
2025-09-08 16:22:17.028	continuous	4221	4	->	5	6	3	0.4250	True	5.153548	0.750	0.003289	
2025-09-08 16:22:17.028	continuous	4222	4	->		5	3	0.4302	True	1.698816	0.750	0.003289	
2025-09-08 16:22:17.028	continuous	4223	4	->		5	3	0.4280	True	1.665302	0.750	0.003289	
2025-09-08 16:22:17.029	continuous	4224	3	->	4	5	3	0.4070	True	1.621349	0.750	0.003288	
2025-09-08 16:22:17.029	continuous	4225	1	->	2	3	3	0.4960	True	0.815882	0.750	0.003288	
2025-09-08 16:22:17.029	continuous	4226	3	->		4	3	0.4333	True	1.191911	0.750	0.003288	
2025-09-08 16:22:17.029	continuous	4227	3	->	4	5	3	0.4074	True	1.612073	0.750	0.003287	
2025-09-08 16:22:17.030	continuous	4228	3	->		4	3	0.4315	True	1.173428	0.750	0.003287	
2025-09-08 16:22:17.030	continuous	4229	1	->	2	3	3	0.4956	True	0.837982	0.750	0.003287	
2025-09-08 16:22:17.030	continuous	4230	2	->	3	4	3	0.4850	True	1.127093	0.750	0.003286	
2025-09-08 16:22:17.030	continuous	4231	4	->		5	3	0.4264	True	1.622345	0.750	0.003286	
2025-09-08 16:22:17.030	continuous	4232	2	->	3	4	3	0.4821	True	1.099333	0.750	0.003286	
2025-09-08 16:22:17.030	continuous	4233	3	->		4	3	0.4318	True	1.114320	0.750	0.003285	
2025-09-08 16:22:17.031	continuous	4234	2	->	3	4	3	0.4828	True	1.034153	0.750	0.003285	
2025-09-08 16:22:17.031	continuous	4235	4	->		5	3	0.4256	True	1.619868	0.750	0.003285	
2025-09-08 16:22:17.031	continuous	4236	4	->		5	3	0.4238	True	1.587663	0.750	0.003285	
2025-09-08 16:22:17.031	continuous	4237	3	->		4	3	0.4295	True	1.081211	0.750	0.003284	
2025-09-08 16:22:17.032	continuous	4238	2	->	3	4	3	0.4798	True	0.994253	0.750	0.003284	
2025-09-08 16:22:17.032	continuous	4239	1	->	2	3	4	0.4923	True	0.979905	0.750	0.003284	
2025-09-08 16:22:17.032	continuous	4240	3	->	4	5	3	0.4068	True	1.579993	0.750	0.003283	
2025-09-08 16:22:17.032	continuous	4241	3	->	4	5	3	0.4054	True	1.552039	0.750	0.003283	
2025-09-08 16:22:17.032	continuous	4242	3	->		4	3	0.4293	True	1.070047	0.750	0.003283	
2025-09-08 16:22:17.032	continuous	4243	2	->		3	4	0.4830	True	0.999039	0.750	0.003282	
2025-09-08 16:22:17.033	continuous	4244	3	->		4	3	0.4314	True	1.065539	0.750	0.003282	
2025-09-08 16:22:17.033	continuous	4245	3	->		4	4	0.4324	True	1.041819	0.750	0.003282	
2025-09-08 16:22:17.033	continuous	4246	4	->		5	4	0.4259	True	1.571548	0.750	0.003281	
2025-09-08 16:22:17.033	continuous	4247	3	->		4	4	0.4320	True	1.029602	0.750	0.003281	
2025-09-08 16:22:17.033	continuous	4248	1	->		2	4	0.4649	True	2.895117	0.750	0.003281	
2025-09-08 16:22:17.034	continuous	4249	2	->		3	4	0.4819	True	1.040044	0.750	0.003280	
2025-09-08 16:22:17.034	continuous	4250	2	->		3	4	0.4827	True	1.006224	0.750	0.003280	
2025-09-08 16:22:17.034	continuous	4251	2	->	3	4	4	0.4800	True	0.989773	0.750	0.003280	
2025-09-08 16:22:17.034	continuous	4252	2	->		3	4	0.4851	True	0.997427	0.750	0.003279	
2025-09-08 16:22:17.034	continuous	4253	3	->		4	4	0.4329	True	1.045581	0.750	0.003279	
2025-09-08 16:22:17.035	continuous	4254	4	->	5	6	4	0.4163	True	5.087696	0.750	0.003279	
2025-09-08 16:22:17.035	continuous	4255	1	->	2	3	4	0.4920	True	0.974721	0.750	0.003278	
2025-09-08 16:22:17.035	continuous	4256	1	->	2	3	3	0.4933	True	0.940952	0.750	0.003278	
2025-09-08 16:22:17.035	continuous	4257	3	->		4	3	0.4321	True	1.067672	0.750	0.003278	
2025-09-08 16:22:17.035	continuous	4258	3	->		4	3	0.4331	True	1.044072	0.750	0.003277	
2025-09-08 16:22:17.035	continuous	4259	2	->		3	3	0.4892	True	0.963771	0.750	0.003277	
2025-09-08 16:22:17.036	continuous	4260	1	->	2	3	3	0.4983	True	0.916634	0.750	0.003277	
2025-09-08 16:22:17.036	continuous	4261	1	->	2	3	3	0.5001	True	0.884885	0.750	0.003276	
2025-09-08 16:22:17.036	continuous	4262	3	->	4	5	3	0.4112	True	1.653561	0.750	0.003276	
2025-09-08 16:22:17.036	continuous	4263	2	->		3	3	0.4917	True	0.881751	0.750	0.003276	
2025-09-08 16:22:17.037	continuous	4264	2	->		3	3	0.4939	True	0.853877	0.750	0.003275	
2025-09-08 16:22:17.037	continuous	4265	4	->		5	3	0.4311	True	1.656606	0.750	0.003275	
2025-09-08 16:22:17.037	continuous	4266	2	->		3	3	0.4936	True	0.838038	0.750	0.003275	
2025-09-08 16:22:17.037	continuous	4267	2	->		3	3	0.4963	True	0.811958	0.750	0.003274	
2025-09-08 16:22:17.038	continuous	4268	1	->	2	3	3	0.5078	True	0.767308	0.750	0.003274	
2025-09-08 16:22:17.038	continuous	4269	4	->		5	3	0.4354	True	1.658270	0.750	0.003274	
2025-09-08 16:22:17.038	continuous	4270	4	->		5	3	0.4333	True	1.625216	0.750	0.003273	
2025-09-08 16:22:17.038	continuous	4271	3	->	4	5	3	0.4128	True	1.583839	0.750	0.003273	
2025-09-08 16:22:17.038	continuous	4272	3	->		4	3	0.4373	True	1.217980	0.750	0.003273	
2025-09-08 16:22:17.038	continuous	4273	2	->		3	3	0.4934	True	0.815456	0.750	0.003272	
2025-09-08 16:22:17.039	continuous	4274	3	->		4	3	0.4392	True	1.208890	0.750	0.003272	
2025-09-08 16:22:17.039	continuous	4275	3	->		4	3	0.4390	True	1.181471	0.750	0.003272	
2025-09-08 16:22:17.039	continuous	4276	2	->		3	3	0.4952	True	0.827601	0.750	0.003271	
2025-09-08 16:22:17.039	continuous	4277	3	->		4	3	0.4411	True	1.173588	0.750	0.003271	
2025-09-08 16:22:17.039	continuous	4278	1	->	2	3	3	0.5056	True	0.802282	0.750	0.003271	
2025-09-08 16:22:17.039	continuous	4279	4	->		5	3	0.4350	True	1.632133	0.750	0.003270	
2025-09-08 16:22:17.040	continuous	4280	3	->		4	3	0.4410	True	1.174738	0.750	0.003270	
2025-09-08 16:22:17.040	continuous	4281	5	->		6	3	0.4452	True	5.342809	0.750	0.003270	
2025-09-08 16:22:17.040	continuous	4282	2	->		3	3	0.4937	True	0.832868	0.750	0.003269	
2025-09-08 16:22:17.040	continuous	4283	2	->		3	3	0.4965	True	0.807204	0.750	0.003269	
2025-09-08 16:22:17.040	continuous	4284	3	->		4	3	0.4407	True	1.187907	0.750	0.003269	
2025-09-08 16:22:17.041	continuous	4285	3	->	4	5	3	0.4138	True	1.622465	0.750	0.003268	
2025-09-08 16:22:17.041	continuous	4286	1	->	2	3	3	0.5045	True	0.792838	0.750	0.003268	
2025-09-08 16:22:17.041	continuous	4287	2	->	3	4	3	0.4939	True	1.157914	0.750	0.003268	
2025-09-08 16:22:17.041	continuous	4288	4	->	5	6	3	0.4212	True	5.009578	0.750	0.003267	
2025-09-08 16:22:17.041	continuous	4289	2	->	3	4	3	0.4898	True	1.119620	0.750	0.003267	
2025-09-08 16:22:17.041	continuous	4290	3	->		4	3	0.4361	True	1.127904	0.750	0.003267	
2025-09-08 16:22:17.042	continuous	4291	1	->		2	3	0.4709	True	2.948491	0.750	0.003266	
2025-09-08 16:22:17.042	continuous	4292	4	->		5	3	0.4233	True	1.632592	0.750	0.003266	
2025-09-08 16:22:17.042	continuous	4293	1	->	2	3	3	0.4959	True	0.860287	0.750	0.003266	
2025-09-08 16:22:17.042	continuous	4294	2	->		3	3	0.4902	True	0.850210	0.750	0.003266	
2025-09-08 16:22:17.042	continuous	4295	2	->		3	3	0.4928	True	0.824225	0.750	0.003265	
2025-09-08 16:22:17.043	continuous	4296	2	->		3	3	0.4956	True	0.799197	0.750	0.003265	
2025-09-08 16:22:17.043	continuous	4297	5	->		6	3	0.4423	True	5.199116	0.750	0.003265	
2025-09-08 16:22:17.043	continuous	4298	3	->	4	5	3	0.4055	True	1.629528	0.750	0.003264	
2025-09-08 16:22:17.043	continuous	4299	2	->	3	4	3	0.4870	True	1.167797	0.750	0.003264	
2025-09-08 16:22:17.043	continuous	4300	2	->		3	3	0.4915	True	0.816663	0.750	0.003264	
2025-09-08 16:22:17.044	continuous	4301	2	->		3	3	0.4944	True	0.792270	0.750	0.003263	
2025-09-08 16:22:17.044	continuous	4302	2	->		3	3	0.4975	True	0.768762	0.750	0.003263	
2025-09-08 16:22:17.045	continuous	4303	3	->		4	3	0.4380	True	1.223234	0.750	0.003263	
2025-09-08 16:22:17.045	continuous	4304	1	->	2	3	3	0.5087	True	0.743935	0.750	0.003262	
2025-09-08 16:22:17.045	continuous	4305	2	->		3	3	0.5030	True	0.741070	0.750	0.003262	
2025-09-08 16:22:17.045	continuous	4306	3	->		4	3	0.4424	True	1.232846	0.750	0.003262	
2025-09-08 16:22:17.045	continuous	4307	3	->		4	3	0.4418	True	1.205488	0.750	0.003261	
2025-09-08 16:22:17.046	continuous	4308	2	->		3	3	0.5040	True	0.755638	0.750	0.003261	
2025-09-08 16:22:17.046	continuous	4309	2	->		3	3	0.5073	True	0.733113	0.750	0.003261	
2025-09-08 16:22:17.046	continuous	4310	3	->	4	5	3	0.4174	True	1.702536	0.750	0.003260	
2025-09-08 16:22:17.046	continuous	4311	3	->		4	3	0.4439	True	1.222008	0.750	0.003260	
2025-09-08 16:22:17.046	continuous	4312	1	->	2	3	3	0.5155	True	0.719562	0.750	0.003260	
2025-09-08 16:22:17.046	continuous	4313	4	->		5	3	0.4365	True	1.705843	0.750	0.003259	
2025-09-08 16:22:17.047	continuous	4314	2	->		3	3	0.5066	True	0.728918	0.750	0.003259	
2025-09-08 16:22:17.047	continuous	4315	1	->	2	3	3	0.5196	True	0.686587	0.750	0.003259	
2025-09-08 16:22:17.047	continuous	4316	3	->		4	3	0.4485	True	1.256693	0.750	0.003258	
2025-09-08 16:22:17.047	continuous	4317	3	->	4	5	3	0.4188	True	1.687421	0.750	0.003258	
2025-09-08 16:22:17.047	continuous	4318	3	->		4	3	0.4453	True	1.234859	0.750	0.003258	
2025-09-08 16:22:17.048	continuous	4319	2	->	3	4	3	0.5017	True	1.184180	0.750	0.003257	
2025-09-08 16:22:17.048	continuous	4320	2	->	3	4	3	0.5003	True	1.144365	0.750	0.003257	
2025-09-08 16:22:17.048	continuous	4321	2	->		3	3	0.5046	True	0.780707	0.750	0.003257	
2025-09-08 16:22:17.048	continuous	4322	2	->		3	3	0.5076	True	0.756921	0.750	0.003256	
2025-09-08 16:22:17.048	continuous	4323	3	->		4	3	0.4477	True	1.180813	0.750	0.003256	
2025-09-08 16:22:17.048	continuous	4324	2	->		3	3	0.5098	True	0.752795	0.750	0.003256	
2025-09-08 16:22:17.049	continuous	4325	2	->	3	4	3	0.5072	True	1.146041	0.750	0.003255	
2025-09-08 16:22:17.049	continuous	4326	2	->	3	4	3	0.5059	True	1.107034	0.750	0.003255	
2025-09-08 16:22:17.049	continuous	4327	2	->	3	4	3	0.5051	True	1.069536	0.750	0.003255	
2025-09-08 16:22:17.049	continuous	4328	1	->	2	3	3	0.5180	True	0.784564	0.750	0.003254	
2025-09-08 16:22:17.049	continuous	4329	5	->		6	3	0.4539	True	5.212957	0.750	0.003254	
2025-09-08 16:22:17.050	continuous	4330	4	->		5	3	0.4357	True	1.756023	0.750	0.003254	
2025-09-08 16:22:17.050	continuous	4331	4	->		5	3	0.4333	True	1.722773	0.750	0.003253	
2025-09-08 16:22:17.050	continuous	4332	1	->	2	3	3	0.5109	True	0.786182	0.750	0.003253	
2025-09-08 16:22:17.050	continuous	4333	4	->	5	6	3	0.4208	True	4.855641	0.750	0.003253	
2025-09-08 16:22:17.050	continuous	4334	3	->	4	5	3	0.4088	True	1.681158	0.750	0.003252	
2025-09-08 16:22:17.050	continuous	4335	4	->		5	3	0.4261	True	1.664715	0.750	0.003252	
2025-09-08 16:22:17.051	continuous	4336	1	->	2	3	3	0.5051	True	0.788010	0.750	0.003252	
2025-09-08 16:22:17.051	continuous	4337	2	->		3	3	0.4993	True	0.782702	0.750	0.003251	
2025-09-08 16:22:17.051	continuous	4338	4	->		5	3	0.4283	True	1.655678	0.750	0.003251	
2025-09-08 16:22:17.051	continuous	4339	1	->		2	3	0.4735	True	2.995523	0.750	0.003251	
2025-09-08 16:22:17.051	continuous	4340	3	->	4	5	3	0.4029	True	1.613017	0.750	0.003251	
2025-09-08 16:22:17.052	continuous	4341	2	->	3	4	3	0.4873	True	1.178264	0.750	0.003250	
2025-09-08 16:22:17.052	continuous	4342	1	->	2	3	3	0.5004	True	0.793570	0.750	0.003250	
2025-09-08 16:22:17.052	continuous	4343	2	->		3	3	0.4948	True	0.788285	0.750	0.003250	
2025-09-08 16:22:17.052	continuous	4344	3	->	4	5	3	0.4049	True	1.614987	0.750	0.003249	
2025-09-08 16:22:17.052	continuous	4345	3	->	4	5	3	0.4033	True	1.588360	0.750	0.003249	
2025-09-08 16:22:17.052	continuous	4346	3	->		4	3	0.4306	True	1.229286	0.750	0.003249	
2025-09-08 16:22:17.053	continuous	4347	2	->	3	4	3	0.4867	True	1.169397	0.750	0.003248	
2025-09-08 16:22:17.053	continuous	4348	2	->	3	4	3	0.4859	True	1.131914	0.750	0.003248	
2025-09-08 16:22:17.053	continuous	4349	4	->	5	6	3	0.4077	True	4.760311	0.750	0.003248	
2025-09-08 16:22:17.053	continuous	4350	2	->	3	4	3	0.4825	True	1.096962	0.750	0.003247	
2025-09-08 16:22:17.054	continuous	4351	3	->		4	3	0.4261	True	1.116874	0.750	0.003247	
2025-09-08 16:22:17.054	continuous	4352	2	->	3	4	3	0.4831	True	1.034999	0.750	0.003247	
2025-09-08 16:22:17.054	continuous	4353	2	->		3	3	0.4882	True	0.918062	0.750	0.003246	
2025-09-08 16:22:17.054	continuous	4354	3	->		4	3	0.4286	True	1.084966	0.750	0.003246	
2025-09-08 16:22:17.054	continuous	4355	2	->	3	4	3	0.4861	True	0.998948	0.750	0.003246	
2025-09-08 16:22:17.055	continuous	4356	3	->	4	5	3	0.4004	True	1.635612	0.750	0.003245	
2025-09-08 16:22:17.055	continuous	4357	2	->	3	4	3	0.4847	True	0.977160	0.750	0.003245	
2025-09-08 16:22:17.055	continuous	4358	3	->	4	5	4	0.3997	True	1.618602	0.750	0.003245	
2025-09-08 16:22:17.055	continuous	4359	1	->		2	4	0.4631	True	2.963792	0.750	0.003244	
2025-09-08 16:22:17.055	continuous	4360	1	->	2	3	3	0.4916	True	0.962016	0.750	0.003244	
2025-09-08 16:22:17.055	continuous	4361	2	->	3	4	3	0.4810	True	0.985848	0.750	0.003244	
2025-09-08 16:22:17.056	continuous	4362	2	->	3	4	4	0.4823	True	0.955575	0.750	0.003243	
2025-09-08 16:22:17.056	continuous	4363	4	->		5	4	0.4157	True	1.626304	0.750	0.003243	
2025-09-08 16:22:17.056	continuous	4364	2	->	3	4	4	0.4814	True	0.936981	0.750	0.003243	
2025-09-08 16:22:17.056	continuous	4365	2	->	3	4	4	0.4831	True	0.908534	0.750	0.003242	
2025-09-08 16:22:17.056	continuous	4366	3	->		4	4	0.4281	True	0.966407	0.750	0.003242	
2025-09-08 16:22:17.056	continuous	4367	4	->		5	4	0.4181	True	1.628955	0.750	0.003242	
2025-09-08 16:22:17.057	continuous	4368	3	->		4	4	0.4280	True	0.957013	0.750	0.003241	
2025-09-08 16:22:17.057	continuous	4369	2	->	3	4	4	0.4870	True	0.847370	0.750	0.003241	
2025-09-08 16:22:17.057	continuous	4370	1	->		2	4	0.4674	True	2.953561	0.750	0.003241	
2025-09-08 16:22:17.057	continuous	4371	2	->		3	4	0.4887	True	1.117193	0.750	0.003240	
2025-09-08 16:22:17.057	continuous	4372	2	->		3	4	0.4883	True	1.081577	0.750	0.003240	
2025-09-08 16:22:17.057	continuous	4373	2	->	3	4	4	0.4849	True	0.876273	0.750	0.003240	
2025-09-08 16:22:17.058	continuous	4374	2	->	3	4	4	0.4872	True	0.849999	0.750	0.003239	
2025-09-08 16:22:17.058	continuous	4375	4	->	5	6	4	0.4062	True	4.706005	0.750	0.003239	
2025-09-08 16:22:17.058	continuous	4376	3	->	4	5	4	0.3959	True	1.642073	0.750	0.003239	
2025-09-08 16:22:17.058	continuous	4377	3	->	4	5	4	0.3943	True	1.615863	0.750	0.003239	
2025-09-08 16:22:17.058	continuous	4378	1	->	2	3	4	0.4923	True	1.097326	0.750	0.003238	
2025-09-08 16:22:17.059	continuous	4379	3	->		4	4	0.4236	True	0.963951	0.750	0.003238	
2025-09-08 16:22:17.059	continuous	4380	1	->		2	4	0.4612	True	2.902715	0.750	0.003238	
2025-09-08 16:22:17.059	continuous	4381	1	->	2	3	4	0.4903	True	1.082996	0.750	0.003237	
2025-09-08 16:22:17.059	continuous	4382	2	->		3	4	0.4831	True	1.059544	0.750	0.003237	
2025-09-08 16:22:17.059	continuous	4383	1	->	2	3	4	0.4907	True	1.012904	0.750	0.003237	
2025-09-08 16:22:17.059	continuous	4384	4	->		5	4	0.4102	True	1.634386	0.750	0.003236	
2025-09-08 16:22:17.060	continuous	4385	2	->		3	4	0.4817	True	1.002410	0.750	0.003236	
2025-09-08 16:22:17.060	continuous	4386	2	->	3	4	4	0.4787	True	0.962506	0.750	0.003236	
2025-09-08 16:22:17.060	continuous	4387	3	->		4	4	0.4225	True	1.012958	0.750	0.003235	
2025-09-08 16:22:17.060	continuous	4388	2	->		3	4	0.4855	True	1.012792	0.750	0.003235	
2025-09-08 16:22:17.060	continuous	4389	3	->	4	5	4	0.3940	True	1.634313	0.750	0.003235	
2025-09-08 16:22:17.061	continuous	4390	3	->		4	4	0.4228	True	1.019999	0.750	0.003234	
2025-09-08 16:22:17.061	continuous	4391	2	->	3	4	4	0.4817	True	0.918055	0.750	0.003234	
2025-09-08 16:22:17.062	continuous	4392	3	->		4	4	0.4257	True	0.975662	0.750	0.003234	
2025-09-08 16:22:17.062	continuous	4393	1	->	2	3	4	0.4961	True	1.036263	0.750	0.003233	
2025-09-08 16:22:17.062	continuous	4394	1	->	2	3	4	0.4965	True	1.001151	0.750	0.003233	
2025-09-08 16:22:17.063	continuous	4395	3	->		4	4	0.4281	True	0.994830	0.750	0.003233	
2025-09-08 16:22:17.063	continuous	4396	3	->		4	4	0.4296	True	0.974330	0.750	0.003232	
2025-09-08 16:22:17.063	continuous	4397	1	->	2	3	4	0.5004	True	1.006534	0.750	0.003232	
2025-09-08 16:22:17.063	continuous	4398	3	->	4	5	4	0.4007	True	1.677269	0.750	0.003232	
2025-09-08 16:22:17.063	continuous	4399	2	->	3	4	4	0.4875	True	0.902495	0.750	0.003231	
2025-09-08 16:22:17.063	continuous	4400	2	->	3	4	4	0.4894	True	0.875057	0.750	0.003231	
2025-09-08 16:22:17.064	continuous	4401	1	->		2	4	0.4686	True	2.939336	0.750	0.003231	
2025-09-08 16:22:17.064	continuous	4402	1	->		2	4	0.4645	True	2.879382	0.750	0.003230	
2025-09-08 16:22:17.064	continuous	4403	3	->		4	4	0.4249	True	0.953751	0.750	0.003230	
2025-09-08 16:22:17.064	continuous	4404	2	->		3	4	0.4891	True	1.068064	0.750	0.003230	
2025-09-08 16:22:17.064	continuous	4405	1	->	2	3	4	0.4962	True	1.020598	0.750	0.003229	
2025-09-08 16:22:17.065	continuous	4406	3	->		4	4	0.4270	True	0.973216	0.750	0.003229	
2025-09-08 16:22:17.065	continuous	4407	2	->	3	4	4	0.4878	True	0.866084	0.750	0.003229	
2025-09-08 16:22:17.065	continuous	4408	2	->		3	4	0.4933	True	1.043204	0.750	0.003228	
2025-09-08 16:22:17.065	continuous	4409	4	->		5	4	0.4175	True	1.724635	0.750	0.003228	
2025-09-08 16:22:17.065	continuous	4410	3	->		4	4	0.4284	True	0.960212	0.750	0.003228	
2025-09-08 16:22:17.066	continuous	4411	3	->		4	4	0.4302	True	0.940571	0.750	0.003228	
2025-09-08 16:22:17.066	continuous	4412	2	->		3	4	0.4946	True	1.055379	0.750	0.003227	
2025-09-08 16:22:17.066	continuous	4413	1	->	2	3	4	0.5016	True	1.007679	0.750	0.003227	
2025-09-08 16:22:17.066	continuous	4414	1	->	2	3	4	0.5020	True	0.973161	0.750	0.003227	
2025-09-08 16:22:17.066	continuous	4415	2	->	3	4	4	0.4918	True	0.901904	0.750	0.003226	
2025-09-08 16:22:17.066	continuous	4416	2	->	3	4	4	0.4935	True	0.874182	0.750	0.003226	
2025-09-08 16:22:17.067	continuous	4417	4	->		5	4	0.4224	True	1.754629	0.750	0.003226	
2025-09-08 16:22:17.067	continuous	4418	1	->	2	3	4	0.5030	True	0.995979	0.750	0.003225	
2025-09-08 16:22:17.067	continuous	4419	3	->		4	4	0.4338	True	0.964346	0.750	0.003225	
2025-09-08 16:22:17.067	continuous	4420	2	->	3	4	4	0.4947	True	0.859130	0.750	0.003225	
2025-09-08 16:22:17.067	continuous	4421	4	->		5	4	0.4235	True	1.750071	0.750	0.003224	
2025-09-08 16:22:17.068	continuous	4422	2	->	3	4	4	0.4939	True	0.843316	0.750	0.003224	
2025-09-08 16:22:17.068	continuous	4423	1	->	2	3	4	0.5062	True	1.037619	0.750	0.003224	
2025-09-08 16:22:17.068	continuous	4424	2	->	3	4	4	0.4959	True	0.842451	0.750	0.003223	
2025-09-08 16:22:17.068	continuous	4425	2	->		3	4	0.5013	True	1.039540	0.750	0.003223	
2025-09-08 16:22:17.068	continuous	4426	3	->		4	4	0.4384	True	0.928218	0.750	0.003223	
2025-09-08 16:22:17.068	continuous	4427	2	->	3	4	4	0.5002	True	0.818888	0.750	0.003222	
2025-09-08 16:22:17.069	continuous	4428	2	->	3	4	4	0.5028	True	0.794034	0.750	0.003222	
2025-09-08 16:22:17.069	continuous	4429	2	->		3	4	0.5082	True	1.073779	0.750	0.003222	
2025-09-08 16:22:17.069	continuous	4430	3	->		4	4	0.4439	True	0.886983	0.750	0.003221	
2025-09-08 16:22:17.069	continuous	4431	1	->	2	3	4	0.5168	True	1.045551	0.750	0.003221	
2025-09-08 16:22:17.070	continuous	4432	4	->		5	4	0.4315	True	1.804084	0.750	0.003221	
2025-09-08 16:22:17.070	continuous	4433	2	->		3	4	0.5060	True	1.027576	0.750	0.003220	
2025-09-08 16:22:17.070	continuous	4434	2	->	3	4	4	0.5028	True	0.833465	0.750	0.003220	
2025-09-08 16:22:17.070	continuous	4435	3	->		4	4	0.4447	True	0.897735	0.750	0.003220	
2025-09-08 16:22:17.070	continuous	4436	2	->		3	4	0.5103	True	1.038359	0.750	0.003219	
2025-09-08 16:22:17.071	continuous	4437	2	->	3	4	4	0.5069	True	0.811033	0.750	0.003219	
2025-09-08 16:22:17.071	continuous	4438	2	->		3	4	0.5122	True	1.028254	0.750	0.003219	
2025-09-08 16:22:17.071	continuous	4439	1	->	2	3	4	0.5188	True	0.979372	0.750	0.003219	
2025-09-08 16:22:17.071	continuous	4440	1	->	2	3	4	0.5189	True	0.944362	0.750	0.003218	
2025-09-08 16:22:17.071	continuous	4441	1	->	2	3	4	0.5195	True	0.910877	0.750	0.003218	
2025-09-08 16:22:17.072	continuous	4442	3	->	4	5	4	0.4178	True	1.819603	0.750	0.003218	
2025-09-08 16:22:17.072	continuous	4443	3	->		4	4	0.4469	True	0.969885	0.750	0.003217	
2025-09-08 16:22:17.072	continuous	4444	2	->	3	4	4	0.5080	True	0.871848	0.750	0.003217	
2025-09-08 16:22:17.072	continuous	4445	3	->		4	4	0.4496	True	0.925479	0.750	0.003217	
2025-09-08 16:22:17.072	continuous	4446	3	->	4	5	4	0.4193	True	1.815957	0.750	0.003216	
2025-09-08 16:22:17.072	continuous	4447	2	->		3	4	0.5116	True	0.973935	0.750	0.003216	
2025-09-08 16:22:17.073	continuous	4448	1	->	2	3	4	0.5189	True	0.925719	0.750	0.003216	
2025-09-08 16:22:17.073	continuous	4449	1	->	2	3	3	0.5198	True	0.893024	0.750	0.003215	
2025-09-08 16:22:17.073	continuous	4450	1	->	2	3	3	0.5211	True	0.861761	0.750	0.003215	
2025-09-08 16:22:17.073	continuous	4451	1	->	2	3	3	0.5227	True	0.831872	0.750	0.003215	
2025-09-08 16:22:17.073	continuous	4452	2	->		3	3	0.5170	True	0.822243	0.750	0.003214	
2025-09-08 16:22:17.073	continuous	4453	4	->		5	3	0.4408	True	1.848019	0.750	0.003214	
2025-09-08 16:22:17.074	continuous	4454	2	->		3	3	0.5156	True	0.804481	0.750	0.003214	
2025-09-08 16:22:17.074	continuous	4455	1	->	2	3	3	0.5259	True	0.759483	0.750	0.003213	
2025-09-08 16:22:17.074	continuous	4456	3	->		4	3	0.4548	True	1.085811	0.750	0.003213	
2025-09-08 16:22:17.074	continuous	4457	2	->	3	4	3	0.5155	True	1.011888	0.750	0.003213	
2025-09-08 16:22:17.074	continuous	4458	3	->	4	5	3	0.4236	True	1.825825	0.750	0.003212	
2025-09-08 16:22:17.075	continuous	4459	4	->		5	3	0.4392	True	1.814066	0.750	0.003212	
2025-09-08 16:22:17.075	continuous	4460	2	->	3	4	3	0.5091	True	0.992670	0.750	0.003212	
2025-09-08 16:22:17.075	continuous	4461	2	->	3	4	3	0.5094	True	0.959709	0.750	0.003211	
2025-09-08 16:22:17.075	continuous	4462	2	->		3	3	0.5139	True	0.865399	0.750	0.003211	
2025-09-08 16:22:17.075	continuous	4463	3	->	4	5	3	0.4208	True	1.787045	0.750	0.003211	
2025-09-08 16:22:17.075	continuous	4464	2	->	3	4	3	0.5085	True	0.960996	0.750	0.003210	
2025-09-08 16:22:17.076	continuous	4465	3	->	4	5	3	0.4190	True	1.765391	0.750	0.003210	
2025-09-08 16:22:17.076	continuous	4466	3	->		4	3	0.4478	True	1.005207	0.750	0.003210	
2025-09-08 16:22:17.076	continuous	4467	2	->		3	3	0.5109	True	0.897442	0.750	0.003210	
2025-09-08 16:22:17.076	continuous	4468	2	->		3	3	0.5123	True	0.868245	0.750	0.003209	
2025-09-08 16:22:17.076	continuous	4469	3	->		4	3	0.4511	True	1.023364	0.750	0.003209	
2025-09-08 16:22:17.077	continuous	4470	3	->	4	5	3	0.4208	True	1.767696	0.750	0.003209	
2025-09-08 16:22:17.077	continuous	4471	3	->	4	5	3	0.4186	True	1.738119	0.750	0.003208	
2025-09-08 16:22:17.077	continuous	4472	3	->		4	3	0.4472	True	1.017552	0.750	0.003208	
2025-09-08 16:22:17.077	continuous	4473	2	->	3	4	3	0.5060	True	0.926143	0.750	0.003208	
2025-09-08 16:22:17.077	continuous	4474	2	->		3	4	0.5106	True	0.920239	0.750	0.003207	
2025-09-08 16:22:17.078	continuous	4475	2	->		3	3	0.5117	True	0.890042	0.750	0.003207	
2025-09-08 16:22:17.078	continuous	4476	4	->	5	6	3	0.4248	True	4.797047	0.750	0.003207	
2025-09-08 16:22:17.079	continuous	4477	1	->		2	3	0.4828	True	3.086194	0.750	0.003206	
2025-09-08 16:22:17.079	continuous	4478	1	->	2	3	3	0.5133	True	0.855269	0.750	0.003206	
2025-09-08 16:22:17.080	continuous	4479	2	->		3	3	0.5079	True	0.844824	0.750	0.003206	
2025-09-08 16:22:17.080	continuous	4480	2	->		3	3	0.5100	True	0.818375	0.750	0.003205	
2025-09-08 16:22:17.080	continuous	4481	3	->	4	5	3	0.4153	True	1.754647	0.750	0.003205	
2025-09-08 16:22:17.080	continuous	4482	1	->	2	3	3	0.5170	True	0.782340	0.750	0.003205	
2025-09-08 16:22:17.080	continuous	4483	4	->		5	3	0.4331	True	1.749969	0.750	0.003204	
2025-09-08 16:22:17.081	continuous	4484	2	->	3	4	3	0.5041	True	1.066244	0.750	0.003204	
2025-09-08 16:22:17.081	continuous	4485	3	->		4	3	0.4441	True	1.084270	0.750	0.003204	
2025-09-08 16:22:17.081	continuous	4486	1	->	2	3	3	0.5157	True	0.810484	0.750	0.003203	
2025-09-08 16:22:17.081	continuous	4487	2	->	3	4	3	0.5061	True	1.027852	0.750	0.003203	
2025-09-08 16:22:17.081	continuous	4488	1	->	2	3	3	0.5178	True	0.808498	0.750	0.003203	
2025-09-08 16:22:17.082	continuous	4489	1	->	2	3	3	0.5202	True	0.781577	0.750	0.003202	
2025-09-08 16:22:17.082	continuous	4490	2	->	3	4	3	0.5104	True	1.043749	0.750	0.003202	
2025-09-08 16:22:17.082	continuous	4491	3	->		4	3	0.4497	True	1.063169	0.750	0.003202	
2025-09-08 16:22:17.082	continuous	4492	2	->		3	3	0.5146	True	0.819654	0.750	0.003201	
2025-09-08 16:22:17.082	continuous	4493	3	->		4	3	0.4518	True	1.059521	0.750	0.003201	
2025-09-08 16:22:17.083	continuous	4494	2	->		3	3	0.5169	True	0.813373	0.750	0.003201	
2025-09-08 16:22:17.083	continuous	4495	1	->	2	3	3	0.5268	True	0.768204	0.750	0.003201	
2025-09-08 16:22:17.083	continuous	4496	3	->	4	5	3	0.4235	True	1.799400	0.750	0.003200	
2025-09-08 16:22:17.083	continuous	4497	4	->		5	3	0.4393	True	1.787107	0.750	0.003200	
2025-09-08 16:22:17.083	continuous	4498	2	->		3	3	0.5152	True	0.780064	0.750	0.003200	
2025-09-08 16:22:17.084	continuous	4499	3	->		4	3	0.4523	True	1.109732	0.750	0.003199	
2025-09-08 16:22:17.084	continuous	4500	2	->		3	3	0.5174	True	0.775142	0.750	0.003199	
2025-09-08 16:22:17.084	continuous	4501	2	->		3	3	0.5201	True	0.751110	0.750	0.003199	
2025-09-08 16:22:17.084	continuous	4502	2	->		3	3	0.5230	True	0.728028	0.750	0.003198	
2025-09-08 16:22:17.084	continuous	4503	2	->		3	3	0.5261	True	0.705857	0.750	0.003198	
2025-09-08 16:22:17.085	continuous	4504	1	->	2	3	3	0.5379	True	0.663958	0.750	0.003198	
2025-09-08 16:22:17.085	continuous	4505	1	->	2	3	3	0.5416	True	0.642996	0.750	0.003197	
2025-09-08 16:22:17.085	continuous	4506	4	->		5	3	0.4520	True	1.829905	0.750	0.003197	
2025-09-08 16:22:17.085	continuous	4507	3	->		4	3	0.4628	True	1.205205	0.750	0.003197	
2025-09-08 16:22:17.085	continuous	4508	1	->	2	3	3	0.5395	True	0.652181	0.750	0.003196	
2025-09-08 16:22:17.086	continuous	4509	2	->	3	4	3	0.5284	True	1.180613	0.750	0.003196	
2025-09-08 16:22:17.086	continuous	4510	3	->		4	3	0.4630	True	1.163409	0.750	0.003196	
2025-09-08 16:22:17.086	continuous	4511	1	->	2	3	3	0.5388	True	0.675686	0.750	0.003195	
2025-09-08 16:22:17.086	continuous	4512	1	->	2	3	3	0.5424	True	0.654001	0.750	0.003195	
2025-09-08 16:22:17.087	continuous	4513	2	->		3	3	0.5370	True	0.654672	0.750	0.003195	
2025-09-08 16:22:17.087	continuous	4514	3	->		4	3	0.4698	True	1.194619	0.750	0.003194	
2025-09-08 16:22:17.087	continuous	4515	3	->		4	3	0.4689	True	1.167102	0.750	0.003194	
2025-09-08 16:22:17.087	continuous	4516	2	->	3	4	3	0.5315	True	1.114495	0.750	0.003194	
2025-09-08 16:22:17.087	continuous	4517	2	->		3	3	0.5350	True	0.698413	0.750	0.003193	
2025-09-08 16:22:17.088	continuous	4518	1	->	2	3	3	0.5468	True	0.655857	0.750	0.003193	
2025-09-08 16:22:17.088	continuous	4519	2	->		3	3	0.5415	True	0.655994	0.750	0.003193	
2025-09-08 16:22:17.088	continuous	4520	3	->	4	5	3	0.4412	True	1.872415	0.750	0.003193	
2025-09-08 16:22:17.088	continuous	4521	3	->	4	5	3	0.4383	True	1.840555	0.750	0.003192	
2025-09-08 16:22:17.088	continuous	4522	2	->	3	4	3	0.5319	True	1.159282	0.750	0.003192	
2025-09-08 16:22:17.089	continuous	4523	2	->		3	3	0.5352	True	0.679204	0.750	0.003192	
2025-09-08 16:22:17.089	continuous	4524	3	->	4	5	3	0.4366	True	1.823220	0.750	0.003191	
2025-09-08 16:22:17.089	continuous	4525	3	->		4	3	0.4663	True	1.169330	0.750	0.003191	
2025-09-08 16:22:17.089	continuous	4526	1	->	2	3	3	0.5421	True	0.666087	0.750	0.003191	
2025-09-08 16:22:17.089	continuous	4527	3	->		4	3	0.4680	True	1.162013	0.750	0.003190	
2025-09-08 16:22:17.090	continuous	4528	1	->	2	3	3	0.5439	True	0.664111	0.750	0.003190	
2025-09-08 16:22:17.090	continuous	4529	3	->	4	5	3	0.4372	True	1.822415	0.750	0.003190	
2025-09-08 16:22:17.090	continuous	4530	3	->	4	5	3	0.4345	True	1.791456	0.750	0.003189	
2025-09-08 16:22:17.090	continuous	4531	1	->	2	3	3	0.5405	True	0.661387	0.750	0.003189	
2025-09-08 16:22:17.091	continuous	4532	1	->		2	3	0.5054	True	3.234918	0.750	0.003189	
2025-09-08 16:22:17.091	continuous	4533	2	->		3	3	0.5306	True	0.671598	0.750	0.003188	
2025-09-08 16:22:17.091	continuous	4534	2	->	3	4	3	0.5282	True	1.190613	0.750	0.003188	
2025-09-08 16:22:17.091	continuous	4535	4	->		5	3	0.4493	True	1.798471	0.750	0.003188	
2025-09-08 16:22:17.091	continuous	4536	4	->		5	3	0.4465	True	1.764811	0.750	0.003187	
2025-09-08 16:22:17.092	continuous	4537	2	->	3	4	3	0.5190	True	1.159641	0.750	0.003187	
2025-09-08 16:22:17.092	continuous	4538	5	->		6	3	0.4583	True	5.079049	0.750	0.003187	
2025-09-08 16:22:17.092	continuous	4539	2	->		3	3	0.5189	True	0.729205	0.750	0.003186	
2025-09-08 16:22:17.092	continuous	4540	3	->	4	5	3	0.4213	True	1.724381	0.750	0.003186	
2025-09-08 16:22:17.092	continuous	4541	4	->		5	3	0.4378	True	1.710044	0.750	0.003186	
2025-09-08 16:22:17.093	continuous	4542	2	->		3	3	0.5158	True	0.727277	0.750	0.003186	
2025-09-08 16:22:17.093	continuous	4543	3	->	4	5	3	0.4191	True	1.676438	0.750	0.003185	
2025-09-08 16:22:17.093	continuous	4544	1	->		2	3	0.4870	True	3.138536	0.750	0.003185	
2025-09-08 16:22:17.093	continuous	4545	2	->	3	4	3	0.5064	True	1.184192	0.750	0.003185	
2025-09-08 16:22:17.094	continuous	4546	3	->	4	5	3	0.4118	True	1.651643	0.750	0.003184	
2025-09-08 16:22:17.094	continuous	4547	2	->		3	3	0.5075	True	0.758254	0.750	0.003184	
2025-09-08 16:22:17.094	continuous	4548	2	->	3	4	3	0.5052	True	1.174701	0.750	0.003184	
2025-09-08 16:22:17.094	continuous	4549	2	->		3	3	0.5090	True	0.759142	0.750	0.003183	
2025-09-08 16:22:17.095	continuous	4550	4	->		5	3	0.4320	True	1.662348	0.750	0.003183	
2025-09-08 16:22:17.095	continuous	4551	3	->	4	5	3	0.4115	True	1.622871	0.750	0.003183	
2025-09-08 16:22:17.095	continuous	4552	2	->		3	3	0.5066	True	0.757330	0.750	0.003182	
2025-09-08 16:22:17.095	continuous	4553	2	->	3	4	3	0.5044	True	1.195774	0.750	0.003182	
2025-09-08 16:22:17.096	continuous	4554	3	->		4	3	0.4426	True	1.189723	0.750	0.003182	
2025-09-08 16:22:17.096	continuous	4555	3	->		4	3	0.4424	True	1.164086	0.750	0.003181	
2025-09-08 16:22:17.096	continuous	4556	3	->	4	5	3	0.4109	True	1.628191	0.750	0.003181	
2025-09-08 16:22:17.096	continuous	4557	3	->		4	3	0.4406	True	1.146618	0.750	0.003181	
2025-09-08 16:22:17.097	continuous	4558	2	->	3	4	3	0.4994	True	1.072714	0.750	0.003180	
2025-09-08 16:22:17.097	continuous	4559	4	->		5	3	0.4273	True	1.626075	0.750	0.003180	
2025-09-08 16:22:17.097	continuous	4560	1	->		2	3	0.4740	True	3.096807	0.750	0.003180	
2025-09-08 16:22:17.097	continuous	4561	3	->		4	3	0.4349	True	1.106213	0.750	0.003179	
2025-09-08 16:22:17.097	continuous	4562	2	->		3	3	0.4974	True	0.881105	0.750	0.003179	
2025-09-08 16:22:17.098	continuous	4563	4	->		5	3	0.4234	True	1.611898	0.750	0.003179	
2025-09-08 16:22:17.098	continuous	4564	3	->	4	5	3	0.4041	True	1.577490	0.750	0.003179	
2025-09-08 16:22:17.098	continuous	4565	3	->		4	3	0.4335	True	1.118208	0.750	0.003178	
2025-09-08 16:22:17.098	continuous	4566	2	->		3	3	0.4951	True	0.891332	0.750	0.003178	
2025-09-08 16:22:17.098	continuous	4567	1	->	2	3	3	0.5039	True	0.846582	0.750	0.003178	
2025-09-08 16:22:17.099	continuous	4568	4	->		5	3	0.4238	True	1.585468	0.750	0.003177	
2025-09-08 16:22:17.099	continuous	4569	3	->		4	3	0.4354	True	1.139752	0.750	0.003177	
2025-09-08 16:22:17.099	continuous	4570	3	->		4	3	0.4357	True	1.115572	0.750	0.003177	
2025-09-08 16:22:17.099	continuous	4571	2	->		3	3	0.4972	True	0.883539	0.750	0.003176	
2025-09-08 16:22:17.100	continuous	4572	2	->	3	4	3	0.4952	True	1.056716	0.750	0.003176	
2025-09-08 16:22:17.100	continuous	4573	2	->		3	3	0.4993	True	0.879655	0.750	0.003176	
2025-09-08 16:22:17.100	continuous	4574	2	->		3	3	0.5014	True	0.852308	0.750	0.003175	
2025-09-08 16:22:17.100	continuous	4575	4	->		5	3	0.4275	True	1.613363	0.750	0.003175	
2025-09-08 16:22:17.100	continuous	4576	2	->	3	4	3	0.4968	True	1.078215	0.750	0.003175	
2025-09-08 16:22:17.101	continuous	4577	3	->	4	5	3	0.4083	True	1.586801	0.750	0.003174	
2025-09-08 16:22:17.101	continuous	4578	3	->		4	3	0.4376	True	1.106849	0.750	0.003174	
2025-09-08 16:22:17.101	continuous	4579	2	->	3	4	3	0.4950	True	1.023619	0.750	0.003174	
2025-09-08 16:22:17.101	continuous	4580	2	->		3	3	0.4992	True	0.911011	0.750	0.003173	
2025-09-08 16:22:17.102	continuous	4581	3	->		4	3	0.4400	True	1.074640	0.750	0.003173	
2025-09-08 16:22:17.102	continuous	4582	1	->		2	3	0.4749	True	3.109574	0.750	0.003173	
2025-09-08 16:22:17.102	continuous	4583	2	->	3	4	3	0.4942	True	0.991226	0.750	0.003172	
2025-09-08 16:22:17.102	continuous	4584	4	->		5	3	0.4235	True	1.609446	0.750	0.003172	
2025-09-08 16:22:17.102	continuous	4585	2	->	3	4	3	0.4927	True	0.969514	0.750	0.003172	
2025-09-08 16:22:17.103	continuous	4586	2	->		3	4	0.4971	True	0.963869	0.750	0.003172	
2025-09-08 16:22:17.103	continuous	4587	4	->		5	3	0.4236	True	1.599431	0.750	0.003171	
2025-09-08 16:22:17.103	continuous	4588	2	->		3	3	0.4959	True	0.942307	0.750	0.003171	
2025-09-08 16:22:17.103	continuous	4589	3	->		4	3	0.4368	True	1.061572	0.750	0.003171	
2025-09-08 16:22:17.103	continuous	4590	1	->	2	3	3	0.5041	True	0.915630	0.750	0.003170	
2025-09-08 16:22:17.104	continuous	4591	1	->	2	3	3	0.5059	True	0.884781	0.750	0.003170	
2025-09-08 16:22:17.104	continuous	4592	2	->	3	4	3	0.4977	True	1.017823	0.750	0.003170	
2025-09-08 16:22:17.104	continuous	4593	4	->		5	3	0.4266	True	1.618033	0.750	0.003169	
2025-09-08 16:22:17.104	continuous	4594	2	->	3	4	3	0.4958	True	0.994323	0.750	0.003169	
2025-09-08 16:22:17.105	continuous	4595	1	->	2	3	3	0.5060	True	0.913394	0.750	0.003169	
2025-09-08 16:22:17.105	continuous	4596	2	->		3	3	0.5015	True	0.899063	0.750	0.003168	
2025-09-08 16:22:17.105	continuous	4597	1	->	2	3	3	0.5096	True	0.853494	0.750	0.003168	
2025-09-08 16:22:17.105	continuous	4598	2	->		3	3	0.5054	True	0.842788	0.750	0.003168	
2025-09-08 16:22:17.106	continuous	4599	3	->	4	5	3	0.4136	True	1.628613	0.750	0.003167	
2025-09-08 16:22:17.106	continuous	4600	2	->	3	4	3	0.5010	True	1.067013	0.750	0.003167	
2025-09-08 16:22:17.106	continuous	4601	4	->		5	3	0.4293	True	1.617815	0.750	0.003167	
2025-09-08 16:22:17.106	continuous	4602	2	->		3	3	0.5023	True	0.859671	0.750	0.003166	
2025-09-08 16:22:17.106	continuous	4603	1	->		2	3	0.4774	True	3.117823	0.750	0.003166	
2025-09-08 16:22:17.107	continuous	4604	2	->		3	3	0.5009	True	0.840663	0.750	0.003166	
2025-09-08 16:22:17.107	continuous	4605	2	->	3	4	3	0.4989	True	1.090569	0.750	0.003166	
2025-09-08 16:22:17.107	continuous	4606	3	->	4	5	3	0.4093	True	1.606822	0.750	0.003165	
2025-09-08 16:22:17.107	continuous	4607	2	->	3	4	3	0.4963	True	1.063034	0.750	0.003165	
2025-09-08 16:22:17.107	continuous	4608	2	->		3	3	0.5003	True	0.871409	0.750	0.003165	
2025-09-08 16:22:17.108	continuous	4609	3	->	4	5	3	0.4094	True	1.598521	0.750	0.003164	
2025-09-08 16:22:17.108	continuous	4610	3	->		4	3	0.4387	True	1.114639	0.750	0.003164	
2025-09-08 16:22:17.108	continuous	4611	2	->	3	4	3	0.4965	True	1.032012	0.750	0.003164	
2025-09-08 16:22:17.108	continuous	4612	2	->		3	3	0.5005	True	0.895773	0.750	0.003163	
2025-09-08 16:22:17.108	continuous	4613	1	->	2	3	3	0.5086	True	0.850568	0.750	0.003163	
2025-09-08 16:22:17.109	continuous	4614	2	->	3	4	3	0.5005	True	1.046441	0.750	0.003163	
2025-09-08 16:22:17.109	continuous	4615	1	->	2	3	3	0.5107	True	0.846669	0.750	0.003162	
2025-09-08 16:22:17.109	continuous	4616	3	->		4	3	0.4442	True	1.091785	0.750	0.003162	
2025-09-08 16:22:17.109	continuous	4617	2	->	3	4	3	0.5030	True	1.008155	0.750	0.003162	
2025-09-08 16:22:17.109	continuous	4618	3	->		4	3	0.4452	True	1.040704	0.750	0.003161	
2025-09-08 16:22:17.110	continuous	4619	3	->		4	3	0.4461	True	1.018284	0.750	0.003161	
2025-09-08 16:22:17.110	continuous	4620	3	->		4	4	0.4472	True	0.996381	0.750	0.003161	
2025-09-08 16:22:17.110	continuous	4621	3	->		4	4	0.4484	True	0.974970	0.750	0.003160	
2025-09-08 16:22:17.110	continuous	4622	1	->	2	3	4	0.5168	True	0.942769	0.750	0.003160	
2025-09-08 16:22:17.111	continuous	4623	2	->		3	4	0.5120	True	0.925636	0.750	0.003160	
2025-09-08 16:22:17.111	continuous	4624	2	->	3	4	3	0.5099	True	0.923474	0.750	0.003160	
2025-09-08 16:22:17.111	continuous	4625	2	->	3	4	4	0.5112	True	0.893076	0.750	0.003159	
2025-09-08 16:22:17.112	continuous	4626	2	->		3	4	0.5155	True	0.945305	0.750	0.003159	
2025-09-08 16:22:17.112	continuous	4627	3	->		4	4	0.4540	True	0.965234	0.750	0.003159	
2025-09-08 16:22:17.112	continuous	4628	3	->		4	4	0.4553	True	0.944279	0.750	0.003158	
2025-09-08 16:22:17.112	continuous	4629	1	->		2	4	0.4912	True	3.176328	0.750	0.003158	
2025-09-08 16:22:17.113	continuous	4630	2	->		3	4	0.5152	True	0.958857	0.750	0.003158	
2025-09-08 16:22:17.113	continuous	4631	1	->		2	4	0.4875	True	3.115682	0.750	0.003157	
2025-09-08 16:22:17.113	continuous	4632	4	->		5	4	0.4334	True	1.746051	0.750	0.003157	
2025-09-08 16:22:17.113	continuous	4633	3	->		4	4	0.4464	True	0.967861	0.750	0.003157	
2025-09-08 16:22:17.113	continuous	4634	1	->	2	3	4	0.5158	True	0.943642	0.750	0.003156	
2025-09-08 16:22:17.113	continuous	4635	3	->		4	4	0.4483	True	0.967851	0.750	0.003156	
2025-09-08 16:22:17.114	continuous	4636	3	->		4	4	0.4497	True	0.947136	0.750	0.003156	
2025-09-08 16:22:17.114	continuous	4637	3	->		4	4	0.4513	True	0.926889	0.750	0.003155	
2025-09-08 16:22:17.114	continuous	4638	3	->	4	5	4	0.4201	True	1.745850	0.750	0.003155	
2025-09-08 16:22:17.114	continuous	4639	1	->	2	3	4	0.5182	True	0.978826	0.750	0.003155	
2025-09-08 16:22:17.114	continuous	4640	1	->	2	3	4	0.5185	True	0.943765	0.750	0.003154	
2025-09-08 16:22:17.115	continuous	4641	1	->	2	3	4	0.5193	True	0.910228	0.750	0.003154	
2025-09-08 16:22:17.115	continuous	4642	3	->		4	4	0.4519	True	0.978956	0.750	0.003154	
2025-09-08 16:22:17.115	continuous	4643	4	->		5	4	0.4376	True	1.760350	0.750	0.003154	
2025-09-08 16:22:17.115	continuous	4644	4	->		5	4	0.4352	True	1.728018	0.750	0.003153	
2025-09-08 16:22:17.115	continuous	4645	2	->		3	4	0.5097	True	0.930716	0.750	0.003153	
2025-09-08 16:22:17.115	continuous	4646	2	->		3	3	0.5109	True	0.900082	0.750	0.003153	
2025-09-08 16:22:17.116	continuous	4647	4	->		5	3	0.4350	True	1.712638	0.750	0.003152	
2025-09-08 16:22:17.116	continuous	4648	2	->	3	4	3	0.5060	True	0.958556	0.750	0.003152	
2025-09-08 16:22:17.116	continuous	4649	3	->		4	3	0.4486	True	0.998684	0.750	0.003152	
2025-09-08 16:22:17.116	continuous	4650	3	->		4	4	0.4498	True	0.977053	0.750	0.003151	
2025-09-08 16:22:17.116	continuous	4651	1	->	2	3	4	0.5179	True	0.928221	0.750	0.003151	
2025-09-08 16:22:17.116	continuous	4652	2	->	3	4	4	0.5104	True	0.902512	0.750	0.003151	
2025-09-08 16:22:17.117	continuous	4653	3	->		4	4	0.4530	True	0.951857	0.750	0.003150	
2025-09-08 16:22:17.117	continuous	4654	2	->	3	4	4	0.5136	True	0.848943	0.750	0.003150	
2025-09-08 16:22:17.117	continuous	4655	1	->	2	3	4	0.5231	True	0.967808	0.750	0.003150	
2025-09-08 16:22:17.117	continuous	4656	2	->		3	4	0.5182	True	0.948653	0.750	0.003149	
2025-09-08 16:22:17.117	continuous	4657	3	->		4	4	0.4566	True	0.949957	0.750	0.003149	
2025-09-08 16:22:17.118	continuous	4658	4	->		5	4	0.4420	True	1.769305	0.750	0.003149	
2025-09-08 16:22:17.118	continuous	4659	4	->		5	4	0.4395	True	1.736450	0.750	0.003148	
2025-09-08 16:22:17.118	continuous	4660	2	->		3	4	0.5139	True	0.951439	0.750	0.003148	
2025-09-08 16:22:17.118	continuous	4661	3	->		4	4	0.4536	True	0.968738	0.750	0.003148	
2025-09-08 16:22:17.119	continuous	4662	2	->	3	4	4	0.5134	True	0.868943	0.750	0.003148	
2025-09-08 16:22:17.119	continuous	4663	1	->	2	3	4	0.5228	True	0.949800	0.750	0.003147	
2025-09-08 16:22:17.119	continuous	4664	2	->	3	4	4	0.5155	True	0.866528	0.750	0.003147	
2025-09-08 16:22:17.119	continuous	4665	3	->		4	4	0.4581	True	0.920825	0.750	0.003147	
2025-09-08 16:22:17.119	continuous	4666	2	->	3	4	4	0.5192	True	0.814897	0.750	0.003146	
2025-09-08 16:22:17.120	continuous	4667	3	->		4	4	0.4615	True	0.878310	0.750	0.003146	
2025-09-08 16:22:17.120	continuous	4668	3	->		4	4	0.4634	True	0.859344	0.750	0.003146	
2025-09-08 16:22:17.120	continuous	4669	1	->	2	3	4	0.5330	True	1.032608	0.750	0.003145	
2025-09-08 16:22:17.120	continuous	4670	1	->	2	3	4	0.5322	True	0.993577	0.750	0.003145	
2025-09-08 16:22:17.120	continuous	4671	5	->		6	4	0.4641	True	5.128504	0.750	0.003145	
2025-09-08 16:22:17.121	continuous	4672	1	->	2	3	4	0.5288	True	0.958975	0.750	0.003144	
2025-09-08 16:22:17.121	continuous	4673	3	->	4	5	4	0.4272	True	1.781551	0.750	0.003144	
2025-09-08 16:22:17.121	continuous	4674	2	->		3	4	0.5206	True	0.946474	0.750	0.003144	
2025-09-08 16:22:17.121	continuous	4675	2	->		3	4	0.5211	True	0.914369	0.750	0.003143	
2025-09-08 16:22:17.121	continuous	4676	3	->	4	5	3	0.4261	True	1.764951	0.750	0.003143	
2025-09-08 16:22:17.121	continuous	4677	3	->	4	5	3	0.4239	True	1.735587	0.750	0.003143	
2025-09-08 16:22:17.122	continuous	4678	2	->		3	3	0.5162	True	0.897834	0.750	0.003142	
2025-09-08 16:22:17.122	continuous	4679	2	->		3	3	0.5175	True	0.868192	0.750	0.003142	
2025-09-08 16:22:17.122	continuous	4680	4	->		5	3	0.4404	True	1.734945	0.750	0.003142	
2025-09-08 16:22:17.122	continuous	4681	1	->	2	3	3	0.5220	True	0.830713	0.750	0.003142	
2025-09-08 16:22:17.122	continuous	4682	2	->	3	4	3	0.5145	True	0.992334	0.750	0.003141	
2025-09-08 16:22:17.123	continuous	4683	2	->	3	4	3	0.5148	True	0.958701	0.750	0.003141	
2025-09-08 16:22:17.123	continuous	4684	2	->		3	3	0.5186	True	0.870980	0.750	0.003141	
2025-09-08 16:22:17.123	continuous	4685	3	->	4	5	3	0.4250	True	1.724377	0.750	0.003140	
2025-09-08 16:22:17.123	continuous	4686	3	->		4	3	0.4549	True	1.023622	0.750	0.003140	
2025-09-08 16:22:17.123	continuous	4687	2	->	3	4	3	0.5148	True	0.933298	0.750	0.003140	
2025-09-08 16:22:17.123	continuous	4688	2	->		3	3	0.5187	True	0.895512	0.750	0.003139	
2025-09-08 16:22:17.124	continuous	4689	4	->		5	3	0.4417	True	1.733036	0.750	0.003139	
2025-09-08 16:22:17.124	continuous	4690	2	->	3	4	3	0.5139	True	0.936414	0.750	0.003139	
2025-09-08 16:22:17.124	continuous	4691	3	->		4	4	0.4560	True	0.978255	0.750	0.003138	
2025-09-08 16:22:17.124	continuous	4692	4	->		5	4	0.4411	True	1.719373	0.750	0.003138	
2025-09-08 16:22:17.124	continuous	4693	4	->		5	4	0.4388	True	1.687496	0.750	0.003138	
2025-09-08 16:22:17.124	continuous	4694	3	->		4	4	0.4525	True	0.975733	0.750	0.003137	
2025-09-08 16:22:17.125	continuous	4695	4	->		5	4	0.4378	True	1.665868	0.750	0.003137	
2025-09-08 16:22:17.125	continuous	4696	2	->	3	4	4	0.5090	True	0.885083	0.750	0.003137	
2025-09-08 16:22:17.125	continuous	4697	1	->	2	3	4	0.5179	True	0.973339	0.750	0.003137	
2025-09-08 16:22:17.125	continuous	4698	1	->	2	3	4	0.5185	True	0.938549	0.750	0.003136	
2025-09-08 16:22:17.125	continuous	4699	2	->	3	4	4	0.5118	True	0.907251	0.750	0.003136	
2025-09-08 16:22:17.126	continuous	4700	4	->	5	6	4	0.4254	True	4.753381	0.750	0.003136	
2025-09-08 16:22:17.126	continuous	4701	2	->		3	4	0.5130	True	0.950321	0.750	0.003135	
2025-09-08 16:22:17.126	continuous	4702	4	->		5	3	0.4353	True	1.673410	0.750	0.003135	
2025-09-08 16:22:17.126	continuous	4703	4	->	5	6	3	0.4192	True	4.678280	0.750	0.003135	
2025-09-08 16:22:17.126	continuous	4704	2	->	3	4	4	0.5056	True	0.918818	0.750	0.003134	
2025-09-08 16:22:17.126	continuous	4705	3	->		4	4	0.4472	True	0.970637	0.750	0.003134	
2025-09-08 16:22:17.127	continuous	4706	1	->	2	3	4	0.5161	True	0.959405	0.750	0.003134	
2025-09-08 16:22:17.127	continuous	4707	4	->		5	4	0.4315	True	1.664804	0.750	0.003133	
2025-09-08 16:22:17.127	continuous	4708	1	->	2	3	4	0.5141	True	0.934042	0.750	0.003133	
2025-09-08 16:22:17.128	continuous	4709	3	->		4	4	0.4476	True	0.999622	0.750	0.003133	
2025-09-08 16:22:17.128	continuous	4710	4	->		5	4	0.4313	True	1.652654	0.750	0.003132	
2025-09-08 16:22:17.128	continuous	4711	3	->	4	5	4	0.4138	True	1.618065	0.750	0.003132	
2025-09-08 16:22:17.128	continuous	4712	1	->		2	4	0.4783	True	3.196287	0.750	0.003132	
2025-09-08 16:22:17.129	continuous	4713	3	->		4	4	0.4410	True	1.003166	0.750	0.003132	
2025-09-08 16:22:17.129	continuous	4714	3	->		4	4	0.4423	True	0.982131	0.750	0.003131	
2025-09-08 16:22:17.129	continuous	4715	2	->		3	4	0.5052	True	0.997300	0.750	0.003131	
2025-09-08 16:22:17.129	continuous	4716	1	->		2	4	0.4775	True	3.150807	0.750	0.003131	
2025-09-08 16:22:17.129	continuous	4717	5	->		6	4	0.4390	True	4.883449	0.750	0.003130	
2025-09-08 16:22:17.129	continuous	4718	3	->	4	5	4	0.4025	True	1.607771	0.750	0.003130	
2025-09-08 16:22:17.130	continuous	4719	1	->	2	3	4	0.5022	True	0.965727	0.750	0.003130	
2025-09-08 16:22:17.130	continuous	4720	3	->		4	4	0.4351	True	1.021211	0.750	0.003129	
2025-09-08 16:22:17.130	continuous	4721	3	->		4	4	0.4363	True	1.000233	0.750	0.003129	
2025-09-08 16:22:17.130	continuous	4722	3	->	4	5	4	0.4041	True	1.608713	0.750	0.003129	
2025-09-08 16:22:17.130	continuous	4723	3	->		4	4	0.4359	True	0.988895	0.750	0.003128	
2025-09-08 16:22:17.130	continuous	4724	2	->		3	4	0.4998	True	1.013210	0.750	0.003128	
2025-09-08 16:22:17.131	continuous	4725	3	->		4	4	0.4378	True	0.987562	0.750	0.003128	
2025-09-08 16:22:17.131	continuous	4726	1	->	2	3	4	0.5068	True	0.984611	0.750	0.003127	
2025-09-08 16:22:17.131	continuous	4727	3	->		4	4	0.4397	True	0.986678	0.750	0.003127	
2025-09-08 16:22:17.131	continuous	4728	2	->		3	4	0.5038	True	0.986051	0.750	0.003127	
2025-09-08 16:22:17.131	continuous	4729	2	->		3	4	0.5045	True	0.954318	0.750	0.003127	
2025-09-08 16:22:17.132	continuous	4730	2	->		3	3	0.5055	True	0.923795	0.750	0.003126	
2025-09-08 16:22:17.132	continuous	4731	3	->		4	3	0.4432	True	1.023699	0.750	0.003126	
2025-09-08 16:22:17.132	continuous	4732	1	->	2	3	3	0.5131	True	0.896681	0.750	0.003126	
2025-09-08 16:22:17.132	continuous	4733	1	->	2	3	3	0.5147	True	0.866460	0.750	0.003125	
2025-09-08 16:22:17.132	continuous	4734	1	->	2	3	3	0.5166	True	0.837488	0.750	0.003125	
2025-09-08 16:22:17.132	continuous	4735	3	->	4	5	3	0.4141	True	1.681200	0.750	0.003125	
2025-09-08 16:22:17.133	continuous	4736	4	->	5	6	3	0.4131	True	4.565773	0.750	0.003124	
2025-09-08 16:22:17.133	continuous	4737	3	->	4	5	3	0.4077	True	1.650053	0.750	0.003124	
2025-09-08 16:22:17.133	continuous	4738	2	->		3	3	0.5049	True	0.850301	0.750	0.003124	
2025-09-08 16:22:17.133	continuous	4739	3	->		4	3	0.4415	True	1.097820	0.750	0.003123	
2025-09-08 16:22:17.133	continuous	4740	1	->	2	3	3	0.5132	True	0.824469	0.750	0.003123	
2025-09-08 16:22:17.134	continuous	4741	4	->		5	3	0.4253	True	1.655459	0.750	0.003123	
2025-09-08 16:22:17.134	continuous	4742	2	->	3	4	3	0.5028	True	1.047189	0.750	0.003122	
2025-09-08 16:22:17.134	continuous	4743	3	->	4	5	3	0.4078	True	1.630356	0.750	0.003122	
2025-09-08 16:22:17.134	continuous	4744	3	->	4	5	3	0.4062	True	1.604762	0.750	0.003122	
2025-09-08 16:22:17.135	continuous	4745	3	->	4	5	3	0.4047	True	1.579570	0.750	0.003122	
2025-09-08 16:22:17.135	continuous	4746	2	->	3	4	3	0.4960	True	1.038634	0.750	0.003121	
2025-09-08 16:22:17.135	continuous	4747	2	->	3	4	3	0.4965	True	1.005340	0.750	0.003121	
2025-09-08 16:22:17.135	continuous	4748	4	->		5	3	0.4197	True	1.574833	0.750	0.003121	
2025-09-08 16:22:17.135	continuous	4749	1	->		2	3	0.4696	True	3.133408	0.750	0.003120	
2025-09-08 16:22:17.135	continuous	4750	2	->		3	3	0.4946	True	0.936853	0.750	0.003120	
2025-09-08 16:22:17.136	continuous	4751	2	->	3	4	3	0.4929	True	1.010219	0.750	0.003120	
2025-09-08 16:22:17.136	continuous	4752	2	->	3	4	3	0.4937	True	0.978274	0.750	0.003119	
2025-09-08 16:22:17.136	continuous	4753	2	->	3	4	4	0.4948	True	0.947491	0.750	0.003119	
2025-09-08 16:22:17.136	continuous	4754	2	->		3	4	0.4988	True	0.977332	0.750	0.003119	
2025-09-08 16:22:17.137	continuous	4755	3	->		4	4	0.4366	True	1.019121	0.750	0.003118	
2025-09-08 16:22:17.137	continuous	4756	2	->		3	4	0.5009	True	0.965110	0.750	0.003118	
2025-09-08 16:22:17.137	continuous	4757	2	->	3	4	4	0.4991	True	0.940131	0.750	0.003118	
2025-09-08 16:22:17.137	continuous	4758	3	->		4	4	0.4396	True	0.992211	0.750	0.003117	
2025-09-08 16:22:17.137	continuous	4759	2	->		3	4	0.5045	True	0.977156	0.750	0.003117	
2025-09-08 16:22:17.137	continuous	4760	2	->	3	4	4	0.5026	True	0.910392	0.750	0.003117	
2025-09-08 16:22:17.138	continuous	4761	3	->	4	5	4	0.4084	True	1.641424	0.750	0.003117	
2025-09-08 16:22:17.138	continuous	4762	3	->		4	4	0.4409	True	0.975935	0.750	0.003116	
2025-09-08 16:22:17.138	continuous	4763	2	->	3	4	4	0.5035	True	0.867735	0.750	0.003116	
2025-09-08 16:22:17.138	continuous	4764	2	->		3	4	0.5075	True	1.019824	0.750	0.003116	
2025-09-08 16:22:17.138	continuous	4765	1	->	2	3	4	0.5125	True	0.970968	0.750	0.003115	
2025-09-08 16:22:17.139	continuous	4766	4	->		5	4	0.4256	True	1.654020	0.750	0.003115	
2025-09-08 16:22:17.139	continuous	4767	3	->		4	4	0.4425	True	0.981539	0.750	0.003115	
2025-09-08 16:22:17.139	continuous	4768	2	->		3	4	0.5070	True	0.980778	0.750	0.003114	
2025-09-08 16:22:17.139	continuous	4769	4	->		5	4	0.4255	True	1.642248	0.750	0.003114	
2025-09-08 16:22:17.139	continuous	4770	2	->		3	4	0.5051	True	0.956923	0.750	0.003114	
2025-09-08 16:22:17.139	continuous	4771	2	->	3	4	4	0.5034	True	0.933046	0.750	0.003113	
2025-09-08 16:22:17.140	continuous	4772	1	->	2	3	3	0.5121	True	0.934162	0.750	0.003113	
2025-09-08 16:22:17.140	continuous	4773	3	->	4	5	3	0.4109	True	1.634733	0.750	0.003113	
2025-09-08 16:22:17.140	continuous	4774	1	->	2	3	3	0.5108	True	0.910473	0.750	0.003112	
2025-09-08 16:22:17.140	continuous	4775	4	->		5	3	0.4255	True	1.621431	0.750	0.003112	
2025-09-08 16:22:17.140	continuous	4776	2	->	3	4	3	0.5017	True	0.970389	0.750	0.003112	
2025-09-08 16:22:17.140	continuous	4777	1	->	2	3	3	0.5104	True	0.913112	0.750	0.003112	
2025-09-08 16:22:17.141	continuous	4778	2	->		3	3	0.5068	True	0.899545	0.750	0.003111	
2025-09-08 16:22:17.141	continuous	4779	2	->		3	3	0.5084	True	0.871120	0.750	0.003111	
2025-09-08 16:22:17.141	continuous	4780	2	->	3	4	3	0.5070	True	1.011282	0.750	0.003111	
2025-09-08 16:22:17.141	continuous	4781	3	->		4	3	0.4467	True	1.044335	0.750	0.003110	
2025-09-08 16:22:17.141	continuous	4782	1	->	2	3	3	0.5163	True	0.869523	0.750	0.003110	
2025-09-08 16:22:17.141	continuous	4783	4	->		5	3	0.4301	True	1.655795	0.750	0.003110	
2025-09-08 16:22:17.142	continuous	4784	2	->	3	4	3	0.5069	True	0.985031	0.750	0.003109	
2025-09-08 16:22:17.142	continuous	4785	1	->	2	3	3	0.5156	True	0.873926	0.750	0.003109	
2025-09-08 16:22:17.142	continuous	4786	2	->		3	3	0.5121	True	0.862471	0.750	0.003109	
2025-09-08 16:22:17.142	continuous	4787	2	->	3	4	3	0.5107	True	1.001597	0.750	0.003108	
2025-09-08 16:22:17.143	continuous	4788	4	->		5	3	0.4315	True	1.662103	0.750	0.003108	
2025-09-08 16:22:17.143	continuous	4789	3	->	4	5	3	0.4143	True	1.627741	0.750	0.003108	
2025-09-08 16:22:17.143	continuous	4790	2	->		3	3	0.5090	True	0.876703	0.750	0.003107	
2025-09-08 16:22:17.144	continuous	4791	4	->		5	3	0.4292	True	1.614707	0.750	0.003107	
2025-09-08 16:22:17.144	continuous	4792	2	->	3	4	3	0.5050	True	1.018654	0.750	0.003107	
2025-09-08 16:22:17.144	continuous	4793	3	->		4	3	0.4459	True	1.051548	0.750	0.003107	
2025-09-08 16:22:17.144	continuous	4794	3	->	4	5	3	0.4133	True	1.600562	0.750	0.003106	
2025-09-08 16:22:17.145	continuous	4795	2	->		3	3	0.5067	True	0.909574	0.750	0.003106	
2025-09-08 16:22:17.145	continuous	4796	3	->	4	5	3	0.4129	True	1.583377	0.750	0.003106	
2025-09-08 16:22:17.145	continuous	4797	4	->		5	3	0.4265	True	1.559771	0.750	0.003105	
2025-09-08 16:22:17.145	continuous	4798	3	->		4	3	0.4427	True	1.074376	0.750	0.003105	
2025-09-08 16:22:17.145	continuous	4799	1	->	2	3	3	0.5092	True	0.901389	0.750	0.003105	
2025-09-08 16:22:17.145	continuous	4800	4	->		5	3	0.4267	True	1.551196	0.750	0.003104	
2025-09-08 16:22:17.146	continuous	4801	3	->	4	5	3	0.4104	True	1.523668	0.750	0.003104	
2025-09-08 16:22:17.146	continuous	4802	3	->		4	3	0.4416	True	1.088290	0.750	0.003104	
2025-09-08 16:22:17.146	continuous	4803	3	->		4	3	0.4423	True	1.065226	0.750	0.003103	
2025-09-08 16:22:17.146	continuous	4804	1	->	2	3	3	0.5077	True	0.928182	0.750	0.003103	
2025-09-08 16:22:17.146	continuous	4805	3	->	4	5	3	0.4116	True	1.526538	0.750	0.003103	
2025-09-08 16:22:17.147	continuous	4806	2	->		3	3	0.5023	True	0.922253	0.750	0.003103	
2025-09-08 16:22:17.147	continuous	4807	4	->		5	3	0.4262	True	1.510822	0.750	0.003102	
2025-09-08 16:22:17.147	continuous	4808	2	->		3	3	0.5020	True	0.903344	0.750	0.003102	
2025-09-08 16:22:17.147	continuous	4809	1	->	2	3	3	0.5091	True	0.858841	0.750	0.003102	
2025-09-08 16:22:17.147	continuous	4810	3	->	4	5	3	0.4129	True	1.505679	0.750	0.003101	
2025-09-08 16:22:17.148	continuous	4811	3	->		4	3	0.4438	True	1.142684	0.750	0.003101	
2025-09-08 16:22:17.148	continuous	4812	3	->	4	5	3	0.4120	True	1.489765	0.750	0.003101	
2025-09-08 16:22:17.148	continuous	4813	3	->		4	3	0.4428	True	1.126993	0.750	0.003100	
2025-09-08 16:22:17.148	continuous	4814	2	->	3	4	3	0.4992	True	1.045336	0.750	0.003100	
2025-09-08 16:22:17.148	continuous	4815	1	->	2	3	3	0.5074	True	0.911000	0.750	0.003100	
2025-09-08 16:22:17.149	continuous	4816	4	->	5	6	3	0.4128	True	4.581702	0.750	0.003099	
2025-09-08 16:22:17.149	continuous	4817	2	->	3	4	3	0.4988	True	1.035947	0.750	0.003099	
2025-09-08 16:22:17.149	continuous	4818	4	->		5	3	0.4235	True	1.500726	0.750	0.003099	
2025-09-08 16:22:17.149	continuous	4819	4	->		5	3	0.4223	True	1.474276	0.750	0.003098	
2025-09-08 16:22:17.149	continuous	4820	2	->		3	3	0.4984	True	0.944441	0.750	0.003098	
2025-09-08 16:22:17.149	continuous	4821	2	->	3	4	3	0.4969	True	1.045581	0.750	0.003098	
2025-09-08 16:22:17.150	continuous	4822	4	->		5	3	0.4226	True	1.468987	0.750	0.003098	
2025-09-08 16:22:17.150	continuous	4823	1	->	2	3	3	0.5033	True	0.933040	0.750	0.003097	
2025-09-08 16:22:17.150	continuous	4824	3	->		4	3	0.4405	True	1.104926	0.750	0.003097	
2025-09-08 16:22:17.150	continuous	4825	1	->	2	3	3	0.5054	True	0.920133	0.750	0.003097	
2025-09-08 16:22:17.150	continuous	4826	1	->	2	3	3	0.5073	True	0.889610	0.750	0.003096	
2025-09-08 16:22:17.150	continuous	4827	2	->		3	3	0.5041	True	0.876825	0.750	0.003096	
2025-09-08 16:22:17.151	continuous	4828	2	->	3	4	3	0.5028	True	1.086546	0.750	0.003096	
2025-09-08 16:22:17.151	continuous	4829	2	->	3	4	3	0.5027	True	1.050508	0.750	0.003095	
2025-09-08 16:22:17.151	continuous	4830	1	->		2	3	0.4781	True	3.291859	0.750	0.003095	
2025-09-08 16:22:17.151	continuous	4831	1	->	2	3	3	0.5077	True	0.885955	0.750	0.003095	
2025-09-08 16:22:17.151	continuous	4832	1	->	2	3	3	0.5098	True	0.856789	0.750	0.003094	
2025-09-08 16:22:17.152	continuous	4833	3	->	4	5	3	0.4112	True	1.532797	0.750	0.003094	
2025-09-08 16:22:17.152	continuous	4834	2	->		3	3	0.5046	True	0.856039	0.750	0.003094	
2025-09-08 16:22:17.152	continuous	4835	3	->		4	3	0.4445	True	1.145495	0.750	0.003094	
2025-09-08 16:22:17.152	continuous	4836	2	->		3	3	0.5068	True	0.847544	0.750	0.003093	
2025-09-08 16:22:17.152	continuous	4837	1	->	2	3	3	0.5148	True	0.803669	0.750	0.003093	
2025-09-08 16:22:17.153	continuous	4838	1	->	2	3	3	0.5177	True	0.777783	0.750	0.003093	
2025-09-08 16:22:17.153	continuous	4839	4	->		5	3	0.4317	True	1.558797	0.750	0.003092	
2025-09-08 16:22:17.153	continuous	4840	3	->		4	3	0.4482	True	1.182844	0.750	0.003092	
2025-09-08 16:22:17.153	continuous	4841	2	->	3	4	3	0.5075	True	1.115534	0.750	0.003092	
2025-09-08 16:22:17.153	continuous	4842	2	->		3	3	0.5105	True	0.823502	0.750	0.003091	
2025-09-08 16:22:17.154	continuous	4843	1	->	2	3	3	0.5189	True	0.779848	0.750	0.003091	
2025-09-08 16:22:17.154	continuous	4844	2	->		3	3	0.5159	True	0.773436	0.750	0.003091	
2025-09-08 16:22:17.154	continuous	4845	1	->	2	3	3	0.5251	True	0.731104	0.750	0.003090	
2025-09-08 16:22:17.154	continuous	4846	1	->		2	3	0.4909	True	3.306814	0.750	0.003090	
2025-09-08 16:22:17.154	continuous	4847	2	->		3	3	0.5181	True	0.736153	0.750	0.003090	
2025-09-08 16:22:17.154	continuous	4848	2	->		3	3	0.5213	True	0.714296	0.750	0.003090	
2025-09-08 16:22:17.155	continuous	4849	2	->	3	4	3	0.5197	True	1.218318	0.750	0.003089	
2025-09-08 16:22:17.155	continuous	4850	2	->	3	4	3	0.5177	True	1.176263	0.750	0.003089	
2025-09-08 16:22:17.155	continuous	4851	3	->		4	3	0.4537	True	1.170564	0.750	0.003089	
2025-09-08 16:22:17.155	continuous	4852	2	->		3	3	0.5196	True	0.758515	0.750	0.003088	
2025-09-08 16:22:17.155	continuous	4853	3	->		4	3	0.4555	True	1.163513	0.750	0.003088	
2025-09-08 16:22:17.155	continuous	4854	2	->	3	4	3	0.5176	True	1.097622	0.750	0.003088	
2025-09-08 16:22:17.156	continuous	4855	2	->	3	4	3	0.5167	True	1.060013	0.750	0.003087	
2025-09-08 16:22:17.156	continuous	4856	3	->		4	3	0.4548	True	1.078825	0.750	0.003087	
2025-09-08 16:22:17.156	continuous	4857	1	->	2	3	3	0.5251	True	0.802668	0.750	0.003087	
2025-09-08 16:22:17.156	continuous	4858	3	->	4	5	3	0.4223	True	1.670383	0.750	0.003086	
2025-09-08 16:22:17.156	continuous	4859	3	->		4	3	0.4546	True	1.082554	0.750	0.003086	
2025-09-08 16:22:17.157	continuous	4860	2	->	3	4	3	0.5161	True	0.999952	0.750	0.003086	
2025-09-08 16:22:17.157	continuous	4861	1	->	2	3	3	0.5244	True	0.828919	0.750	0.003086	
2025-09-08 16:22:17.157	continuous	4862	2	->		3	3	0.5213	True	0.820045	0.750	0.003085	
2025-09-08 16:22:17.157	continuous	4863	4	->		5	3	0.4389	True	1.683759	0.750	0.003085	
2025-09-08 16:22:17.157	continuous	4864	4	->	5	6	3	0.4211	True	4.575805	0.750	0.003085	
2025-09-08 16:22:17.157	continuous	4865	1	->		2	3	0.4869	True	3.271682	0.750	0.003084	
2025-09-08 16:22:17.158	continuous	4866	2	->		3	3	0.5142	True	0.815955	0.750	0.003084	
2025-09-08 16:22:17.158	continuous	4867	3	->		4	3	0.4498	True	1.103476	0.750	0.003084	
2025-09-08 16:22:17.158	continuous	4868	3	->		4	3	0.4501	True	1.080010	0.750	0.003083	
2025-09-08 16:22:17.158	continuous	4869	3	->		4	3	0.4505	True	1.057126	0.750	0.003083	
2025-09-08 16:22:17.158	continuous	4870	2	->		3	3	0.5168	True	0.847009	0.750	0.003083	
2025-09-08 16:22:17.158	continuous	4871	2	->	3	4	3	0.5154	True	0.992635	0.750	0.003082	
2025-09-08 16:22:17.159	continuous	4872	1	->	2	3	3	0.5238	True	0.825911	0.750	0.003082	
2025-09-08 16:22:17.159	continuous	4873	1	->	2	3	3	0.5260	True	0.798302	0.750	0.003082	
2025-09-08 16:22:17.159	continuous	4874	2	->	3	4	3	0.5193	True	1.009256	0.750	0.003081	
2025-09-08 16:22:17.159	continuous	4875	3	->		4	3	0.4558	True	1.038066	0.750	0.003081	
2025-09-08 16:22:17.159	continuous	4876	3	->	4	5	3	0.4208	True	1.717858	0.750	0.003081	
2025-09-08 16:22:17.160	continuous	4877	1	->	2	3	3	0.5252	True	0.824145	0.750	0.003081	
2025-09-08 16:22:17.160	continuous	4878	3	->		4	3	0.4556	True	1.043313	0.750	0.003080	
2025-09-08 16:22:17.161	continuous	4879	2	->	3	4	3	0.5192	True	0.954457	0.750	0.003080	
2025-09-08 16:22:17.161	continuous	4880	2	->	3	4	3	0.5199	True	0.922562	0.750	0.003080	
2025-09-08 16:22:17.161	continuous	4881	3	->		4	4	0.4577	True	0.969638	0.750	0.003079	
2025-09-08 16:22:17.162	continuous	4882	2	->		3	4	0.5244	True	0.905393	0.750	0.003079	
2025-09-08 16:22:17.162	continuous	4883	2	->	3	4	4	0.5230	True	0.892899	0.750	0.003079	
2025-09-08 16:22:17.162	continuous	4884	3	->		4	4	0.4606	True	0.944687	0.750	0.003078	
2025-09-08 16:22:17.162	continuous	4885	4	->		5	4	0.4402	True	1.763849	0.750	0.003078	
2025-09-08 16:22:17.162	continuous	4886	2	->		3	4	0.5246	True	0.927499	0.750	0.003078	
2025-09-08 16:22:17.163	continuous	4887	1	->	2	3	3	0.5299	True	0.877794	0.750	0.003077	
2025-09-08 16:22:17.163	continuous	4888	3	->	4	5	3	0.4248	True	1.738292	0.750	0.003077	
2025-09-08 16:22:17.163	continuous	4889	4	->		5	3	0.4373	True	1.718294	0.750	0.003077	
2025-09-08 16:22:17.163	continuous	4890	3	->		4	3	0.4560	True	0.990949	0.750	0.003077	
2025-09-08 16:22:17.163	continuous	4891	4	->	5	6	3	0.4198	True	4.534567	0.750	0.003076	
2025-09-08 16:22:17.163	continuous	4892	1	->	2	3	3	0.5236	True	0.886088	0.750	0.003076	
2025-09-08 16:22:17.164	continuous	4893	3	->		4	3	0.4542	True	0.994056	0.750	0.003076	
2025-09-08 16:22:17.164	continuous	4894	1	->		2	3	0.4896	True	3.280836	0.750	0.003075	
2025-09-08 16:22:17.164	continuous	4895	3	->	4	5	3	0.4146	True	1.696063	0.750	0.003075	
2025-09-08 16:22:17.164	continuous	4896	1	->	2	3	3	0.5194	True	0.888112	0.750	0.003075	
2025-09-08 16:22:17.164	continuous	4897	5	->		6	3	0.4468	True	4.775158	0.750	0.003074	
2025-09-08 16:22:17.165	continuous	4898	3	->		4	3	0.4458	True	1.011467	0.750	0.003074	
2025-09-08 16:22:17.165	continuous	4899	1	->	2	3	3	0.5187	True	0.882128	0.750	0.003074	
2025-09-08 16:22:17.165	continuous	4900	1	->	2	3	3	0.5203	True	0.852652	0.750	0.003073	
2025-09-08 16:22:17.165	continuous	4901	1	->	2	3	3	0.5222	True	0.824397	0.750	0.003073	
2025-09-08 16:22:17.165	continuous	4902	2	->	3	4	3	0.5154	True	0.984153	0.750	0.003073	
2025-09-08 16:22:17.165	continuous	4903	5	->		6	3	0.4471	True	4.724512	0.750	0.003073	
2025-09-08 16:22:17.166	continuous	4904	3	->	4	5	3	0.4089	True	1.704493	0.750	0.003072	
2025-09-08 16:22:17.166	continuous	4905	2	->		3	3	0.5132	True	0.854519	0.750	0.003072	
2025-09-08 16:22:17.166	continuous	4906	2	->		3	3	0.5150	True	0.828126	0.750	0.003072	
2025-09-08 16:22:17.166	continuous	4907	1	->	2	3	3	0.5229	True	0.782511	0.750	0.003071	
2025-09-08 16:22:17.166	continuous	4908	2	->		3	3	0.5195	True	0.778145	0.750	0.003071	
2025-09-08 16:22:17.167	continuous	4909	2	->		3	3	0.5221	True	0.754683	0.750	0.003071	
2025-09-08 16:22:17.167	continuous	4910	3	->		4	3	0.4523	True	1.125682	0.750	0.003070	
2025-09-08 16:22:17.167	continuous	4911	1	->	2	3	3	0.5304	True	0.729505	0.750	0.003070	
2025-09-08 16:22:17.167	continuous	4912	3	->		4	3	0.4542	True	1.120464	0.750	0.003070	
2025-09-08 16:22:17.167	continuous	4913	1	->	2	3	3	0.5325	True	0.724943	0.750	0.003069	
2025-09-08 16:22:17.167	continuous	4914	3	->		4	3	0.4561	True	1.115376	0.750	0.003069	
2025-09-08 16:22:17.168	continuous	4915	3	->		4	3	0.4560	True	1.091831	0.750	0.003069	
2025-09-08 16:22:17.168	continuous	4916	4	->	5	6	3	0.4157	True	4.382924	0.750	0.003069	
2025-09-08 16:22:17.168	continuous	4917	1	->		2	3	0.4898	True	3.234746	0.750	0.003068	
2025-09-08 16:22:17.168	continuous	4918	1	->		2	3	0.4855	True	3.172834	0.750	0.003068	
2025-09-08 16:22:17.168	continuous	4919	3	->	4	5	3	0.4050	True	1.745274	0.750	0.003068	
2025-09-08 16:22:17.169	continuous	4920	2	->	3	4	3	0.5104	True	1.025921	0.750	0.003067	
2025-09-08 16:22:17.169	continuous	4921	2	->	3	4	3	0.5104	True	0.992857	0.750	0.003067	
2025-09-08 16:22:17.169	continuous	4922	3	->		4	3	0.4421	True	1.033451	0.750	0.003067	
2025-09-08 16:22:17.169	continuous	4923	1	->	2	3	3	0.5198	True	0.833908	0.750	0.003066	
2025-09-08 16:22:17.169	continuous	4924	2	->	3	4	3	0.5129	True	0.960225	0.750	0.003066	
2025-09-08 16:22:17.170	continuous	4925	2	->	3	4	3	0.5134	True	0.929484	0.750	0.003066	
2025-09-08 16:22:17.170	continuous	4926	2	->		3	3	0.5171	True	0.875616	0.750	0.003066	
2025-09-08 16:22:17.170	continuous	4927	1	->	2	3	3	0.5238	True	0.827650	0.750	0.003065	
2025-09-08 16:22:17.170	continuous	4928	3	->	4	5	3	0.4086	True	1.776195	0.750	0.003065	
2025-09-08 16:22:17.170	continuous	4929	3	->	4	5	3	0.4065	True	1.750007	0.750	0.003065	
2025-09-08 16:22:17.171	continuous	4930	3	->		4	3	0.4431	True	1.034853	0.750	0.003064	
2025-09-08 16:22:17.171	continuous	4931	1	->	2	3	3	0.5204	True	0.833559	0.750	0.003064	
2025-09-08 16:22:17.171	continuous	4932	3	->		4	3	0.4452	True	1.032745	0.750	0.003064	
2025-09-08 16:22:17.171	continuous	4933	3	->		4	3	0.4460	True	1.011829	0.750	0.003063	
2025-09-08 16:22:17.171	continuous	4934	1	->	2	3	3	0.5232	True	0.844261	0.750	0.003063	
2025-09-08 16:22:17.171	continuous	4935	2	->		3	3	0.5195	True	0.837273	0.750	0.003063	
2025-09-08 16:22:17.172	continuous	4936	2	->		3	3	0.5213	True	0.811256	0.750	0.003062	
2025-09-08 16:22:17.172	continuous	4937	1	->	2	3	3	0.5292	True	0.765088	0.750	0.003062	
2025-09-08 16:22:17.172	continuous	4938	4	->		5	3	0.4285	True	1.791347	0.750	0.003062	
2025-09-08 16:22:17.172	continuous	4939	3	->		4	3	0.4497	True	1.073634	0.750	0.003062	
2025-09-08 16:22:17.172	continuous	4940	3	->	4	5	3	0.4113	True	1.761067	0.750	0.003061	
2025-09-08 16:22:17.173	continuous	4941	1	->	2	3	3	0.5254	True	0.774856	0.750	0.003061	
2025-09-08 16:22:17.173	continuous	4942	1	->	2	3	3	0.5280	True	0.750160	0.750	0.003061	
2025-09-08 16:22:17.173	continuous	4943	3	->		4	3	0.4511	True	1.095595	0.750	0.003060	
2025-09-08 16:22:17.173	continuous	4944	1	->		2	3	0.4886	True	3.195430	0.750	0.003060	
2025-09-08 16:22:17.173	continuous	4945	1	->	2	3	3	0.5262	True	0.752506	0.750	0.003060	
2025-09-08 16:22:17.173	continuous	4946	2	->		3	3	0.5226	True	0.750558	0.750	0.003059	
2025-09-08 16:22:17.174	continuous	4947	2	->		3	3	0.5253	True	0.728228	0.750	0.003059	
2025-09-08 16:22:17.174	continuous	4948	4	->		5	3	0.4290	True	1.784769	0.750	0.003059	
2025-09-08 16:22:17.174	continuous	4949	3	->	4	5	3	0.4111	True	1.747796	0.750	0.003058	
2025-09-08 16:22:17.174	continuous	4950	3	->	4	5	3	0.4090	True	1.721871	0.750	0.003058	
2025-09-08 16:22:17.174	continuous	4951	3	->		4	3	0.4457	True	1.149840	0.750	0.003058	
2025-09-08 16:22:17.174	continuous	4952	2	->	3	4	3	0.5143	True	1.077976	0.750	0.003058	
2025-09-08 16:22:17.175	continuous	4953	3	->		4	3	0.4453	True	1.097906	0.750	0.003057	
2025-09-08 16:22:17.175	continuous	4954	2	->	3	4	3	0.5137	True	1.015088	0.750	0.003057	
2025-09-08 16:22:17.175	continuous	4955	2	->		3	3	0.5171	True	0.814944	0.750	0.003057	
2025-09-08 16:22:17.175	continuous	4956	1	->		2	3	0.4840	True	3.160414	0.750	0.003056	
2025-09-08 16:22:17.175	continuous	4957	3	->		4	3	0.4431	True	1.071414	0.750	0.003056	
2025-09-08 16:22:17.176	continuous	4958	2	->		3	3	0.5155	True	0.815563	0.750	0.003056	
2025-09-08 16:22:17.176	continuous	4959	4	->		5	3	0.4215	True	1.747423	0.750	0.003055	
2025-09-08 16:22:17.176	continuous	4960	1	->	2	3	3	0.5205	True	0.778071	0.750	0.003055	
2025-09-08 16:22:17.176	continuous	4961	2	->	3	4	3	0.5132	True	1.036703	0.750	0.003055	
2025-09-08 16:22:17.176	continuous	4962	3	->		4	3	0.4445	True	1.066327	0.750	0.003054	
2025-09-08 16:22:17.176	continuous	4963	3	->	4	5	3	0.4063	True	1.735531	0.750	0.003054	
2025-09-08 16:22:17.177	continuous	4964	2	->	3	4	3	0.5107	True	0.983727	0.750	0.003054	
2025-09-08 16:22:17.177	continuous	4965	4	->	5	6	3	0.4015	True	4.300659	0.750	0.003054	
2025-09-08 16:22:17.177	continuous	4966	1	->	2	3	3	0.5167	True	0.831963	0.750	0.003053	
2025-09-08 16:22:17.177	continuous	4967	2	->	3	4	3	0.5099	True	0.977855	0.750	0.003053	
2025-09-08 16:22:17.178	continuous	4968	2	->	3	4	3	0.5104	True	0.946664	0.750	0.003053	
2025-09-08 16:22:17.178	continuous	4969	2	->	3	4	3	0.5112	True	0.916659	0.750	0.003052	
2025-09-08 16:22:17.178	continuous	4970	4	->		5	3	0.4181	True	1.748482	0.750	0.003052	
2025-09-08 16:22:17.179	continuous	4971	4	->	5	6	3	0.3973	True	4.246550	0.750	0.003052	
2025-09-08 16:22:17.179	continuous	4972	4	->		5	3	0.4116	True	1.715501	0.750	0.003051	
2025-09-08 16:22:17.179	continuous	4973	3	->		4	4	0.4351	True	0.995585	0.750	0.003051	
2025-09-08 16:22:17.179	continuous	4974	2	->	3	4	4	0.5056	True	0.884265	0.750	0.003051	
2025-09-08 16:22:17.179	continuous	4975	2	->	3	4	4	0.5073	True	0.857247	0.750	0.003051	
2025-09-08 16:22:17.180	continuous	4976	1	->	2	3	4	0.5152	True	0.960959	0.750	0.003050	
2025-09-08 16:22:17.180	continuous	4977	3	->	4	5	4	0.3989	True	1.717178	0.750	0.003050	
2025-09-08 16:22:17.180	continuous	4978	3	->	4	5	4	0.3971	True	1.692509	0.750	0.003050	
2025-09-08 16:22:17.180	continuous	4979	1	->	2	3	4	0.5107	True	0.941528	0.750	0.003049	
2025-09-08 16:22:17.180	continuous	4980	5	->		6	4	0.4308	True	4.508039	0.750	0.003049	
2025-09-08 16:22:17.181	continuous	4981	4	->		5	4	0.4063	True	1.672020	0.750	0.003049	
2025-09-08 16:22:17.181	continuous	4982	4	->		5	3	0.4046	True	1.646294	0.750	0.003048	
2025-09-08 16:22:17.181	continuous	4983	3	->	4	5	4	0.3885	True	1.621963	0.750	0.003048	
2025-09-08 16:22:17.181	continuous	4984	1	->		2	4	0.4627	True	3.078474	0.750	0.003048	
2025-09-08 16:22:17.181	continuous	4985	2	->	3	4	4	0.4912	True	0.930166	0.750	0.003047	
2025-09-08 16:22:17.181	continuous	4986	1	->	2	3	4	0.4994	True	0.964257	0.750	0.003047	
2025-09-08 16:22:17.182	continuous	4987	3	->		4	4	0.4247	True	1.017314	0.750	0.003047	
2025-09-08 16:22:17.182	continuous	4988	2	->		3	4	0.4970	True	0.970598	0.750	0.003047	
2025-09-08 16:22:17.182	continuous	4989	3	->	4	5	4	0.3868	True	1.628039	0.750	0.003046	
2025-09-08 16:22:17.182	continuous	4990	2	->	3	4	4	0.4933	True	0.933206	0.750	0.003046	
2025-09-08 16:22:17.182	continuous	4991	2	->	3	4	4	0.4947	True	0.905180	0.750	0.003046	
2025-09-08 16:22:17.182	continuous	4992	1	->	2	3	4	0.5027	True	0.974274	0.750	0.003045	
2025-09-08 16:22:17.183	continuous	4993	4	->		5	4	0.4024	True	1.628913	0.750	0.003045	
2025-09-08 16:22:17.183	continuous	4994	4	->		5	4	0.4009	True	1.603910	0.750	0.003045	
2025-09-08 16:22:17.183	continuous	4995	2	->		3	4	0.4946	True	0.976975	0.750	0.003044	
2025-09-08 16:22:17.183	continuous	4996	2	->	3	4	4	0.4930	True	0.941474	0.750	0.003044	
2025-09-08 16:22:17.183	continuous	4997	4	->		5	4	0.4011	True	1.595974	0.750	0.003044	
2025-09-08 16:22:17.184	continuous	4998	4	->		5	4	0.3998	True	1.571426	0.750	0.003044	
2025-09-08 16:22:17.184	continuous	4999	3	->		4	4	0.4233	True	1.024968	0.750	0.003043	
2025-09-08 16:22:17.184	continuous	5000	1	->	2	3	4	0.4979	True	0.984273	0.750	0.003043	
2025-09-08 16:22:17.184	continuous	5001	3	->		4	4	0.4252	True	1.023040	0.750	0.003043	
2025-09-08 16:22:17.184	continuous	5002	3	->	4	5	4	0.3872	True	1.576175	0.750	0.003042	
2025-09-08 16:22:17.185	continuous	5003	1	->	2	3	4	0.4980	True	0.978008	0.750	0.003042	
2025-09-08 16:22:17.185	continuous	5004	3	->		4	4	0.4256	True	1.029600	0.750	0.003042	
2025-09-08 16:22:17.185	continuous	5005	1	->	2	3	4	0.5001	True	0.964498	0.750	0.003041	
2025-09-08 16:22:17.185	continuous	5006	3	->		4	4	0.4275	True	1.027551	0.750	0.003041	
2025-09-08 16:22:17.185	continuous	5007	4	->	5	6	4	0.3846	True	4.146280	0.750	0.003041	
2025-09-08 16:22:17.186	continuous	5008	4	->		5	4	0.3993	True	1.580262	0.750	0.003040	
2025-09-08 16:22:17.186	continuous	5009	2	->		3	4	0.4934	True	0.981330	0.750	0.003040	
2025-09-08 16:22:17.186	continuous	5010	3	->		4	4	0.4245	True	1.038003	0.750	0.003040	
2025-09-08 16:22:17.186	continuous	5011	3	->		4	4	0.4257	True	1.018189	0.750	0.003040	
2025-09-08 16:22:17.187	continuous	5012	4	->		5	4	0.4007	True	1.581045	0.750	0.003039	
2025-09-08 16:22:17.187	continuous	5013	3	->		4	4	0.4254	True	1.007492	0.750	0.003039	
2025-09-08 16:22:17.187	continuous	5014	3	->	4	5	4	0.3871	True	1.570057	0.750	0.003039	
2025-09-08 16:22:17.187	continuous	5015	2	->	3	4	4	0.4922	True	0.899621	0.750	0.003038	
2025-09-08 16:22:17.187	continuous	5016	2	->		3	4	0.4958	True	1.040540	0.750	0.003038	
2025-09-08 16:22:17.187	continuous	5017	2	->	3	4	4	0.4942	True	0.895127	0.750	0.003038	
2025-09-08 16:22:17.188	continuous	5018	2	->	3	4	4	0.4961	True	0.868450	0.750	0.003037	
2025-09-08 16:22:17.188	continuous	5019	4	->		5	4	0.4032	True	1.579233	0.750	0.003037	
2025-09-08 16:22:17.188	continuous	5020	3	->		4	4	0.4284	True	0.957970	0.750	0.003037	
2025-09-08 16:22:17.188	continuous	5021	2	->		3	4	0.4994	True	1.077920	0.750	0.003037	
2025-09-08 16:22:17.188	continuous	5022	1	->	2	3	4	0.5030	True	1.026578	0.750	0.003036	
2025-09-08 16:22:17.188	continuous	5023	2	->		3	4	0.4995	True	1.011634	0.750	0.003036	
2025-09-08 16:22:17.189	continuous	5024	4	->		5	4	0.4043	True	1.585143	0.750	0.003036	
2025-09-08 16:22:17.189	continuous	5025	3	->		4	4	0.4290	True	1.002526	0.750	0.003035	
2025-09-08 16:22:17.189	continuous	5026	4	->		5	4	0.4040	True	1.569458	0.750	0.003035	
2025-09-08 16:22:17.189	continuous	5027	3	->		4	4	0.4289	True	0.992233	0.750	0.003035	
2025-09-08 16:22:17.189	continuous	5028	4	->		5	4	0.4039	True	1.554149	0.750	0.003034	
2025-09-08 16:22:17.189	continuous	5029	3	->		4	4	0.4288	True	0.982386	0.750	0.003034	
2025-09-08 16:22:17.190	continuous	5030	2	->	3	4	4	0.4968	True	0.861396	0.750	0.003034	
2025-09-08 16:22:17.190	continuous	5031	3	->		4	4	0.4320	True	0.942100	0.750	0.003033	
2025-09-08 16:22:17.190	continuous	5032	2	->		3	4	0.5023	True	1.095945	0.750	0.003033	
2025-09-08 16:22:17.190	continuous	5033	3	->	4	5	4	0.3938	True	1.569969	0.750	0.003033	
2025-09-08 16:22:17.190	continuous	5034	2	->	3	4	4	0.4986	True	0.847340	0.750	0.003033	
2025-09-08 16:22:17.191	continuous	5035	2	->	3	4	4	0.5010	True	0.822170	0.750	0.003032	
2025-09-08 16:22:17.191	continuous	5036	2	->	3	4	4	0.5036	True	0.797900	0.750	0.003032	
2025-09-08 16:22:17.191	continuous	5037	5	->		6	4	0.4305	True	4.469609	0.750	0.003032	
2025-09-08 16:22:17.191	continuous	5038	2	->		3	4	0.5041	True	1.135943	0.750	0.003031	
2025-09-08 16:22:17.191	continuous	5039	1	->		2	4	0.4681	True	3.158324	0.750	0.003031	
2025-09-08 16:22:17.192	continuous	5040	2	->		3	4	0.4997	True	1.102272	0.750	0.003031	
2025-09-08 16:22:17.192	continuous	5041	2	->	3	4	4	0.4981	True	0.831858	0.750	0.003030	
2025-09-08 16:22:17.192	continuous	5042	3	->		4	4	0.4308	True	0.920263	0.750	0.003030	
2025-09-08 16:22:17.192	continuous	5043	3	->		4	4	0.4327	True	0.902861	0.750	0.003030	
2025-09-08 16:22:17.192	continuous	5044	2	->		3	4	0.5062	True	1.126744	0.750	0.003030	
2025-09-08 16:22:17.192	continuous	5045	2	->	3	4	4	0.5045	True	0.790860	0.750	0.003029	
2025-09-08 16:22:17.193	continuous	5046	1	->		2	4	0.4715	True	3.134881	0.750	0.003029	
2025-09-08 16:22:17.193	continuous	5047	4	->		5	4	0.4035	True	1.620322	0.750	0.003029	
2025-09-08 16:22:17.193	continuous	5048	2	->		3	4	0.5017	True	1.120755	0.750	0.003028	
2025-09-08 16:22:17.193	continuous	5049	1	->		2	4	0.4649	True	3.076767	0.750	0.003028	
2025-09-08 16:22:17.193	continuous	5050	3	->	4	5	4	0.3852	True	1.603054	0.750	0.003028	
2025-09-08 16:22:17.194	continuous	5051	3	->		4	4	0.4246	True	0.937175	0.750	0.003027	
2025-09-08 16:22:17.194	continuous	5052	3	->		4	4	0.4265	True	0.919669	0.750	0.003027	
2025-09-08 16:22:17.194	continuous	5053	4	->		5	4	0.3998	True	1.594132	0.750	0.003027	
2025-09-08 16:22:17.194	continuous	5054	3	->		4	4	0.4268	True	0.911987	0.750	0.003027	
2025-09-08 16:22:17.195	continuous	5055	3	->		4	4	0.4288	True	0.895017	0.750	0.003026	
2025-09-08 16:22:17.195	continuous	5056	5	->		6	4	0.4228	True	4.389240	0.750	0.003026	
2025-09-08 16:22:17.195	continuous	5057	2	->		3	4	0.4995	True	1.171527	0.750	0.003026	
2025-09-08 16:22:17.196	continuous	5058	1	->	2	3	4	0.5013	True	1.118594	0.750	0.003025	
2025-09-08 16:22:17.196	continuous	5059	2	->	3	4	4	0.4966	True	0.806660	0.750	0.003025	
2025-09-08 16:22:17.196	continuous	5060	2	->	3	4	4	0.4994	True	0.783601	0.750	0.003025	
2025-09-08 16:22:17.196	continuous	5061	2	->	3	4	4	0.5023	True	0.761343	0.750	0.003024	
2025-09-08 16:22:17.196	continuous	5062	1	->	2	3	4	0.5082	True	1.149156	0.750	0.003024	
2025-09-08 16:22:17.196	continuous	5063	3	->	4	5	4	0.3890	True	1.635516	0.750	0.003024	
2025-09-08 16:22:17.197	continuous	5064	3	->	4	5	4	0.3875	True	1.612574	0.750	0.003023	
2025-09-08 16:22:17.197	continuous	5065	2	->		3	4	0.4995	True	1.138567	0.750	0.003023	
2025-09-08 16:22:17.197	continuous	5066	4	->		5	4	0.3985	True	1.590641	0.750	0.003023	
2025-09-08 16:22:17.197	continuous	5067	1	->	2	3	4	0.4994	True	1.092232	0.750	0.003023	
2025-09-08 16:22:17.197	continuous	5068	4	->		5	4	0.3971	True	1.573109	0.750	0.003022	
2025-09-08 16:22:17.198	continuous	5069	2	->	3	4	4	0.4928	True	0.845798	0.750	0.003022	
2025-09-08 16:22:17.198	continuous	5070	5	->		6	4	0.4175	True	4.341998	0.750	0.003022	
2025-09-08 16:22:17.198	continuous	5071	4	->		5	4	0.3931	True	1.556774	0.750	0.003021	
2025-09-08 16:22:17.198	continuous	5072	2	->	3	4	4	0.4903	True	0.836486	0.750	0.003021	
2025-09-08 16:22:17.198	continuous	5073	3	->		4	4	0.4221	True	0.930660	0.750	0.003021	
2025-09-08 16:22:17.199	continuous	5074	2	->		3	4	0.4959	True	1.149910	0.750	0.003020	
2025-09-08 16:22:17.199	continuous	5075	3	->		4	4	0.4236	True	0.931081	0.750	0.003020	
2025-09-08 16:22:17.199	continuous	5076	5	->		6	4	0.4168	True	4.298586	0.750	0.003020	
2025-09-08 16:22:17.199	continuous	5077	2	->	3	4	4	0.4940	True	0.800500	0.750	0.003020	
2025-09-08 16:22:17.199	continuous	5078	1	->	2	3	4	0.4999	True	1.138173	0.750	0.003019	
2025-09-08 16:22:17.199	continuous	5079	3	->		4	4	0.4232	True	0.919144	0.750	0.003019	
2025-09-08 16:22:17.200	continuous	5080	2	->		3	4	0.4986	True	1.136730	0.750	0.003019	
2025-09-08 16:22:17.200	continuous	5081	2	->	3	4	4	0.4971	True	0.802432	0.750	0.003018	
2025-09-08 16:22:17.200	continuous	5082	3	->		4	4	0.4266	True	0.900712	0.750	0.003018	
2025-09-08 16:22:17.200	continuous	5083	4	->		5	4	0.3982	True	1.615437	0.750	0.003018	
2025-09-08 16:22:17.200	continuous	5084	4	->		5	4	0.3967	True	1.591311	0.750	0.003017	
2025-09-08 16:22:17.200	continuous	5085	2	->	3	4	4	0.4976	True	0.781013	0.750	0.003017	
2025-09-08 16:22:17.201	continuous	5086	3	->		4	4	0.4274	True	0.884086	0.750	0.003017	
2025-09-08 16:22:17.201	continuous	5087	2	->		3	4	0.5035	True	1.191600	0.750	0.003017	
2025-09-08 16:22:17.201	continuous	5088	3	->		4	4	0.4287	True	0.885832	0.750	0.003016	
2025-09-08 16:22:17.201	continuous	5089	2	->	3	4	4	0.5046	True	0.744256	0.750	0.003016	
2025-09-08 16:22:17.201	continuous	5090	4	->		5	4	0.4019	True	1.611994	0.750	0.003016	
2025-09-08 16:22:17.202	continuous	5091	4	->		5	4	0.4003	True	1.587622	0.750	0.003015	
2025-09-08 16:22:17.202	continuous	5092	3	->		4	4	0.4296	True	0.870884	0.750	0.003015	
2025-09-08 16:22:17.202	continuous	5093	2	->	3	4	4	0.5056	True	0.726289	0.750	0.003015	
2025-09-08 16:22:17.202	continuous	5094	3	->	4	5	4	0.3911	True	1.590487	0.750	0.003014	
2025-09-08 16:22:17.202	continuous	5095	3	->		4	4	0.4325	True	0.846968	0.750	0.003014	
2025-09-08 16:22:17.203	continuous	5096	2	->	3	4	4	0.5097	True	0.699229	0.750	0.003014	
2025-09-08 16:22:17.203	continuous	5097	4	->		5	4	0.4054	True	1.581594	0.750	0.003014	
2025-09-08 16:22:17.203	continuous	5098	2	->	3	4	4	0.5106	True	0.690924	0.750	0.003013	
2025-09-08 16:22:17.203	continuous	5099	2	->	3	4	4	0.5143	True	0.672056	0.750	0.003013	
2025-09-08 16:22:17.203	continuous	5100	2	->	3	4	4	0.5180	True	0.653837	0.750	0.003013	
2025-09-08 16:22:17.204	continuous	5101	3	->	4	5	4	0.3989	True	1.596484	0.750	0.003012	
2025-09-08 16:22:17.204	continuous	5102	1	->	2	3	4	0.5195	True	1.343663	0.750	0.003012	
2025-09-08 16:22:17.204	continuous	5103	3	->	4	5	4	0.3957	True	1.576848	0.750	0.003012	
2025-09-08 16:22:17.204	continuous	5104	3	->	4	5	4	0.3942	True	1.554146	0.750	0.003011	
2025-09-08 16:22:17.204	continuous	5105	2	->	3	4	4	0.5105	True	0.689797	0.750	0.003011	
2025-09-08 16:22:17.204	continuous	5106	2	->		3	4	0.5133	True	1.341927	0.750	0.003011	
2025-09-08 16:22:17.205	continuous	5107	1	->	2	3	4	0.5120	True	1.284597	0.750	0.003011	
2025-09-08 16:22:17.205	continuous	5108	3	->	4	5	4	0.3924	True	1.550899	0.750	0.003010	
2025-09-08 16:22:17.205	continuous	5109	2	->	3	4	4	0.5062	True	0.724435	0.750	0.003010	
2025-09-08 16:22:17.205	continuous	5110	2	->	3	4	4	0.5096	True	0.704266	0.750	0.003010	
2025-09-08 16:22:17.205	continuous	5111	2	->	3	4	4	0.5132	True	0.684798	0.750	0.003009	
2025-09-08 16:22:17.205	continuous	5112	4	->		5	4	0.4088	True	1.554108	0.750	0.003009	
2025-09-08 16:22:17.206	continuous	5113	4	->		5	4	0.4072	True	1.529869	0.750	0.003009	
2025-09-08 16:22:17.206	continuous	5114	3	->		4	4	0.4373	True	0.824387	0.750	0.003008	
2025-09-08 16:22:17.206	continuous	5115	1	->		2	4	0.4750	True	3.176863	0.750	0.003008	
2025-09-08 16:22:17.206	continuous	5116	3	->		4	4	0.4357	True	0.818590	0.750	0.003008	
2025-09-08 16:22:17.206	continuous	5117	3	->		4	4	0.4384	True	0.803480	0.750	0.003008	
2025-09-08 16:22:17.207	continuous	5118	2	->	3	4	4	0.5180	True	0.648443	0.750	0.003007	
2025-09-08 16:22:17.207	continuous	5119	3	->		4	4	0.4438	True	0.773112	0.750	0.003007	
2025-09-08 16:22:17.207	continuous	5120	2	->		3	4	0.5240	True	1.424901	0.750	0.003007	
2025-09-08 16:22:17.207	continuous	5121	4	->		5	4	0.4108	True	1.560033	0.750	0.003006	
2025-09-08 16:22:17.207	continuous	5122	4	->	5	6	4	0.3879	True	4.024648	0.750	0.003006	
2025-09-08 16:22:17.208	continuous	5123	3	->		4	4	0.4385	True	0.795069	0.750	0.003006	
2025-09-08 16:22:17.208	continuous	5124	5	->		6	4	0.4295	True	4.288845	0.750	0.003005	
2025-09-08 16:22:17.208	continuous	5125	4	->		5	4	0.4026	True	1.540435	0.750	0.003005	
2025-09-08 16:22:17.208	continuous	5126	3	->		4	4	0.4352	True	0.799402	0.750	0.003005	
2025-09-08 16:22:17.208	continuous	5127	5	->		6	4	0.4257	True	4.234289	0.750	0.003005	
2025-09-08 16:22:17.208	continuous	5128	1	->	2	3	4	0.5134	True	1.397824	0.750	0.003004	
2025-09-08 16:22:17.209	continuous	5129	4	->		5	4	0.3973	True	1.528427	0.750	0.003004	
2025-09-08 16:22:17.209	continuous	5130	4	->		5	4	0.3959	True	1.505588	0.750	0.003004	
2025-09-08 16:22:17.209	continuous	5131	3	->		4	4	0.4283	True	0.831626	0.750	0.003003	
2025-09-08 16:22:17.209	continuous	5132	3	->	4	5	4	0.3864	True	1.504409	0.750	0.003003	
2025-09-08 16:22:17.209	continuous	5133	4	->		5	4	0.3958	True	1.471727	0.750	0.003003	
2025-09-08 16:22:17.209	continuous	5134	3	->		4	4	0.4280	True	0.837105	0.750	0.003002	
2025-09-08 16:22:17.210	continuous	5135	3	->		4	4	0.4306	True	0.821958	0.750	0.003002	
2025-09-08 16:22:17.210	continuous	5136	3	->	4	5	4	0.3888	True	1.482254	0.750	0.003002	
2025-09-08 16:22:17.210	continuous	5137	3	->	4	5	4	0.3877	True	1.461169	0.750	0.003002	
2025-09-08 16:22:17.210	continuous	5138	2	->	3	4	4	0.5061	True	0.687928	0.750	0.003001	
2025-09-08 16:22:17.210	continuous	5139	1	->	2	3	4	0.5099	True	1.450427	0.750	0.003001	
2025-09-08 16:22:17.211	continuous	5140	1	->		2	4	0.4656	True	3.130846	0.750	0.003001	
2025-09-08 16:22:17.211	continuous	5141	2	->		3	4	0.5015	True	1.413887	0.750	0.003000	
2025-09-08 16:22:17.211	continuous	5142	4	->		5	4	0.3919	True	1.448007	0.750	0.003000	
2025-09-08 16:22:17.212	continuous	5143	1	->	2	3	4	0.4982	True	1.363144	0.750	0.003000	
2025-09-08 16:22:17.212	continuous	5144	4	->		5	4	0.3898	True	1.432112	0.750	0.002999	
2025-09-08 16:22:17.212	continuous	5145	2	->	3	4	4	0.4930	True	0.760849	0.750	0.002999	
2025-09-08 16:22:17.213	continuous	5146	2	->	3	4	4	0.4964	True	0.739958	0.750	0.002999	
2025-09-08 16:22:17.213	continuous	5147	1	->	2	3	4	0.5002	True	1.365936	0.750	0.002999	
2025-09-08 16:22:17.213	continuous	5148	4	->		5	4	0.3915	True	1.439678	0.750	0.002998	
2025-09-08 16:22:17.213	continuous	5149	3	->	4	5	4	0.3806	True	1.431413	0.750	0.002998	
2025-09-08 16:22:17.213	continuous	5150	2	->	3	4	4	0.4936	True	0.762615	0.750	0.002998	
2025-09-08 16:22:17.213	continuous	5151	2	->	3	4	4	0.4969	True	0.741577	0.750	0.002997	
2025-09-08 16:22:17.214	continuous	5152	2	->		3	4	0.4994	True	1.387258	0.750	0.002997	
2025-09-08 16:22:17.214	continuous	5153	3	->	4	5	4	0.3825	True	1.439251	0.750	0.002997	
2025-09-08 16:22:17.214	continuous	5154	1	->	2	3	4	0.4966	True	1.337168	0.750	0.002996	
2025-09-08 16:22:17.214	continuous	5155	2	->		3	4	0.4930	True	1.309141	0.750	0.002996	
2025-09-08 16:22:17.215	continuous	5156	3	->		4	4	0.4212	True	0.919041	0.750	0.002996	
2025-09-08 16:22:17.215	continuous	5157	4	->		5	4	0.3916	True	1.428324	0.750	0.002996	
2025-09-08 16:22:17.215	continuous	5158	2	->	3	4	4	0.4926	True	0.784972	0.750	0.002995	
2025-09-08 16:22:17.215	continuous	5159	3	->		4	4	0.4244	True	0.893399	0.750	0.002995	
2025-09-08 16:22:17.215	continuous	5160	2	->	3	4	4	0.4987	True	0.744668	0.750	0.002995	
2025-09-08 16:22:17.215	continuous	5161	3	->		4	4	0.4290	True	0.859017	0.750	0.002994	
2025-09-08 16:22:17.216	continuous	5162	1	->	2	3	4	0.5051	True	1.352938	0.750	0.002994	
2025-09-08 16:22:17.216	continuous	5163	3	->		4	4	0.4297	True	0.860704	0.750	0.002994	
2025-09-08 16:22:17.216	continuous	5164	2	->		3	4	0.5046	True	1.341648	0.750	0.002993	
2025-09-08 16:22:17.216	continuous	5165	1	->		2	4	0.4636	True	3.144581	0.750	0.002993	
2025-09-08 16:22:17.216	continuous	5166	4	->		5	4	0.3938	True	1.470408	0.750	0.002993	
2025-09-08 16:22:17.217	continuous	5167	2	->		3	4	0.4965	True	1.304461	0.750	0.002993	
2025-09-08 16:22:17.217	continuous	5168	4	->		5	4	0.3919	True	1.453996	0.750	0.002992	
2025-09-08 16:22:17.217	continuous	5169	4	->		5	4	0.3911	True	1.432242	0.750	0.002992	
2025-09-08 16:22:17.217	continuous	5170	3	->	4	5	4	0.3809	True	1.424231	0.750	0.002992	
2025-09-08 16:22:17.217	continuous	5171	2	->		3	4	0.4897	True	1.283073	0.750	0.002991	
2025-09-08 16:22:17.217	continuous	5172	1	->	2	3	4	0.4899	True	1.230185	0.750	0.002991	
2025-09-08 16:22:17.218	continuous	5173	3	->	4	5	4	0.3792	True	1.417828	0.750	0.002991	
2025-09-08 16:22:17.218	continuous	5174	2	->	3	4	4	0.4858	True	0.855342	0.750	0.002990	
2025-09-08 16:22:17.218	continuous	5175	4	->	5	6	4	0.3688	True	3.902085	0.750	0.002990	
2025-09-08 16:22:17.218	continuous	5176	3	->	4	5	4	0.3764	True	1.409710	0.750	0.002990	
2025-09-08 16:22:17.218	continuous	5177	2	->	3	4	4	0.4849	True	0.845910	0.750	0.002990	
2025-09-08 16:22:17.219	continuous	5178	5	->		6	4	0.4069	True	4.151960	0.750	0.002989	
2025-09-08 16:22:17.219	continuous	5179	2	->	3	4	4	0.4850	True	0.827028	0.750	0.002989	
2025-09-08 16:22:17.219	continuous	5180	1	->	2	3	4	0.4890	True	1.266028	0.750	0.002989	
2025-09-08 16:22:17.219	continuous	5181	3	->	4	5	4	0.3745	True	1.419697	0.750	0.002988	
2025-09-08 16:22:17.219	continuous	5182	2	->		3	4	0.4848	True	1.248588	0.750	0.002988	
2025-09-08 16:22:17.220	continuous	5183	2	->	3	4	4	0.4837	True	0.854344	0.750	0.002988	
2025-09-08 16:22:17.220	continuous	5184	3	->		4	4	0.4163	True	0.953495	0.750	0.002987	
2025-09-08 16:22:17.220	continuous	5185	3	->	4	5	4	0.3767	True	1.427483	0.750	0.002987	
2025-09-08 16:22:17.220	continuous	5186	3	->	4	5	4	0.3762	True	1.407752	0.750	0.002987	
2025-09-08 16:22:17.220	continuous	5187	5	->		6	4	0.4048	True	4.113515	0.750	0.002987	
2025-09-08 16:22:17.221	continuous	5188	2	->	3	4	4	0.4834	True	0.837420	0.750	0.002986	
2025-09-08 16:22:17.221	continuous	5189	4	->		5	4	0.3827	True	1.386165	0.750	0.002986	
2025-09-08 16:22:17.221	continuous	5190	2	->	3	4	4	0.4848	True	0.825451	0.750	0.002986	
2025-09-08 16:22:17.221	continuous	5191	3	->		4	4	0.4162	True	0.932066	0.750	0.002985	
2025-09-08 16:22:17.221	continuous	5192	3	->		4	4	0.4183	True	0.915154	0.750	0.002985	
2025-09-08 16:22:17.221	continuous	5193	4	->		5	4	0.3871	True	1.397813	0.750	0.002985	
2025-09-08 16:22:17.222	continuous	5194	1	->	2	3	4	0.4920	True	1.331536	0.750	0.002984	
2025-09-08 16:22:17.222	continuous	5195	3	->	4	5	4	0.3766	True	1.398178	0.750	0.002984	
2025-09-08 16:22:17.222	continuous	5196	2	->	3	4	4	0.4882	True	0.807106	0.750	0.002984	
2025-09-08 16:22:17.222	continuous	5197	2	->		3	4	0.4904	True	1.330332	0.750	0.002984	
2025-09-08 16:22:17.222	continuous	5198	4	->		5	4	0.3859	True	1.382460	0.750	0.002983	
2025-09-08 16:22:17.222	continuous	5199	3	->		4	4	0.4176	True	0.942075	0.750	0.002983	
2025-09-08 16:22:17.223	continuous	5200	1	->		2	4	0.4521	True	3.122260	0.750	0.002983	
2025-09-08 16:22:17.223	continuous	5201	3	->		4	4	0.4160	True	0.932670	0.750	0.002982	
2025-09-08 16:22:17.223	continuous	5202	2	->	3	4	4	0.4898	True	0.784368	0.750	0.002982	
2025-09-08 16:22:17.223	continuous	5203	2	->		3	4	0.4920	True	1.348917	0.750	0.002982	
2025-09-08 16:22:17.223	continuous	5204	3	->		4	4	0.4189	True	0.913561	0.750	0.002981	
2025-09-08 16:22:17.224	continuous	5205	5	->		6	4	0.4077	True	4.092095	0.750	0.002981	
2025-09-08 16:22:17.224	continuous	5206	3	->	4	5	4	0.3748	True	1.424500	0.750	0.002981	
2025-09-08 16:22:17.224	continuous	5207	4	->		5	4	0.3830	True	1.390730	0.750	0.002981	
2025-09-08 16:22:17.224	continuous	5208	2	->	3	4	4	0.4878	True	0.792088	0.750	0.002980	
2025-09-08 16:22:17.224	continuous	5209	1	->	2	3	4	0.4909	True	1.341470	0.750	0.002980	
2025-09-08 16:22:17.225	continuous	5210	5	->		6	4	0.4031	True	4.042407	0.750	0.002980	
2025-09-08 16:22:17.225	continuous	5211	1	->		2	4	0.4462	True	3.063648	0.750	0.002979	
2025-09-08 16:22:17.225	continuous	5212	2	->	3	4	4	0.4828	True	0.802142	0.750	0.002979	
2025-09-08 16:22:17.225	continuous	5213	3	->		4	4	0.4116	True	0.916785	0.750	0.002979	
2025-09-08 16:22:17.225	continuous	5214	2	->		3	4	0.4877	True	1.349031	0.750	0.002978	
2025-09-08 16:22:17.225	continuous	5215	3	->		4	4	0.4124	True	0.916733	0.750	0.002978	
2025-09-08 16:22:17.226	continuous	5216	3	->		4	4	0.4146	True	0.900435	0.750	0.002978	
2025-09-08 16:22:17.226	continuous	5217	4	->		5	4	0.3818	True	1.436269	0.750	0.002978	
2025-09-08 16:22:17.226	continuous	5218	1	->	2	3	4	0.4901	True	1.332957	0.750	0.002977	
2025-09-08 16:22:17.226	continuous	5219	2	->	3	4	4	0.4884	True	0.775984	0.750	0.002977	
2025-09-08 16:22:17.226	continuous	5220	4	->	5	6	4	0.3589	True	3.723869	0.750	0.002977	
2025-09-08 16:22:17.226	continuous	5221	3	->		4	4	0.4135	True	0.898137	0.750	0.002976	
2025-09-08 16:22:17.227	continuous	5222	2	->	3	4	4	0.4923	True	0.741835	0.750	0.002976	
2025-09-08 16:22:17.227	continuous	5223	4	->		5	4	0.3817	True	1.453765	0.750	0.002976	
2025-09-08 16:22:17.227	continuous	5224	1	->	2	3	4	0.4927	True	1.352189	0.750	0.002975	
2025-09-08 16:22:17.227	continuous	5225	2	->	3	4	4	0.4914	True	0.752417	0.750	0.002975	
2025-09-08 16:22:17.227	continuous	5226	3	->		4	4	0.4178	True	0.873733	0.750	0.002975	
2025-09-08 16:22:17.228	continuous	5227	2	->	3	4	4	0.4979	True	0.715111	0.750	0.002975	
2025-09-08 16:22:17.228	continuous	5228	4	->		5	4	0.3855	True	1.470601	0.750	0.002974	
2025-09-08 16:22:17.228	continuous	5229	1	->	2	3	4	0.4976	True	1.371487	0.750	0.002974	
2025-09-08 16:22:17.229	continuous	5230	4	->		5	4	0.3833	True	1.454637	0.750	0.002974	
2025-09-08 16:22:17.229	continuous	5231	2	->		3	4	0.4932	True	1.350590	0.750	0.002973	
2025-09-08 16:22:17.229	continuous	5232	4	->		5	4	0.3814	True	1.439147	0.750	0.002973	
2025-09-08 16:22:17.230	continuous	5233	3	->	4	5	4	0.3729	True	1.433262	0.750	0.002973	
2025-09-08 16:22:17.230	continuous	5234	2	->		3	4	0.4878	True	1.321850	0.750	0.002973	
2025-09-08 16:22:17.230	continuous	5235	3	->	4	5	4	0.3715	True	1.419665	0.750	0.002972	
2025-09-08 16:22:17.230	continuous	5236	1	->	2	3	4	0.4855	True	1.274261	0.750	0.002972	
2025-09-08 16:22:17.230	continuous	5237	2	->		3	4	0.4833	True	1.251344	0.750	0.002972	
2025-09-08 16:22:17.231	continuous	5238	3	->	4	5	4	0.3701	True	1.413849	0.750	0.002971	
2025-09-08 16:22:17.231	continuous	5239	3	->	4	5	4	0.3697	True	1.394750	0.750	0.002971	
2025-09-08 16:22:17.231	continuous	5240	3	->		4	4	0.4104	True	0.990906	0.750	0.002971	
2025-09-08 16:22:17.231	continuous	5241	3	->		4	4	0.4122	True	0.972966	0.750	0.002970	
2025-09-08 16:22:17.232	continuous	5242	4	->		5	4	0.3801	True	1.380282	0.750	0.002970	
2025-09-08 16:22:17.232	continuous	5243	1	->	2	3	4	0.4841	True	1.252667	0.750	0.002970	
2025-09-08 16:22:17.232	continuous	5244	2	->		3	4	0.4818	True	1.229976	0.750	0.002970	
2025-09-08 16:22:17.232	continuous	5245	3	->		4	4	0.4121	True	0.996685	0.750	0.002969	
2025-09-08 16:22:17.232	continuous	5246	4	->		5	4	0.3803	True	1.385138	0.750	0.002969	
2025-09-08 16:22:17.232	continuous	5247	1	->	2	3	4	0.4832	True	1.202457	0.750	0.002969	
2025-09-08 16:22:17.233	continuous	5248	5	->		6	4	0.3989	True	3.999693	0.750	0.002968	
2025-09-08 16:22:17.233	continuous	5249	2	->	3	4	4	0.4789	True	0.893107	0.750	0.002968	
2025-09-08 16:22:17.233	continuous	5250	2	->	3	4	4	0.4812	True	0.867874	0.750	0.002968	
2025-09-08 16:22:17.233	continuous	5251	3	->		4	4	0.4126	True	0.967495	0.750	0.002967	
2025-09-08 16:22:17.233	continuous	5252	2	->		3	4	0.4854	True	1.237990	0.750	0.002967	
2025-09-08 16:22:17.234	continuous	5253	3	->		4	4	0.4138	True	0.966252	0.750	0.002967	
2025-09-08 16:22:17.234	continuous	5254	1	->	2	3	4	0.4873	True	1.201589	0.750	0.002967	
2025-09-08 16:22:17.234	continuous	5255	3	->		4	4	0.4150	True	0.965077	0.750	0.002966	
2025-09-08 16:22:17.234	continuous	5256	2	->	3	4	4	0.4885	True	0.823251	0.750	0.002966	
2025-09-08 16:22:17.234	continuous	5257	2	->		3	4	0.4903	True	1.218603	0.750	0.002966	
2025-09-08 16:22:17.235	continuous	5258	2	->	3	4	4	0.4900	True	0.820579	0.750	0.002965	
2025-09-08 16:22:17.235	continuous	5259	1	->		2	4	0.4518	True	3.135844	0.750	0.002965	
2025-09-08 16:22:17.235	continuous	5260	3	->	4	5	4	0.3737	True	1.478337	0.750	0.002965	
2025-09-08 16:22:17.235	continuous	5261	1	->	2	3	4	0.4875	True	1.192932	0.750	0.002965	
2025-09-08 16:22:17.235	continuous	5262	2	->		3	4	0.4860	True	1.174135	0.750	0.002964	
2025-09-08 16:22:17.235	continuous	5263	1	->	2	3	4	0.4863	True	1.122177	0.750	0.002964	
2025-09-08 16:22:17.236	continuous	5264	1	->	2	3	4	0.4862	True	1.088372	0.750	0.002964	
2025-09-08 16:22:17.236	continuous	5265	4	->		5	4	0.3803	True	1.473184	0.750	0.002963	
2025-09-08 16:22:17.236	continuous	5266	4	->		5	4	0.3796	True	1.452415	0.750	0.002963	
2025-09-08 16:22:17.236	continuous	5267	2	->	3	4	4	0.4820	True	0.915861	0.750	0.002963	
2025-09-08 16:22:17.237	continuous	5268	3	->	4	5	4	0.3725	True	1.455419	0.750	0.002962	
2025-09-08 16:22:17.237	continuous	5269	1	->		2	4	0.4442	True	3.097095	0.750	0.002962	
2025-09-08 16:22:17.237	continuous	5270	3	->	4	5	4	0.3685	True	1.436321	0.750	0.002962	
2025-09-08 16:22:17.237	continuous	5271	3	->		4	4	0.4089	True	1.027635	0.750	0.002962	
2025-09-08 16:22:17.237	continuous	5272	2	->	3	4	4	0.4801	True	0.893605	0.750	0.002961	
2025-09-08 16:22:17.238	continuous	5273	3	->	4	5	4	0.3705	True	1.436453	0.750	0.002961	
2025-09-08 16:22:17.238	continuous	5274	3	->	4	5	4	0.3701	True	1.417059	0.750	0.002961	
2025-09-08 16:22:17.238	continuous	5275	3	->		4	4	0.4105	True	1.006216	0.750	0.002960	
2025-09-08 16:22:17.238	continuous	5276	2	->	3	4	4	0.4818	True	0.868049	0.750	0.002960	
2025-09-08 16:22:17.238	continuous	5277	1	->		2	4	0.4447	True	3.072537	0.750	0.002960	
2025-09-08 16:22:17.238	continuous	5278	4	->	5	6	4	0.3534	True	3.688027	0.750	0.002959	
2025-09-08 16:22:17.239	continuous	5279	5	->		6	4	0.3921	True	3.916458	0.750	0.002959	
2025-09-08 16:22:17.239	continuous	5280	2	->	3	4	4	0.4766	True	0.858077	0.750	0.002959	
2025-09-08 16:22:17.239	continuous	5281	3	->	4	5	4	0.3632	True	1.430583	0.750	0.002959	
2025-09-08 16:22:17.239	continuous	5282	4	->	5	6	4	0.3464	True	3.606122	0.750	0.002958	
2025-09-08 16:22:17.240	continuous	5283	2	->		3	4	0.4751	True	1.241348	0.750	0.002958	
2025-09-08 16:22:17.240	continuous	5284	3	->		4	4	0.4018	True	0.994301	0.750	0.002958	
2025-09-08 16:22:17.240	continuous	5285	1	->	2	3	4	0.4770	True	1.205263	0.750	0.002957	
2025-09-08 16:22:17.240	continuous	5286	5	->		6	4	0.3870	True	3.836130	0.750	0.002957	
2025-09-08 16:22:17.240	continuous	5287	3	->	4	5	4	0.3567	True	1.435952	0.750	0.002957	
2025-09-08 16:22:17.240	continuous	5288	3	->		4	4	0.3992	True	1.006631	0.750	0.002957	
2025-09-08 16:22:17.241	continuous	5289	2	->	3	4	4	0.4746	True	0.861029	0.750	0.002956	
2025-09-08 16:22:17.241	continuous	5290	2	->	3	4	4	0.4772	True	0.837550	0.750	0.002956	
2025-09-08 16:22:17.241	continuous	5291	2	->	3	4	4	0.4800	True	0.814815	0.750	0.002956	
2025-09-08 16:22:17.241	continuous	5292	4	->		5	4	0.3688	True	1.442975	0.750	0.002955	
2025-09-08 16:22:17.241	continuous	5293	4	->		5	4	0.3683	True	1.423412	0.750	0.002955	
2025-09-08 16:22:17.242	continuous	5294	1	->	2	3	4	0.4790	True	1.263495	0.750	0.002955	
2025-09-08 16:22:17.242	continuous	5295	2	->	3	4	4	0.4785	True	0.832715	0.750	0.002954	
2025-09-08 16:22:17.242	continuous	5296	2	->	3	4	4	0.4813	True	0.810046	0.750	0.002954	
2025-09-08 16:22:17.242	continuous	5297	3	->	4	5	4	0.3638	True	1.446740	0.750	0.002954	
2025-09-08 16:22:17.242	continuous	5298	4	->		5	4	0.3698	True	1.412917	0.750	0.002954	
2025-09-08 16:22:17.243	continuous	5299	2	->	3	4	4	0.4813	True	0.809348	0.750	0.002953	
2025-09-08 16:22:17.243	continuous	5300	3	->		4	4	0.4083	True	0.927461	0.750	0.002953	
2025-09-08 16:22:17.243	continuous	5301	3	->		4	4	0.4104	True	0.911142	0.750	0.002953	
2025-09-08 16:22:17.244	continuous	5302	4	->		5	4	0.3743	True	1.423631	0.750	0.002952	
2025-09-08 16:22:17.244	continuous	5303	3	->		4	4	0.4117	True	0.904767	0.750	0.002952	
2025-09-08 16:22:17.244	continuous	5304	2	->	3	4	4	0.4913	True	0.744592	0.750	0.002952	
2025-09-08 16:22:17.244	continuous	5305	4	->		5	4	0.3772	True	1.424697	0.750	0.002951	
2025-09-08 16:22:17.245	continuous	5306	2	->	3	4	4	0.4930	True	0.735752	0.750	0.002951	
2025-09-08 16:22:17.245	continuous	5307	1	->		2	4	0.4501	True	3.072258	0.750	0.002951	
2025-09-08 16:22:17.245	continuous	5308	2	->	3	4	4	0.4929	True	0.724135	0.750	0.002951	
2025-09-08 16:22:17.245	continuous	5309	3	->		4	4	0.4163	True	0.856084	0.750	0.002950	
2025-09-08 16:22:17.245	continuous	5310	1	->	2	3	4	0.4957	True	1.425445	0.750	0.002950	
2025-09-08 16:22:17.245	continuous	5311	3	->	4	5	4	0.3714	True	1.457111	0.750	0.002950	
2025-09-08 16:22:17.246	continuous	5312	1	->	2	3	4	0.4912	True	1.387552	0.750	0.002949	
2025-09-08 16:22:17.246	continuous	5313	1	->	2	3	4	0.4889	True	1.346058	0.750	0.002949	
2025-09-08 16:22:17.246	continuous	5314	2	->	3	4	4	0.4897	True	0.756408	0.750	0.002949	
2025-09-08 16:22:17.246	continuous	5315	5	->		6	4	0.3966	True	3.851659	0.750	0.002949	
2025-09-08 16:22:17.246	continuous	5316	3	->	4	5	4	0.3664	True	1.458847	0.750	0.002948	
2025-09-08 16:22:17.247	continuous	5317	2	->	3	4	4	0.4886	True	0.752367	0.750	0.002948	
2025-09-08 16:22:17.247	continuous	5318	1	->	2	3	4	0.4885	True	1.348131	0.750	0.002948	
2025-09-08 16:22:17.247	continuous	5319	4	->		5	4	0.3723	True	1.440757	0.750	0.002947	
2025-09-08 16:22:17.247	continuous	5320	2	->	3	4	4	0.4878	True	0.762009	0.750	0.002947	
2025-09-08 16:22:17.248	continuous	5321	2	->		3	4	0.4889	True	1.351247	0.750	0.002947	
2025-09-08 16:22:17.248	continuous	5322	3	->	4	5	4	0.3667	True	1.452096	0.750	0.002946	
2025-09-08 16:22:17.248	continuous	5323	2	->	3	4	4	0.4872	True	0.771563	0.750	0.002946	
2025-09-08 16:22:17.248	continuous	5324	5	->		6	4	0.3938	True	3.816849	0.750	0.002946	
2025-09-08 16:22:17.248	continuous	5325	2	->	3	4	4	0.4877	True	0.756253	0.750	0.002946	
2025-09-08 16:22:17.249	continuous	5326	4	->		5	4	0.3716	True	1.439225	0.750	0.002945	
2025-09-08 16:22:17.249	continuous	5327	3	->		4	4	0.4102	True	0.895197	0.750	0.002945	
2025-09-08 16:22:17.249	continuous	5328	1	->	2	3	4	0.4886	True	1.357524	0.750	0.002945	
2025-09-08 16:22:17.249	continuous	5329	1	->	2	3	4	0.4865	True	1.317324	0.750	0.002944	
2025-09-08 16:22:17.249	continuous	5330	3	->		4	4	0.4098	True	0.911544	0.750	0.002944	
2025-09-08 16:22:17.249	continuous	5331	2	->	3	4	4	0.4907	True	0.749771	0.750	0.002944	
2025-09-08 16:22:17.250	continuous	5332	4	->		5	4	0.3743	True	1.460478	0.750	0.002944	
2025-09-08 16:22:17.250	continuous	5333	2	->		3	4	0.4899	True	1.338088	0.750	0.002943	
2025-09-08 16:22:17.250	continuous	5334	3	->	4	5	4	0.3673	True	1.460756	0.750	0.002943	
2025-09-08 16:22:17.250	continuous	5335	1	->	2	3	4	0.4851	True	1.285732	0.750	0.002943	
2025-09-08 16:22:17.250	continuous	5336	4	->	5	6	4	0.3467	True	3.529130	0.750	0.002942	
2025-09-08 16:22:17.251	continuous	5337	3	->		4	4	0.4069	True	0.934402	0.750	0.002942	
2025-09-08 16:22:17.251	continuous	5338	3	->	4	5	4	0.3643	True	1.457222	0.750	0.002942	
2025-09-08 16:22:17.251	continuous	5339	1	->	2	3	4	0.4825	True	1.269635	0.750	0.002941	
2025-09-08 16:22:17.251	continuous	5340	5	->		6	4	0.3883	True	3.753549	0.750	0.002941	
2025-09-08 16:22:17.251	continuous	5341	4	->		5	4	0.3648	True	1.429480	0.750	0.002941	
2025-09-08 16:22:17.252	continuous	5342	3	->	4	5	4	0.3591	True	1.425998	0.750	0.002941	
2025-09-08 16:22:17.252	continuous	5343	4	->	5	6	4	0.3390	True	3.456562	0.750	0.002940	
2025-09-08 16:22:17.252	continuous	5344	4	->		5	4	0.3607	True	1.393041	0.750	0.002940	
2025-09-08 16:22:17.252	continuous	5345	4	->		5	4	0.3605	True	1.374681	0.750	0.002940	
2025-09-08 16:22:17.252	continuous	5346	3	->		4	4	0.3986	True	0.990090	0.750	0.002939	
2025-09-08 16:22:17.253	continuous	5347	3	->		4	4	0.4004	True	0.972941	0.750	0.002939	
2025-09-08 16:22:17.253	continuous	5348	4	->	5	6	4	0.3376	True	3.430958	0.750	0.002939	
2025-09-08 16:22:17.253	continuous	5349	3	->		4	4	0.3995	True	0.960810	0.750	0.002939	
2025-09-08 16:22:17.253	continuous	5350	4	->	5	6	4	0.3353	True	3.398967	0.750	0.002938	
2025-09-08 16:22:17.254	continuous	5351	1	->	2	3	4	0.4748	True	1.305238	0.750	0.002938	
2025-09-08 16:22:17.254	continuous	5352	3	->		4	4	0.3977	True	0.964031	0.750	0.002938	
2025-09-08 16:22:17.254	continuous	5353	2	->	3	4	4	0.4780	True	0.804448	0.750	0.002937	
2025-09-08 16:22:17.254	continuous	5354	2	->	3	4	4	0.4811	True	0.783082	0.750	0.002937	
2025-09-08 16:22:17.255	continuous	5355	1	->	2	3	4	0.4807	True	1.319730	0.750	0.002937	
2025-09-08 16:22:17.255	continuous	5356	4	->		5	4	0.3610	True	1.429062	0.750	0.002936	
2025-09-08 16:22:17.255	continuous	5357	3	->		4	4	0.4019	True	0.936039	0.750	0.002936	
2025-09-08 16:22:17.255	continuous	5358	1	->	2	3	4	0.4802	True	1.303149	0.750	0.002936	
2025-09-08 16:22:17.255	continuous	5359	2	->		3	4	0.4798	True	1.284994	0.750	0.002936	
2025-09-08 16:22:17.255	continuous	5360	1	->		2	4	0.4337	True	3.058268	0.750	0.002935	
2025-09-08 16:22:17.256	continuous	5361	2	->	3	4	4	0.4768	True	0.817507	0.750	0.002935	
2025-09-08 16:22:17.256	continuous	5362	4	->		5	4	0.3590	True	1.442120	0.750	0.002935	
2025-09-08 16:22:17.256	continuous	5363	2	->	3	4	4	0.4783	True	0.805798	0.750	0.002934	
2025-09-08 16:22:17.256	continuous	5364	2	->		3	4	0.4792	True	1.293446	0.750	0.002934	
2025-09-08 16:22:17.256	continuous	5365	2	->	3	4	4	0.4796	True	0.803401	0.750	0.002934	
2025-09-08 16:22:17.257	continuous	5366	3	->		4	4	0.4028	True	0.927965	0.750	0.002934	
2025-09-08 16:22:17.257	continuous	5367	3	->		4	4	0.4050	True	0.912021	0.750	0.002933	
2025-09-08 16:22:17.257	continuous	5368	3	->	4	5	4	0.3606	True	1.483528	0.750	0.002933	
2025-09-08 16:22:17.257	continuous	5369	4	->		5	4	0.3637	True	1.448405	0.750	0.002933	
2025-09-08 16:22:17.258	continuous	5370	2	->	3	4	4	0.4849	True	0.767192	0.750	0.002932	
2025-09-08 16:22:17.277	continuous	5371	2	->	3	4	4	0.4882	True	0.746843	0.750	0.002932	
2025-09-08 16:22:17.277	continuous	5372	3	->		4	4	0.4097	True	0.879973	0.750	0.002932	
2025-09-08 16:22:17.278	continuous	5373	5	->		6	4	0.3897	True	3.660961	0.750	0.002931	
2025-09-08 16:22:17.278	continuous	5374	5	->		6	4	0.3858	True	3.615884	0.750	0.002931	
2025-09-08 16:22:17.279	continuous	5375	2	->	3	4	4	0.4892	True	0.721826	0.750	0.002931	
2025-09-08 16:22:17.279	continuous	5376	3	->		4	4	0.4075	True	0.862052	0.750	0.002931	
2025-09-08 16:22:17.279	continuous	5377	2	->	3	4	4	0.4961	True	0.687379	0.750	0.002930	
2025-09-08 16:22:17.280	continuous	5378	1	->	2	3	4	0.4932	True	1.401943	0.750	0.002930	
2025-09-08 16:22:17.280	continuous	5379	4	->		5	4	0.3653	True	1.492743	0.750	0.002930	
2025-09-08 16:22:17.280	continuous	5380	4	->		5	4	0.3645	True	1.473251	0.750	0.002929	
2025-09-08 16:22:17.281	continuous	5381	3	->		4	4	0.4083	True	0.866432	0.750	0.002929	
2025-09-08 16:22:17.281	continuous	5382	3	->		4	4	0.4108	True	0.851637	0.750	0.002929	
2025-09-08 16:22:17.281	continuous	5383	3	->		4	4	0.4134	True	0.837136	0.750	0.002929	
2025-09-08 16:22:17.282	continuous	5384	2	->	3	4	4	0.5028	True	0.661769	0.750	0.002928	
2025-09-08 16:22:17.282	continuous	5385	5	->		6	4	0.3936	True	3.614323	0.750	0.002928	
2025-09-08 16:22:17.282	continuous	5386	4	->		5	4	0.3678	True	1.491351	0.750	0.002928	
2025-09-08 16:22:17.282	continuous	5387	2	->	3	4	4	0.5013	True	0.661381	0.750	0.002927	
2025-09-08 16:22:17.283	continuous	5388	3	->		4	4	0.4162	True	0.809648	0.750	0.002927	
2025-09-08 16:22:17.283	continuous	5389	2	->	3	4	4	0.5089	True	0.630162	0.750	0.002927	
2025-09-08 16:22:17.283	continuous	5390	2	->		3	4	0.5085	True	1.513250	0.750	0.002927	
2025-09-08 16:22:17.283	continuous	5391	3	->		4	4	0.4191	True	0.798373	0.750	0.002926	
2025-09-08 16:22:17.284	continuous	5392	4	->		5	4	0.3735	True	1.513906	0.750	0.002926	
2025-09-08 16:22:17.284	continuous	5393	3	->		4	4	0.4204	True	0.794293	0.750	0.002926	
2025-09-08 16:22:17.284	continuous	5394	2	->		3	4	0.5093	True	1.504981	0.750	0.002925	
2025-09-08 16:22:17.284	continuous	5395	3	->	4	5	4	0.3707	True	1.523471	0.750	0.002925	
2025-09-08 16:22:17.285	continuous	5396	4	->		5	4	0.3718	True	1.486112	0.750	0.002925	
2025-09-08 16:22:17.285	continuous	5397	4	->		5	4	0.3708	True	1.466312	0.750	0.002924	
2025-09-08 16:22:17.285	continuous	5398	3	->		4	4	0.4165	True	0.826198	0.750	0.002924	
2025-09-08 16:22:17.285	continuous	5399	4	->	5	6	4	0.3440	True	3.350905	0.750	0.002924	
2025-09-08 16:22:17.286	continuous	5400	1	->	2	3	4	0.4963	True	1.463098	0.750	0.002924	
2025-09-08 16:22:17.286	continuous	5401	2	->	3	4	4	0.5002	True	0.673164	0.750	0.002923	
2025-09-08 16:22:17.286	continuous	5402	3	->	4	5	4	0.3671	True	1.488733	0.750	0.002923	
2025-09-08 16:22:17.286	continuous	5403	2	->		3	4	0.4979	True	1.464248	0.750	0.002923	
2025-09-08 16:22:17.287	continuous	5404	4	->	5	6	4	0.3385	True	3.316275	0.750	0.002922	
2025-09-08 16:22:17.287	continuous	5405	2	->		3	4	0.4924	True	1.420777	0.750	0.002922	
2025-09-08 16:22:17.287	continuous	5406	2	->		3	4	0.4896	True	1.380271	0.750	0.002922	
2025-09-08 16:22:17.287	continuous	5407	5	->		6	4	0.3819	True	3.521861	0.750	0.002922	
2025-09-08 16:22:17.287	continuous	5408	5	->		6	4	0.3782	True	3.479637	0.750	0.002921	
2025-09-08 16:22:17.288	continuous	5409	4	->		5	4	0.3537	True	1.464251	0.750	0.002921	
2025-09-08 16:22:17.288	continuous	5410	1	->	2	3	4	0.4778	True	1.323645	0.750	0.002921	
2025-09-08 16:22:17.288	continuous	5411	3	->	4	5	4	0.3504	True	1.468774	0.750	0.002920	
2025-09-08 16:22:17.288	continuous	5412	4	->		5	4	0.3520	True	1.433292	0.750	0.002920	
2025-09-08 16:22:17.288	continuous	5413	3	->		4	4	0.3964	True	0.937016	0.750	0.002920	
2025-09-08 16:22:17.289	continuous	5414	4	->		5	4	0.3532	True	1.424153	0.750	0.002919	
2025-09-08 16:22:17.289	continuous	5415	2	->	3	4	4	0.4793	True	0.778883	0.750	0.002919	
2025-09-08 16:22:17.289	continuous	5416	1	->		2	4	0.4313	True	3.082328	0.750	0.002919	
2025-09-08 16:22:17.289	continuous	5417	3	->		4	4	0.3963	True	0.920497	0.750	0.002919	
2025-09-08 16:22:17.289	continuous	5418	3	->		4	4	0.3986	True	0.904974	0.750	0.002918	
2025-09-08 16:22:17.290	continuous	5419	2	->	3	4	4	0.4852	True	0.731897	0.750	0.002918	
2025-09-08 16:22:17.290	continuous	5420	2	->	3	4	4	0.4887	True	0.713102	0.750	0.002918	
2025-09-08 16:22:17.290	continuous	5421	1	->	2	3	4	0.4852	True	1.401915	0.750	0.002917	
2025-09-08 16:22:17.290	continuous	5422	5	->		6	4	0.3777	True	3.459103	0.750	0.002917	
2025-09-08 16:22:17.291	continuous	5423	2	->		3	4	0.4832	True	1.382608	0.750	0.002917	
2025-09-08 16:22:17.291	continuous	5424	1	->		2	4	0.4307	True	3.048959	0.750	0.002917	
2025-09-08 16:22:17.291	continuous	5425	2	->	3	4	4	0.4806	True	0.744634	0.750	0.002916	
2025-09-08 16:22:17.291	continuous	5426	4	->		5	4	0.3504	True	1.474614	0.750	0.002916	
2025-09-08 16:22:17.291	continuous	5427	2	->	3	4	4	0.4823	True	0.735416	0.750	0.002916	
2025-09-08 16:22:17.292	continuous	5428	3	->		4	4	0.3992	True	0.879257	0.750	0.002915	
2025-09-08 16:22:17.292	continuous	5429	2	->		3	4	0.4853	True	1.400781	0.750	0.002915	
2025-09-08 16:22:17.292	continuous	5430	4	->	5	6	4	0.3236	True	3.191332	0.750	0.002915	
2025-09-08 16:22:17.292	continuous	5431	1	->	2	3	4	0.4772	True	1.339195	0.750	0.002915	
2025-09-08 16:22:17.293	continuous	5432	4	->	5	6	4	0.3193	True	3.159409	0.750	0.002914	
2025-09-08 16:22:17.293	continuous	5433	3	->	4	5	4	0.3442	True	1.503116	0.750	0.002914	
2025-09-08 16:22:17.293	continuous	5434	1	->	2	3	4	0.4717	True	1.306813	0.750	0.002914	
2025-09-08 16:22:17.293	continuous	5435	3	->		4	4	0.3912	True	0.929637	0.750	0.002913	
2025-09-08 16:22:17.293	continuous	5436	1	->	2	3	4	0.4726	True	1.285752	0.750	0.002913	
2025-09-08 16:22:17.294	continuous	5437	3	->	4	5	4	0.3441	True	1.503986	0.750	0.002913	
2025-09-08 16:22:17.294	continuous	5438	1	->	2	3	4	0.4699	True	1.255476	0.750	0.002912	
2025-09-08 16:22:17.294	continuous	5439	3	->	4	5	4	0.3431	True	1.491460	0.750	0.002912	
2025-09-08 16:22:17.294	continuous	5440	2	->	3	4	4	0.4723	True	0.811845	0.750	0.002912	
2025-09-08 16:22:17.295	continuous	5441	3	->	4	5	4	0.3442	True	1.483143	0.750	0.002912	
2025-09-08 16:22:17.295	continuous	5442	3	->	4	5	4	0.3437	True	1.465228	0.750	0.002911	
2025-09-08 16:22:17.295	continuous	5443	3	->		4	4	0.3904	True	0.960551	0.750	0.002911	
2025-09-08 16:22:17.295	continuous	5444	3	->		4	4	0.3924	True	0.944464	0.750	0.002911	
2025-09-08 16:22:17.296	continuous	5445	2	->	3	4	4	0.4778	True	0.774391	0.750	0.002910	
2025-09-08 16:22:17.296	continuous	5446	2	->		3	4	0.4777	True	1.325812	0.750	0.002910	
2025-09-08 16:22:17.296	continuous	5447	3	->	4	5	4	0.3478	True	1.479627	0.750	0.002910	
2025-09-08 16:22:17.296	continuous	5448	4	->		5	4	0.3480	True	1.444260	0.750	0.002910	
2025-09-08 16:22:17.297	continuous	5449	3	->		4	4	0.3940	True	0.944286	0.750	0.002909	
2025-09-08 16:22:17.297	continuous	5450	3	->	4	5	4	0.3486	True	1.452605	0.750	0.002909	
2025-09-08 16:22:17.297	continuous	5451	2	->		3	4	0.4742	True	1.320068	0.750	0.002909	
2025-09-08 16:22:17.297	continuous	5452	1	->	2	3	4	0.4704	True	1.263492	0.750	0.002908	
2025-09-08 16:22:17.297	continuous	5453	2	->	3	4	4	0.4740	True	0.821567	0.750	0.002908	
2025-09-08 16:22:17.298	continuous	5454	4	->		5	4	0.3493	True	1.438969	0.750	0.002908	
2025-09-08 16:22:17.298	continuous	5455	4	->		5	4	0.3489	True	1.421096	0.750	0.002908	
2025-09-08 16:22:17.298	continuous	5456	4	->		5	4	0.3487	True	1.403408	0.750	0.002907	
2025-09-08 16:22:17.298	continuous	5457	4	->	5	6	4	0.3203	True	3.170109	0.750	0.002907	
2025-09-08 16:22:17.299	continuous	5458	3	->		4	4	0.3910	True	0.979264	0.750	0.002907	
2025-09-08 16:22:17.299	continuous	5459	2	->		3	4	0.4708	True	1.300659	0.750	0.002906	
2025-09-08 16:22:17.299	continuous	5460	2	->	3	4	4	0.4719	True	0.832497	0.750	0.002906	
2025-09-08 16:22:17.299	continuous	5461	2	->		3	4	0.4720	True	1.283620	0.750	0.002906	
2025-09-08 16:22:17.299	continuous	5462	3	->		4	4	0.3933	True	0.974159	0.750	0.002906	
2025-09-08 16:22:17.300	continuous	5463	3	->		4	4	0.3952	True	0.957665	0.750	0.002905	
2025-09-08 16:22:17.300	continuous	5464	3	->		4	4	0.3972	True	0.941485	0.750	0.002905	
2025-09-08 16:22:17.300	continuous	5465	1	->	2	3	4	0.4753	True	1.273122	0.750	0.002905	
2025-09-08 16:22:17.300	continuous	5466	3	->	4	5	4	0.3513	True	1.467391	0.750	0.002904	
2025-09-08 16:22:17.300	continuous	5467	1	->	2	3	4	0.4728	True	1.243257	0.750	0.002904	
2025-09-08 16:22:17.301	continuous	5468	2	->		3	4	0.4741	True	1.229185	0.750	0.002904	
2025-09-08 16:22:17.301	continuous	5469	3	->		4	4	0.3964	True	0.980070	0.750	0.002903	
2025-09-08 16:22:17.301	continuous	5470	2	->	3	4	4	0.4781	True	0.820919	0.750	0.002903	
2025-09-08 16:22:17.301	continuous	5471	3	->	4	5	4	0.3531	True	1.479481	0.750	0.002903	
2025-09-08 16:22:17.302	continuous	5472	4	->		5	4	0.3525	True	1.443650	0.750	0.002903	
2025-09-08 16:22:17.302	continuous	5473	3	->	4	5	4	0.3522	True	1.442968	0.750	0.002902	
2025-09-08 16:22:17.302	continuous	5474	2	->		3	4	0.4738	True	1.247077	0.750	0.002902	
2025-09-08 16:22:17.302	continuous	5475	4	->		5	4	0.3516	True	1.413956	0.750	0.002902	
2025-09-08 16:22:17.302	continuous	5476	4	->		5	4	0.3514	True	1.396202	0.750	0.002901	
2025-09-08 16:22:17.303	continuous	5477	2	->	3	4	4	0.4729	True	0.867105	0.750	0.002901	
2025-09-08 16:22:17.303	continuous	5478	2	->	3	4	4	0.4754	True	0.843468	0.750	0.002901	
2025-09-08 16:22:17.303	continuous	5479	3	->	4	5	4	0.3536	True	1.416263	0.750	0.002901	
2025-09-08 16:22:17.303	continuous	5480	2	->		3	4	0.4743	True	1.269065	0.750	0.002900	
2025-09-08 16:22:17.304	continuous	5481	2	->	3	4	4	0.4756	True	0.849597	0.750	0.002900	
2025-09-08 16:22:17.304	continuous	5482	3	->		4	4	0.4001	True	0.969032	0.750	0.002900	
2025-09-08 16:22:17.304	continuous	5483	2	->	3	4	4	0.4809	True	0.807448	0.750	0.002899	
2025-09-08 16:22:17.304	continuous	5484	2	->		3	4	0.4806	True	1.287046	0.750	0.002899	
2025-09-08 16:22:17.304	continuous	5485	4	->		5	4	0.3566	True	1.422384	0.750	0.002899	
2025-09-08 16:22:17.305	continuous	5486	2	->		3	4	0.4778	True	1.256712	0.750	0.002899	
2025-09-08 16:22:17.305	continuous	5487	1	->	2	3	4	0.4746	True	1.201599	0.750	0.002898	
2025-09-08 16:22:17.305	continuous	5488	2	->		3	4	0.4760	True	1.187423	0.750	0.002898	
2025-09-08 16:22:17.305	continuous	5489	3	->	4	5	4	0.3557	True	1.440888	0.750	0.002898	
2025-09-08 16:22:17.305	continuous	5490	2	->	3	4	4	0.4764	True	0.881783	0.750	0.002897	
2025-09-08 16:22:17.306	continuous	5491	4	->		5	4	0.3565	True	1.415625	0.750	0.002897	
2025-09-08 16:22:17.306	continuous	5492	4	->		5	4	0.3563	True	1.397570	0.750	0.002897	
2025-09-08 16:22:17.306	continuous	5493	1	->	2	3	4	0.4725	True	1.174964	0.750	0.002897	
2025-09-08 16:22:17.306	continuous	5494	3	->		4	4	0.4003	True	1.024680	0.750	0.002896	
2025-09-08 16:22:17.307	continuous	5495	3	->	4	5	4	0.3572	True	1.412950	0.750	0.002896	
2025-09-08 16:22:17.307	continuous	5496	4	->		5	4	0.3570	True	1.377975	0.750	0.002896	
2025-09-08 16:22:17.307	continuous	5497	1	->		2	4	0.4290	True	3.166787	0.750	0.002895	
2025-09-08 16:22:17.307	continuous	5498	1	->	2	3	4	0.4692	True	1.173735	0.750	0.002895	
2025-09-08 16:22:17.307	continuous	5499	4	->		5	4	0.3536	True	1.369580	0.750	0.002895	
2025-09-08 16:22:17.308	continuous	5500	3	->	4	5	4	0.3533	True	1.368936	0.750	0.002894	
2025-09-08 16:22:17.308	continuous	5501	3	->	4	5	4	0.3533	True	1.351488	0.750	0.002894	
2025-09-08 16:22:17.308	continuous	5502	2	->		3	4	0.4680	True	1.181652	0.750	0.002894	
2025-09-08 16:22:17.308	continuous	5503	4	->		5	4	0.3539	True	1.325894	0.750	0.002894	
2025-09-08 16:22:17.308	continuous	5504	2	->	3	4	4	0.4684	True	0.977484	0.750	0.002893	
2025-09-08 16:22:17.309	continuous	5505	5	->		6	4	0.3733	True	3.448618	0.750	0.002893	
2025-09-08 16:22:17.309	continuous	5506	2	->	3	4	4	0.4680	True	0.952801	0.750	0.002893	
2025-09-08 16:22:17.309	continuous	5507	4	->		5	4	0.3523	True	1.331498	0.750	0.002892	
2025-09-08 16:22:17.309	continuous	5508	3	->		4	4	0.3956	True	1.062606	0.750	0.002892	
2025-09-08 16:22:17.309	continuous	5509	3	->	4	5	4	0.3533	True	1.340205	0.750	0.002892	
2025-09-08 16:22:17.310	continuous	5510	2	->	3	4	4	0.4702	True	0.925496	0.750	0.002892	
2025-09-08 16:22:17.310	continuous	5511	2	->	3	4	4	0.4724	True	0.899607	0.750	0.002891	
2025-09-08 16:22:17.310	continuous	5512	3	->	4	5	4	0.3556	True	1.344674	0.750	0.002891	
2025-09-08 16:22:17.310	continuous	5513	2	->	3	4	4	0.4739	True	0.885390	0.750	0.002891	
2025-09-08 16:22:17.310	continuous	5514	3	->	4	5	4	0.3568	True	1.338295	0.750	0.002890	
2025-09-08 16:22:17.311	continuous	5515	2	->		3	4	0.4731	True	1.293629	0.750	0.002890	
2025-09-08 16:22:17.311	continuous	5516	4	->		5	4	0.3563	True	1.311545	0.750	0.002890	
2025-09-08 16:22:17.311	continuous	5517	4	->		5	4	0.3565	True	1.294527	0.750	0.002890	
2025-09-08 16:22:17.312	continuous	5518	3	->	4	5	4	0.3567	True	1.294333	0.750	0.002889	
2025-09-08 16:22:17.312	continuous	5519	4	->		5	4	0.3571	True	1.261033	0.750	0.002889	
2025-09-08 16:22:17.312	continuous	5520	3	->	4	5	4	0.3573	True	1.260965	0.750	0.002889	
2025-09-08 16:22:17.312	continuous	5521	2	->	3	4	4	0.4715	True	0.945472	0.750	0.002888	
2025-09-08 16:22:17.312	continuous	5522	2	->		3	4	0.4718	True	1.314136	0.750	0.002888	
2025-09-08 16:22:17.313	continuous	5523	2	->		3	4	0.4708	True	1.277688	0.750	0.002888	
2025-09-08 16:22:17.313	continuous	5524	2	->	3	4	4	0.4715	True	0.953177	0.750	0.002888	
2025-09-08 16:22:17.313	continuous	5525	4	->	5	6	4	0.3313	True	3.221137	0.750	0.002887	
2025-09-08 16:22:17.313	continuous	5526	4	->	5	6	4	0.3279	True	3.188320	0.750	0.002887	
2025-09-08 16:22:17.314	continuous	5527	3	->		4	4	0.3963	True	1.060431	0.750	0.002887	
2025-09-08 16:22:17.314	continuous	5528	1	->	2	3	4	0.4686	True	1.259481	0.750	0.002886	
2025-09-08 16:22:17.314	continuous	5529	2	->	3	4	4	0.4707	True	0.926141	0.750	0.002886	
2025-09-08 16:22:17.314	continuous	5530	3	->		4	4	0.3986	True	1.033992	0.750	0.002886	
2025-09-08 16:22:17.314	continuous	5531	2	->		3	4	0.4726	True	1.273024	0.750	0.002886	
2025-09-08 16:22:17.315	continuous	5532	3	->	4	5	4	0.3557	True	1.333923	0.750	0.002885	
2025-09-08 16:22:17.315	continuous	5533	1	->	2	3	4	0.4698	True	1.228446	0.750	0.002885	
2025-09-08 16:22:17.315	continuous	5534	2	->	3	4	4	0.4724	True	0.925568	0.750	0.002885	
2025-09-08 16:22:17.315	continuous	5535	2	->	3	4	4	0.4745	True	0.899456	0.750	0.002884	
2025-09-08 16:22:17.315	continuous	5536	3	->	4	5	4	0.3577	True	1.346488	0.750	0.002884	
2025-09-08 16:22:17.316	continuous	5537	1	->	2	3	4	0.4719	True	1.237105	0.750	0.002884	
2025-09-08 16:22:17.316	continuous	5538	3	->		4	4	0.4011	True	1.034531	0.750	0.002884	
2025-09-08 16:22:17.316	continuous	5539	3	->	4	5	4	0.3587	True	1.346183	0.750	0.002883	
2025-09-08 16:22:17.316	continuous	5540	4	->		5	4	0.3578	True	1.312268	0.750	0.002883	
2025-09-08 16:22:17.316	continuous	5541	2	->	3	4	4	0.4754	True	0.902982	0.750	0.002883	
2025-09-08 16:22:17.317	continuous	5542	1	->	2	3	4	0.4734	True	1.250056	0.750	0.002882	
2025-09-08 16:22:17.317	continuous	5543	4	->		5	4	0.3587	True	1.314100	0.750	0.002882	
2025-09-08 16:22:17.317	continuous	5544	2	->	3	4	4	0.4759	True	0.905738	0.750	0.002882	
2025-09-08 16:22:17.317	continuous	5545	3	->		4	4	0.4042	True	1.015368	0.750	0.002881	
2025-09-08 16:22:17.318	continuous	5546	1	->		2	4	0.4330	True	3.223925	0.750	0.002881	
2025-09-08 16:22:17.318	continuous	5547	2	->	3	4	4	0.4774	True	0.864963	0.750	0.002881	
2025-09-08 16:22:17.318	continuous	5548	2	->	3	4	4	0.4801	True	0.840763	0.750	0.002881	
2025-09-08 16:22:17.318	continuous	5549	3	->		4	4	0.4059	True	0.963699	0.750	0.002880	
2025-09-08 16:22:17.318	continuous	5550	1	->	2	3	4	0.4786	True	1.305828	0.750	0.002880	
2025-09-08 16:22:17.319	continuous	5551	2	->	3	4	4	0.4838	True	0.816171	0.750	0.002880	
2025-09-08 16:22:17.319	continuous	5552	1	->	2	3	4	0.4796	True	1.286692	0.750	0.002879	
2025-09-08 16:22:17.319	continuous	5553	2	->	3	4	4	0.4851	True	0.811879	0.750	0.002879	
2025-09-08 16:22:17.319	continuous	5554	1	->	2	3	4	0.4807	True	1.268214	0.750	0.002879	
2025-09-08 16:22:17.320	continuous	5555	2	->	3	4	4	0.4865	True	0.807948	0.750	0.002879	
2025-09-08 16:22:17.320	continuous	5556	2	->	3	4	4	0.4895	True	0.785463	0.750	0.002878	
2025-09-08 16:22:17.320	continuous	5557	3	->	4	5	4	0.3668	True	1.429957	0.750	0.002878	
2025-09-08 16:22:17.320	continuous	5558	3	->	4	5	4	0.3663	True	1.411039	0.750	0.002878	
2025-09-08 16:22:17.320	continuous	5559	2	->	3	4	4	0.4894	True	0.785012	0.750	0.002877	
2025-09-08 16:22:17.321	continuous	5560	3	->	4	5	4	0.3674	True	1.403167	0.750	0.002877	
2025-09-08 16:22:17.321	continuous	5561	4	->		5	4	0.3652	True	1.366815	0.750	0.002877	
2025-09-08 16:22:17.321	continuous	5562	3	->	4	5	4	0.3667	True	1.366311	0.750	0.002877	
2025-09-08 16:22:17.321	continuous	5563	3	->	4	5	4	0.3665	True	1.348050	0.750	0.002876	
2025-09-08 16:22:17.321	continuous	5564	1	->	2	3	4	0.4803	True	1.326797	0.750	0.002876	
2025-09-08 16:22:17.322	continuous	5565	2	->		3	4	0.4819	True	1.308690	0.750	0.002876	
2025-09-08 16:22:17.322	continuous	5566	1	->	2	3	4	0.4778	True	1.251491	0.750	0.002875	
2025-09-08 16:22:17.322	continuous	5567	1	->	2	3	4	0.4771	True	1.215568	0.750	0.002875	
2025-09-08 16:22:17.322	continuous	5568	3	->		4	4	0.4078	True	1.014975	0.750	0.002875	
2025-09-08 16:22:17.323	continuous	5569	2	->		3	4	0.4807	True	1.215622	0.750	0.002875	
2025-09-08 16:22:17.323	continuous	5570	1	->		2	4	0.4355	True	3.240046	0.750	0.002874	
2025-09-08 16:22:17.323	continuous	5571	2	->		3	4	0.4772	True	1.182555	0.750	0.002874	
2025-09-08 16:22:17.323	continuous	5572	3	->		4	4	0.4054	True	1.034005	0.750	0.002874	
2025-09-08 16:22:17.323	continuous	5573	2	->	3	4	4	0.4813	True	0.881938	0.750	0.002873	
2025-09-08 16:22:17.324	continuous	5574	2	->	3	4	4	0.4837	True	0.856695	0.750	0.002873	
2025-09-08 16:22:17.324	continuous	5575	5	->		6	4	0.3830	True	3.465190	0.750	0.002873	
2025-09-08 16:22:17.324	continuous	5576	1	->	2	3	4	0.4773	True	1.183601	0.750	0.002873	
2025-09-08 16:22:17.324	continuous	5577	2	->	3	4	4	0.4831	True	0.855235	0.750	0.002872	
2025-09-08 16:22:17.324	continuous	5578	2	->	3	4	4	0.4857	True	0.831003	0.750	0.002872	
2025-09-08 16:22:17.325	continuous	5579	2	->		3	4	0.4846	True	1.210622	0.750	0.002872	
2025-09-08 16:22:17.325	continuous	5580	2	->	3	4	4	0.4873	True	0.827650	0.750	0.002871	
2025-09-08 16:22:17.325	continuous	5581	2	->		3	4	0.4862	True	1.195743	0.750	0.002871	
2025-09-08 16:22:17.325	continuous	5582	2	->	3	4	4	0.4889	True	0.824559	0.750	0.002871	
2025-09-08 16:22:17.326	continuous	5583	4	->		5	4	0.3649	True	1.455789	0.750	0.002871	
2025-09-08 16:22:17.326	continuous	5584	4	->		5	4	0.3643	True	1.436795	0.750	0.002870	
2025-09-08 16:22:17.326	continuous	5585	4	->		5	4	0.3638	True	1.418025	0.750	0.002870	
2025-09-08 16:22:17.326	continuous	5586	5	->		6	4	0.3824	True	3.443720	0.750	0.002870	
2025-09-08 16:22:17.326	continuous	5587	4	->		5	4	0.3602	True	1.400129	0.750	0.002869	
2025-09-08 16:22:17.327	continuous	5588	3	->	4	5	4	0.3618	True	1.399638	0.750	0.002869	
2025-09-08 16:22:17.327	continuous	5589	1	->	2	3	4	0.4755	True	1.193763	0.750	0.002869	
2025-09-08 16:22:17.327	continuous	5590	3	->	4	5	4	0.3614	True	1.388783	0.750	0.002869	
2025-09-08 16:22:17.327	continuous	5591	2	->	3	4	4	0.4798	True	0.883891	0.750	0.002868	
2025-09-08 16:22:17.328	continuous	5592	3	->		4	4	0.4063	True	1.000084	0.750	0.002868	
2025-09-08 16:22:17.328	continuous	5593	3	->		4	4	0.4080	True	0.982171	0.750	0.002868	
2025-09-08 16:22:17.328	continuous	5594	4	->		5	4	0.3629	True	1.381943	0.750	0.002867	
2025-09-08 16:22:17.329	continuous	5595	3	->	4	5	4	0.3649	True	1.381492	0.750	0.002867	
2025-09-08 16:22:17.329	continuous	5596	2	->	3	4	4	0.4843	True	0.839224	0.750	0.002867	
2025-09-08 16:22:17.329	continuous	5597	2	->	3	4	4	0.4871	True	0.815417	0.750	0.002867	
2025-09-08 16:22:17.329	continuous	5598	2	->		3	4	0.4859	True	1.289534	0.750	0.002866	
2025-09-08 16:22:17.329	continuous	5599	5	->		6	4	0.3832	True	3.430638	0.750	0.002866	
2025-09-08 16:22:17.330	continuous	5600	3	->	4	5	4	0.3635	True	1.391938	0.750	0.002866	
2025-09-08 16:22:17.330	continuous	5601	3	->		4	4	0.4076	True	0.974165	0.750	0.002865	
2025-09-08 16:22:17.330	continuous	5602	2	->	3	4	4	0.4873	True	0.807010	0.750	0.002865	
2025-09-08 16:22:17.330	continuous	5603	4	->	5	6	4	0.3345	True	3.168741	0.750	0.002865	
2025-09-08 16:22:17.330	continuous	5604	3	->	4	5	4	0.3632	True	1.394942	0.750	0.002865	
2025-09-08 16:22:17.331	continuous	5605	3	->		4	4	0.4081	True	0.951360	0.750	0.002864	
2025-09-08 16:22:17.331	continuous	5606	4	->	5	6	4	0.3323	True	3.142035	0.750	0.002864	
2025-09-08 16:22:17.331	continuous	5607	4	->		5	4	0.3585	True	1.369506	0.750	0.002864	
2025-09-08 16:22:17.331	continuous	5608	4	->		5	4	0.3584	True	1.351830	0.750	0.002863	
2025-09-08 16:22:17.331	continuous	5609	3	->	4	5	4	0.3612	True	1.351992	0.750	0.002863	
2025-09-08 16:22:17.332	continuous	5610	4	->		5	4	0.3583	True	1.316947	0.750	0.002863	
2025-09-08 16:22:17.332	continuous	5611	2	->	3	4	4	0.4828	True	0.825866	0.750	0.002863	
2025-09-08 16:22:17.332	continuous	5612	4	->		5	4	0.3595	True	1.310833	0.750	0.002862	
2025-09-08 16:22:17.332	continuous	5613	1	->	2	3	4	0.4771	True	1.345858	0.750	0.002862	
2025-09-08 16:22:17.332	continuous	5614	2	->		3	4	0.4791	True	1.328041	0.750	0.002862	
2025-09-08 16:22:17.332	continuous	5615	3	->		4	4	0.4052	True	0.995727	0.750	0.002861	
2025-09-08 16:22:17.333	continuous	5616	2	->		3	4	0.4798	True	1.305511	0.750	0.002861	
2025-09-08 16:22:17.333	continuous	5617	3	->	4	5	4	0.3619	True	1.341759	0.750	0.002861	
2025-09-08 16:22:17.333	continuous	5618	3	->		4	4	0.4057	True	1.002763	0.750	0.002861	
2025-09-08 16:22:17.333	continuous	5619	4	->		5	4	0.3603	True	1.316377	0.750	0.002860	
2025-09-08 16:22:17.333	continuous	5620	2	->		3	4	0.4789	True	1.297540	0.750	0.002860	
2025-09-08 16:22:17.334	continuous	5621	2	->	3	4	4	0.4810	True	0.867733	0.750	0.002860	
2025-09-08 16:22:17.334	continuous	5622	4	->		5	4	0.3610	True	1.317215	0.750	0.002859	
2025-09-08 16:22:17.334	continuous	5623	5	->		6	4	0.3794	True	3.367619	0.750	0.002859	
2025-09-08 16:22:17.334	continuous	5624	4	->		5	4	0.3580	True	1.301854	0.750	0.002859	
2025-09-08 16:22:17.334	continuous	5625	2	->		3	4	0.4762	True	1.294168	0.750	0.002859	
2025-09-08 16:22:17.335	continuous	5626	2	->	3	4	4	0.4783	True	0.886577	0.750	0.002858	
2025-09-08 16:22:17.335	continuous	5627	4	->	5	6	4	0.3296	True	3.109917	0.750	0.002858	
2025-09-08 16:22:17.335	continuous	5628	3	->	4	5	4	0.3587	True	1.322535	0.750	0.002858	
2025-09-08 16:22:17.335	continuous	5629	1	->	2	3	4	0.4720	True	1.265277	0.750	0.002857	
2025-09-08 16:22:17.335	continuous	5630	2	->	3	4	4	0.4769	True	0.892362	0.750	0.002857	
2025-09-08 16:22:17.336	continuous	5631	4	->	5	6	4	0.3271	True	3.084293	0.750	0.002857	
2025-09-08 16:22:17.336	continuous	5632	2	->		3	4	0.4741	True	1.267447	0.750	0.002857	
2025-09-08 16:22:17.336	continuous	5633	1	->		2	4	0.4269	True	3.245063	0.750	0.002856	
2025-09-08 16:22:17.336	continuous	5634	4	->		5	4	0.3500	True	1.318465	0.750	0.002856	
2025-09-08 16:22:17.337	continuous	5635	2	->	3	4	4	0.4728	True	0.903612	0.750	0.002856	
2025-09-08 16:22:17.337	continuous	5636	4	->		5	4	0.3511	True	1.312320	0.750	0.002855	
2025-09-08 16:22:17.337	continuous	5637	2	->	3	4	4	0.4743	True	0.888581	0.750	0.002855	
2025-09-08 16:22:17.337	continuous	5638	1	->	2	3	4	0.4700	True	1.264831	0.750	0.002855	
2025-09-08 16:22:17.337	continuous	5639	2	->	3	4	4	0.4757	True	0.880887	0.750	0.002855	
2025-09-08 16:22:17.338	continuous	5640	1	->	2	3	4	0.4710	True	1.247136	0.750	0.002854	
2025-09-08 16:22:17.338	continuous	5641	3	->	4	5	4	0.3559	True	1.349822	0.750	0.002854	
2025-09-08 16:22:17.338	continuous	5642	3	->		4	4	0.4000	True	1.028927	0.750	0.002854	
2025-09-08 16:22:17.338	continuous	5643	2	->	3	4	4	0.4783	True	0.863444	0.750	0.002853	
2025-09-08 16:22:17.338	continuous	5644	3	->	4	5	4	0.3583	True	1.352465	0.750	0.002853	
2025-09-08 16:22:17.339	continuous	5645	1	->	2	3	4	0.4725	True	1.259354	0.750	0.002853	
2025-09-08 16:22:17.339	continuous	5646	2	->	3	4	4	0.4787	True	0.867579	0.750	0.002853	
2025-09-08 16:22:17.339	continuous	5647	2	->	3	4	4	0.4813	True	0.842989	0.750	0.002852	
2025-09-08 16:22:17.339	continuous	5648	1	->	2	3	4	0.4755	True	1.259761	0.750	0.002852	
2025-09-08 16:22:17.339	continuous	5649	3	->		4	4	0.4048	True	0.988200	0.750	0.002852	
2025-09-08 16:22:17.339	continuous	5650	2	->	3	4	4	0.4852	True	0.817397	0.750	0.002851	
2025-09-08 16:22:17.340	continuous	5651	4	->	5	6	4	0.3287	True	3.081378	0.750	0.002851	
2025-09-08 16:22:17.340	continuous	5652	3	->		4	4	0.4059	True	0.955288	0.750	0.002851	
2025-09-08 16:22:17.340	continuous	5653	4	->		5	4	0.3571	True	1.382679	0.750	0.002851	
2025-09-08 16:22:17.340	continuous	5654	3	->		4	4	0.4072	True	0.947469	0.750	0.002850	
2025-09-08 16:22:17.340	continuous	5655	3	->		4	4	0.4092	True	0.930654	0.750	0.002850	
2025-09-08 16:22:17.341	continuous	5656	1	->	2	3	4	0.4823	True	1.309863	0.750	0.002850	
2025-09-08 16:22:17.341	continuous	5657	2	->	3	4	4	0.4912	True	0.770302	0.750	0.002849	
2025-09-08 16:22:17.341	continuous	5658	3	->		4	4	0.4122	True	0.911212	0.750	0.002849	
2025-09-08 16:22:17.341	continuous	5659	3	->	4	5	4	0.3672	True	1.429156	0.750	0.002849	
2025-09-08 16:22:17.341	continuous	5660	2	->	3	4	4	0.4958	True	0.741720	0.750	0.002849	
2025-09-08 16:22:17.341	continuous	5661	4	->		5	4	0.3631	True	1.400743	0.750	0.002848	
2025-09-08 16:22:17.342	continuous	5662	2	->	3	4	4	0.4975	True	0.731650	0.750	0.002848	
2025-09-08 16:22:17.342	continuous	5663	2	->		3	4	0.4949	True	1.381420	0.750	0.002848	
2025-09-08 16:22:17.342	continuous	5664	3	->	4	5	4	0.3684	True	1.418170	0.750	0.002847	
2025-09-08 16:22:17.342	continuous	5665	1	->	2	3	4	0.4850	True	1.320551	0.750	0.002847	
2025-09-08 16:22:17.342	continuous	5666	2	->	3	4	4	0.4943	True	0.760303	0.750	0.002847	
2025-09-08 16:22:17.343	continuous	5667	3	->	4	5	4	0.3686	True	1.415986	0.750	0.002847	
2025-09-08 16:22:17.343	continuous	5668	4	->		5	4	0.3632	True	1.377587	0.750	0.002846	
2025-09-08 16:22:17.343	continuous	5669	2	->	3	4	4	0.4944	True	0.760304	0.750	0.002846	
2025-09-08 16:22:17.343	continuous	5670	2	->	3	4	4	0.4977	True	0.739083	0.750	0.002846	
2025-09-08 16:22:17.343	continuous	5671	2	->	3	4	4	0.5012	True	0.718614	0.750	0.002845	
2025-09-08 16:22:17.344	continuous	5672	3	->	4	5	4	0.3727	True	1.411703	0.750	0.002845	
2025-09-08 16:22:17.344	continuous	5673	4	->		5	4	0.3669	True	1.372599	0.750	0.002845	
2025-09-08 16:22:17.344	continuous	5674	5	->		6	4	0.3862	True	3.331357	0.750	0.002845	
2025-09-08 16:22:17.345	continuous	5675	3	->	4	5	4	0.3685	True	1.375039	0.750	0.002844	
2025-09-08 16:22:17.345	continuous	5676	3	->		4	4	0.4148	True	0.903317	0.750	0.002844	
2025-09-08 16:22:17.345	continuous	5677	2	->	3	4	4	0.5003	True	0.718740	0.750	0.002844	
2025-09-08 16:22:17.345	continuous	5678	3	->	4	5	4	0.3717	True	1.377826	0.750	0.002843	
2025-09-08 16:22:17.346	continuous	5679	3	->		4	4	0.4184	True	0.879886	0.750	0.002843	
2025-09-08 16:22:17.346	continuous	5680	1	->	2	3	4	0.4920	True	1.438344	0.750	0.002843	
2025-09-08 16:22:17.346	continuous	5681	3	->		4	4	0.4189	True	0.879670	0.750	0.002843	
2025-09-08 16:22:17.346	continuous	5682	1	->	2	3	4	0.4921	True	1.411904	0.750	0.002842	
2025-09-08 16:22:17.346	continuous	5683	1	->	2	3	4	0.4897	True	1.370459	0.750	0.002842	
2025-09-08 16:22:17.347	continuous	5684	3	->	4	5	4	0.3714	True	1.396111	0.750	0.002842	
2025-09-08 16:22:17.347	continuous	5685	3	->		4	4	0.4171	True	0.905288	0.750	0.002841	
2025-09-08 16:22:17.347	continuous	5686	3	->	4	5	4	0.3727	True	1.387177	0.750	0.002841	
2025-09-08 16:22:17.347	continuous	5687	1	->	2	3	4	0.4876	True	1.357768	0.750	0.002841	
2025-09-08 16:22:17.347	continuous	5688	5	->		6	4	0.3849	True	3.318292	0.750	0.002841	
2025-09-08 16:22:17.347	continuous	5689	2	->	3	4	4	0.4949	True	0.757574	0.750	0.002840	
2025-09-08 16:22:17.348	continuous	5690	2	->	3	4	4	0.4983	True	0.736359	0.750	0.002840	
2025-09-08 16:22:17.348	continuous	5691	5	->		6	4	0.3848	True	3.288161	0.750	0.002840	
2025-09-08 16:22:17.348	continuous	5692	3	->	4	5	4	0.3681	True	1.397969	0.750	0.002839	
2025-09-08 16:22:17.348	continuous	5693	3	->		4	4	0.4145	True	0.899748	0.750	0.002839	
2025-09-08 16:22:17.348	continuous	5694	3	->		4	4	0.4168	True	0.883636	0.750	0.002839	
2025-09-08 16:22:17.349	continuous	5695	2	->	3	4	4	0.5041	True	0.696942	0.750	0.002839	
2025-09-08 16:22:17.349	continuous	5696	2	->	3	4	4	0.5079	True	0.677965	0.750	0.002838	
2025-09-08 16:22:17.349	continuous	5697	3	->		4	4	0.4239	True	0.834756	0.750	0.002838	
2025-09-08 16:22:17.349	continuous	5698	2	->	3	4	4	0.5154	True	0.643830	0.750	0.002838	
2025-09-08 16:22:17.349	continuous	5699	3	->	4	5	4	0.3793	True	1.442071	0.750	0.002837	
2025-09-08 16:22:17.349	continuous	5700	5	->		6	4	0.3915	True	3.283753	0.750	0.002837	
2025-09-08 16:22:17.350	continuous	5701	2	->	3	4	4	0.5142	True	0.643062	0.750	0.002837	
2025-09-08 16:22:17.350	continuous	5702	3	->		4	4	0.4270	True	0.805847	0.750	0.002837	
2025-09-08 16:22:17.350	continuous	5703	2	->		3	4	0.5137	True	1.529778	0.750	0.002836	
2025-09-08 16:22:17.350	continuous	5704	2	->	3	4	4	0.5177	True	0.630334	0.750	0.002836	
2025-09-08 16:22:17.350	continuous	5705	2	->	3	4	4	0.5218	True	0.613690	0.750	0.002836	
2025-09-08 16:22:17.350	continuous	5706	4	->	5	6	4	0.3410	True	3.038360	0.750	0.002835	
2025-09-08 16:22:17.351	continuous	5707	3	->		4	4	0.4296	True	0.784330	0.750	0.002835	
2025-09-08 16:22:17.351	continuous	5708	4	->		5	4	0.3726	True	1.454738	0.750	0.002835	
2025-09-08 16:22:17.351	continuous	5709	4	->		5	4	0.3717	True	1.435475	0.750	0.002835	
2025-09-08 16:22:17.351	continuous	5710	3	->		4	4	0.4297	True	0.789849	0.750	0.002834	
2025-09-08 16:22:17.352	continuous	5711	2	->	3	4	4	0.5264	True	0.593709	0.750	0.002834	
2025-09-08 16:22:17.352	continuous	5712	3	->		4	4	0.4352	True	0.761695	0.750	0.002834	
2025-09-08 16:22:17.352	continuous	5713	4	->		5	4	0.3771	True	1.446381	0.750	0.002833	
2025-09-08 16:22:17.352	continuous	5714	2	->	3	4	4	0.5319	True	0.574957	0.750	0.002833	
2025-09-08 16:22:17.352	continuous	5715	4	->		5	4	0.3782	True	1.437362	0.750	0.002833	
2025-09-08 16:22:17.353	continuous	5716	2	->	3	4	4	0.5335	True	0.570625	0.750	0.002833	
2025-09-08 16:22:17.353	continuous	5717	4	->		5	4	0.3793	True	1.428469	0.750	0.002832	
2025-09-08 16:22:17.353	continuous	5718	2	->		3	4	0.5257	True	1.640130	0.750	0.002832	
2025-09-08 16:22:17.353	continuous	5719	4	->		5	4	0.3760	True	1.411511	0.750	0.002832	
2025-09-08 16:22:17.353	continuous	5720	4	->		5	4	0.3753	True	1.392488	0.750	0.002832	
2025-09-08 16:22:17.354	continuous	5721	3	->		4	4	0.4333	True	0.787839	0.750	0.002831	
2025-09-08 16:22:17.354	continuous	5722	5	->		6	4	0.3973	True	3.269275	0.750	0.002831	
2025-09-08 16:22:17.354	continuous	5723	4	->	5	6	4	0.3400	True	3.006013	0.750	0.002831	
2025-09-08 16:22:17.354	continuous	5724	2	->	3	4	4	0.5235	True	0.602065	0.750	0.002830	
2025-09-08 16:22:17.354	continuous	5725	3	->		4	4	0.4326	True	0.771627	0.750	0.002830	
2025-09-08 16:22:17.355	continuous	5726	5	->		6	4	0.3950	True	3.209018	0.750	0.002830	
2025-09-08 16:22:17.355	continuous	5727	2	->		3	4	0.5193	True	1.637325	0.750	0.002830	
2025-09-08 16:22:17.355	continuous	5728	3	->		4	4	0.4289	True	0.781921	0.750	0.002829	
2025-09-08 16:22:17.355	continuous	5729	2	->	3	4	4	0.5277	True	0.582620	0.750	0.002829	
2025-09-08 16:22:17.355	continuous	5730	2	->	3	4	4	0.5320	True	0.567683	0.750	0.002829	
2025-09-08 16:22:17.355	continuous	5731	3	->	4	5	4	0.3840	True	1.463312	0.750	0.002828	
2025-09-08 16:22:17.356	continuous	5732	4	->		5	4	0.3732	True	1.418488	0.750	0.002828	
2025-09-08 16:22:17.356	continuous	5733	3	->		4	4	0.4343	True	0.761096	0.750	0.002828	
2025-09-08 16:22:17.356	continuous	5734	5	->		6	4	0.3957	True	3.191269	0.750	0.002828	
2025-09-08 16:22:17.356	continuous	5735	4	->	5	6	4	0.3367	True	2.936888	0.750	0.002827	
2025-09-08 16:22:17.356	continuous	5736	3	->		4	4	0.4309	True	0.760286	0.750	0.002827	
2025-09-08 16:22:17.356	continuous	5737	1	->	2	3	4	0.5122	True	1.636096	0.750	0.002827	
2025-09-08 16:22:17.357	continuous	5738	2	->	3	4	4	0.5283	True	0.575059	0.750	0.002826	
2025-09-08 16:22:17.357	continuous	5739	3	->		4	4	0.4335	True	0.749529	0.750	0.002826	
2025-09-08 16:22:17.357	continuous	5740	2	->	3	4	4	0.5367	True	0.547269	0.750	0.002826	
2025-09-08 16:22:17.357	continuous	5741	3	->		4	4	0.4394	True	0.723550	0.750	0.002826	
2025-09-08 16:22:17.357	continuous	5742	1	->		2	4	0.4693	True	3.435735	0.750	0.002825	
2025-09-08 16:22:17.358	continuous	5743	3	->		4	4	0.4379	True	0.721156	0.750	0.002825	
2025-09-08 16:22:17.358	continuous	5744	3	->		4	4	0.4410	True	0.708678	0.750	0.002825	
2025-09-08 16:22:17.358	continuous	5745	4	->		5	4	0.3764	True	1.479530	0.750	0.002824	
2025-09-08 16:22:17.358	continuous	5746	2	->	3	4	4	0.5461	True	0.515603	0.750	0.002824	
2025-09-08 16:22:17.358	continuous	5747	1	->	2	3	4	0.5264	True	1.699059	0.750	0.002824	
2025-09-08 16:22:17.358	continuous	5748	3	->	4	5	4	0.3861	True	1.498935	0.750	0.002824	
2025-09-08 16:22:17.359	continuous	5749	3	->	4	5	4	0.3847	True	1.478120	0.750	0.002823	
2025-09-08 16:22:17.359	continuous	5750	3	->	4	5	4	0.3834	True	1.457604	0.750	0.002823	
2025-09-08 16:22:17.359	continuous	5751	2	->	3	4	4	0.5354	True	0.552596	0.750	0.002823	
2025-09-08 16:22:17.359	continuous	5752	2	->	3	4	4	0.5398	True	0.538689	0.750	0.002822	
2025-09-08 16:22:17.359	continuous	5753	5	->		6	4	0.3973	True	3.158055	0.750	0.002822	
2025-09-08 16:22:17.359	continuous	5754	3	->		4	4	0.4381	True	0.723579	0.750	0.002822	
2025-09-08 16:22:17.360	continuous	5755	4	->		5	4	0.3741	True	1.442365	0.750	0.002822	
2025-09-08 16:22:17.360	continuous	5756	1	->	2	3	4	0.5188	True	1.700825	0.750	0.002821	
2025-09-08 16:22:17.360	continuous	5757	2	->	3	4	4	0.5367	True	0.546123	0.750	0.002821	
2025-09-08 16:22:17.360	continuous	5758	2	->	3	4	4	0.5411	True	0.532446	0.750	0.002821	
2025-09-08 16:22:17.361	continuous	5759	4	->		5	4	0.3746	True	1.445903	0.750	0.002820	
2025-09-08 16:22:17.361	continuous	5760	3	->		4	4	0.4401	True	0.721368	0.750	0.002820	
2025-09-08 16:22:17.361	continuous	5761	3	->	4	5	4	0.3879	True	1.463772	0.750	0.002820	
2025-09-08 16:22:17.362	continuous	5762	1	->	2	3	4	0.5199	True	1.704846	0.750	0.002820	
2025-09-08 16:22:17.362	continuous	5763	4	->		5	4	0.3722	True	1.419201	0.750	0.002819	
2025-09-08 16:22:17.362	continuous	5764	1	->	2	3	4	0.5127	True	1.657228	0.750	0.002819	
2025-09-08 16:22:17.362	continuous	5765	2	->	3	4	4	0.5303	True	0.572517	0.750	0.002819	
2025-09-08 16:22:17.363	continuous	5766	1	->	2	3	4	0.5118	True	1.625998	0.750	0.002819	
2025-09-08 16:22:17.363	continuous	5767	1	->	2	3	4	0.5074	True	1.578190	0.750	0.002818	
2025-09-08 16:22:17.363	continuous	5768	3	->	4	5	4	0.3777	True	1.445250	0.750	0.002818	
2025-09-08 16:22:17.363	continuous	5769	4	->	5	6	4	0.3321	True	2.915399	0.750	0.002818	
2025-09-08 16:22:17.363	continuous	5770	2	->	3	4	4	0.5200	True	0.607988	0.750	0.002817	
2025-09-08 16:22:17.364	continuous	5771	3	->	4	5	4	0.3760	True	1.436865	0.750	0.002817	
2025-09-08 16:22:17.364	continuous	5772	1	->	2	3	4	0.5005	True	1.554232	0.750	0.002817	
2025-09-08 16:22:17.364	continuous	5773	3	->	4	5	4	0.3731	True	1.420973	0.750	0.002817	
2025-09-08 16:22:17.364	continuous	5774	5	->		6	4	0.3817	True	3.099589	0.750	0.002816	
2025-09-08 16:22:17.364	continuous	5775	3	->	4	5	4	0.3692	True	1.402173	0.750	0.002816	
2025-09-08 16:22:17.365	continuous	5776	2	->	3	4	4	0.5102	True	0.647956	0.750	0.002816	
2025-09-08 16:22:17.365	continuous	5777	3	->		4	4	0.4212	True	0.818630	0.750	0.002815	
2025-09-08 16:22:17.365	continuous	5778	5	->		6	4	0.3817	True	3.075840	0.750	0.002815	
2025-09-08 16:22:17.365	continuous	5779	3	->	4	5	4	0.3695	True	1.405144	0.750	0.002815	
2025-09-08 16:22:17.365	continuous	5780	2	->	3	4	4	0.5130	True	0.632051	0.750	0.002815	
2025-09-08 16:22:17.365	continuous	5781	1	->	2	3	4	0.4960	True	1.566246	0.750	0.002814	
2025-09-08 16:22:17.366	continuous	5782	1	->	2	3	4	0.4925	True	1.521513	0.750	0.002814	
2025-09-08 16:22:17.366	continuous	5783	3	->	4	5	4	0.3672	True	1.405721	0.750	0.002814	
2025-09-08 16:22:17.366	continuous	5784	3	->		4	4	0.4163	True	0.846922	0.750	0.002813	
2025-09-08 16:22:17.366	continuous	5785	4	->	5	6	4	0.3240	True	2.846601	0.750	0.002813	
2025-09-08 16:22:17.366	continuous	5786	2	->	3	4	4	0.5085	True	0.648950	0.750	0.002813	
2025-09-08 16:22:17.366	continuous	5787	4	->	5	6	4	0.3224	True	2.823645	0.750	0.002813	
2025-09-08 16:22:17.367	continuous	5788	4	->		5	4	0.3537	True	1.387275	0.750	0.002812	
2025-09-08 16:22:17.367	continuous	5789	3	->		4	4	0.4155	True	0.835508	0.750	0.002812	
2025-09-08 16:22:17.367	continuous	5790	4	->	5	6	4	0.3208	True	2.803228	0.750	0.002812	
2025-09-08 16:22:17.367	continuous	5791	4	->		5	4	0.3524	True	1.380505	0.750	0.002811	
2025-09-08 16:22:17.367	continuous	5792	3	->	4	5	4	0.3637	True	1.385477	0.750	0.002811	
2025-09-08 16:22:17.368	continuous	5793	3	->		4	4	0.4138	True	0.845184	0.750	0.002811	
2025-09-08 16:22:17.368	continuous	5794	5	->		6	4	0.3735	True	2.979856	0.750	0.002811	
2025-09-08 16:22:17.368	continuous	5795	2	->		3	4	0.4977	True	1.588842	0.750	0.002810	
2025-09-08 16:22:17.368	continuous	5796	2	->	3	4	4	0.5028	True	0.663378	0.750	0.002810	
2025-09-08 16:22:17.369	continuous	5797	2	->	3	4	4	0.5069	True	0.645786	0.750	0.002810	
2025-09-08 16:22:17.369	continuous	5798	2	->	3	4	4	0.5110	True	0.628787	0.750	0.002810	
2025-09-08 16:22:17.369	continuous	5799	5	->		6	4	0.3742	True	2.959329	0.750	0.002809	
2025-09-08 16:22:17.369	continuous	5800	4	->		5	4	0.3509	True	1.392094	0.750	0.002809	
2025-09-08 16:22:17.369	continuous	5801	4	->		5	4	0.3505	True	1.374847	0.750	0.002809	
2025-09-08 16:22:17.370	continuous	5802	3	->		4	4	0.4136	True	0.831740	0.750	0.002808	
2025-09-08 16:22:17.370	continuous	5803	2	->		3	4	0.5022	True	1.618350	0.750	0.002808	
2025-09-08 16:22:17.370	continuous	5804	2	->	3	4	4	0.5077	True	0.641076	0.750	0.002808	
2025-09-08 16:22:17.370	continuous	5805	2	->		3	4	0.5019	True	1.590013	0.750	0.002808	
2025-09-08 16:22:17.370	continuous	5806	2	->		3	4	0.4979	True	1.544097	0.750	0.002807	
2025-09-08 16:22:17.371	continuous	5807	2	->	3	4	4	0.5036	True	0.661066	0.750	0.002807	
2025-09-08 16:22:17.371	continuous	5808	1	->		2	4	0.4372	True	3.381132	0.750	0.002807	
2025-09-08 16:22:17.371	continuous	5809	2	->		3	4	0.4943	True	1.514361	0.750	0.002806	
2025-09-08 16:22:17.371	continuous	5810	3	->	4	5	4	0.3573	True	1.425642	0.750	0.002806	
2025-09-08 16:22:17.371	continuous	5811	4	->		5	4	0.3450	True	1.385109	0.750	0.002806	
2025-09-08 16:22:17.372	continuous	5812	4	->		5	4	0.3448	True	1.368212	0.750	0.002806	
2025-09-08 16:22:17.372	continuous	5813	4	->	5	6	4	0.3107	True	2.741130	0.750	0.002805	
2025-09-08 16:22:17.372	continuous	5814	5	->		6	4	0.3610	True	2.898997	0.750	0.002805	
2025-09-08 16:22:17.372	continuous	5815	4	->		5	4	0.3393	True	1.354830	0.750	0.002805	
2025-09-08 16:22:17.372	continuous	5816	4	->		5	4	0.3393	True	1.338539	0.750	0.002804	
2025-09-08 16:22:17.372	continuous	5817	4	->		5	4	0.3393	True	1.322404	0.750	0.002804	
2025-09-08 16:22:17.373	continuous	5818	3	->		4	4	0.3989	True	0.925398	0.750	0.002804	
2025-09-08 16:22:17.373	continuous	5819	3	->	4	5	4	0.3524	True	1.335598	0.750	0.002804	
2025-09-08 16:22:17.373	continuous	5820	2	->	3	4	4	0.4880	True	0.733305	0.750	0.002803	
2025-09-08 16:22:17.373	continuous	5821	4	->		5	4	0.3424	True	1.309753	0.750	0.002803	
2025-09-08 16:22:17.373	continuous	5822	4	->		5	4	0.3426	True	1.293740	0.750	0.002803	
2025-09-08 16:22:17.373	continuous	5823	3	->		4	4	0.4022	True	0.920251	0.750	0.002802	
2025-09-08 16:22:17.374	continuous	5824	4	->	5	6	4	0.3103	True	2.713370	0.750	0.002802	
2025-09-08 16:22:17.374	continuous	5825	5	->		6	4	0.3602	True	2.867148	0.750	0.002802	
2025-09-08 16:22:17.374	continuous	5826	2	->		3	4	0.4798	True	1.559013	0.750	0.002802	
2025-09-08 16:22:17.374	continuous	5827	4	->		5	4	0.3377	True	1.297339	0.750	0.002801	
2025-09-08 16:22:17.374	continuous	5828	2	->	3	4	4	0.4836	True	0.752819	0.750	0.002801	
2025-09-08 16:22:17.375	continuous	5829	3	->	4	5	4	0.3509	True	1.311742	0.750	0.002801	
2025-09-08 16:22:17.375	continuous	5830	1	->	2	3	4	0.4693	True	1.514535	0.750	0.002801	
2025-09-08 16:22:17.375	continuous	5831	3	->		4	4	0.3974	True	0.943708	0.750	0.002800	
2025-09-08 16:22:17.375	continuous	5832	5	->		6	4	0.3578	True	2.847607	0.750	0.002800	
2025-09-08 16:22:17.375	continuous	5833	2	->	3	4	4	0.4838	True	0.745781	0.750	0.002800	
2025-09-08 16:22:17.375	continuous	5834	1	->	2	3	4	0.4696	True	1.502722	0.750	0.002799	
2025-09-08 16:22:17.376	continuous	5835	3	->	4	5	4	0.3491	True	1.330529	0.750	0.002799	
2025-09-08 16:22:17.376	continuous	5836	3	->		4	4	0.3969	True	0.938660	0.750	0.002799	
2025-09-08 16:22:17.376	continuous	5837	2	->		3	4	0.4783	True	1.513149	0.750	0.002799	
2025-09-08 16:22:17.377	continuous	5838	3	->	4	5	4	0.3496	True	1.328715	0.750	0.002798	
2025-09-08 16:22:17.377	continuous	5839	4	->		5	4	0.3379	True	1.293108	0.750	0.002798	
2025-09-08 16:22:17.378	continuous	5840	5	->		6	4	0.3557	True	2.831084	0.750	0.002798	
2025-09-08 16:22:17.378	continuous	5841	1	->	2	3	4	0.4633	True	1.454163	0.750	0.002797	
2025-09-08 16:22:17.378	continuous	5842	3	->		4	4	0.3928	True	0.974981	0.750	0.002797	
2025-09-08 16:22:17.378	continuous	5843	3	->	4	5	4	0.3477	True	1.314418	0.750	0.002797	
2025-09-08 16:22:17.379	continuous	5844	1	->	2	3	4	0.4631	True	1.435659	0.750	0.002797	
2025-09-08 16:22:17.379	continuous	5845	3	->		4	4	0.3933	True	0.981267	0.750	0.002796	
2025-09-08 16:22:17.379	continuous	5846	2	->	3	4	4	0.4789	True	0.783625	0.750	0.002796	
2025-09-08 16:22:17.379	continuous	5847	1	->	2	3	4	0.4657	True	1.427146	0.750	0.002796	
2025-09-08 16:22:17.379	continuous	5848	1	->	2	3	4	0.4639	True	1.388591	0.750	0.002795	
2025-09-08 16:22:17.380	continuous	5849	2	->	3	4	4	0.4778	True	0.795058	0.750	0.002795	
2025-09-08 16:22:17.380	continuous	5850	3	->		4	4	0.3966	True	0.954369	0.750	0.002795	
2025-09-08 16:22:17.380	continuous	5851	4	->		5	4	0.3388	True	1.338667	0.750	0.002795	
2025-09-08 16:22:17.380	continuous	5852	2	->	3	4	4	0.4829	True	0.764672	0.750	0.002794	
2025-09-08 16:22:17.380	continuous	5853	3	->	4	5	4	0.3527	True	1.353509	0.750	0.002794	
2025-09-08 16:22:17.380	continuous	5854	1	->	2	3	4	0.4678	True	1.411458	0.750	0.002794	
2025-09-08 16:22:17.381	continuous	5855	3	->	4	5	4	0.3516	True	1.342379	0.750	0.002794	
2025-09-08 16:22:17.381	continuous	5856	3	->		4	4	0.3981	True	0.962002	0.750	0.002793	
2025-09-08 16:22:17.381	continuous	5857	2	->	3	4	4	0.4843	True	0.763571	0.750	0.002793	
2025-09-08 16:22:17.381	continuous	5858	5	->		6	4	0.3597	True	2.845116	0.750	0.002793	
2025-09-08 16:22:17.381	continuous	5859	3	->	4	5	4	0.3521	True	1.347654	0.750	0.002792	
2025-09-08 16:22:17.382	continuous	5860	2	->	3	4	4	0.4841	True	0.757870	0.750	0.002792	
2025-09-08 16:22:17.382	continuous	5861	2	->	3	4	4	0.4876	True	0.736921	0.750	0.002792	
2025-09-08 16:22:17.382	continuous	5862	5	->		6	4	0.3598	True	2.824443	0.750	0.002792	
2025-09-08 16:22:17.382	continuous	5863	4	->	5	6	4	0.3051	True	2.626063	0.750	0.002791	
2025-09-08 16:22:17.382	continuous	5864	2	->	3	4	4	0.4869	True	0.724656	0.750	0.002791	
2025-09-08 16:22:17.383	continuous	5865	4	->	5	6	4	0.3037	True	2.606517	0.750	0.002791	
2025-09-08 16:22:17.383	continuous	5866	4	->		5	4	0.3361	True	1.347606	0.750	0.002790	
2025-09-08 16:22:17.383	continuous	5867	3	->		4	4	0.3981	True	0.911556	0.750	0.002790	
2025-09-08 16:22:17.383	continuous	5868	3	->	4	5	4	0.3513	True	1.361863	0.750	0.002790	
2025-09-08 16:22:17.383	continuous	5869	4	->		5	4	0.3377	True	1.323903	0.750	0.002790	
2025-09-08 16:22:17.383	continuous	5870	2	->		3	4	0.4789	True	1.529925	0.750	0.002789	
2025-09-08 16:22:17.384	continuous	5871	4	->		5	4	0.3367	True	1.313330	0.750	0.002789	
2025-09-08 16:22:17.384	continuous	5872	3	->		4	4	0.3973	True	0.938991	0.750	0.002789	
2025-09-08 16:22:17.384	continuous	5873	4	->		5	4	0.3383	True	1.306702	0.750	0.002789	
2025-09-08 16:22:17.384	continuous	5874	3	->	4	5	4	0.3516	True	1.310205	0.750	0.002788	
2025-09-08 16:22:17.385	continuous	5875	4	->	5	6	4	0.3045	True	2.604555	0.750	0.002788	
2025-09-08 16:22:17.385	continuous	5876	3	->		4	4	0.3968	True	0.945633	0.750	0.002788	
2025-09-08 16:22:17.385	continuous	5877	3	->	4	5	4	0.3512	True	1.305448	0.750	0.002787	
2025-09-08 16:22:17.385	continuous	5878	4	->		5	4	0.3380	True	1.270346	0.750	0.002787	
2025-09-08 16:22:17.385	continuous	5879	3	->		4	4	0.3985	True	0.948314	0.750	0.002787	
2025-09-08 16:22:17.386	continuous	5880	3	->	4	5	4	0.3532	True	1.282610	0.750	0.002787	
2025-09-08 16:22:17.386	continuous	5881	3	->	4	5	4	0.3534	True	1.265727	0.750	0.002786	
2025-09-08 16:22:17.386	continuous	5882	4	->		5	4	0.3405	True	1.232528	0.750	0.002786	
2025-09-08 16:22:17.386	continuous	5883	3	->	4	5	4	0.3541	True	1.233376	0.750	0.002786	
2025-09-08 16:22:17.387	continuous	5884	1	->		2	4	0.4215	True	3.402963	0.750	0.002785	
2025-09-08 16:22:17.387	continuous	5885	2	->		3	4	0.4727	True	1.581466	0.750	0.002785	
2025-09-08 16:22:17.387	continuous	5886	2	->	3	4	4	0.4771	True	0.812801	0.750	0.002785	
2025-09-08 16:22:17.387	continuous	5887	1	->	2	3	4	0.4646	True	1.526200	0.750	0.002785	
2025-09-08 16:22:17.387	continuous	5888	3	->	4	5	4	0.3498	True	1.246272	0.750	0.002784	
2025-09-08 16:22:17.387	continuous	5889	3	->		4	4	0.3956	True	0.995993	0.750	0.002784	
2025-09-08 16:22:17.388	continuous	5890	4	->		5	4	0.3386	True	1.224600	0.750	0.002784	
2025-09-08 16:22:17.388	continuous	5891	2	->	3	4	4	0.4791	True	0.808070	0.750	0.002783	
2025-09-08 16:22:17.388	continuous	5892	2	->	3	4	4	0.4822	True	0.785074	0.750	0.002783	
2025-09-08 16:22:17.388	continuous	5893	3	->	4	5	4	0.3547	True	1.248906	0.750	0.002783	
2025-09-08 16:22:17.388	continuous	5894	2	->	3	4	4	0.4846	True	0.774936	0.750	0.002783	
2025-09-08 16:22:17.388	continuous	5895	2	->	3	4	4	0.4880	True	0.753007	0.750	0.002782	
2025-09-08 16:22:17.389	continuous	5896	4	->	5	6	4	0.3095	True	2.622776	0.750	0.002782	
2025-09-08 16:22:17.389	continuous	5897	2	->		3	4	0.4809	True	1.612146	0.750	0.002782	
2025-09-08 16:22:17.389	continuous	5898	4	->		5	4	0.3402	True	1.247694	0.750	0.002782	
2025-09-08 16:22:17.389	continuous	5899	5	->		6	4	0.3576	True	2.766239	0.750	0.002781	
2025-09-08 16:22:17.389	continuous	5900	4	->		5	4	0.3381	True	1.235349	0.750	0.002781	
2025-09-08 16:22:17.389	continuous	5901	2	->		3	4	0.4744	True	1.578782	0.750	0.002781	
2025-09-08 16:22:17.390	continuous	5902	3	->		4	4	0.3966	True	0.978746	0.750	0.002780	
2025-09-08 16:22:17.390	continuous	5903	3	->		4	4	0.3985	True	0.961248	0.750	0.002780	
2025-09-08 16:22:17.390	continuous	5904	4	->		5	4	0.3399	True	1.245745	0.750	0.002780	
2025-09-08 16:22:17.390	continuous	5905	2	->	3	4	4	0.4843	True	0.767478	0.750	0.002780	
2025-09-08 16:22:17.390	continuous	5906	4	->	5	6	4	0.3070	True	2.591578	0.750	0.002779	
2025-09-08 16:22:17.391	continuous	5907	3	->	4	5	4	0.3533	True	1.261953	0.750	0.002779	
2025-09-08 16:22:17.391	continuous	5908	2	->	3	4	4	0.4848	True	0.760929	0.750	0.002779	
2025-09-08 16:22:17.391	continuous	5909	2	->	3	4	4	0.4883	True	0.739550	0.750	0.002778	
2025-09-08 16:22:17.391	continuous	5910	3	->		4	4	0.4043	True	0.912330	0.750	0.002778	
2025-09-08 16:22:17.391	continuous	5911	3	->	4	5	4	0.3583	True	1.279752	0.750	0.002778	
2025-09-08 16:22:17.391	continuous	5912	4	->		5	4	0.3437	True	1.244327	0.750	0.002778	
2025-09-08 16:22:17.392	continuous	5913	5	->		6	4	0.3612	True	2.751206	0.750	0.002777	
2025-09-08 16:22:17.392	continuous	5914	1	->	2	3	4	0.4715	True	1.616341	0.750	0.002777	
2025-09-08 16:22:17.392	continuous	5915	4	->		5	4	0.3401	True	1.238342	0.750	0.002777	
2025-09-08 16:22:17.392	continuous	5916	5	->		6	4	0.3571	True	2.722149	0.750	0.002777	
2025-09-08 16:22:17.392	continuous	5917	5	->		6	4	0.3544	True	2.692243	0.750	0.002776	
2025-09-08 16:22:17.393	continuous	5918	3	->	4	5	4	0.3498	True	1.245694	0.750	0.002776	
2025-09-08 16:22:17.393	continuous	5919	3	->	4	5	4	0.3502	True	1.229310	0.750	0.002776	
2025-09-08 16:22:17.393	continuous	5920	4	->		5	4	0.3367	True	1.198514	0.750	0.002775	
2025-09-08 16:22:17.393	continuous	5921	3	->	4	5	4	0.3513	True	1.197953	0.750	0.002775	
2025-09-08 16:22:17.393	continuous	5922	3	->		4	4	0.3971	True	0.995611	0.750	0.002775	
2025-09-08 16:22:17.393	continuous	5923	3	->		4	4	0.3989	True	0.977634	0.750	0.002775	
2025-09-08 16:22:17.394	continuous	5924	3	->		4	4	0.4008	True	0.959960	0.750	0.002774	
2025-09-08 16:22:17.394	continuous	5925	4	->		5	4	0.3416	True	1.198229	0.750	0.002774	
2025-09-08 16:22:17.394	continuous	5926	3	->	4	5	4	0.3568	True	1.198345	0.750	0.002774	
2025-09-08 16:22:17.394	continuous	5927	2	->	3	4	4	0.4865	True	0.777497	0.750	0.002773	
2025-09-08 16:22:17.395	continuous	5928	4	->		5	4	0.3440	True	1.179988	0.750	0.002773	
2025-09-08 16:22:17.395	continuous	5929	3	->	4	5	4	0.3592	True	1.179676	0.750	0.002773	
2025-09-08 16:22:17.395	continuous	5930	2	->		3	4	0.4809	True	1.717376	0.750	0.002773	
2025-09-08 16:22:17.395	continuous	5931	1	->	2	3	4	0.4698	True	1.641581	0.750	0.002772	
2025-09-08 16:22:17.396	continuous	5932	4	->		5	4	0.3424	True	1.164854	0.750	0.002772	
2025-09-08 16:22:17.396	continuous	5933	4	->		5	5	0.3432	True	1.150340	0.750	0.002772	
2025-09-08 16:22:17.396	continuous	5934	1	->	2	3	4	0.4682	True	1.614075	0.750	0.002772	
2025-09-08 16:22:17.396	continuous	5935	5	->		6	4	0.3579	True	2.710787	0.750	0.002771	
2025-09-08 16:22:17.396	continuous	5936	3	->	4	5	4	0.3539	True	1.160620	0.750	0.002771	
2025-09-08 16:22:17.397	continuous	5937	2	->		3	4	0.4703	True	1.603981	0.750	0.002771	
2025-09-08 16:22:17.397	continuous	5938	2	->	3	4	4	0.4737	True	0.877457	0.750	0.002770	
2025-09-08 16:22:17.397	continuous	5939	4	->		5	5	0.3407	True	1.153430	0.750	0.002770	
2025-09-08 16:22:17.397	continuous	5940	4	->		5	5	0.3416	True	1.139117	0.750	0.002770	
2025-09-08 16:22:17.397	continuous	5941	3	->		4	4	0.3990	True	1.047740	0.750	0.002770	
2025-09-08 16:22:17.397	continuous	5942	4	->	5	6	5	0.3093	True	2.546292	0.750	0.002769	
2025-09-08 16:22:17.398	continuous	5943	3	->	4	5	4	0.3548	True	1.150689	0.750	0.002769	
2025-09-08 16:22:17.398	continuous	5944	4	->		5	5	0.3422	True	1.123942	0.750	0.002769	
2025-09-08 16:22:17.398	continuous	5945	3	->		4	4	0.3997	True	1.052351	0.750	0.002769	
2025-09-08 16:22:17.398	continuous	5946	3	->	4	5	5	0.3577	True	1.131484	0.750	0.002768	
2025-09-08 16:22:17.398	continuous	5947	2	->	3	4	4	0.4791	True	0.872235	0.750	0.002768	
2025-09-08 16:22:17.399	continuous	5948	2	->		3	4	0.4751	True	1.654684	0.750	0.002768	
2025-09-08 16:22:17.399	continuous	5949	3	->		4	4	0.4011	True	1.034548	0.750	0.002767	
2025-09-08 16:22:17.399	continuous	5950	4	->		5	5	0.3449	True	1.135818	0.750	0.002767	
2025-09-08 16:22:17.399	continuous	5951	3	->	4	5	5	0.3598	True	1.133450	0.750	0.002767	
2025-09-08 16:22:17.399	continuous	5952	3	->		4	4	0.4038	True	1.036389	0.750	0.002767	
2025-09-08 16:22:17.399	continuous	5953	2	->	3	4	4	0.4831	True	0.842666	0.750	0.002766	
2025-09-08 16:22:17.400	continuous	5954	2	->	3	4	4	0.4859	True	0.817400	0.750	0.002766	
2025-09-08 16:22:17.400	continuous	5955	3	->	4	5	4	0.3638	True	1.155631	0.750	0.002766	
2025-09-08 16:22:17.400	continuous	5956	5	->		6	4	0.3649	True	2.718966	0.750	0.002765	
2025-09-08 16:22:17.400	continuous	5957	3	->		4	4	0.4061	True	0.990473	0.750	0.002765	
2025-09-08 16:22:17.401	continuous	5958	4	->		5	5	0.3484	True	1.140851	0.750	0.002765	
2025-09-08 16:22:17.401	continuous	5959	3	->	4	5	4	0.3640	True	1.139297	0.750	0.002765	
2025-09-08 16:22:17.401	continuous	5960	2	->	3	4	4	0.4882	True	0.815121	0.750	0.002764	
2025-09-08 16:22:17.401	continuous	5961	2	->	3	4	4	0.4911	True	0.790693	0.750	0.002764	
2025-09-08 16:22:17.401	continuous	5962	2	->	3	4	4	0.4942	True	0.767207	0.750	0.002764	
2025-09-08 16:22:17.401	continuous	5963	4	->	5	6	4	0.3179	True	2.554293	0.750	0.002764	
2025-09-08 16:22:17.402	continuous	5964	2	->	3	4	4	0.4955	True	0.747537	0.750	0.002763	
2025-09-08 16:22:17.402	continuous	5965	2	->		3	4	0.4897	True	1.772707	0.750	0.002763	
2025-09-08 16:22:17.402	continuous	5966	4	->		5	4	0.3495	True	1.170511	0.750	0.002763	
2025-09-08 16:22:17.402	continuous	5967	1	->	2	3	4	0.4765	True	1.697445	0.750	0.002762	
2025-09-08 16:22:17.402	continuous	5968	4	->		5	4	0.3486	True	1.162997	0.750	0.002762	
2025-09-08 16:22:17.403	continuous	5969	3	->		4	4	0.4089	True	0.964714	0.750	0.002762	
2025-09-08 16:22:17.403	continuous	5970	4	->		5	4	0.3504	True	1.158434	0.750	0.002762	
2025-09-08 16:22:17.403	continuous	5971	3	->		4	4	0.4111	True	0.956952	0.750	0.002761	
2025-09-08 16:22:17.403	continuous	5972	2	->	3	4	4	0.4956	True	0.751889	0.750	0.002761	
2025-09-08 16:22:17.403	continuous	5973	2	->	3	4	4	0.4990	True	0.729835	0.750	0.002761	
2025-09-08 16:22:17.404	continuous	5974	3	->		4	4	0.4169	True	0.900988	0.750	0.002760	
2025-09-08 16:22:17.404	continuous	5975	4	->	5	6	4	0.3205	True	2.558829	0.750	0.002760	
2025-09-08 16:22:17.404	continuous	5976	3	->	4	5	4	0.3700	True	1.210162	0.750	0.002760	
2025-09-08 16:22:17.404	continuous	5977	3	->	4	5	4	0.3703	True	1.192974	0.750	0.002760	
2025-09-08 16:22:17.404	continuous	5978	4	->		5	4	0.3544	True	1.159591	0.750	0.002759	
2025-09-08 16:22:17.405	continuous	5979	2	->	3	4	4	0.5009	True	0.732102	0.750	0.002759	
2025-09-08 16:22:17.405	continuous	5980	4	->		5	4	0.3562	True	1.156887	0.750	0.002759	
2025-09-08 16:22:17.405	continuous	5981	3	->	4	5	4	0.3731	True	1.157975	0.750	0.002759	
2025-09-08 16:22:17.405	continuous	5982	2	->	3	4	4	0.5028	True	0.736373	0.750	0.002758	
2025-09-08 16:22:17.405	continuous	5983	3	->	4	5	4	0.3750	True	1.155009	0.750	0.002758	
2025-09-08 16:22:17.405	continuous	5984	3	->		4	4	0.4211	True	0.917100	0.750	0.002758	
2025-09-08 16:22:17.406	continuous	5985	4	->		5	4	0.3605	True	1.133931	0.750	0.002757	
2025-09-08 16:22:17.406	continuous	5986	4	->	5	6	5	0.3260	True	2.567337	0.750	0.002757	
2025-09-08 16:22:17.406	continuous	5987	2	->		3	4	0.4966	True	1.853062	0.750	0.002757	
2025-09-08 16:22:17.406	continuous	5988	1	->	2	3	4	0.4833	True	1.767305	0.750	0.002757	
2025-09-08 16:22:17.406	continuous	5989	4	->	5	6	5	0.3198	True	2.539491	0.750	0.002756	
2025-09-08 16:22:17.406	continuous	5990	4	->		5	4	0.3523	True	1.139861	0.750	0.002756	
2025-09-08 16:22:17.407	continuous	5991	2	->	3	4	4	0.4953	True	0.768344	0.750	0.002756	
2025-09-08 16:22:17.407	continuous	5992	5	->		6	4	0.3692	True	2.678267	0.750	0.002756	
2025-09-08 16:22:17.407	continuous	5993	2	->	3	4	4	0.4961	True	0.749447	0.750	0.002755	
2025-09-08 16:22:17.407	continuous	5994	1	->	2	3	4	0.4799	True	1.750123	0.750	0.002755	
2025-09-08 16:22:17.407	continuous	5995	3	->		4	4	0.4122	True	0.933239	0.750	0.002755	
2025-09-08 16:22:17.408	continuous	5996	3	->	4	5	4	0.3686	True	1.188251	0.750	0.002754	
2025-09-08 16:22:17.408	continuous	5997	2	->	3	4	4	0.4980	True	0.735312	0.750	0.002754	
2025-09-08 16:22:17.408	continuous	5998	2	->	3	4	4	0.5016	True	0.713742	0.750	0.002754	
2025-09-08 16:22:17.408	continuous	5999	2	->	3	4	4	0.5053	True	0.692976	0.750	0.002754	
2025-09-08 16:22:17.409	continuous	6000	1	->	2	3	4	0.4860	True	1.765249	0.750	0.002753	
2025-09-08 16:22:17.409	continuous	6001	4	->		5	4	0.3538	True	1.197771	0.750	0.002753	
2025-09-08 16:22:17.409	continuous	6002	3	->		4	4	0.4177	True	0.895702	0.750	0.002753	
2025-09-08 16:22:17.409	continuous	6003	3	->	4	5	4	0.3733	True	1.212157	0.750	0.002752	
2025-09-08 16:22:17.409	continuous	6004	2	->	3	4	4	0.5060	True	0.694387	0.750	0.002752	
2025-09-08 16:22:17.409	continuous	6005	5	->		6	4	0.3730	True	2.684183	0.750	0.002752	
2025-09-08 16:22:17.410	continuous	6006	2	->		3	4	0.4964	True	1.795173	0.750	0.002752	
2025-09-08 16:22:17.410	continuous	6007	3	->	4	5	4	0.3701	True	1.215807	0.750	0.002751	
2025-09-08 16:22:17.410	continuous	6008	3	->		4	4	0.4161	True	0.904229	0.750	0.002751	
2025-09-08 16:22:17.410	continuous	6009	2	->		3	4	0.4944	True	1.764692	0.750	0.002751	
2025-09-08 16:22:17.411	continuous	6010	3	->	4	5	4	0.3699	True	1.215318	0.750	0.002751	
2025-09-08 16:22:17.411	continuous	6011	2	->		3	4	0.4896	True	1.720414	0.750	0.002750	
2025-09-08 16:22:17.412	continuous	6012	4	->		5	4	0.3513	True	1.186630	0.750	0.002750	
2025-09-08 16:22:17.412	continuous	6013	2	->	3	4	4	0.4948	True	0.747610	0.750	0.002750	
2025-09-08 16:22:17.412	continuous	6014	4	->	5	6	4	0.3180	True	2.510770	0.750	0.002749	
2025-09-08 16:22:17.413	continuous	6015	4	->		5	4	0.3506	True	1.186412	0.750	0.002749	
2025-09-08 16:22:17.413	continuous	6016	3	->		4	4	0.4130	True	0.933289	0.750	0.002749	
2025-09-08 16:22:17.413	continuous	6017	3	->		4	4	0.4150	True	0.915600	0.750	0.002749	
2025-09-08 16:22:17.413	continuous	6018	3	->		4	4	0.4172	True	0.898243	0.750	0.002748	
2025-09-08 16:22:17.413	continuous	6019	3	->	4	5	4	0.3732	True	1.222168	0.750	0.002748	
2025-09-08 16:22:17.413	continuous	6020	3	->	4	5	4	0.3734	True	1.204485	0.750	0.002748	
2025-09-08 16:22:17.414	continuous	6021	3	->	4	5	4	0.3738	True	1.187032	0.750	0.002748	
2025-09-08 16:22:17.414	continuous	6022	5	->		6	4	0.3715	True	2.666494	0.750	0.002747	
2025-09-08 16:22:17.414	continuous	6023	2	->	3	4	4	0.4996	True	0.728353	0.750	0.002747	
2025-09-08 16:22:17.414	continuous	6024	3	->	4	5	4	0.3730	True	1.186402	0.750	0.002747	
2025-09-08 16:22:17.414	continuous	6025	3	->	4	5	4	0.3734	True	1.169218	0.750	0.002746	
2025-09-08 16:22:17.414	continuous	6026	3	->		4	4	0.4185	True	0.925315	0.750	0.002746	
2025-09-08 16:22:17.415	continuous	6027	2	->		3	4	0.4945	True	1.800183	0.750	0.002746	
2025-09-08 16:22:17.415	continuous	6028	4	->		5	4	0.3555	True	1.154242	0.750	0.002746	
2025-09-08 16:22:17.415	continuous	6029	2	->	3	4	4	0.4995	True	0.742492	0.750	0.002745	
2025-09-08 16:22:17.415	continuous	6030	3	->		4	4	0.4199	True	0.912960	0.750	0.002745	
2025-09-08 16:22:17.415	continuous	6031	3	->		4	4	0.4220	True	0.895426	0.750	0.002745	
2025-09-08 16:22:17.416	continuous	6032	4	->		5	4	0.3598	True	1.172898	0.750	0.002745	
2025-09-08 16:22:17.416	continuous	6033	4	->	5	6	4	0.3249	True	2.514223	0.750	0.002744	
2025-09-08 16:22:17.416	continuous	6034	4	->		5	4	0.3580	True	1.160502	0.750	0.002744	
2025-09-08 16:22:17.416	continuous	6035	3	->		4	4	0.4220	True	0.903703	0.750	0.002744	
2025-09-08 16:22:17.416	continuous	6036	4	->		5	4	0.3599	True	1.155937	0.750	0.002743	
2025-09-08 16:22:17.417	continuous	6037	2	->	3	4	4	0.5082	True	0.704338	0.750	0.002743	
2025-09-08 16:22:17.417	continuous	6038	3	->		4	4	0.4263	True	0.878420	0.750	0.002743	
2025-09-08 16:22:17.417	continuous	6039	3	->		4	4	0.4285	True	0.861442	0.750	0.002743	
2025-09-08 16:22:17.417	continuous	6040	3	->		4	4	0.4309	True	0.844804	0.750	0.002742	
2025-09-08 16:22:17.417	continuous	6041	2	->	3	4	4	0.5229	True	0.630857	0.750	0.002742	
2025-09-08 16:22:17.418	continuous	6042	2	->		3	4	0.5144	True	1.907381	0.750	0.002742	
2025-09-08 16:22:17.418	continuous	6043	4	->		5	4	0.3648	True	1.202105	0.750	0.002742	
2025-09-08 16:22:17.418	continuous	6044	4	->	5	6	4	0.3291	True	2.520669	0.750	0.002741	
2025-09-08 16:22:17.418	continuous	6045	2	->	3	4	4	0.5180	True	0.644692	0.750	0.002741	
2025-09-08 16:22:17.418	continuous	6046	3	->		4	4	0.4320	True	0.825758	0.750	0.002741	
2025-09-08 16:22:17.418	continuous	6047	5	->		6	4	0.3816	True	2.665089	0.750	0.002740	
2025-09-08 16:22:17.419	continuous	6048	4	->		5	4	0.3628	True	1.213993	0.750	0.002740	
2025-09-08 16:22:17.419	continuous	6049	2	->		3	4	0.5090	True	1.886425	0.750	0.002740	
2025-09-08 16:22:17.419	continuous	6050	4	->		5	4	0.3607	True	1.202312	0.750	0.002740	
2025-09-08 16:22:17.419	continuous	6051	2	->	3	4	4	0.5149	True	0.655049	0.750	0.002739	
2025-09-08 16:22:17.419	continuous	6052	2	->	3	4	4	0.5190	True	0.636127	0.750	0.002739	
2025-09-08 16:22:17.420	continuous	6053	1	->	2	3	4	0.4960	True	1.824663	0.750	0.002739	
2025-09-08 16:22:17.420	continuous	6054	3	->	4	5	4	0.3816	True	1.239104	0.750	0.002738	
2025-09-08 16:22:17.420	continuous	6055	4	->		5	4	0.3617	True	1.198423	0.750	0.002738	
2025-09-08 16:22:17.420	continuous	6056	4	->	5	6	4	0.3262	True	2.491172	0.750	0.002738	
2025-09-08 16:22:17.420	continuous	6057	1	->	2	3	4	0.4883	True	1.783169	0.750	0.002738	
2025-09-08 16:22:17.421	continuous	6058	3	->		4	4	0.4231	True	0.873982	0.750	0.002737	
2025-09-08 16:22:17.421	continuous	6059	3	->	4	5	4	0.3790	True	1.224145	0.750	0.002737	
2025-09-08 16:22:17.421	continuous	6060	5	->		6	4	0.3744	True	2.625724	0.750	0.002737	
2025-09-08 16:22:17.421	continuous	6061	3	->	4	5	4	0.3765	True	1.208708	0.750	0.002737	
2025-09-08 16:22:17.421	continuous	6062	4	->		5	4	0.3572	True	1.171762	0.750	0.002736	
2025-09-08 16:22:17.421	continuous	6063	3	->		4	4	0.4221	True	0.897081	0.750	0.002736	
2025-09-08 16:22:17.422	continuous	6064	3	->		4	4	0.4244	True	0.879672	0.750	0.002736	
2025-09-08 16:22:17.422	continuous	6065	4	->		5	4	0.3605	True	1.177771	0.750	0.002735	
2025-09-08 16:22:17.422	continuous	6066	2	->		3	4	0.5004	True	1.837989	0.750	0.002735	
2025-09-08 16:22:17.422	continuous	6067	2	->		3	4	0.4961	True	1.785459	0.750	0.002735	
2025-09-08 16:22:17.422	continuous	6068	3	->		4	4	0.4206	True	0.903261	0.750	0.002735	
2025-09-08 16:22:17.422	continuous	6069	5	->		6	4	0.3727	True	2.615128	0.750	0.002734	
2025-09-08 16:22:17.423	continuous	6070	3	->		4	4	0.4203	True	0.891277	0.750	0.002734	
2025-09-08 16:22:17.423	continuous	6071	3	->		4	4	0.4226	True	0.874079	0.750	0.002734	
2025-09-08 16:22:17.423	continuous	6072	3	->	4	5	4	0.3789	True	1.231054	0.750	0.002734	
2025-09-08 16:22:17.423	continuous	6073	2	->	3	4	4	0.5094	True	0.672792	0.750	0.002733	
2025-09-08 16:22:17.423	continuous	6074	2	->	3	4	4	0.5135	True	0.653173	0.750	0.002733	
2025-09-08 16:22:17.423	continuous	6075	5	->		6	4	0.3764	True	2.608272	0.750	0.002733	
2025-09-08 16:22:17.424	continuous	6076	2	->	3	4	4	0.5149	True	0.639323	0.750	0.002732	
2025-09-08 16:22:17.424	continuous	6077	4	->		5	4	0.3601	True	1.229687	0.750	0.002732	
2025-09-08 16:22:17.424	continuous	6078	5	->		6	4	0.3753	True	2.585269	0.750	0.002732	
2025-09-08 16:22:17.424	continuous	6079	4	->		5	4	0.3578	True	1.215976	0.750	0.002732	
2025-09-08 16:22:17.424	continuous	6080	1	->	2	3	4	0.4870	True	1.791759	0.750	0.002731	
2025-09-08 16:22:17.425	continuous	6081	2	->	3	4	4	0.5088	True	0.664360	0.750	0.002731	
2025-09-08 16:22:17.425	continuous	6082	2	->		3	4	0.5003	True	1.801328	0.750	0.002731	
2025-09-08 16:22:17.425	continuous	6083	2	->	3	4	4	0.5081	True	0.662129	0.750	0.002731	
2025-09-08 16:22:17.425	continuous	6084	3	->	4	5	4	0.3776	True	1.258709	0.750	0.002730	
2025-09-08 16:22:17.425	continuous	6085	4	->		5	4	0.3568	True	1.216768	0.750	0.002730	
2025-09-08 16:22:17.426	continuous	6086	5	->		6	4	0.3715	True	2.567406	0.750	0.002730	
2025-09-08 16:22:17.426	continuous	6087	3	->	4	5	4	0.3751	True	1.225650	0.750	0.002729	
2025-09-08 16:22:17.426	continuous	6088	5	->		6	4	0.3690	True	2.540359	0.750	0.002729	
2025-09-08 16:22:17.426	continuous	6089	1	->	2	3	4	0.4780	True	1.735926	0.750	0.002729	
2025-09-08 16:22:17.426	continuous	6090	2	->	3	4	4	0.4984	True	0.705048	0.750	0.002729	
2025-09-08 16:22:17.427	continuous	6091	3	->	4	5	4	0.3723	True	1.230001	0.750	0.002728	
2025-09-08 16:22:17.427	continuous	6092	4	->		5	4	0.3524	True	1.191756	0.750	0.002728	
2025-09-08 16:22:17.427	continuous	6093	2	->	3	4	4	0.4999	True	0.709311	0.750	0.002728	
2025-09-08 16:22:17.427	continuous	6094	2	->	3	4	4	0.5038	True	0.688280	0.750	0.002728	
2025-09-08 16:22:17.428	continuous	6095	4	->		5	4	0.3554	True	1.200116	0.750	0.002727	
2025-09-08 16:22:17.428	continuous	6096	2	->	3	4	4	0.5065	True	0.679938	0.750	0.002727	
2025-09-08 16:22:17.428	continuous	6097	2	->	3	4	4	0.5105	True	0.660042	0.750	0.002727	
2025-09-08 16:22:17.428	continuous	6098	2	->	3	4	4	0.5147	True	0.640951	0.750	0.002726	
2025-09-08 16:22:17.429	continuous	6099	3	->	4	5	4	0.3812	True	1.244841	0.750	0.002726	
2025-09-08 16:22:17.429	continuous	6100	3	->	4	5	4	0.3811	True	1.226100	0.750	0.002726	
2025-09-08 16:22:17.429	continuous	6101	1	->	2	3	4	0.4883	True	1.806812	0.750	0.002726	
2025-09-08 16:22:17.429	continuous	6102	4	->	5	6	4	0.3222	True	2.407329	0.750	0.002725	
2025-09-08 16:22:17.429	continuous	6103	4	->	5	6	4	0.3199	True	2.385173	0.750	0.002725	
2025-09-08 16:22:17.429	continuous	6104	2	->	3	4	4	0.5066	True	0.670382	0.750	0.002725	
2025-09-08 16:22:17.430	continuous	6105	2	->	3	4	4	0.5107	True	0.650851	0.750	0.002725	
2025-09-08 16:22:17.430	continuous	6106	3	->	4	5	4	0.3779	True	1.245109	0.750	0.002724	
2025-09-08 16:22:17.430	continuous	6107	2	->	3	4	4	0.5131	True	0.645081	0.750	0.002724	
2025-09-08 16:22:17.430	continuous	6108	4	->	5	6	4	0.3213	True	2.376604	0.750	0.002724	
2025-09-08 16:22:17.430	continuous	6109	3	->		4	4	0.4246	True	0.839854	0.750	0.002723	
2025-09-08 16:22:17.431	continuous	6110	3	->	4	5	4	0.3794	True	1.253997	0.750	0.002723	
2025-09-08 16:22:17.431	continuous	6111	4	->		5	4	0.3574	True	1.211641	0.750	0.002723	
2025-09-08 16:22:17.431	continuous	6112	4	->		5	4	0.3578	True	1.195569	0.750	0.002723	
2025-09-08 16:22:17.431	continuous	6113	3	->		4	4	0.4259	True	0.856956	0.750	0.002722	
2025-09-08 16:22:17.431	continuous	6114	3	->		4	4	0.4284	True	0.840269	0.750	0.002722	
2025-09-08 16:22:17.432	continuous	6115	4	->	5	6	4	0.3244	True	2.376358	0.750	0.002722	
2025-09-08 16:22:17.432	continuous	6116	1	->	2	3	4	0.4904	True	1.858158	0.750	0.002722	
2025-09-08 16:22:17.432	continuous	6117	3	->		4	4	0.4256	True	0.842505	0.750	0.002721	
2025-09-08 16:22:17.432	continuous	6118	2	->	3	4	4	0.5192	True	0.617607	0.750	0.002721	
2025-09-08 16:22:17.432	continuous	6119	3	->	4	5	4	0.3826	True	1.258093	0.750	0.002721	
2025-09-08 16:22:17.432	continuous	6120	1	->	2	3	4	0.4911	True	1.840701	0.750	0.002720	
2025-09-08 16:22:17.433	continuous	6121	2	->	3	4	4	0.5166	True	0.627878	0.750	0.002720	
2025-09-08 16:22:17.433	continuous	6122	4	->		5	4	0.3588	True	1.231014	0.750	0.002720	
2025-09-08 16:22:17.433	continuous	6123	2	->	3	4	4	0.5192	True	0.621464	0.750	0.002720	
2025-09-08 16:22:17.433	continuous	6124	1	->	2	3	4	0.4923	True	1.824896	0.750	0.002719	
2025-09-08 16:22:17.433	continuous	6125	4	->	5	6	4	0.3217	True	2.369491	0.750	0.002719	
2025-09-08 16:22:17.434	continuous	6126	3	->		4	4	0.4259	True	0.832760	0.750	0.002719	
2025-09-08 16:22:17.434	continuous	6127	2	->	3	4	4	0.5207	True	0.606159	0.750	0.002719	
2025-09-08 16:22:17.434	continuous	6128	1	->	2	3	4	0.4922	True	1.802361	0.750	0.002718	
2025-09-08 16:22:17.434	continuous	6129	3	->		4	4	0.4280	True	0.815601	0.750	0.002718	
2025-09-08 16:22:17.434	continuous	6130	5	->		6	4	0.3737	True	2.499728	0.750	0.002718	
2025-09-08 16:22:17.435	continuous	6131	2	->		3	4	0.5066	True	1.817112	0.750	0.002717	
2025-09-08 16:22:17.435	continuous	6132	2	->	3	4	4	0.5162	True	0.611827	0.750	0.002717	
2025-09-08 16:22:17.435	continuous	6133	3	->		4	4	0.4274	True	0.806941	0.750	0.002717	
2025-09-08 16:22:17.435	continuous	6134	2	->	3	4	4	0.5251	True	0.579357	0.750	0.002717	
2025-09-08 16:22:17.435	continuous	6135	3	->	4	5	4	0.3833	True	1.341744	0.750	0.002716	
2025-09-08 16:22:17.435	continuous	6136	3	->		4	4	0.4318	True	0.788247	0.750	0.002716	
2025-09-08 16:22:17.436	continuous	6137	2	->	3	4	4	0.5314	True	0.560746	0.750	0.002716	
2025-09-08 16:22:17.436	continuous	6138	3	->		4	4	0.4376	True	0.758595	0.750	0.002716	
2025-09-08 16:22:17.436	continuous	6139	4	->		5	4	0.3638	True	1.321835	0.750	0.002715	
2025-09-08 16:22:17.436	continuous	6140	4	->		5	4	0.3635	True	1.304026	0.750	0.002715	
2025-09-08 16:22:17.437	continuous	6141	4	->		5	4	0.3633	True	1.286446	0.750	0.002715	
2025-09-08 16:22:17.437	continuous	6142	4	->	5	6	4	0.3258	True	2.366367	0.750	0.002714	
2025-09-08 16:22:17.437	continuous	6143	3	->		4	4	0.4351	True	0.780516	0.750	0.002714	
2025-09-08 16:22:17.437	continuous	6144	3	->		4	4	0.4381	True	0.765485	0.750	0.002714	
2025-09-08 16:22:17.437	continuous	6145	2	->	3	4	4	0.5399	True	0.538678	0.750	0.002714	
2025-09-08 16:22:17.437	continuous	6146	5	->		6	4	0.3823	True	2.503538	0.750	0.002713	
2025-09-08 16:22:17.438	continuous	6147	4	->	5	6	4	0.3253	True	2.332857	0.750	0.002713	
2025-09-08 16:22:17.438	continuous	6148	3	->		4	4	0.4387	True	0.748653	0.750	0.002713	
2025-09-08 16:22:17.438	continuous	6149	1	->	2	3	4	0.5047	True	1.874080	0.750	0.002713	
2025-09-08 16:22:17.438	continuous	6150	3	->		4	4	0.4380	True	0.749968	0.750	0.002712	
2025-09-08 16:22:17.438	continuous	6151	4	->		5	4	0.3625	True	1.330444	0.750	0.002712	
2025-09-08 16:22:17.439	continuous	6152	3	->		4	4	0.4399	True	0.746078	0.750	0.002712	
2025-09-08 16:22:17.439	continuous	6153	4	->		5	4	0.3641	True	1.323028	0.750	0.002712	
2025-09-08 16:22:17.439	continuous	6154	1	->	2	3	4	0.5033	True	1.857892	0.750	0.002711	
2025-09-08 16:22:17.439	continuous	6155	4	->	5	6	4	0.3234	True	2.325548	0.750	0.002711	
2025-09-08 16:22:17.439	continuous	6156	3	->		4	4	0.4357	True	0.762803	0.750	0.002711	
2025-09-08 16:22:17.440	continuous	6157	4	->		5	4	0.3609	True	1.320720	0.750	0.002710	
2025-09-08 16:22:17.440	continuous	6158	3	->		4	4	0.4376	True	0.758597	0.750	0.002710	
2025-09-08 16:22:17.440	continuous	6159	3	->		4	4	0.4408	True	0.744071	0.750	0.002710	
2025-09-08 16:22:17.440	continuous	6160	3	->		4	4	0.4440	True	0.729865	0.750	0.002710	
2025-09-08 16:22:17.440	continuous	6161	2	->	3	4	4	0.5494	True	0.504430	0.750	0.002709	
2025-09-08 16:22:17.441	continuous	6162	2	->		3	4	0.5359	True	1.951273	0.750	0.002709	
2025-09-08 16:22:17.441	continuous	6163	2	->	3	4	4	0.5472	True	0.509082	0.750	0.002709	
2025-09-08 16:22:17.441	continuous	6164	3	->		4	4	0.4487	True	0.707476	0.750	0.002709	
2025-09-08 16:22:17.441	continuous	6165	4	->		5	4	0.3691	True	1.366768	0.750	0.002708	
2025-09-08 16:22:17.441	continuous	6166	3	->	4	5	4	0.3973	True	1.390856	0.750	0.002708	
2025-09-08 16:22:17.441	continuous	6167	4	->	5	6	4	0.3292	True	2.339099	0.750	0.002708	
2025-09-08 16:22:17.442	continuous	6168	3	->	4	5	4	0.3938	True	1.370069	0.750	0.002707	
2025-09-08 16:22:17.442	continuous	6169	2	->	3	4	4	0.5443	True	0.521692	0.750	0.002707	
2025-09-08 16:22:17.442	continuous	6170	1	->	2	3	4	0.5087	True	1.878955	0.750	0.002707	
2025-09-08 16:22:17.442	continuous	6171	3	->	4	5	4	0.3918	True	1.362919	0.750	0.002707	
2025-09-08 16:22:17.442	continuous	6172	2	->	3	4	4	0.5398	True	0.535845	0.750	0.002706	
2025-09-08 16:22:17.442	continuous	6173	3	->	4	5	4	0.3930	True	1.353940	0.750	0.002706	
2025-09-08 16:22:17.443	continuous	6174	3	->	4	5	4	0.3921	True	1.332672	0.750	0.002706	
2025-09-08 16:22:17.443	continuous	6175	1	->	2	3	4	0.5009	True	1.848940	0.750	0.002706	
2025-09-08 16:22:17.443	continuous	6176	1	->	2	3	4	0.4961	True	1.796413	0.750	0.002705	
2025-09-08 16:22:17.443	continuous	6177	3	->	4	5	4	0.3858	True	1.318814	0.750	0.002705	
2025-09-08 16:22:17.443	continuous	6178	3	->		4	4	0.4332	True	0.801050	0.750	0.002705	
2025-09-08 16:22:17.444	continuous	6179	1	->	2	3	4	0.4935	True	1.764577	0.750	0.002704	
2025-09-08 16:22:17.444	continuous	6180	4	->	5	6	4	0.3221	True	2.330498	0.750	0.002704	
2025-09-08 16:22:17.444	continuous	6181	1	->		2	4	0.4410	True	3.787258	0.750	0.002704	
2025-09-08 16:22:17.445	continuous	6182	3	->	4	5	4	0.3790	True	1.316393	0.750	0.002704	
2025-09-08 16:22:17.445	continuous	6183	2	->		3	4	0.5007	True	1.764610	0.750	0.002703	
2025-09-08 16:22:17.445	continuous	6184	2	->		3	4	0.4961	True	1.712295	0.750	0.002703	
2025-09-08 16:22:17.446	continuous	6185	3	->		4	4	0.4199	True	0.859722	0.750	0.002703	
2025-09-08 16:22:17.446	continuous	6186	4	->		5	4	0.3508	True	1.285276	0.750	0.002703	
2025-09-08 16:22:17.446	continuous	6187	3	->		4	4	0.4219	True	0.853166	0.750	0.002702	
2025-09-08 16:22:17.446	continuous	6188	3	->	4	5	4	0.3780	True	1.309676	0.750	0.002702	
2025-09-08 16:22:17.447	continuous	6189	4	->		5	4	0.3525	True	1.260788	0.750	0.002702	
2025-09-08 16:22:17.447	continuous	6190	1	->	2	3	4	0.4776	True	1.659201	0.750	0.002701	
2025-09-08 16:22:17.447	continuous	6191	3	->		4	4	0.4206	True	0.873246	0.750	0.002701	
2025-09-08 16:22:17.447	continuous	6192	1	->	2	3	4	0.4772	True	1.627515	0.750	0.002701	
2025-09-08 16:22:17.447	continuous	6193	4	->		5	4	0.3510	True	1.266205	0.750	0.002701	
2025-09-08 16:22:17.447	continuous	6194	3	->		4	4	0.4202	True	0.881157	0.750	0.002700	
2025-09-08 16:22:17.448	continuous	6195	2	->		3	4	0.4929	True	1.650257	0.750	0.002700	
2025-09-08 16:22:17.448	continuous	6196	3	->		4	4	0.4202	True	0.880555	0.750	0.002700	
2025-09-08 16:22:17.448	continuous	6197	3	->	4	5	4	0.3776	True	1.305736	0.750	0.002700	
2025-09-08 16:22:17.448	continuous	6198	2	->		3	4	0.4909	True	1.622256	0.750	0.002699	
2025-09-08 16:22:17.448	continuous	6199	3	->		4	4	0.4195	True	0.891672	0.750	0.002699	
2025-09-08 16:22:17.449	continuous	6200	5	->		6	4	0.3668	True	2.475263	0.750	0.002699	
2025-09-08 16:22:17.449	continuous	6201	2	->		3	4	0.4882	True	1.589456	0.750	0.002699	
2025-09-08 16:22:17.449	continuous	6202	3	->	4	5	4	0.3734	True	1.309713	0.750	0.002698	
2025-09-08 16:22:17.449	continuous	6203	3	->	4	5	4	0.3733	True	1.290101	0.750	0.002698	
2025-09-08 16:22:17.450	continuous	6204	2	->	3	4	4	0.4943	True	0.720733	0.750	0.002698	
2025-09-08 16:22:17.450	continuous	6205	3	->	4	5	4	0.3748	True	1.283487	0.750	0.002697	
2025-09-08 16:22:17.450	continuous	6206	3	->	4	5	4	0.3747	True	1.264153	0.750	0.002697	
2025-09-08 16:22:17.450	continuous	6207	2	->	3	4	4	0.4952	True	0.724580	0.750	0.002697	
2025-09-08 16:22:17.450	continuous	6208	3	->		4	4	0.4196	True	0.903900	0.750	0.002697	
2025-09-08 16:22:17.450	continuous	6209	4	->		5	4	0.3534	True	1.242700	0.750	0.002696	
2025-09-08 16:22:17.451	continuous	6210	4	->		5	4	0.3537	True	1.226332	0.750	0.002696	
2025-09-08 16:22:17.451	continuous	6211	4	->		5	4	0.3542	True	1.210152	0.750	0.002696	
2025-09-08 16:22:17.451	continuous	6212	3	->		4	4	0.4210	True	0.917135	0.750	0.002696	
2025-09-08 16:22:17.451	continuous	6213	4	->		5	4	0.3558	True	1.204683	0.750	0.002695	
2025-09-08 16:22:17.451	continuous	6214	3	->		4	4	0.4231	True	0.909292	0.750	0.002695	
2025-09-08 16:22:17.452	continuous	6215	2	->	3	4	4	0.5051	True	0.690604	0.750	0.002695	
2025-09-08 16:22:17.452	continuous	6216	1	->	2	3	4	0.4799	True	1.643825	0.750	0.002694	
2025-09-08 16:22:17.452	continuous	6217	3	->	4	5	4	0.3818	True	1.244603	0.750	0.002694	
2025-09-08 16:22:17.452	continuous	6218	3	->		4	4	0.4248	True	0.898626	0.750	0.002694	
2025-09-08 16:22:17.452	continuous	6219	2	->		3	4	0.4942	True	1.663924	0.750	0.002694	
2025-09-08 16:22:17.453	continuous	6220	2	->	3	4	4	0.5033	True	0.697842	0.750	0.002693	
2025-09-08 16:22:17.453	continuous	6221	3	->	4	5	4	0.3832	True	1.256160	0.750	0.002693	
2025-09-08 16:22:17.453	continuous	6222	5	->		6	4	0.3722	True	2.510107	0.750	0.002693	
2025-09-08 16:22:17.453	continuous	6223	1	->	2	3	4	0.4751	True	1.592470	0.750	0.002693	
2025-09-08 16:22:17.453	continuous	6224	2	->		3	4	0.4870	True	1.589622	0.750	0.002692	
2025-09-08 16:22:17.454	continuous	6225	3	->	4	5	4	0.3776	True	1.252042	0.750	0.002692	
2025-09-08 16:22:17.454	continuous	6226	4	->		5	4	0.3539	True	1.208666	0.750	0.002692	
2025-09-08 16:22:17.454	continuous	6227	3	->	4	5	4	0.3780	True	1.215789	0.750	0.002692	
2025-09-08 16:22:17.454	continuous	6228	1	->	2	3	4	0.4689	True	1.524716	0.750	0.002691	
2025-09-08 16:22:17.454	continuous	6229	4	->	5	6	5	0.3194	True	2.351079	0.750	0.002691	
2025-09-08 16:22:17.455	continuous	6230	3	->		4	4	0.4153	True	0.977733	0.750	0.002691	
2025-09-08 16:22:17.455	continuous	6231	1	->		2	4	0.4263	True	3.782849	0.750	0.002690	
2025-09-08 16:22:17.455	continuous	6232	5	->		6	4	0.3624	True	2.458000	0.750	0.002690	
2025-09-08 16:22:17.455	continuous	6233	1	->	2	3	4	0.4619	True	1.493803	0.750	0.002690	
2025-09-08 16:22:17.455	continuous	6234	4	->		5	4	0.3465	True	1.210925	0.750	0.002690	
2025-09-08 16:22:17.455	continuous	6235	4	->	5	6	5	0.3125	True	2.304922	0.750	0.002689	
2025-09-08 16:22:17.456	continuous	6236	3	->		4	4	0.4085	True	0.997262	0.750	0.002689	
2025-09-08 16:22:17.456	continuous	6237	2	->		3	4	0.4728	True	1.510577	0.750	0.002689	
2025-09-08 16:22:17.456	continuous	6238	2	->	3	4	4	0.4810	True	0.800890	0.750	0.002689	
2025-09-08 16:22:17.456	continuous	6239	2	->	3	4	4	0.4846	True	0.776022	0.750	0.002688	
2025-09-08 16:22:17.456	continuous	6240	2	->	3	4	4	0.4884	True	0.752096	0.750	0.002688	
2025-09-08 16:22:17.457	continuous	6241	4	->	5	6	4	0.3128	True	2.297588	0.750	0.002688	
2025-09-08 16:22:17.457	continuous	6242	2	->	3	4	4	0.4905	True	0.732314	0.750	0.002687	
2025-09-08 16:22:17.457	continuous	6243	3	->	4	5	4	0.3722	True	1.291473	0.750	0.002687	
2025-09-08 16:22:17.457	continuous	6244	4	->		5	4	0.3473	True	1.245223	0.750	0.002687	
2025-09-08 16:22:17.457	continuous	6245	4	->		5	4	0.3478	True	1.229105	0.750	0.002687	
2025-09-08 16:22:17.458	continuous	6246	4	->		5	4	0.3483	True	1.213165	0.750	0.002686	
2025-09-08 16:22:17.458	continuous	6247	3	->		4	4	0.4142	True	0.955937	0.750	0.002686	
2025-09-08 16:22:17.458	continuous	6248	5	->		6	4	0.3629	True	2.425703	0.750	0.002686	
2025-09-08 16:22:17.458	continuous	6249	1	->	2	3	4	0.4639	True	1.541011	0.750	0.002686	
2025-09-08 16:22:17.458	continuous	6250	4	->		5	4	0.3467	True	1.218199	0.750	0.002685	
2025-09-08 16:22:17.458	continuous	6251	2	->		3	4	0.4749	True	1.543583	0.750	0.002685	
2025-09-08 16:22:17.459	continuous	6252	3	->		4	4	0.4104	True	0.981904	0.750	0.002685	
2025-09-08 16:22:17.459	continuous	6253	4	->		5	4	0.3472	True	1.219349	0.750	0.002685	
2025-09-08 16:22:17.459	continuous	6254	5	->		6	4	0.3603	True	2.409533	0.750	0.002684	
2025-09-08 16:22:17.459	continuous	6255	4	->		5	4	0.3457	True	1.206916	0.750	0.002684	
2025-09-08 16:22:17.459	continuous	6256	5	->		6	4	0.3586	True	2.385187	0.750	0.002684	
2025-09-08 16:22:17.459	continuous	6257	3	->	4	5	4	0.3679	True	1.217139	0.750	0.002683	
2025-09-08 16:22:17.460	continuous	6258	4	->	5	6	5	0.3104	True	2.242157	0.750	0.002683	
2025-09-08 16:22:17.460	continuous	6259	4	->		5	5	0.3433	True	1.181892	0.750	0.002683	
2025-09-08 16:22:17.460	continuous	6260	5	->		6	5	0.3559	True	2.341962	0.750	0.002683	
2025-09-08 16:22:17.460	continuous	6261	5	->		6	5	0.3538	True	2.315169	0.750	0.002682	
2025-09-08 16:22:17.460	continuous	6262	3	->		4	4	0.4023	True	1.026925	0.750	0.002682	
2025-09-08 16:22:17.461	continuous	6263	3	->	4	5	4	0.3645	True	1.205090	0.750	0.002682	
2025-09-08 16:22:17.461	continuous	6264	3	->	4	5	4	0.3650	True	1.187272	0.750	0.002682	
2025-09-08 16:22:17.461	continuous	6265	3	->	4	5	4	0.3657	True	1.169691	0.750	0.002681	
2025-09-08 16:22:17.462	continuous	6266	2	->		3	4	0.4645	True	1.582606	0.750	0.002681	
2025-09-08 16:22:17.462	continuous	6267	3	->	4	5	5	0.3652	True	1.160528	0.750	0.002681	
2025-09-08 16:22:17.463	continuous	6268	2	->		3	4	0.4622	True	1.545575	0.750	0.002681	
2025-09-08 16:22:17.463	continuous	6269	2	->		3	4	0.4601	True	1.501195	0.750	0.002680	
2025-09-08 16:22:17.463	continuous	6270	1	->	2	3	4	0.4496	True	1.432427	0.750	0.002680	
2025-09-08 16:22:17.463	continuous	6271	2	->		3	4	0.4568	True	1.417729	0.750	0.002680	
2025-09-08 16:22:17.463	continuous	6272	2	->	3	4	4	0.4631	True	0.943498	0.750	0.002679	
2025-09-08 16:22:17.463	continuous	6273	5	->		6	5	0.3519	True	2.318293	0.750	0.002679	
2025-09-08 16:22:17.464	continuous	6274	2	->	3	4	4	0.4636	True	0.916625	0.750	0.002679	
2025-09-08 16:22:17.464	continuous	6275	4	->		5	5	0.3395	True	1.190356	0.750	0.002679	
2025-09-08 16:22:17.464	continuous	6276	4	->		5	5	0.3403	True	1.175286	0.750	0.002678	
2025-09-08 16:22:17.464	continuous	6277	2	->	3	4	4	0.4657	True	0.910050	0.750	0.002678	
2025-09-08 16:22:17.465	continuous	6278	3	->		4	4	0.4015	True	1.070175	0.750	0.002678	
2025-09-08 16:22:17.465	continuous	6279	2	->	3	4	4	0.4712	True	0.856978	0.750	0.002678	
2025-09-08 16:22:17.465	continuous	6280	2	->		3	4	0.4641	True	1.480142	0.750	0.002677	
2025-09-08 16:22:17.465	continuous	6281	2	->		3	4	0.4621	True	1.436865	0.750	0.002677	
2025-09-08 16:22:17.466	continuous	6282	3	->		4	4	0.4022	True	1.055917	0.750	0.002677	
2025-09-08 16:22:17.466	continuous	6283	3	->		4	4	0.4038	True	1.034809	0.750	0.002676	
2025-09-08 16:22:17.466	continuous	6284	2	->	3	4	4	0.4758	True	0.819860	0.750	0.002676	
2025-09-08 16:22:17.466	continuous	6285	4	->	5	6	5	0.3090	True	2.215178	0.750	0.002676	
2025-09-08 16:22:17.466	continuous	6286	2	->		3	4	0.4662	True	1.446013	0.750	0.002676	
2025-09-08 16:22:17.467	continuous	6287	3	->	4	5	4	0.3651	True	1.275335	0.750	0.002675	
2025-09-08 16:22:17.467	continuous	6288	3	->		4	4	0.4042	True	1.022635	0.750	0.002675	
2025-09-08 16:22:17.467	continuous	6289	3	->	4	5	4	0.3666	True	1.267654	0.750	0.002675	
2025-09-08 16:22:17.467	continuous	6290	4	->		5	5	0.3431	True	1.224468	0.750	0.002675	
2025-09-08 16:22:17.467	continuous	6291	2	->	3	4	4	0.4751	True	0.829695	0.750	0.002674	
2025-09-08 16:22:17.468	continuous	6292	4	->	5	6	5	0.3099	True	2.212378	0.750	0.002674	
2025-09-08 16:22:17.468	continuous	6293	3	->		4	4	0.4059	True	1.004203	0.750	0.002674	
2025-09-08 16:22:17.468	continuous	6294	2	->		3	4	0.4684	True	1.476624	0.750	0.002674	
2025-09-08 16:22:17.468	continuous	6295	3	->		4	4	0.4064	True	1.000146	0.750	0.002673	
2025-09-08 16:22:17.469	continuous	6296	4	->	5	6	5	0.3090	True	2.201134	0.750	0.002673	
2025-09-08 16:22:17.469	continuous	6297	4	->	5	6	5	0.3074	True	2.181420	0.750	0.002673	
2025-09-08 16:22:17.469	continuous	6298	5	->		6	4	0.3523	True	2.271420	0.750	0.002672	
2025-09-08 16:22:17.469	continuous	6299	4	->		5	4	0.3386	True	1.258971	0.750	0.002672	
2025-09-08 16:22:17.469	continuous	6300	5	->		6	4	0.3507	True	2.248638	0.750	0.002672	
2025-09-08 16:22:17.470	continuous	6301	2	->	3	4	4	0.4718	True	0.807477	0.750	0.002672	
2025-09-08 16:22:17.470	continuous	6302	2	->		3	4	0.4635	True	1.480044	0.750	0.002671	
2025-09-08 16:22:17.470	continuous	6303	2	->	3	4	4	0.4729	True	0.801444	0.750	0.002671	
2025-09-08 16:22:17.470	continuous	6304	4	->		5	4	0.3383	True	1.274389	0.750	0.002671	
2025-09-08 16:22:17.470	continuous	6305	1	->		2	4	0.4102	True	3.759037	0.750	0.002671	
2025-09-08 16:22:17.471	continuous	6306	3	->	4	5	4	0.3603	True	1.287711	0.750	0.002670	
2025-09-08 16:22:17.471	continuous	6307	4	->		5	4	0.3361	True	1.243328	0.750	0.002670	
2025-09-08 16:22:17.471	continuous	6308	2	->		3	4	0.4597	True	1.474182	0.750	0.002670	
2025-09-08 16:22:17.471	continuous	6309	4	->		5	5	0.3361	True	1.234762	0.750	0.002670	
2025-09-08 16:22:17.471	continuous	6310	4	->		5	5	0.3367	True	1.219239	0.750	0.002669	
2025-09-08 16:22:17.471	continuous	6311	3	->		4	4	0.3989	True	1.052236	0.750	0.002669	
2025-09-08 16:22:17.472	continuous	6312	2	->	3	4	4	0.4700	True	0.833376	0.750	0.002669	
2025-09-08 16:22:17.472	continuous	6313	3	->		4	4	0.4024	True	1.008572	0.750	0.002668	
2025-09-08 16:22:17.472	continuous	6314	3	->	4	5	4	0.3645	True	1.261391	0.750	0.002668	
2025-09-08 16:22:17.472	continuous	6315	3	->		4	4	0.4041	True	0.999911	0.750	0.002668	
2025-09-08 16:22:17.472	continuous	6316	4	->		5	4	0.3411	True	1.227469	0.750	0.002668	
2025-09-08 16:22:17.472	continuous	6317	3	->	4	5	4	0.3664	True	1.237134	0.750	0.002667	
2025-09-08 16:22:17.473	continuous	6318	4	->		5	5	0.3423	True	1.194982	0.750	0.002667	
2025-09-08 16:22:17.473	continuous	6319	1	->	2	3	4	0.4530	True	1.504929	0.750	0.002667	
2025-09-08 16:22:17.473	continuous	6320	3	->	4	5	4	0.3663	True	1.210516	0.750	0.002667	
2025-09-08 16:22:17.473	continuous	6321	3	->	4	5	4	0.3669	True	1.192344	0.750	0.002666	
2025-09-08 16:22:17.473	continuous	6322	3	->		4	4	0.4050	True	1.048136	0.750	0.002666	
2025-09-08 16:22:17.474	continuous	6323	4	->		5	5	0.3445	True	1.165402	0.750	0.002666	
2025-09-08 16:22:17.474	continuous	6324	3	->	4	5	4	0.3692	True	1.169974	0.750	0.002666	
2025-09-08 16:22:17.474	continuous	6325	4	->		5	5	0.3463	True	1.134303	0.750	0.002665	
2025-09-08 16:22:17.474	continuous	6326	4	->		5	5	0.3474	True	1.119568	0.750	0.002665	
2025-09-08 16:22:17.474	continuous	6327	3	->	4	5	5	0.3717	True	1.120810	0.750	0.002665	
2025-09-08 16:22:17.475	continuous	6328	3	->		4	4	0.4090	True	1.081833	0.750	0.002664	
2025-09-08 16:22:17.475	continuous	6329	4	->		5	5	0.3500	True	1.100152	0.750	0.002664	
2025-09-08 16:22:17.475	continuous	6330	3	->	4	5	5	0.3744	True	1.100470	0.750	0.002664	
2025-09-08 16:22:17.475	continuous	6331	4	->		5	5	0.3524	True	1.070443	0.750	0.002664	
2025-09-08 16:22:17.475	continuous	6332	1	->	2	3	5	0.4610	True	1.580429	0.750	0.002663	
2025-09-08 16:22:17.475	continuous	6333	3	->	4	5	5	0.3752	True	1.078952	0.750	0.002663	
2025-09-08 16:22:17.476	continuous	6334	3	->	4	5	5	0.3764	True	1.062439	0.750	0.002663	
2025-09-08 16:22:17.476	continuous	6335	4	->		5	5	0.3553	True	1.036503	0.750	0.002663	
2025-09-08 16:22:17.476	continuous	6336	3	->	4	5	5	0.3790	True	1.031555	0.750	0.002662	
2025-09-08 16:22:17.476	continuous	6337	5	->		6	5	0.3679	True	2.349682	0.750	0.002662	
2025-09-08 16:22:17.476	continuous	6338	4	->	5	6	5	0.3220	True	2.209224	0.750	0.002662	
2025-09-08 16:22:17.477	continuous	6339	2	->	3	4	4	0.4722	True	0.981425	0.750	0.002662	
2025-09-08 16:22:17.477	continuous	6340	3	->		4	5	0.4115	True	1.129638	0.750	0.002661	
2025-09-08 16:22:17.477	continuous	6341	3	->	4	5	5	0.3770	True	1.053057	0.750	0.002661	
2025-09-08 16:22:17.477	continuous	6342	4	->		5	5	0.3556	True	1.027912	0.750	0.002661	
2025-09-08 16:22:17.478	continuous	6343	3	->	4	5	5	0.3796	True	1.022364	0.750	0.002660	
2025-09-08 16:22:17.478	continuous	6344	4	->	5	6	5	0.3243	True	2.206971	0.750	0.002660	
2025-09-08 16:22:17.478	continuous	6345	4	->		5	5	0.3569	True	1.004856	0.750	0.002660	
2025-09-08 16:22:17.479	continuous	6346	2	->	3	4	4	0.4767	True	0.979142	0.750	0.002660	
2025-09-08 16:22:17.479	continuous	6347	3	->		4	5	0.4155	True	1.127108	0.750	0.002659	
2025-09-08 16:22:17.479	continuous	6348	2	->		3	4	0.4726	True	1.693924	0.750	0.002659	
2025-09-08 16:22:17.479	continuous	6349	3	->	4	5	5	0.3793	True	1.035228	0.750	0.002659	
2025-09-08 16:22:17.479	continuous	6350	2	->	3	4	4	0.4776	True	0.947113	0.750	0.002659	
2025-09-08 16:22:17.480	continuous	6351	1	->		2	5	0.4250	True	3.828864	0.750	0.002658	
2025-09-08 16:22:17.480	continuous	6352	3	->		4	5	0.4131	True	1.105107	0.750	0.002658	
2025-09-08 16:22:17.480	continuous	6353	3	->	4	5	5	0.3781	True	1.052137	0.750	0.002658	
2025-09-08 16:22:17.480	continuous	6354	3	->	4	5	5	0.3794	True	1.035856	0.750	0.002658	
2025-09-08 16:22:17.480	continuous	6355	3	->		4	5	0.4161	True	1.107122	0.750	0.002657	
2025-09-08 16:22:17.481	continuous	6356	4	->		5	5	0.3576	True	1.023011	0.750	0.002657	
2025-09-08 16:22:17.481	continuous	6357	2	->	3	4	4	0.4825	True	0.908528	0.750	0.002657	
2025-09-08 16:22:17.481	continuous	6358	3	->	4	5	5	0.3828	True	1.033373	0.750	0.002656	
2025-09-08 16:22:17.481	continuous	6359	3	->		4	5	0.4199	True	1.081238	0.750	0.002656	
2025-09-08 16:22:17.482	continuous	6360	3	->		4	5	0.4209	True	1.058044	0.750	0.002656	
2025-09-08 16:22:17.482	continuous	6361	4	->	5	6	5	0.3260	True	2.225800	0.750	0.002656	
2025-09-08 16:22:17.482	continuous	6362	3	->	4	5	5	0.3834	True	1.047606	0.750	0.002655	
2025-09-08 16:22:17.482	continuous	6363	4	->	5	6	5	0.3255	True	2.209405	0.750	0.002655	
2025-09-08 16:22:17.482	continuous	6364	2	->	3	4	4	0.4860	True	0.861048	0.750	0.002655	
2025-09-08 16:22:17.482	continuous	6365	4	->		5	5	0.3586	True	1.038484	0.750	0.002655	
2025-09-08 16:22:17.483	continuous	6366	4	->	5	6	5	0.3250	True	2.195542	0.750	0.002654	
2025-09-08 16:22:17.483	continuous	6367	3	->		4	4	0.4194	True	1.043433	0.750	0.002654	
2025-09-08 16:22:17.483	continuous	6368	2	->	3	4	4	0.4895	True	0.822783	0.750	0.002654	
2025-09-08 16:22:17.483	continuous	6369	3	->		4	4	0.4221	True	0.997144	0.750	0.002654	
2025-09-08 16:22:17.483	continuous	6370	3	->	4	5	5	0.3850	True	1.081727	0.750	0.002653	
2025-09-08 16:22:17.484	continuous	6371	3	->	4	5	5	0.3860	True	1.064441	0.750	0.002653	
2025-09-08 16:22:17.484	continuous	6372	2	->	3	4	4	0.4949	True	0.802387	0.750	0.002653	
2025-09-08 16:22:17.484	continuous	6373	3	->	4	5	5	0.3878	True	1.062756	0.750	0.002653	
2025-09-08 16:22:17.484	continuous	6374	4	->	5	6	5	0.3279	True	2.199181	0.750	0.002652	
2025-09-08 16:22:17.484	continuous	6375	2	->	3	4	4	0.4958	True	0.793238	0.750	0.002652	
2025-09-08 16:22:17.484	continuous	6376	3	->		4	4	0.4265	True	0.971846	0.750	0.002652	
2025-09-08 16:22:17.485	continuous	6377	3	->	4	5	5	0.3888	True	1.078652	0.750	0.002651	
2025-09-08 16:22:17.485	continuous	6378	2	->	3	4	4	0.5016	True	0.759386	0.750	0.002651	
2025-09-08 16:22:17.485	continuous	6379	4	->		5	5	0.3638	True	1.059007	0.750	0.002651	
2025-09-08 16:22:17.485	continuous	6380	4	->		5	5	0.3650	True	1.044483	0.750	0.002651	
2025-09-08 16:22:17.485	continuous	6381	2	->	3	4	4	0.5043	True	0.760635	0.750	0.002650	
2025-09-08 16:22:17.486	continuous	6382	3	->		4	4	0.4330	True	0.942529	0.750	0.002650	
2025-09-08 16:22:17.486	continuous	6383	2	->		3	4	0.4980	True	1.966088	0.750	0.002650	
2025-09-08 16:22:17.486	continuous	6384	1	->	2	3	4	0.4798	True	1.861506	0.750	0.002650	
2025-09-08 16:22:17.486	continuous	6385	3	->	4	5	4	0.3895	True	1.089125	0.750	0.002649	
2025-09-08 16:22:17.486	continuous	6386	3	->		4	4	0.4291	True	0.961662	0.750	0.002649	
2025-09-08 16:22:17.487	continuous	6387	2	->		3	4	0.4922	True	1.877308	0.750	0.002649	
2025-09-08 16:22:17.487	continuous	6388	1	->		2	4	0.4341	True	3.862770	0.750	0.002649	
2025-09-08 16:22:17.487	continuous	6389	3	->		4	4	0.4248	True	0.961905	0.750	0.002648	
2025-09-08 16:22:17.487	continuous	6390	2	->	3	4	4	0.5010	True	0.733127	0.750	0.002648	
2025-09-08 16:22:17.487	continuous	6391	4	->		5	5	0.3605	True	1.100933	0.750	0.002648	
2025-09-08 16:22:17.487	continuous	6392	2	->	3	4	4	0.5040	True	0.722036	0.750	0.002647	
2025-09-08 16:22:17.488	continuous	6393	5	->		6	4	0.3737	True	2.339474	0.750	0.002647	
2025-09-08 16:22:17.488	continuous	6394	3	->	4	5	4	0.3877	True	1.125552	0.750	0.002647	
2025-09-08 16:22:17.488	continuous	6395	1	->	2	3	4	0.4759	True	1.824222	0.750	0.002647	
2025-09-08 16:22:17.488	continuous	6396	3	->	4	5	4	0.3861	True	1.115084	0.750	0.002646	
2025-09-08 16:22:17.488	continuous	6397	2	->		3	4	0.4868	True	1.827699	0.750	0.002646	
2025-09-08 16:22:17.488	continuous	6398	4	->	5	6	5	0.3231	True	2.198096	0.750	0.002646	
2025-09-08 16:22:17.489	continuous	6399	1	->	2	3	4	0.4677	True	1.731411	0.750	0.002646	
2025-09-08 16:22:17.489	continuous	6400	1	->	2	3	4	0.4648	True	1.684021	0.750	0.002645	
2025-09-08 16:22:17.489	continuous	6401	3	->	4	5	5	0.3792	True	1.125443	0.750	0.002645	
2025-09-08 16:22:17.489	continuous	6402	3	->	4	5	5	0.3800	True	1.107629	0.750	0.002645	
2025-09-08 16:22:17.490	continuous	6403	4	->		5	5	0.3554	True	1.074460	0.750	0.002645	
2025-09-08 16:22:17.490	continuous	6404	2	->	3	4	4	0.4853	True	0.832971	0.750	0.002644	
2025-09-08 16:22:17.490	continuous	6405	2	->		3	4	0.4775	True	1.716284	0.750	0.002644	
2025-09-08 16:22:17.490	continuous	6406	3	->		4	4	0.4175	True	1.023407	0.750	0.002644	
2025-09-08 16:22:17.490	continuous	6407	3	->		4	4	0.4191	True	1.001535	0.750	0.002644	
2025-09-08 16:22:17.490	continuous	6408	2	->	3	4	4	0.4912	True	0.774040	0.750	0.002643	
2025-09-08 16:22:17.491	continuous	6409	3	->	4	5	4	0.3839	True	1.137768	0.750	0.002643	
2025-09-08 16:22:17.491	continuous	6410	3	->		4	4	0.4228	True	0.970628	0.750	0.002643	
2025-09-08 16:22:17.491	continuous	6411	4	->	5	6	5	0.3237	True	2.208961	0.750	0.002642	
2025-09-08 16:22:17.491	continuous	6412	4	->	5	6	5	0.3219	True	2.188259	0.750	0.002642	
2025-09-08 16:22:17.491	continuous	6413	4	->		5	5	0.3551	True	1.117949	0.750	0.002642	
2025-09-08 16:22:17.492	continuous	6414	3	->	4	5	4	0.3829	True	1.123512	0.750	0.002642	
2025-09-08 16:22:17.492	continuous	6415	3	->	4	5	5	0.3837	True	1.105449	0.750	0.002641	
2025-09-08 16:22:17.492	continuous	6416	2	->	3	4	4	0.4915	True	0.788391	0.750	0.002641	
2025-09-08 16:22:17.492	continuous	6417	5	->		6	5	0.3693	True	2.299708	0.750	0.002641	
2025-09-08 16:22:17.492	continuous	6418	3	->		4	4	0.4214	True	0.975977	0.750	0.002641	
2025-09-08 16:22:17.492	continuous	6419	3	->	4	5	4	0.3845	True	1.119872	0.750	0.002640	
2025-09-08 16:22:17.493	continuous	6420	3	->	4	5	5	0.3853	True	1.101763	0.750	0.002640	
2025-09-08 16:22:17.493	continuous	6421	1	->	2	3	4	0.4697	True	1.756189	0.750	0.002640	
2025-09-08 16:22:17.493	continuous	6422	4	->		5	5	0.3576	True	1.075803	0.750	0.002640	
2025-09-08 16:22:17.493	continuous	6423	3	->	4	5	5	0.3851	True	1.077028	0.750	0.002639	
2025-09-08 16:22:17.493	continuous	6424	3	->	4	5	5	0.3862	True	1.059681	0.750	0.002639	
2025-09-08 16:22:17.494	continuous	6425	2	->		3	4	0.4800	True	1.773270	0.750	0.002639	
2025-09-08 16:22:17.494	continuous	6426	5	->		6	5	0.3695	True	2.297820	0.750	0.002638	
2025-09-08 16:22:17.494	continuous	6427	2	->	3	4	4	0.4842	True	0.847565	0.750	0.002638	
2025-09-08 16:22:17.494	continuous	6428	3	->		4	4	0.4200	True	1.023467	0.750	0.002638	
2025-09-08 16:22:17.495	continuous	6429	3	->		4	4	0.4215	True	1.001348	0.750	0.002638	
2025-09-08 16:22:17.495	continuous	6430	4	->		5	5	0.3587	True	1.079463	0.750	0.002637	
2025-09-08 16:22:17.495	continuous	6431	2	->	3	4	4	0.4930	True	0.784156	0.750	0.002637	
2025-09-08 16:22:17.496	continuous	6432	3	->	4	5	5	0.3874	True	1.096626	0.750	0.002637	
2025-09-08 16:22:17.496	continuous	6433	3	->	4	5	5	0.3883	True	1.078729	0.750	0.002637	
2025-09-08 16:22:17.496	continuous	6434	3	->	4	5	5	0.3893	True	1.061126	0.750	0.002636	
2025-09-08 16:22:17.496	continuous	6435	4	->		5	5	0.3639	True	1.030469	0.750	0.002636	
2025-09-08 16:22:17.497	continuous	6436	5	->		6	5	0.3751	True	2.310109	0.750	0.002636	
2025-09-08 16:22:17.497	continuous	6437	3	->		4	4	0.4253	True	1.023754	0.750	0.002636	
2025-09-08 16:22:17.498	continuous	6438	2	->	3	4	4	0.4953	True	0.795453	0.750	0.002635	
2025-09-08 16:22:17.498	continuous	6439	3	->		4	4	0.4282	True	0.977423	0.750	0.002635	
2025-09-08 16:22:17.498	continuous	6440	5	->		6	5	0.3746	True	2.294996	0.750	0.002635	
2025-09-08 16:22:17.498	continuous	6441	5	->		6	5	0.3723	True	2.267141	0.750	0.002635	
2025-09-08 16:22:17.498	continuous	6442	4	->		5	5	0.3602	True	1.067160	0.750	0.002634	
2025-09-08 16:22:17.499	continuous	6443	2	->	3	4	4	0.4967	True	0.766647	0.750	0.002634	
2025-09-08 16:22:17.499	continuous	6444	3	->		4	4	0.4276	True	0.954489	0.750	0.002634	
2025-09-08 16:22:17.499	continuous	6445	3	->	4	5	4	0.3906	True	1.097696	0.750	0.002633	
2025-09-08 16:22:17.499	continuous	6446	2	->		3	4	0.4897	True	1.899983	0.750	0.002633	
2025-09-08 16:22:17.499	continuous	6447	4	->	5	6	5	0.3265	True	2.144300	0.750	0.002633	
2025-09-08 16:22:17.500	continuous	6448	3	->	4	5	5	0.3872	True	1.090726	0.750	0.002633	
2025-09-08 16:22:17.500	continuous	6449	4	->		5	5	0.3608	True	1.056477	0.750	0.002632	
2025-09-08 16:22:17.500	continuous	6450	4	->		5	5	0.3621	True	1.042028	0.750	0.002632	
2025-09-08 16:22:17.500	continuous	6451	4	->		5	5	0.3635	True	1.027754	0.750	0.002632	
2025-09-08 16:22:17.500	continuous	6452	3	->	4	5	5	0.3914	True	1.026482	0.750	0.002632	
2025-09-08 16:22:17.501	continuous	6453	5	->		6	5	0.3756	True	2.257382	0.750	0.002631	
2025-09-08 16:22:17.501	continuous	6454	4	->	5	6	5	0.3294	True	2.122965	0.750	0.002631	
2025-09-08 16:22:17.501	continuous	6455	2	->	3	4	4	0.4908	True	0.828372	0.750	0.002631	
2025-09-08 16:22:17.501	continuous	6456	5	->		6	5	0.3718	True	2.210349	0.750	0.002631	
2025-09-08 16:22:17.501	continuous	6457	2	->	3	4	4	0.4914	True	0.803648	0.750	0.002630	
2025-09-08 16:22:17.502	continuous	6458	3	->	4	5	5	0.3878	True	1.055823	0.750	0.002630	
2025-09-08 16:22:17.502	continuous	6459	4	->	5	6	5	0.3271	True	2.089535	0.750	0.002630	
2025-09-08 16:22:17.502	continuous	6460	3	->		4	4	0.4235	True	1.006593	0.750	0.002630	
2025-09-08 16:22:17.502	continuous	6461	4	->	5	6	5	0.3257	True	2.073178	0.750	0.002629	
2025-09-08 16:22:17.502	continuous	6462	3	->		4	4	0.4233	True	0.988039	0.750	0.002629	
2025-09-08 16:22:17.503	continuous	6463	3	->		4	4	0.4250	True	0.966444	0.750	0.002629	
2025-09-08 16:22:17.503	continuous	6464	4	->		5	5	0.3602	True	1.069313	0.750	0.002628	
2025-09-08 16:22:17.503	continuous	6465	3	->	4	5	5	0.3894	True	1.072365	0.750	0.002628	
2025-09-08 16:22:17.503	continuous	6466	2	->	3	4	4	0.4991	True	0.756191	0.750	0.002628	
2025-09-08 16:22:17.504	continuous	6467	3	->	4	5	5	0.3912	True	1.070041	0.750	0.002628	
2025-09-08 16:22:17.504	continuous	6468	3	->	4	5	5	0.3922	True	1.052262	0.750	0.002627	
2025-09-08 16:22:17.504	continuous	6469	2	->		3	4	0.4892	True	1.997159	0.750	0.002627	
2025-09-08 16:22:17.504	continuous	6470	3	->	4	5	5	0.3906	True	1.042356	0.750	0.002627	
2025-09-08 16:22:17.504	continuous	6471	3	->		4	4	0.4279	True	1.002263	0.750	0.002627	
2025-09-08 16:22:17.505	continuous	6472	3	->	4	5	5	0.3926	True	1.038963	0.750	0.002626	
2025-09-08 16:22:17.505	continuous	6473	4	->		5	5	0.3663	True	1.009438	0.750	0.002626	
2025-09-08 16:22:17.505	continuous	6474	3	->		4	4	0.4309	True	1.005655	0.750	0.002626	
2025-09-08 16:22:17.505	continuous	6475	4	->		5	5	0.3681	True	1.007399	0.750	0.002626	
2025-09-08 16:22:17.505	continuous	6476	3	->	4	5	5	0.3970	True	1.005384	0.750	0.002625	
2025-09-08 16:22:17.506	continuous	6477	2	->	3	4	4	0.5020	True	0.801847	0.750	0.002625	
2025-09-08 16:22:17.506	continuous	6478	4	->		5	5	0.3710	True	0.992379	0.750	0.002625	
2025-09-08 16:22:17.506	continuous	6479	3	->	4	5	5	0.4000	True	0.989757	0.750	0.002625	
2025-09-08 16:22:17.506	continuous	6480	2	->		3	4	0.4944	True	2.034452	0.750	0.002624	
2025-09-08 16:22:17.506	continuous	6481	4	->	5	6	5	0.3366	True	2.121558	0.750	0.002624	
2025-09-08 16:22:17.507	continuous	6482	2	->	3	4	4	0.4985	True	0.818683	0.750	0.002624	
2025-09-08 16:22:17.507	continuous	6483	1	->	2	3	5	0.4788	True	1.942118	0.750	0.002623	
2025-09-08 16:22:17.507	continuous	6484	4	->	5	6	5	0.3326	True	2.102217	0.750	0.002623	
2025-09-08 16:22:17.507	continuous	6485	3	->	4	5	5	0.3928	True	1.017044	0.750	0.002623	
2025-09-08 16:22:17.508	continuous	6486	2	->	3	4	4	0.4955	True	0.818880	0.750	0.002623	
2025-09-08 16:22:17.508	continuous	6487	4	->	5	6	5	0.3322	True	2.089194	0.750	0.002622	
2025-09-08 16:22:17.508	continuous	6488	3	->		4	4	0.4285	True	1.005637	0.750	0.002622	
2025-09-08 16:22:17.508	continuous	6489	1	->	2	3	4	0.4746	True	1.918690	0.750	0.002622	
2025-09-08 16:22:17.508	continuous	6490	4	->		5	5	0.3635	True	1.029359	0.750	0.002622	
2025-09-08 16:22:17.509	continuous	6491	3	->	4	5	5	0.3923	True	1.028349	0.750	0.002621	
2025-09-08 16:22:17.509	continuous	6492	3	->	4	5	5	0.3935	True	1.011251	0.750	0.002621	
2025-09-08 16:22:17.509	continuous	6493	1	->	2	3	5	0.4747	True	1.894507	0.750	0.002621	
2025-09-08 16:22:17.509	continuous	6494	4	->		5	5	0.3658	True	0.994584	0.750	0.002621	
2025-09-08 16:22:17.509	continuous	6495	4	->		5	5	0.3674	True	0.980889	0.750	0.002620	
2025-09-08 16:22:17.510	continuous	6496	2	->	3	4	4	0.4922	True	0.863041	0.750	0.002620	
2025-09-08 16:22:17.510	continuous	6497	3	->	4	5	5	0.3955	True	0.991140	0.750	0.002620	
2025-09-08 16:22:17.510	continuous	6498	3	->	4	5	5	0.3970	True	0.974655	0.750	0.002620	
2025-09-08 16:22:17.510	continuous	6499	4	->		5	5	0.3722	True	0.952140	0.750	0.002619	
2025-09-08 16:22:17.511	continuous	6500	3	->	4	5	5	0.4002	True	0.944191	0.750	0.002619	
2025-09-08 16:22:17.511	continuous	6501	3	->	4	5	5	0.4019	True	0.928489	0.750	0.002619	
2025-09-08 16:22:17.511	continuous	6502	4	->		5	5	0.3778	True	0.911032	0.750	0.002619	
2025-09-08 16:22:17.511	continuous	6503	2	->	3	4	4	0.4987	True	0.926796	0.750	0.002618	
2025-09-08 16:22:17.512	continuous	6504	4	->	5	6	5	0.3440	True	2.130695	0.750	0.002618	
2025-09-08 16:22:17.512	continuous	6505	2	->	3	4	4	0.4981	True	0.893616	0.750	0.002618	
2025-09-08 16:22:17.512	continuous	6506	3	->		4	5	0.4362	True	1.065647	0.750	0.002617	
2025-09-08 16:22:17.512	continuous	6507	3	->	4	5	5	0.4030	True	0.953164	0.750	0.002617	
2025-09-08 16:22:17.512	continuous	6508	1	->	2	3	5	0.4851	True	1.970313	0.750	0.002617	
2025-09-08 16:22:17.513	continuous	6509	3	->		4	5	0.4352	True	1.064089	0.750	0.002617	
2025-09-08 16:22:17.513	continuous	6510	3	->	4	5	5	0.4022	True	0.961929	0.750	0.002616	
2025-09-08 16:22:17.513	continuous	6511	3	->	4	5	5	0.4038	True	0.945664	0.750	0.002616	
2025-09-08 16:22:17.513	continuous	6512	5	->		6	5	0.3870	True	2.242051	0.750	0.002616	
2025-09-08 16:22:17.513	continuous	6513	3	->	4	5	5	0.4032	True	0.935664	0.750	0.002616	
2025-09-08 16:22:17.514	continuous	6514	4	->		5	5	0.3785	True	0.916969	0.750	0.002615	
2025-09-08 16:22:17.514	continuous	6515	1	->	2	3	5	0.4866	True	1.965495	0.750	0.002615	
2025-09-08 16:22:17.514	continuous	6516	3	->		4	5	0.4359	True	1.106417	0.750	0.002615	
2025-09-08 16:22:17.514	continuous	6517	1	->	2	3	5	0.4826	True	1.919761	0.750	0.002615	
2025-09-08 16:22:17.515	continuous	6518	4	->	5	6	5	0.3407	True	2.117154	0.750	0.002614	
2025-09-08 16:22:17.515	continuous	6519	4	->		5	5	0.3731	True	0.943264	0.750	0.002614	
2025-09-08 16:22:17.515	continuous	6520	5	->		6	5	0.3827	True	2.207226	0.750	0.002614	
2025-09-08 16:22:17.515	continuous	6521	3	->		4	5	0.4307	True	1.107320	0.750	0.002614	
2025-09-08 16:22:17.515	continuous	6522	4	->		5	5	0.3725	True	0.948417	0.750	0.002613	
2025-09-08 16:22:17.516	continuous	6523	3	->	4	5	5	0.4006	True	0.939836	0.750	0.002613	
2025-09-08 16:22:17.516	continuous	6524	2	->		3	5	0.4869	True	1.942116	0.750	0.002613	
2025-09-08 16:22:17.516	continuous	6525	2	->	3	4	4	0.4906	True	0.919521	0.750	0.002612	
2025-09-08 16:22:17.516	continuous	6526	3	->	4	5	5	0.3995	True	0.951072	0.750	0.002612	
2025-09-08 16:22:17.516	continuous	6527	2	->	3	4	4	0.4932	True	0.902312	0.750	0.002612	
2025-09-08 16:22:17.517	continuous	6528	3	->		4	5	0.4333	True	1.075249	0.750	0.002612	
2025-09-08 16:22:17.517	continuous	6529	4	->		5	5	0.3743	True	0.957833	0.750	0.002611	
2025-09-08 16:22:17.517	continuous	6530	2	->		3	4	0.4887	True	1.940252	0.750	0.002611	
2025-09-08 16:22:17.517	continuous	6531	1	->		2	5	0.4377	True	3.995256	0.750	0.002611	
2025-09-08 16:22:17.517	continuous	6532	2	->	3	4	4	0.4913	True	0.871724	0.750	0.002611	
2025-09-08 16:22:17.518	continuous	6533	5	->		6	5	0.3780	True	2.206334	0.750	0.002610	
2025-09-08 16:22:17.518	continuous	6534	5	->		6	5	0.3759	True	2.178972	0.750	0.002610	
2025-09-08 16:22:17.518	continuous	6535	3	->		4	5	0.4258	True	1.059512	0.750	0.002610	
2025-09-08 16:22:17.518	continuous	6536	2	->		3	4	0.4808	True	1.898898	0.750	0.002610	
2025-09-08 16:22:17.518	continuous	6537	4	->		5	5	0.3640	True	1.005305	0.750	0.002609	
2025-09-08 16:22:17.519	continuous	6538	3	->		4	5	0.4251	True	1.059993	0.750	0.002609	
2025-09-08 16:22:17.519	continuous	6539	4	->		5	5	0.3656	True	1.003272	0.750	0.002609	
2025-09-08 16:22:17.519	continuous	6540	5	->		6	5	0.3750	True	2.170447	0.750	0.002609	
2025-09-08 16:22:17.519	continuous	6541	3	->	4	5	5	0.3921	True	1.006058	0.750	0.002608	
2025-09-08 16:22:17.520	continuous	6542	4	->	5	6	5	0.3328	True	2.051662	0.750	0.002608	
2025-09-08 16:22:17.520	continuous	6543	4	->		5	5	0.3652	True	0.985185	0.750	0.002608	
2025-09-08 16:22:17.520	continuous	6544	3	->	4	5	5	0.3933	True	0.979683	0.750	0.002608	
2025-09-08 16:22:17.520	continuous	6545	3	->		4	5	0.4267	True	1.094674	0.750	0.002607	
2025-09-08 16:22:17.520	continuous	6546	5	->		6	5	0.3759	True	2.141915	0.750	0.002607	
2025-09-08 16:22:17.521	continuous	6547	3	->	4	5	5	0.3932	True	0.983259	0.750	0.002607	
2025-09-08 16:22:17.521	continuous	6548	2	->	3	4	4	0.4878	True	0.878463	0.750	0.002606	
2025-09-08 16:22:17.521	continuous	6549	2	->	3	4	4	0.4903	True	0.846910	0.750	0.002606	
2025-09-08 16:22:17.521	continuous	6550	3	->		4	4	0.4283	True	1.033529	0.750	0.002606	
2025-09-08 16:22:17.521	continuous	6551	4	->		5	5	0.3677	True	1.000092	0.750	0.002606	
2025-09-08 16:22:17.522	continuous	6552	4	->	5	6	5	0.3349	True	2.040141	0.750	0.002605	
2025-09-08 16:22:17.522	continuous	6553	2	->	3	4	4	0.4941	True	0.807405	0.750	0.002605	
2025-09-08 16:22:17.522	continuous	6554	3	->	4	5	5	0.3955	True	1.019291	0.750	0.002605	
2025-09-08 16:22:17.522	continuous	6555	2	->	3	4	4	0.4971	True	0.795019	0.750	0.002605	
2025-09-08 16:22:17.522	continuous	6556	4	->		5	5	0.3689	True	1.003139	0.750	0.002604	
2025-09-08 16:22:17.523	continuous	6557	2	->	3	4	4	0.5002	True	0.780659	0.750	0.002604	
2025-09-08 16:22:17.523	continuous	6558	5	->		6	5	0.3786	True	2.137653	0.750	0.002604	
2025-09-08 16:22:17.523	continuous	6559	5	->		6	5	0.3765	True	2.110814	0.750	0.002604	
2025-09-08 16:22:17.523	continuous	6560	3	->	4	5	5	0.3950	True	1.029285	0.750	0.002603	
2025-09-08 16:22:17.523	continuous	6561	3	->	4	5	5	0.3962	True	1.011732	0.750	0.002603	
2025-09-08 16:22:17.524	continuous	6562	3	->	4	5	5	0.3975	True	0.994487	0.750	0.002603	
2025-09-08 16:22:17.524	continuous	6563	1	->		2	5	0.4363	True	3.970260	0.750	0.002603	
2025-09-08 16:22:17.524	continuous	6564	3	->		4	5	0.4292	True	1.034438	0.750	0.002602	
2025-09-08 16:22:17.524	continuous	6565	2	->	3	4	4	0.4981	True	0.788061	0.750	0.002602	
2025-09-08 16:22:17.525	continuous	6566	1	->	2	3	5	0.4746	True	2.005346	0.750	0.002602	
2025-09-08 16:22:17.525	continuous	6567	4	->		5	5	0.3655	True	1.007735	0.750	0.002602	
2025-09-08 16:22:17.525	continuous	6568	4	->	5	6	5	0.3326	True	2.011697	0.750	0.002601	
2025-09-08 16:22:17.525	continuous	6569	5	->		6	5	0.3731	True	2.083042	0.750	0.002601	
2025-09-08 16:22:17.525	continuous	6570	3	->	4	5	5	0.3917	True	1.017138	0.750	0.002601	
2025-09-08 16:22:17.526	continuous	6571	4	->	5	6	5	0.3308	True	1.975070	0.750	0.002601	
2025-09-08 16:22:17.526	continuous	6572	3	->		4	4	0.4249	True	1.033712	0.750	0.002600	
2025-09-08 16:22:17.526	continuous	6573	2	->	3	4	4	0.4937	True	0.784378	0.750	0.002600	
2025-09-08 16:22:17.526	continuous	6574	3	->	4	5	5	0.3926	True	1.035083	0.750	0.002600	
2025-09-08 16:22:17.526	continuous	6575	2	->	3	4	4	0.4967	True	0.772839	0.750	0.002599	
2025-09-08 16:22:17.527	continuous	6576	3	->	4	5	5	0.3944	True	1.033292	0.750	0.002599	
2025-09-08 16:22:17.527	continuous	6577	5	->		6	5	0.3745	True	2.065037	0.750	0.002599	
2025-09-08 16:22:17.527	continuous	6578	3	->	4	5	5	0.3937	True	1.021172	0.750	0.002599	
2025-09-08 16:22:17.527	continuous	6579	3	->		4	4	0.4291	True	1.008948	0.750	0.002598	
2025-09-08 16:22:17.528	continuous	6580	3	->	4	5	5	0.3957	True	1.018092	0.750	0.002598	
2025-09-08 16:22:17.528	continuous	6581	2	->	3	4	4	0.4997	True	0.773154	0.750	0.002598	
2025-09-08 16:22:17.528	continuous	6582	3	->	4	5	5	0.3975	True	1.016748	0.750	0.002598	
2025-09-08 16:22:17.529	continuous	6583	2	->	3	4	4	0.5027	True	0.761971	0.750	0.002597	
2025-09-08 16:22:17.529	continuous	6584	4	->		5	5	0.3697	True	1.000747	0.750	0.002597	
2025-09-08 16:22:17.529	continuous	6585	3	->		4	4	0.4355	True	0.977923	0.750	0.002597	
2025-09-08 16:22:17.529	continuous	6586	3	->		4	4	0.4371	True	0.955292	0.750	0.002597	
2025-09-08 16:22:17.530	continuous	6587	5	->		6	5	0.3800	True	2.085027	0.750	0.002596	
2025-09-08 16:22:17.530	continuous	6588	4	->		5	5	0.3699	True	1.016324	0.750	0.002596	
2025-09-08 16:22:17.530	continuous	6589	4	->		5	5	0.3713	True	1.001913	0.750	0.002596	
2025-09-08 16:22:17.530	continuous	6590	2	->	3	4	4	0.5093	True	0.733392	0.750	0.002596	
2025-09-08 16:22:17.530	continuous	6591	2	->	3	4	4	0.5130	True	0.707875	0.750	0.002595	
2025-09-08 16:22:17.531	continuous	6592	3	->	4	5	5	0.4038	True	1.034676	0.750	0.002595	
2025-09-08 16:22:17.531	continuous	6593	3	->	4	5	5	0.4048	True	1.016413	0.750	0.002595	
2025-09-08 16:22:17.531	continuous	6594	3	->		4	4	0.4419	True	0.946507	0.750	0.002595	
2025-09-08 16:22:17.531	continuous	6595	2	->	3	4	4	0.5186	True	0.692459	0.750	0.002594	
2025-09-08 16:22:17.531	continuous	6596	3	->	4	5	5	0.4076	True	1.029291	0.750	0.002594	
2025-09-08 16:22:17.531	continuous	6597	3	->	4	5	5	0.4086	True	1.010930	0.750	0.002594	
2025-09-08 16:22:17.532	continuous	6598	3	->		4	4	0.4462	True	0.931921	0.750	0.002593	
2025-09-08 16:22:17.532	continuous	6599	2	->	3	4	4	0.5242	True	0.678017	0.750	0.002593	
2025-09-08 16:22:17.532	continuous	6600	4	->	5	6	5	0.3441	True	2.016412	0.750	0.002593	
2025-09-08 16:22:17.532	continuous	6601	3	->		4	4	0.4478	True	0.892016	0.750	0.002593	
2025-09-08 16:22:17.532	continuous	6602	2	->	3	4	4	0.5302	True	0.636729	0.750	0.002592	
2025-09-08 16:22:17.533	continuous	6603	2	->	3	4	4	0.5346	True	0.615361	0.750	0.002592	
2025-09-08 16:22:17.533	continuous	6604	2	->	3	4	4	0.5391	True	0.594988	0.750	0.002592	
2025-09-08 16:22:17.533	continuous	6605	4	->	5	6	5	0.3438	True	2.010281	0.750	0.002592	
2025-09-08 16:22:17.533	continuous	6606	2	->	3	4	4	0.5415	True	0.579165	0.750	0.002591	
2025-09-08 16:22:17.533	continuous	6607	2	->	3	4	4	0.5462	True	0.560589	0.750	0.002591	
2025-09-08 16:22:17.533	continuous	6608	4	->		5	4	0.3802	True	1.088543	0.750	0.002591	
2025-09-08 16:22:17.534	continuous	6609	3	->		4	4	0.4591	True	0.793545	0.750	0.002591	
2025-09-08 16:22:17.534	continuous	6610	3	->		4	4	0.4619	True	0.775402	0.750	0.002590	
2025-09-08 16:22:17.534	continuous	6611	3	->	4	5	4	0.4196	True	1.136423	0.750	0.002590	
2025-09-08 16:22:17.534	continuous	6612	3	->	4	5	4	0.4195	True	1.114962	0.750	0.002590	
2025-09-08 16:22:17.534	continuous	6613	1	->	2	3	4	0.5062	True	2.311402	0.750	0.002590	
2025-09-08 16:22:17.535	continuous	6614	5	->		6	4	0.3910	True	2.123208	0.750	0.002589	
2025-09-08 16:22:17.535	continuous	6615	4	->	5	6	5	0.3427	True	1.992178	0.750	0.002589	
2025-09-08 16:22:17.535	continuous	6616	3	->		4	4	0.4542	True	0.811614	0.750	0.002589	
2025-09-08 16:22:17.535	continuous	6617	5	->		6	4	0.3883	True	2.078894	0.750	0.002589	
2025-09-08 16:22:17.535	continuous	6618	3	->		4	4	0.4544	True	0.799600	0.750	0.002588	
2025-09-08 16:22:17.535	continuous	6619	2	->	3	4	4	0.5487	True	0.542120	0.750	0.002588	
2025-09-08 16:22:17.536	continuous	6620	3	->	4	5	4	0.4150	True	1.154862	0.750	0.002588	
2025-09-08 16:22:17.536	continuous	6621	2	->		3	4	0.5282	True	2.374473	0.750	0.002588	
2025-09-08 16:22:17.536	continuous	6622	3	->	4	5	4	0.4110	True	1.135319	0.750	0.002587	
2025-09-08 16:22:17.536	continuous	6623	3	->		4	4	0.4535	True	0.810327	0.750	0.002587	
2025-09-08 16:22:17.537	continuous	6624	2	->	3	4	4	0.5461	True	0.552421	0.750	0.002587	
2025-09-08 16:22:17.537	continuous	6625	3	->	4	5	4	0.4146	True	1.144018	0.750	0.002586	
2025-09-08 16:22:17.537	continuous	6626	3	->		4	4	0.4580	True	0.789459	0.750	0.002586	
2025-09-08 16:22:17.537	continuous	6627	3	->	4	5	4	0.4164	True	1.137565	0.750	0.002586	
2025-09-08 16:22:17.537	continuous	6628	2	->		3	4	0.5281	True	2.359103	0.750	0.002586	
2025-09-08 16:22:17.538	continuous	6629	3	->	4	5	4	0.4126	True	1.118655	0.750	0.002585	
2025-09-08 16:22:17.538	continuous	6630	3	->	4	5	4	0.4128	True	1.097934	0.750	0.002585	
2025-09-08 16:22:17.538	continuous	6631	3	->	4	5	4	0.4132	True	1.077640	0.750	0.002585	
2025-09-08 16:22:17.538	continuous	6632	4	->		5	5	0.3803	True	1.031914	0.750	0.002585	
2025-09-08 16:22:17.538	continuous	6633	5	->		6	5	0.3901	True	2.106498	0.750	0.002584	
2025-09-08 16:22:17.539	continuous	6634	4	->		5	5	0.3794	True	1.021662	0.750	0.002584	
2025-09-08 16:22:17.539	continuous	6635	2	->	3	4	4	0.5308	True	0.639895	0.750	0.002584	
2025-09-08 16:22:17.539	continuous	6636	3	->		4	4	0.4536	True	0.857258	0.750	0.002584	
2025-09-08 16:22:17.539	continuous	6637	4	->	5	6	5	0.3456	True	1.991895	0.750	0.002583	
2025-09-08 16:22:17.539	continuous	6638	4	->		5	5	0.3799	True	1.037086	0.750	0.002583	
2025-09-08 16:22:17.539	continuous	6639	2	->	3	4	4	0.5360	True	0.614370	0.750	0.002583	
2025-09-08 16:22:17.540	continuous	6640	3	->		4	4	0.4562	True	0.833844	0.750	0.002583	
2025-09-08 16:22:17.540	continuous	6641	3	->		4	4	0.4588	True	0.814258	0.750	0.002582	
2025-09-08 16:22:17.540	continuous	6642	5	->		6	4	0.3929	True	2.093998	0.750	0.002582	
2025-09-08 16:22:17.540	continuous	6643	4	->		5	5	0.3813	True	1.064253	0.750	0.002582	
2025-09-08 16:22:17.540	continuous	6644	4	->		5	5	0.3822	True	1.048376	0.750	0.002582	
2025-09-08 16:22:17.541	continuous	6645	5	->		6	5	0.3921	True	2.075654	0.750	0.002581	
2025-09-08 16:22:17.541	continuous	6646	4	->		5	5	0.3811	True	1.037534	0.750	0.002581	
2025-09-08 16:22:17.541	continuous	6647	4	->		5	5	0.3822	True	1.022142	0.750	0.002581	
2025-09-08 16:22:17.541	continuous	6648	4	->	5	6	5	0.3475	True	1.960181	0.750	0.002581	
2025-09-08 16:22:17.541	continuous	6649	2	->	3	4	4	0.5350	True	0.621476	0.750	0.002580	
2025-09-08 16:22:17.541	continuous	6650	3	->	4	5	4	0.4159	True	1.053719	0.750	0.002580	
2025-09-08 16:22:17.542	continuous	6651	3	->	4	5	4	0.4166	True	1.034119	0.750	0.002580	
2025-09-08 16:22:17.542	continuous	6652	3	->		4	4	0.4559	True	0.872244	0.750	0.002580	
2025-09-08 16:22:17.542	continuous	6653	3	->	4	5	4	0.4186	True	1.030343	0.750	0.002579	
2025-09-08 16:22:17.542	continuous	6654	5	->		6	5	0.3944	True	2.060948	0.750	0.002579	
2025-09-08 16:22:17.542	continuous	6655	2	->	3	4	4	0.5354	True	0.632025	0.750	0.002579	
2025-09-08 16:22:17.542	continuous	6656	3	->	4	5	4	0.4181	True	1.032371	0.750	0.002578	
2025-09-08 16:22:17.543	continuous	6657	2	->	3	4	4	0.5380	True	0.626125	0.750	0.002578	
2025-09-08 16:22:17.543	continuous	6658	2	->	3	4	4	0.5425	True	0.604408	0.750	0.002578	
2025-09-08 16:22:17.543	continuous	6659	2	->	3	4	4	0.5471	True	0.583757	0.750	0.002578	
2025-09-08 16:22:17.543	continuous	6660	4	->		5	5	0.3871	True	1.029379	0.750	0.002577	
2025-09-08 16:22:17.543	continuous	6661	2	->	3	4	4	0.5500	True	0.577047	0.750	0.002577	
2025-09-08 16:22:17.544	continuous	6662	3	->		4	4	0.4661	True	0.800590	0.750	0.002577	
2025-09-08 16:22:17.544	continuous	6663	3	->		4	4	0.4689	True	0.781524	0.750	0.002577	
2025-09-08 16:22:17.544	continuous	6664	5	->		6	4	0.4002	True	2.081518	0.750	0.002576	
2025-09-08 16:22:17.545	continuous	6665	3	->		4	4	0.4690	True	0.769657	0.750	0.002576	
2025-09-08 16:22:17.545	continuous	6666	5	->		6	4	0.3992	True	2.060373	0.750	0.002576	
2025-09-08 16:22:17.546	continuous	6667	2	->	3	4	4	0.5631	True	0.516258	0.750	0.002576	
2025-09-08 16:22:17.546	continuous	6668	2	->		3	4	0.5435	True	2.554331	0.750	0.002575	
2025-09-08 16:22:17.546	continuous	6669	1	->	2	3	4	0.5080	True	2.379681	0.750	0.002575	
2025-09-08 16:22:17.546	continuous	6670	3	->	4	5	4	0.4182	True	1.132705	0.750	0.002575	
2025-09-08 16:22:17.546	continuous	6671	3	->		4	4	0.4613	True	0.786623	0.750	0.002575	
2025-09-08 16:22:17.546	continuous	6672	4	->		5	4	0.3832	True	1.085875	0.750	0.002574	
2025-09-08 16:22:17.547	continuous	6673	4	->		5	5	0.3840	True	1.069454	0.750	0.002574	
2025-09-08 16:22:17.547	continuous	6674	2	->	3	4	4	0.5524	True	0.549502	0.750	0.002574	
2025-09-08 16:22:17.547	continuous	6675	1	->	2	3	4	0.5064	True	2.353908	0.750	0.002574	
2025-09-08 16:22:17.547	continuous	6676	2	->	3	4	4	0.5515	True	0.543685	0.750	0.002573	
2025-09-08 16:22:17.547	continuous	6677	3	->	4	5	4	0.4200	True	1.124015	0.750	0.002573	
2025-09-08 16:22:17.548	continuous	6678	2	->	3	4	4	0.5535	True	0.541294	0.750	0.002573	
2025-09-08 16:22:17.548	continuous	6679	3	->	4	5	4	0.4216	True	1.117590	0.750	0.002573	
2025-09-08 16:22:17.548	continuous	6680	3	->		4	4	0.4646	True	0.784056	0.750	0.002572	
2025-09-08 16:22:17.548	continuous	6681	5	->		6	4	0.3958	True	2.075059	0.750	0.002572	
2025-09-08 16:22:17.548	continuous	6682	4	->		5	5	0.3844	True	1.075205	0.750	0.002572	
2025-09-08 16:22:17.548	continuous	6683	5	->		6	4	0.3941	True	2.051789	0.750	0.002572	
2025-09-08 16:22:17.549	continuous	6684	2	->	3	4	4	0.5520	True	0.544786	0.750	0.002571	
2025-09-08 16:22:17.549	continuous	6685	4	->		5	5	0.3839	True	1.075771	0.750	0.002571	
2025-09-08 16:22:17.549	continuous	6686	5	->		6	4	0.3936	True	2.034483	0.750	0.002571	
2025-09-08 16:22:17.549	continuous	6687	3	->		4	4	0.4613	True	0.792713	0.750	0.002571	
2025-09-08 16:22:17.550	continuous	6688	2	->	3	4	4	0.5567	True	0.527500	0.750	0.002570	
2025-09-08 16:22:17.550	continuous	6689	3	->		4	4	0.4669	True	0.757143	0.750	0.002570	
2025-09-08 16:22:17.550	continuous	6690	4	->	5	6	5	0.3485	True	1.925683	0.750	0.002570	
2025-09-08 16:22:17.550	continuous	6691	2	->	3	4	4	0.5645	True	0.498696	0.750	0.002569	
2025-09-08 16:22:17.550	continuous	6692	4	->	5	6	5	0.3476	True	1.909700	0.750	0.002569	
2025-09-08 16:22:17.550	continuous	6693	1	->	2	3	4	0.5090	True	2.390679	0.750	0.002569	
2025-09-08 16:22:17.551	continuous	6694	4	->		5	4	0.3801	True	1.124093	0.750	0.002569	
2025-09-08 16:22:17.551	continuous	6695	4	->		5	4	0.3807	True	1.107125	0.750	0.002568	
2025-09-08 16:22:17.551	continuous	6696	3	->		4	4	0.4624	True	0.772067	0.750	0.002568	
2025-09-08 16:22:17.551	continuous	6697	2	->		3	4	0.5356	True	2.452823	0.750	0.002568	
2025-09-08 16:22:17.551	continuous	6698	4	->		5	4	0.3792	True	1.104974	0.750	0.002568	
2025-09-08 16:22:17.552	continuous	6699	2	->	3	4	4	0.5513	True	0.534486	0.750	0.002567	
2025-09-08 16:22:17.552	continuous	6700	1	->	2	3	4	0.5015	True	2.297898	0.750	0.002567	
2025-09-08 16:22:17.552	continuous	6701	2	->	3	4	4	0.5505	True	0.530030	0.750	0.002567	
2025-09-08 16:22:17.552	continuous	6702	3	->		4	4	0.4610	True	0.762298	0.750	0.002567	
2025-09-08 16:22:17.552	continuous	6703	3	->	4	5	4	0.4185	True	1.179654	0.750	0.002566	
2025-09-08 16:22:17.553	continuous	6704	3	->		4	4	0.4628	True	0.759794	0.750	0.002566	
2025-09-08 16:22:17.553	continuous	6705	4	->		5	4	0.3816	True	1.121595	0.750	0.002566	
2025-09-08 16:22:17.553	continuous	6706	3	->		4	4	0.4651	True	0.754328	0.750	0.002566	
2025-09-08 16:22:17.553	continuous	6707	3	->		4	4	0.4683	True	0.736782	0.750	0.002565	
2025-09-08 16:22:17.554	continuous	6708	4	->	5	6	5	0.3473	True	1.936678	0.750	0.002565	
2025-09-08 16:22:17.554	continuous	6709	4	->		5	4	0.3829	True	1.132767	0.750	0.002565	
2025-09-08 16:22:17.554	continuous	6710	4	->		5	4	0.3833	True	1.115452	0.750	0.002565	
2025-09-08 16:22:17.554	continuous	6711	4	->		5	4	0.3839	True	1.098414	0.750	0.002564	
2025-09-08 16:22:17.554	continuous	6712	3	->	4	5	4	0.4225	True	1.128811	0.750	0.002564	
2025-09-08 16:22:17.555	continuous	6713	3	->	4	5	4	0.4225	True	1.106760	0.750	0.002564	
2025-09-08 16:22:17.555	continuous	6714	4	->		5	5	0.3860	True	1.044710	0.750	0.002564	
2025-09-08 16:22:17.555	continuous	6715	3	->	4	5	4	0.4231	True	1.067292	0.750	0.002563	
2025-09-08 16:22:17.555	continuous	6716	3	->		4	4	0.4639	True	0.820977	0.750	0.002563	
2025-09-08 16:22:17.555	continuous	6717	4	->	5	6	5	0.3526	True	1.950380	0.750	0.002563	
2025-09-08 16:22:17.555	continuous	6718	1	->	2	3	4	0.5028	True	2.347773	0.750	0.002563	
2025-09-08 16:22:17.556	continuous	6719	2	->	3	4	4	0.5463	True	0.569269	0.750	0.002562	
2025-09-08 16:22:17.556	continuous	6720	2	->	3	4	4	0.5513	True	0.550231	0.750	0.002562	
2025-09-08 16:22:17.556	continuous	6721	3	->	4	5	4	0.4224	True	1.102811	0.750	0.002562	
2025-09-08 16:22:17.556	continuous	6722	3	->		4	4	0.4645	True	0.796319	0.750	0.002562	
2025-09-08 16:22:17.556	continuous	6723	3	->	4	5	4	0.4243	True	1.096972	0.750	0.002561	
2025-09-08 16:22:17.556	continuous	6724	5	->		6	4	0.3965	True	2.052091	0.750	0.002561	
2025-09-08 16:22:17.557	continuous	6725	3	->		4	4	0.4640	True	0.799272	0.750	0.002561	
2025-09-08 16:22:17.557	continuous	6726	5	->		6	4	0.3955	True	2.031164	0.750	0.002561	
2025-09-08 16:22:17.557	continuous	6727	3	->		4	4	0.4643	True	0.786638	0.750	0.002560	
2025-09-08 16:22:17.557	continuous	6728	3	->		4	4	0.4672	True	0.767823	0.750	0.002560	
2025-09-08 16:22:17.557	continuous	6729	3	->	4	5	4	0.4255	True	1.130867	0.750	0.002560	
2025-09-08 16:22:17.558	continuous	6730	4	->		5	5	0.3872	True	1.063403	0.750	0.002559	
2025-09-08 16:22:17.558	continuous	6731	4	->		5	5	0.3880	True	1.047095	0.750	0.002559	
2025-09-08 16:22:17.558	continuous	6732	4	->		5	5	0.3889	True	1.031049	0.750	0.002559	
2025-09-08 16:22:17.558	continuous	6733	4	->		5	5	0.3900	True	1.015261	0.750	0.002559	
2025-09-08 16:22:17.558	continuous	6734	2	->		3	4	0.5308	True	2.483496	0.750	0.002558	
2025-09-08 16:22:17.558	continuous	6735	1	->	2	3	4	0.5003	True	2.318229	0.750	0.002558	
2025-09-08 16:22:17.559	continuous	6736	4	->		5	5	0.3848	True	1.010213	0.750	0.002558	
2025-09-08 16:22:17.559	continuous	6737	2	->		3	4	0.5189	True	2.350819	0.750	0.002558	
2025-09-08 16:22:17.559	continuous	6738	3	->		4	4	0.4546	True	0.870572	0.750	0.002557	
2025-09-08 16:22:17.559	continuous	6739	3	->		4	4	0.4570	True	0.849202	0.750	0.002557	
2025-09-08 16:22:17.559	continuous	6740	1	->	2	3	4	0.4957	True	2.222617	0.750	0.002557	
2025-09-08 16:22:17.560	continuous	6741	3	->	4	5	4	0.4166	True	1.069927	0.750	0.002557	
2025-09-08 16:22:17.560	continuous	6742	3	->		4	4	0.4553	True	0.856450	0.750	0.002556	
2025-09-08 16:22:17.561	continuous	6743	2	->	3	4	4	0.5404	True	0.587613	0.750	0.002556	
2025-09-08 16:22:17.561	continuous	6744	4	->		5	5	0.3837	True	1.039471	0.750	0.002556	
2025-09-08 16:22:17.561	continuous	6745	4	->		5	5	0.3847	True	1.023725	0.750	0.002556	
2025-09-08 16:22:17.562	continuous	6746	4	->		5	5	0.3859	True	1.008224	0.750	0.002555	
2025-09-08 16:22:17.562	continuous	6747	5	->		6	5	0.3947	True	2.073253	0.750	0.002555	
2025-09-08 16:22:17.562	continuous	6748	1	->	2	3	4	0.4934	True	2.208411	0.750	0.002555	
2025-09-08 16:22:17.562	continuous	6749	4	->		5	5	0.3823	True	1.005089	0.750	0.002555	
2025-09-08 16:22:17.562	continuous	6750	3	->	4	5	5	0.4174	True	1.022949	0.750	0.002554	
2025-09-08 16:22:17.563	continuous	6751	2	->		3	4	0.5102	True	2.241965	0.750	0.002554	
2025-09-08 16:22:17.563	continuous	6752	4	->	5	6	5	0.3484	True	1.952890	0.750	0.002554	
2025-09-08 16:22:17.563	continuous	6753	3	->	4	5	5	0.4133	True	1.014443	0.750	0.002554	
2025-09-08 16:22:17.563	continuous	6754	2	->		3	4	0.5025	True	2.180282	0.750	0.002553	
2025-09-08 16:22:17.563	continuous	6755	5	->		6	5	0.3861	True	2.030403	0.750	0.002553	
2025-09-08 16:22:17.563	continuous	6756	3	->		4	4	0.4426	True	0.952906	0.750	0.002553	
2025-09-08 16:22:17.564	continuous	6757	2	->	3	4	4	0.5163	True	0.679865	0.750	0.002553	
2025-09-08 16:22:17.564	continuous	6758	5	->		6	5	0.3849	True	2.013792	0.750	0.002552	
2025-09-08 16:22:17.564	continuous	6759	2	->	3	4	4	0.5182	True	0.660483	0.750	0.002552	
2025-09-08 16:22:17.564	continuous	6760	3	->	4	5	5	0.4100	True	1.060143	0.750	0.002552	
2025-09-08 16:22:17.564	continuous	6761	2	->	3	4	4	0.5212	True	0.653080	0.750	0.002552	
2025-09-08 16:22:17.565	continuous	6762	4	->		5	5	0.3780	True	1.020738	0.750	0.002551	
2025-09-08 16:22:17.565	continuous	6763	3	->		4	4	0.4485	True	0.895694	0.750	0.002551	
2025-09-08 16:22:17.565	continuous	6764	1	->	2	3	4	0.4852	True	2.116606	0.750	0.002551	
2025-09-08 16:22:17.565	continuous	6765	4	->		5	5	0.3772	True	1.025112	0.750	0.002551	
2025-09-08 16:22:17.565	continuous	6766	2	->	3	4	4	0.5229	True	0.645892	0.750	0.002550	
2025-09-08 16:22:17.566	continuous	6767	4	->		5	5	0.3788	True	1.022730	0.750	0.002550	
2025-09-08 16:22:17.566	continuous	6768	2	->	3	4	4	0.5263	True	0.636007	0.750	0.002550	
2025-09-08 16:22:17.566	continuous	6769	3	->	4	5	4	0.4146	True	1.058826	0.750	0.002550	
2025-09-08 16:22:17.566	continuous	6770	2	->	3	4	4	0.5291	True	0.629569	0.750	0.002549	
2025-09-08 16:22:17.566	continuous	6771	3	->	4	5	4	0.4163	True	1.054430	0.750	0.002549	
2025-09-08 16:22:17.566	continuous	6772	3	->	4	5	5	0.4170	True	1.034132	0.750	0.002549	
2025-09-08 16:22:17.567	continuous	6773	1	->	2	3	4	0.4886	True	2.129310	0.750	0.002548	
2025-09-08 16:22:17.567	continuous	6774	3	->	4	5	5	0.4149	True	1.021816	0.750	0.002548	
2025-09-08 16:22:17.567	continuous	6775	3	->	4	5	5	0.4160	True	1.002412	0.750	0.002548	
2025-09-08 16:22:17.567	continuous	6776	5	->		6	5	0.3912	True	2.060205	0.750	0.002548	
2025-09-08 16:22:17.567	continuous	6777	3	->	4	5	5	0.4150	True	0.989112	0.750	0.002547	
2025-09-08 16:22:17.568	continuous	6778	5	->		6	5	0.3906	True	2.038771	0.750	0.002547	
2025-09-08 16:22:17.568	continuous	6779	4	->		5	5	0.3828	True	0.952511	0.750	0.002547	
2025-09-08 16:22:17.568	continuous	6780	2	->	3	4	4	0.5153	True	0.721072	0.750	0.002547	
2025-09-08 16:22:17.568	continuous	6781	2	->		3	4	0.5020	True	2.182575	0.750	0.002546	
2025-09-08 16:22:17.568	continuous	6782	2	->	3	4	4	0.5141	True	0.708450	0.750	0.002546	
2025-09-08 16:22:17.569	continuous	6783	4	->		5	5	0.3814	True	0.972452	0.750	0.002546	
2025-09-08 16:22:17.569	continuous	6784	2	->	3	4	4	0.5176	True	0.695689	0.750	0.002546	
2025-09-08 16:22:17.569	continuous	6785	4	->	5	6	5	0.3493	True	1.938163	0.750	0.002545	
2025-09-08 16:22:17.569	continuous	6786	3	->		4	4	0.4473	True	0.930855	0.750	0.002545	
2025-09-08 16:22:17.570	continuous	6787	3	->	4	5	5	0.4143	True	1.021894	0.750	0.002545	
2025-09-08 16:22:17.570	continuous	6788	4	->		5	5	0.3829	True	0.972830	0.750	0.002545	
2025-09-08 16:22:17.570	continuous	6789	4	->		5	5	0.3845	True	0.958357	0.750	0.002544	
2025-09-08 16:22:17.570	continuous	6790	3	->	4	5	5	0.4178	True	0.970247	0.750	0.002544	
2025-09-08 16:22:17.570	continuous	6791	2	->		3	4	0.5035	True	2.193189	0.750	0.002544	
2025-09-08 16:22:17.571	continuous	6792	2	->	3	4	4	0.5148	True	0.722891	0.750	0.002544	
2025-09-08 16:22:17.571	continuous	6793	1	->	2	3	4	0.4837	True	2.072086	0.750	0.002543	
2025-09-08 16:22:17.571	continuous	6794	3	->	4	5	5	0.4136	True	0.984598	0.750	0.002543	
2025-09-08 16:22:17.571	continuous	6795	3	->	4	5	5	0.4149	True	0.966121	0.750	0.002543	
2025-09-08 16:22:17.571	continuous	6796	1	->	2	3	5	0.4822	True	2.033671	0.750	0.002543	
2025-09-08 16:22:17.572	continuous	6797	2	->	3	4	4	0.5085	True	0.749352	0.750	0.002542	
2025-09-08 16:22:17.572	continuous	6798	1	->	2	3	5	0.4793	True	1.988055	0.750	0.002542	
2025-09-08 16:22:17.572	continuous	6799	3	->	4	5	5	0.4112	True	0.983597	0.750	0.002542	
2025-09-08 16:22:17.572	continuous	6800	4	->	5	6	5	0.3497	True	1.961211	0.750	0.002542	
2025-09-08 16:22:17.572	continuous	6801	4	->	5	6	5	0.3481	True	1.940764	0.750	0.002541	
2025-09-08 16:22:17.572	continuous	6802	2	->	3	4	4	0.5036	True	0.752912	0.750	0.002541	
2025-09-08 16:22:17.573	continuous	6803	4	->	5	6	5	0.3461	True	1.923072	0.750	0.002541	
2025-09-08 16:22:17.573	continuous	6804	3	->	4	5	5	0.4079	True	0.998549	0.750	0.002541	
2025-09-08 16:22:17.573	continuous	6805	3	->		4	4	0.4397	True	1.003300	0.750	0.002540	
2025-09-08 16:22:17.573	continuous	6806	4	->		5	5	0.3788	True	0.969605	0.750	0.002540	
2025-09-08 16:22:17.573	continuous	6807	2	->	3	4	4	0.5082	True	0.731128	0.750	0.002540	
2025-09-08 16:22:17.573	continuous	6808	4	->	5	6	5	0.3474	True	1.920177	0.750	0.002540	
2025-09-08 16:22:17.574	continuous	6809	4	->		5	5	0.3786	True	0.974146	0.750	0.002539	
2025-09-08 16:22:17.574	continuous	6810	1	->		2	5	0.4402	True	4.195229	0.750	0.002539	
2025-09-08 16:22:17.574	continuous	6811	2	->	3	4	4	0.5072	True	0.724538	0.750	0.002539	
2025-09-08 16:22:17.574	continuous	6812	4	->		5	5	0.3767	True	0.977765	0.750	0.002539	
2025-09-08 16:22:17.574	continuous	6813	1	->	2	3	5	0.4752	True	2.010357	0.750	0.002538	
2025-09-08 16:22:17.575	continuous	6814	2	->	3	4	4	0.5065	True	0.721677	0.750	0.002538	
2025-09-08 16:22:17.575	continuous	6815	3	->		4	4	0.4402	True	0.960135	0.750	0.002538	
2025-09-08 16:22:17.575	continuous	6816	2	->	3	4	4	0.5153	True	0.671643	0.750	0.002538	
2025-09-08 16:22:17.575	continuous	6817	5	->		6	5	0.3825	True	2.011261	0.750	0.002537	
2025-09-08 16:22:17.575	continuous	6818	3	->		4	4	0.4419	True	0.918905	0.750	0.002537	
2025-09-08 16:22:17.575	continuous	6819	3	->	4	5	5	0.4083	True	1.066384	0.750	0.002537	
2025-09-08 16:22:17.576	continuous	6820	4	->		5	5	0.3759	True	1.010599	0.750	0.002537	
2025-09-08 16:22:17.576	continuous	6821	3	->	4	5	5	0.4101	True	1.029348	0.750	0.002536	
2025-09-08 16:22:17.576	continuous	6822	4	->		5	5	0.3788	True	0.979172	0.750	0.002536	
2025-09-08 16:22:17.576	continuous	6823	4	->	5	6	5	0.3473	True	1.919254	0.750	0.002536	
2025-09-08 16:22:17.576	continuous	6824	4	->		5	5	0.3788	True	0.970238	0.750	0.002536	
2025-09-08 16:22:17.576	continuous	6825	3	->	4	5	5	0.4120	True	0.983228	0.750	0.002535	
2025-09-08 16:22:17.577	continuous	6826	3	->	4	5	5	0.4134	True	0.964792	0.750	0.002535	
2025-09-08 16:22:17.577	continuous	6827	4	->		5	5	0.3841	True	0.924863	0.750	0.002535	
2025-09-08 16:22:17.577	continuous	6828	4	->		5	5	0.3859	True	0.911313	0.750	0.002535	
2025-09-08 16:22:17.578	continuous	6829	4	->	5	6	5	0.3549	True	1.928147	0.750	0.002534	
2025-09-08 16:22:17.578	continuous	6830	3	->	4	5	5	0.4163	True	0.922844	0.750	0.002534	
2025-09-08 16:22:17.578	continuous	6831	4	->		5	5	0.3882	True	0.889288	0.750	0.002534	
2025-09-08 16:22:17.579	continuous	6832	4	->		5	5	0.3902	True	0.876314	0.750	0.002534	
2025-09-08 16:22:17.579	continuous	6833	3	->	4	5	5	0.4218	True	0.877136	0.750	0.002533	
2025-09-08 16:22:17.579	continuous	6834	4	->		5	5	0.3946	True	0.849566	0.750	0.002533	
2025-09-08 16:22:17.579	continuous	6835	2	->		3	5	0.4995	True	2.184465	0.750	0.002533	
2025-09-08 16:22:17.579	continuous	6836	3	->		4	5	0.4486	True	1.108057	0.750	0.002532	
2025-09-08 16:22:17.580	continuous	6837	4	->		5	5	0.3929	True	0.859703	0.750	0.002532	
2025-09-08 16:22:17.580	continuous	6838	2	->	3	4	4	0.5085	True	0.834510	0.750	0.002532	
2025-09-08 16:22:17.580	continuous	6839	4	->		5	5	0.3938	True	0.861509	0.750	0.002532	
2025-09-08 16:22:17.580	continuous	6840	3	->		4	5	0.4521	True	1.074457	0.750	0.002531	
2025-09-08 16:22:17.580	continuous	6841	2	->		3	4	0.5012	True	2.171203	0.750	0.002531	
2025-09-08 16:22:17.580	continuous	6842	4	->		5	5	0.3923	True	0.870818	0.750	0.002531	
2025-09-08 16:22:17.581	continuous	6843	3	->		4	5	0.4505	True	1.070625	0.750	0.002531	
2025-09-08 16:22:17.581	continuous	6844	4	->	5	6	5	0.3608	True	1.962353	0.750	0.002530	
2025-09-08 16:22:17.581	continuous	6845	2	->	3	4	4	0.5107	True	0.783680	0.750	0.002530	
2025-09-08 16:22:17.581	continuous	6846	4	->		5	5	0.3908	True	0.891220	0.750	0.002530	
2025-09-08 16:22:17.582	continuous	6847	2	->		3	4	0.4998	True	2.146455	0.750	0.002530	
2025-09-08 16:22:17.582	continuous	6848	2	->	3	4	4	0.5092	True	0.779458	0.750	0.002529	
2025-09-08 16:22:17.582	continuous	6849	1	->	2	3	5	0.4830	True	2.032834	0.750	0.002529	
2025-09-08 16:22:17.582	continuous	6850	4	->	5	6	5	0.3544	True	1.948499	0.750	0.002529	
2025-09-08 16:22:17.582	continuous	6851	3	->	4	5	5	0.4147	True	0.939936	0.750	0.002529	
2025-09-08 16:22:17.583	continuous	6852	3	->		4	5	0.4446	True	1.041525	0.750	0.002528	
2025-09-08 16:22:17.583	continuous	6853	3	->	4	5	5	0.4165	True	0.938175	0.750	0.002528	
2025-09-08 16:22:17.583	continuous	6854	3	->	4	5	5	0.4182	True	0.920480	0.750	0.002528	
2025-09-08 16:22:17.583	continuous	6855	4	->		5	5	0.3906	True	0.883818	0.750	0.002528	
2025-09-08 16:22:17.583	continuous	6856	3	->		4	5	0.4490	True	1.059196	0.750	0.002527	
2025-09-08 16:22:17.583	continuous	6857	4	->		5	5	0.3919	True	0.883788	0.750	0.002527	
2025-09-08 16:22:17.584	continuous	6858	2	->	3	4	4	0.5121	True	0.781859	0.750	0.002527	
2025-09-08 16:22:17.584	continuous	6859	4	->	5	6	5	0.3604	True	1.964870	0.750	0.002527	
2025-09-08 16:22:17.584	continuous	6860	3	->	4	5	5	0.4212	True	0.913395	0.750	0.002526	
2025-09-08 16:22:17.584	continuous	6861	4	->		5	5	0.3933	True	0.875951	0.750	0.002526	
2025-09-08 16:22:17.584	continuous	6862	3	->	4	5	5	0.4248	True	0.881575	0.750	0.002526	
2025-09-08 16:22:17.585	continuous	6863	3	->		4	5	0.4536	True	1.063656	0.750	0.002526	
2025-09-08 16:22:17.585	continuous	6864	3	->	4	5	5	0.4265	True	0.881226	0.750	0.002525	
2025-09-08 16:22:17.585	continuous	6865	4	->	5	6	5	0.3662	True	1.971005	0.750	0.002525	
2025-09-08 16:22:17.585	continuous	6866	2	->		3	4	0.5009	True	2.159845	0.750	0.002525	
2025-09-08 16:22:17.585	continuous	6867	3	->	4	5	5	0.4234	True	0.880115	0.750	0.002525	
2025-09-08 16:22:17.585	continuous	6868	4	->		5	5	0.3965	True	0.848710	0.750	0.002524	
2025-09-08 16:22:17.586	continuous	6869	3	->	4	5	5	0.4274	True	0.849701	0.750	0.002524	
2025-09-08 16:22:17.586	continuous	6870	3	->		4	5	0.4546	True	1.110631	0.750	0.002524	
2025-09-08 16:22:17.586	continuous	6871	1	->	2	3	5	0.4915	True	2.079106	0.750	0.002524	
2025-09-08 16:22:17.586	continuous	6872	2	->		3	5	0.4968	True	2.074072	0.750	0.002523	
2025-09-08 16:22:17.587	continuous	6873	4	->		5	5	0.3943	True	0.856124	0.750	0.002523	
2025-09-08 16:22:17.587	continuous	6874	4	->		5	5	0.3965	True	0.843542	0.750	0.002523	
2025-09-08 16:22:17.587	continuous	6875	3	->		4	5	0.4511	True	1.125240	0.750	0.002523	
2025-09-08 16:22:17.587	continuous	6876	2	->	3	4	4	0.5074	True	0.834971	0.750	0.002522	
2025-09-08 16:22:17.587	continuous	6877	4	->		5	5	0.3963	True	0.858523	0.750	0.002522	
2025-09-08 16:22:17.587	continuous	6878	4	->		5	5	0.3985	True	0.845769	0.750	0.002522	
2025-09-08 16:22:17.588	continuous	6879	3	->		4	5	0.4544	True	1.090542	0.750	0.002522	
2025-09-08 16:22:17.588	continuous	6880	5	->		6	5	0.4034	True	2.099359	0.750	0.002521	
2025-09-08 16:22:17.588	continuous	6881	3	->		4	5	0.4525	True	1.064448	0.750	0.002521	
2025-09-08 16:22:17.588	continuous	6882	5	->		6	5	0.4005	True	2.074408	0.750	0.002521	
2025-09-08 16:22:17.588	continuous	6883	2	->		3	4	0.4975	True	2.090475	0.750	0.002521	
2025-09-08 16:22:17.589	continuous	6884	2	->	3	4	4	0.5069	True	0.787570	0.750	0.002520	
2025-09-08 16:22:17.589	continuous	6885	2	->	3	4	4	0.5105	True	0.756738	0.750	0.002520	
2025-09-08 16:22:17.589	continuous	6886	3	->	4	5	5	0.4203	True	0.938165	0.750	0.002520	
2025-09-08 16:22:17.589	continuous	6887	4	->	5	6	5	0.3602	True	1.957531	0.750	0.002520	
2025-09-08 16:22:17.589	continuous	6888	2	->	3	4	4	0.5117	True	0.746010	0.750	0.002519	
2025-09-08 16:22:17.589	continuous	6889	2	->	3	4	4	0.5157	True	0.717313	0.750	0.002519	
2025-09-08 16:22:17.590	continuous	6890	5	->		6	5	0.3940	True	2.039801	0.750	0.002519	
2025-09-08 16:22:17.590	continuous	6891	4	->		5	5	0.3873	True	0.932905	0.750	0.002519	
2025-09-08 16:22:17.590	continuous	6892	3	->	4	5	5	0.4196	True	0.949788	0.750	0.002518	
2025-09-08 16:22:17.590	continuous	6893	3	->	4	5	5	0.4212	True	0.931383	0.750	0.002518	
2025-09-08 16:22:17.590	continuous	6894	1	->		2	5	0.4494	True	4.266763	0.750	0.002518	
2025-09-08 16:22:17.590	continuous	6895	4	->		5	5	0.3897	True	0.893723	0.750	0.002518	
2025-09-08 16:22:17.591	continuous	6896	3	->		4	5	0.4493	True	1.029646	0.750	0.002517	
2025-09-08 16:22:17.591	continuous	6897	2	->		3	4	0.4993	True	2.121574	0.750	0.002517	
2025-09-08 16:22:17.591	continuous	6898	2	->	3	4	4	0.5110	True	0.743527	0.750	0.002517	
2025-09-08 16:22:17.591	continuous	6899	4	->	5	6	5	0.3556	True	1.937405	0.750	0.002517	
2025-09-08 16:22:17.591	continuous	6900	1	->	2	3	5	0.4784	True	2.005335	0.750	0.002516	
2025-09-08 16:22:17.592	continuous	6901	4	->		5	5	0.3837	True	0.929958	0.750	0.002516	
2025-09-08 16:22:17.592	continuous	6902	1	->	2	3	5	0.4760	True	1.959427	0.750	0.002516	
2025-09-08 16:22:17.592	continuous	6903	2	->		3	4	0.4880	True	1.962941	0.750	0.002516	
2025-09-08 16:22:17.592	continuous	6904	2	->	3	4	4	0.4999	True	0.765380	0.750	0.002515	
2025-09-08 16:22:17.592	continuous	6905	5	->		6	5	0.3849	True	2.017734	0.750	0.002515	
2025-09-08 16:22:17.592	continuous	6906	2	->	3	4	4	0.5017	True	0.740131	0.750	0.002515	
2025-09-08 16:22:17.593	continuous	6907	3	->		4	4	0.4388	True	0.989577	0.750	0.002515	
2025-09-08 16:22:17.593	continuous	6908	4	->		5	5	0.3782	True	0.978072	0.750	0.002514	
2025-09-08 16:22:17.593	continuous	6909	4	->		5	5	0.3798	True	0.963523	0.750	0.002514	
2025-09-08 16:22:17.593	continuous	6910	3	->	4	5	5	0.4119	True	0.984263	0.750	0.002514	
2025-09-08 16:22:17.593	continuous	6911	3	->		4	4	0.4424	True	1.004817	0.750	0.002514	
2025-09-08 16:22:17.594	continuous	6912	3	->	4	5	5	0.4137	True	0.981270	0.750	0.002513	
2025-09-08 16:22:17.594	continuous	6913	2	->	3	4	4	0.5107	True	0.718819	0.750	0.002513	
2025-09-08 16:22:17.594	continuous	6914	2	->	3	4	4	0.5152	True	0.691933	0.750	0.002513	
2025-09-08 16:22:17.595	continuous	6915	1	->	2	3	4	0.4779	True	1.952048	0.750	0.002513	
2025-09-08 16:22:17.595	continuous	6916	5	->		6	5	0.3867	True	2.034776	0.750	0.002512	
2025-09-08 16:22:17.595	continuous	6917	2	->	3	4	4	0.5130	True	0.681986	0.750	0.002512	
2025-09-08 16:22:17.596	continuous	6918	3	->	4	5	5	0.4118	True	1.024752	0.750	0.002512	
2025-09-08 16:22:17.596	continuous	6919	4	->		5	5	0.3815	True	0.965543	0.750	0.002512	
2025-09-08 16:22:17.596	continuous	6920	3	->	4	5	5	0.4142	True	0.988339	0.750	0.002511	
2025-09-08 16:22:17.596	continuous	6921	5	->		6	5	0.3894	True	2.029273	0.750	0.002511	
2025-09-08 16:22:17.596	continuous	6922	4	->	5	6	5	0.3515	True	1.908829	0.750	0.002511	
2025-09-08 16:22:17.596	continuous	6923	5	->		6	5	0.3859	True	1.979260	0.750	0.002511	
2025-09-08 16:22:17.597	continuous	6924	2	->	3	4	4	0.5070	True	0.711310	0.750	0.002510	
2025-09-08 16:22:17.597	continuous	6925	2	->		3	4	0.4912	True	2.014117	0.750	0.002510	
2025-09-08 16:22:17.597	continuous	6926	1	->	2	3	4	0.4671	True	1.887834	0.750	0.002510	
2025-09-08 16:22:17.597	continuous	6927	3	->	4	5	5	0.4056	True	1.019285	0.750	0.002510	
2025-09-08 16:22:17.597	continuous	6928	3	->		4	4	0.4358	True	1.010463	0.750	0.002509	
2025-09-08 16:22:17.598	continuous	6929	3	->		4	4	0.4376	True	0.984494	0.750	0.002509	
2025-09-08 16:22:17.598	continuous	6930	4	->	5	6	5	0.3454	True	1.881291	0.750	0.002509	
2025-09-08 16:22:17.598	continuous	6931	3	->	4	5	5	0.4066	True	1.036653	0.750	0.002509	
2025-09-08 16:22:17.598	continuous	6932	2	->	3	4	4	0.5070	True	0.695892	0.750	0.002508	
2025-09-08 16:22:17.598	continuous	6933	3	->	4	5	5	0.4083	True	1.032232	0.750	0.002508	
2025-09-08 16:22:17.599	continuous	6934	3	->	4	5	5	0.4095	True	1.012266	0.750	0.002508	
2025-09-08 16:22:17.599	continuous	6935	1	->	2	3	4	0.4699	True	1.906903	0.750	0.002508	
2025-09-08 16:22:17.599	continuous	6936	5	->		6	5	0.3825	True	1.971445	0.750	0.002507	
2025-09-08 16:22:17.599	continuous	6937	4	->	5	6	5	0.3455	True	1.859003	0.750	0.002507	
2025-09-08 16:22:17.599	continuous	6938	4	->	5	6	5	0.3442	True	1.839469	0.750	0.002507	
2025-09-08 16:22:17.599	continuous	6939	3	->		4	4	0.4327	True	1.008026	0.750	0.002507	
2025-09-08 16:22:17.600	continuous	6940	3	->	4	5	5	0.4043	True	1.035300	0.750	0.002506	
2025-09-08 16:22:17.600	continuous	6941	3	->	4	5	5	0.4055	True	1.015532	0.750	0.002506	
2025-09-08 16:22:17.600	continuous	6942	4	->		5	5	0.3770	True	0.962869	0.750	0.002506	
2025-09-08 16:22:17.600	continuous	6943	5	->		6	5	0.3827	True	1.924874	0.750	0.002506	
2025-09-08 16:22:17.600	continuous	6944	3	->		4	4	0.4343	True	1.030348	0.750	0.002505	
2025-09-08 16:22:17.600	continuous	6945	4	->	5	6	5	0.3459	True	1.822439	0.750	0.002505	
2025-09-08 16:22:17.601	continuous	6946	3	->	4	5	5	0.4055	True	1.008219	0.750	0.002505	
2025-09-08 16:22:17.601	continuous	6947	4	->	5	6	5	0.3465	True	1.809298	0.750	0.002505	
2025-09-08 16:22:17.601	continuous	6948	4	->		5	5	0.3760	True	0.962963	0.750	0.002504	
2025-09-08 16:22:17.601	continuous	6949	4	->	5	6	5	0.3471	True	1.796202	0.750	0.002504	
2025-09-08 16:22:17.601	continuous	6950	2	->	3	4	4	0.4949	True	0.754232	0.750	0.002504	
2025-09-08 16:22:17.602	continuous	6951	5	->		6	5	0.3800	True	1.856211	0.750	0.002504	
2025-09-08 16:22:17.602	continuous	6952	5	->		6	5	0.3785	True	1.831444	0.750	0.002503	
2025-09-08 16:22:17.602	continuous	6953	4	->		5	5	0.3732	True	0.980308	0.750	0.002503	
2025-09-08 16:22:17.602	continuous	6954	3	->	4	5	5	0.4039	True	0.998303	0.750	0.002503	
2025-09-08 16:22:17.602	continuous	6955	4	->		5	5	0.3768	True	0.950096	0.750	0.002503	
2025-09-08 16:22:17.603	continuous	6956	2	->	3	4	4	0.4929	True	0.775575	0.750	0.002502	
2025-09-08 16:22:17.603	continuous	6957	2	->	3	4	4	0.4971	True	0.745970	0.750	0.002502	
2025-09-08 16:22:17.603	continuous	6958	2	->		3	4	0.4823	True	2.052545	0.750	0.002502	
2025-09-08 16:22:17.603	continuous	6959	5	->		6	5	0.3791	True	1.835723	0.750	0.002502	
2025-09-08 16:22:17.603	continuous	6960	4	->		5	5	0.3739	True	0.975208	0.750	0.002501	
2025-09-08 16:22:17.604	continuous	6961	5	->		6	5	0.3792	True	1.817722	0.750	0.002501	
2025-09-08 16:22:17.604	continuous	6962	5	->		6	5	0.3778	True	1.793405	0.750	0.002501	
2025-09-08 16:22:17.604	continuous	6963	2	->	3	4	4	0.4895	True	0.759057	0.750	0.002501	
2025-09-08 16:22:17.604	continuous	6964	2	->		3	4	0.4748	True	2.014550	0.750	0.002500	
2025-09-08 16:22:17.604	continuous	6965	3	->	4	5	5	0.3993	True	1.029784	0.750	0.002500	
2025-09-08 16:22:17.604	continuous	6966	4	->	5	6	5	0.3425	True	1.716324	0.750	0.002500	
2025-09-08 16:22:17.605	continuous	6967	1	->	2	3	5	0.4526	True	1.905794	0.750	0.002500	
2025-09-08 16:22:17.605	continuous	6968	3	->		4	4	0.4234	True	1.069198	0.750	0.002499	
2025-09-08 16:22:17.605	continuous	6969	4	->	5	6	5	0.3393	True	1.703760	0.750	0.002499	
2025-09-08 16:22:17.605	continuous	6970	3	->	4	5	5	0.3967	True	1.047822	0.750	0.002499	
2025-09-08 16:22:17.605	continuous	6971	4	->	5	6	5	0.3402	True	1.692219	0.750	0.002499	
2025-09-08 16:22:17.606	continuous	6972	3	->		4	4	0.4230	True	1.064571	0.750	0.002498	
2025-09-08 16:22:17.606	continuous	6973	2	->	3	4	4	0.4878	True	0.742863	0.750	0.002498	
2025-09-08 16:22:17.606	continuous	6974	2	->	3	4	4	0.4927	True	0.715661	0.750	0.002498	
2025-09-08 16:22:17.606	continuous	6975	3	->	4	5	5	0.3982	True	1.079537	0.750	0.002498	
2025-09-08 16:22:17.606	continuous	6976	4	->		5	5	0.3697	True	1.017677	0.750	0.002497	
2025-09-08 16:22:17.606	continuous	6977	5	->		6	5	0.3751	True	1.763495	0.750	0.002497	
2025-09-08 16:22:17.607	continuous	6978	4	->		5	5	0.3701	True	1.009200	0.750	0.002497	
2025-09-08 16:22:17.607	continuous	6979	5	->		6	5	0.3753	True	1.746346	0.750	0.002497	
2025-09-08 16:22:17.607	continuous	6980	4	->	5	6	5	0.3409	True	1.662950	0.750	0.002496	
2025-09-08 16:22:17.607	continuous	6981	2	->	3	4	4	0.4881	True	0.742136	0.750	0.002496	
2025-09-08 16:22:17.607	continuous	6982	5	->		6	5	0.3731	True	1.708320	0.750	0.002496	
2025-09-08 16:22:17.607	continuous	6983	3	->		4	4	0.4252	True	1.020443	0.750	0.002496	
2025-09-08 16:22:17.608	continuous	6984	3	->	4	5	5	0.3978	True	1.082178	0.750	0.002495	
2025-09-08 16:22:17.608	continuous	6985	4	->	5	6	5	0.3400	True	1.639911	0.750	0.002495	
2025-09-08 16:22:17.608	continuous	6986	3	->		4	4	0.4262	True	1.013876	0.750	0.002495	
2025-09-08 16:22:17.608	continuous	6987	5	->		6	5	0.3729	True	1.684847	0.750	0.002495	
2025-09-08 16:22:17.608	continuous	6988	1	->	2	3	4	0.4510	True	1.988752	0.750	0.002494	
2025-09-08 16:22:17.609	continuous	6989	4	->	5	6	5	0.3366	True	1.609610	0.750	0.002494	
2025-09-08 16:22:17.609	continuous	6990	4	->		5	5	0.3653	True	1.057858	0.750	0.002494	
2025-09-08 16:22:17.609	continuous	6991	4	->		5	5	0.3667	True	1.042456	0.750	0.002494	
2025-09-08 16:22:17.609	continuous	6992	2	->	3	4	4	0.4876	True	0.732919	0.750	0.002493	
2025-09-08 16:22:17.609	continuous	6993	5	->		6	5	0.3717	True	1.663814	0.750	0.002493	
2025-09-08 16:22:17.609	continuous	6994	3	->	4	5	5	0.3960	True	1.090836	0.750	0.002493	
2025-09-08 16:22:17.610	continuous	6995	5	->		6	5	0.3721	True	1.648233	0.750	0.002493	
2025-09-08 16:22:17.610	continuous	6996	3	->	4	5	5	0.3961	True	1.077183	0.750	0.002492	
2025-09-08 16:22:17.610	continuous	6997	3	->	4	5	5	0.3973	True	1.056876	0.750	0.002492	
2025-09-08 16:22:17.610	continuous	6998	1	->	2	3	5	0.4490	True	1.994369	0.750	0.002492	
2025-09-08 16:22:17.611	continuous	6999	4	->		5	5	0.3692	True	1.009272	0.750	0.002492	
2025-09-08 16:22:17.611	continuous	7000	4	->		5	5	0.3708	True	0.994642	0.750	0.002491	
2025-09-08 16:22:17.612	continuous	7001	4	->		5	5	0.3725	True	0.980218	0.750	0.002491	
2025-09-08 16:22:17.612	continuous	7002	2	->	3	4	4	0.4795	True	0.808278	0.750	0.002491	
2025-09-08 16:22:17.612	continuous	7003	5	->		6	5	0.3763	True	1.669033	0.750	0.002491	
2025-09-08 16:22:17.612	continuous	7004	3	->	4	5	5	0.3995	True	1.019879	0.750	0.002490	
2025-09-08 16:22:17.613	continuous	7005	2	->		3	4	0.4647	True	2.045748	0.750	0.002490	
2025-09-08 16:22:17.613	continuous	7006	5	->		6	5	0.3750	True	1.655750	0.750	0.002490	
2025-09-08 16:22:17.613	continuous	7007	1	->	2	3	5	0.4456	True	1.934871	0.750	0.002490	
2025-09-08 16:22:17.613	continuous	7008	4	->		5	5	0.3698	True	0.992933	0.750	0.002489	
2025-09-08 16:22:17.613	continuous	7009	4	->		5	5	0.3715	True	0.978612	0.750	0.002489	
2025-09-08 16:22:17.613	continuous	7010	4	->		5	5	0.3733	True	0.964492	0.750	0.002489	
2025-09-08 16:22:17.614	continuous	7011	4	->	5	6	5	0.3467	True	1.608698	0.750	0.002489	
2025-09-08 16:22:17.614	continuous	7012	4	->		5	5	0.3743	True	0.957419	0.750	0.002488	
2025-09-08 16:22:17.614	continuous	7013	3	->		4	5	0.4213	True	1.179962	0.750	0.002488	
2025-09-08 16:22:17.614	continuous	7014	2	->	3	4	4	0.4735	True	0.846880	0.750	0.002488	
2025-09-08 16:22:17.615	continuous	7015	2	->	3	4	4	0.4775	True	0.814049	0.750	0.002488	
2025-09-08 16:22:17.615	continuous	7016	3	->		4	4	0.4241	True	1.089021	0.750	0.002487	
2025-09-08 16:22:17.615	continuous	7017	4	->		5	5	0.3730	True	0.991483	0.750	0.002487	
2025-09-08 16:22:17.615	continuous	7018	2	->	3	4	4	0.4857	True	0.766488	0.750	0.002487	
2025-09-08 16:22:17.615	continuous	7019	4	->		5	5	0.3741	True	0.988902	0.750	0.002487	
2025-09-08 16:22:17.615	continuous	7020	4	->		5	5	0.3759	True	0.974323	0.750	0.002486	
2025-09-08 16:22:17.616	continuous	7021	2	->	3	4	4	0.4891	True	0.761317	0.750	0.002486	
2025-09-08 16:22:17.616	continuous	7022	2	->		3	4	0.4740	True	2.072326	0.750	0.002486	
2025-09-08 16:22:17.616	continuous	7023	5	->		6	5	0.3777	True	1.699439	0.750	0.002486	
2025-09-08 16:22:17.616	continuous	7024	4	->		5	5	0.3740	True	0.986036	0.750	0.002485	
2025-09-08 16:22:17.616	continuous	7025	3	->		4	4	0.4268	True	1.072549	0.750	0.002485	
2025-09-08 16:22:17.617	continuous	7026	3	->	4	5	5	0.4025	True	1.025738	0.750	0.002485	
2025-09-08 16:22:17.617	continuous	7027	3	->	4	5	5	0.4040	True	1.006039	0.750	0.002485	
2025-09-08 16:22:17.617	continuous	7028	2	->		3	4	0.4710	True	2.047460	0.750	0.002484	
2025-09-08 16:22:17.617	continuous	7029	3	->		4	5	0.4269	True	1.089041	0.750	0.002484	
2025-09-08 16:22:17.617	continuous	7030	4	->		5	5	0.3763	True	0.970298	0.750	0.002484	
2025-09-08 16:22:17.617	continuous	7031	3	->	4	5	5	0.4048	True	0.993767	0.750	0.002484	
2025-09-08 16:22:17.618	continuous	7032	3	->	4	5	5	0.4065	True	0.974757	0.750	0.002483	
2025-09-08 16:22:17.618	continuous	7033	5	->		6	5	0.3841	True	1.732422	0.750	0.002483	
2025-09-08 16:22:17.618	continuous	7034	3	->	4	5	5	0.4069	True	0.963837	0.750	0.002483	
2025-09-08 16:22:17.618	continuous	7035	3	->	4	5	5	0.4088	True	0.945529	0.750	0.002483	
2025-09-08 16:22:17.618	continuous	7036	4	->	5	6	5	0.3566	True	1.664869	0.750	0.002482	
2025-09-08 16:22:17.619	continuous	7037	1	->		2	5	0.4293	True	4.281565	0.750	0.002482	
2025-09-08 16:22:17.619	continuous	7038	3	->		4	5	0.4280	True	1.146140	0.750	0.002482	
2025-09-08 16:22:17.619	continuous	7039	4	->		5	5	0.3802	True	0.925847	0.750	0.002482	
2025-09-08 16:22:17.619	continuous	7040	1	->	2	3	5	0.4573	True	2.003162	0.750	0.002481	
2025-09-08 16:22:17.619	continuous	7041	5	->		6	5	0.3816	True	1.712486	0.750	0.002481	
2025-09-08 16:22:17.620	continuous	7042	1	->	2	3	5	0.4522	True	1.950812	0.750	0.002481	
2025-09-08 16:22:17.620	continuous	7043	5	->		6	5	0.3783	True	1.691021	0.750	0.002481	
2025-09-08 16:22:17.620	continuous	7044	3	->	4	5	5	0.4009	True	0.977391	0.750	0.002480	
2025-09-08 16:22:17.620	continuous	7045	2	->	3	4	4	0.4732	True	0.861233	0.750	0.002480	
2025-09-08 16:22:17.620	continuous	7046	3	->	4	5	5	0.4022	True	0.974737	0.750	0.002480	
2025-09-08 16:22:17.621	continuous	7047	4	->	5	6	5	0.3502	True	1.633968	0.750	0.002480	
2025-09-08 16:22:17.621	continuous	7048	2	->	3	4	4	0.4752	True	0.845781	0.750	0.002479	
2025-09-08 16:22:17.621	continuous	7049	3	->	4	5	5	0.4025	True	0.979315	0.750	0.002479	
2025-09-08 16:22:17.621	continuous	7050	3	->	4	5	5	0.4044	True	0.960890	0.750	0.002479	
2025-09-08 16:22:17.621	continuous	7051	2	->	3	4	4	0.4786	True	0.843683	0.750	0.002479	
2025-09-08 16:22:17.621	continuous	7052	2	->		3	4	0.4667	True	2.023910	0.750	0.002478	
2025-09-08 16:22:17.622	continuous	7053	2	->	3	4	4	0.4785	True	0.824160	0.750	0.002478	
2025-09-08 16:22:17.622	continuous	7054	2	->	3	4	4	0.4827	True	0.792065	0.750	0.002478	
2025-09-08 16:22:17.622	continuous	7055	3	->	4	5	5	0.4028	True	0.998006	0.750	0.002478	
2025-09-08 16:22:17.622	continuous	7056	3	->	4	5	5	0.4045	True	0.978971	0.750	0.002477	
2025-09-08 16:22:17.622	continuous	7057	4	->	5	6	5	0.3514	True	1.658543	0.750	0.002477	
2025-09-08 16:22:17.622	continuous	7058	3	->		4	5	0.4274	True	1.111875	0.750	0.002477	
2025-09-08 16:22:17.623	continuous	7059	3	->		4	5	0.4286	True	1.082261	0.750	0.002477	
2025-09-08 16:22:17.623	continuous	7060	4	->		5	5	0.3775	True	0.960270	0.750	0.002476	
2025-09-08 16:22:17.623	continuous	7061	3	->		4	4	0.4307	True	1.065514	0.750	0.002476	
2025-09-08 16:22:17.623	continuous	7062	4	->	5	6	5	0.3499	True	1.657843	0.750	0.002476	
2025-09-08 16:22:17.623	continuous	7063	3	->	4	5	5	0.4054	True	1.004973	0.750	0.002476	
2025-09-08 16:22:17.624	continuous	7064	2	->	3	4	4	0.4939	True	0.740454	0.750	0.002475	
2025-09-08 16:22:17.624	continuous	7065	3	->	4	5	5	0.4070	True	1.000805	0.750	0.002475	
2025-09-08 16:22:17.624	continuous	7066	2	->	3	4	4	0.4974	True	0.727704	0.750	0.002475	
2025-09-08 16:22:17.624	continuous	7067	4	->	5	6	5	0.3513	True	1.659918	0.750	0.002475	
2025-09-08 16:22:17.624	continuous	7068	3	->	4	5	5	0.4074	True	1.003577	0.750	0.002474	
2025-09-08 16:22:17.624	continuous	7069	4	->	5	6	5	0.3523	True	1.648676	0.750	0.002474	
2025-09-08 16:22:17.625	continuous	7070	3	->	4	5	5	0.4078	True	0.991061	0.750	0.002474	
2025-09-08 16:22:17.625	continuous	7071	4	->		5	5	0.3821	True	0.936872	0.750	0.002474	
2025-09-08 16:22:17.625	continuous	7072	3	->	4	5	5	0.4110	True	0.956074	0.750	0.002473	
2025-09-08 16:22:17.625	continuous	7073	3	->		4	5	0.4357	True	1.085051	0.750	0.002473	
2025-09-08 16:22:17.625	continuous	7074	2	->	3	4	4	0.4994	True	0.736009	0.750	0.002473	
2025-09-08 16:22:17.625	continuous	7075	4	->		5	5	0.3844	True	0.932091	0.750	0.002473	
2025-09-08 16:22:17.626	continuous	7076	3	->	4	5	5	0.4141	True	0.953371	0.750	0.002472	
2025-09-08 16:22:17.626	continuous	7077	3	->	4	5	5	0.4159	True	0.934740	0.750	0.002472	
2025-09-08 16:22:17.626	continuous	7078	3	->		4	5	0.4409	True	1.072157	0.750	0.002472	
2025-09-08 16:22:17.626	continuous	7079	2	->	3	4	4	0.5059	True	0.722527	0.750	0.002472	
2025-09-08 16:22:17.626	continuous	7080	3	->	4	5	5	0.4173	True	0.948665	0.750	0.002471	
2025-09-08 16:22:17.626	continuous	7081	4	->	5	6	5	0.3618	True	1.692254	0.750	0.002471	
2025-09-08 16:22:17.627	continuous	7082	3	->		4	4	0.4425	True	1.034538	0.750	0.002471	
2025-09-08 16:22:17.627	continuous	7083	4	->	5	6	5	0.3597	True	1.676751	0.750	0.002471	
2025-09-08 16:22:17.627	continuous	7084	4	->	5	6	5	0.3587	True	1.658012	0.750	0.002470	
2025-09-08 16:22:17.627	continuous	7085	2	->	3	4	4	0.5088	True	0.691653	0.750	0.002470	
2025-09-08 16:22:17.628	continuous	7086	1	->	2	3	4	0.4679	True	2.164229	0.750	0.002470	
2025-09-08 16:22:17.628	continuous	7087	4	->		5	5	0.3835	True	0.949682	0.750	0.002470	
2025-09-08 16:22:17.628	continuous	7088	3	->		4	4	0.4401	True	1.009575	0.750	0.002469	
2025-09-08 16:22:17.628	continuous	7089	4	->		5	5	0.3847	True	0.947756	0.750	0.002469	
2025-09-08 16:22:17.629	continuous	7090	3	->		4	4	0.4425	True	0.994419	0.750	0.002469	
2025-09-08 16:22:17.629	continuous	7091	3	->	4	5	5	0.4158	True	0.991070	0.750	0.002469	
2025-09-08 16:22:17.629	continuous	7092	3	->	4	5	5	0.4173	True	0.971119	0.750	0.002468	
2025-09-08 16:22:17.629	continuous	7093	4	->	5	6	5	0.3610	True	1.678449	0.750	0.002468	
2025-09-08 16:22:17.629	continuous	7094	3	->	4	5	5	0.4175	True	0.958765	0.750	0.002468	
2025-09-08 16:22:17.630	continuous	7095	3	->	4	5	5	0.4192	True	0.939670	0.750	0.002468	
2025-09-08 16:22:17.630	continuous	7096	3	->	4	5	5	0.4211	True	0.921020	0.750	0.002467	
2025-09-08 16:22:17.630	continuous	7097	3	->		4	5	0.4464	True	1.052663	0.750	0.002467	
2025-09-08 16:22:17.630	continuous	7098	3	->	4	5	5	0.4228	True	0.919306	0.750	0.002467	
2025-09-08 16:22:17.630	continuous	7099	4	->		5	5	0.3966	True	0.870827	0.750	0.002467	
2025-09-08 16:22:17.631	continuous	7100	4	->		5	5	0.3988	True	0.857664	0.750	0.002467	
2025-09-08 16:22:17.631	continuous	7101	5	->		6	5	0.4024	True	1.779372	0.750	0.002466	
2025-09-08 16:22:17.631	continuous	7102	3	->	4	5	5	0.4267	True	0.879439	0.750	0.002466	
2025-09-08 16:22:17.631	continuous	7103	4	->		5	5	0.4018	True	0.837930	0.750	0.002466	
2025-09-08 16:22:17.631	continuous	7104	4	->	5	6	5	0.3750	True	1.698987	0.750	0.002466	
2025-09-08 16:22:17.631	continuous	7105	4	->	5	6	5	0.3737	True	1.679428	0.750	0.002465	
2025-09-08 16:22:17.632	continuous	7106	3	->	4	5	5	0.4277	True	0.863474	0.750	0.002465	
2025-09-08 16:22:17.632	continuous	7107	4	->		5	5	0.4037	True	0.825954	0.750	0.002465	
2025-09-08 16:22:17.632	continuous	7108	3	->	4	5	5	0.4322	True	0.832731	0.750	0.002465	
2025-09-08 16:22:17.632	continuous	7109	3	->	4	5	5	0.4347	True	0.816580	0.750	0.002464	
2025-09-08 16:22:17.632	continuous	7110	3	->	4	5	5	0.4373	True	0.800802	0.750	0.002464	
2025-09-08 16:22:17.633	continuous	7111	3	->	4	5	5	0.4400	True	0.785388	0.750	0.002464	
2025-09-08 16:22:17.633	continuous	7112	2	->	3	4	4	0.5067	True	0.877327	0.750	0.002464	
2025-09-08 16:22:17.633	continuous	7113	4	->	5	6	5	0.3852	True	1.708575	0.750	0.002463	
2025-09-08 16:22:17.633	continuous	7114	5	->		6	5	0.4130	True	1.757182	0.750	0.002463	
2025-09-08 16:22:17.633	continuous	7115	4	->		5	5	0.4109	True	0.790879	0.750	0.002463	
2025-09-08 16:22:17.633	continuous	7116	5	->		6	5	0.4135	True	1.740039	0.750	0.002463	
2025-09-08 16:22:17.634	continuous	7117	3	->	4	5	5	0.4372	True	0.800648	0.750	0.002462	
2025-09-08 16:22:17.634	continuous	7118	4	->		5	5	0.4144	True	0.774605	0.750	0.002462	
2025-09-08 16:22:17.634	continuous	7119	4	->		5	5	0.4170	True	0.763124	0.750	0.002462	
2025-09-08 16:22:17.634	continuous	7120	5	->		6	5	0.4190	True	1.741070	0.750	0.002462	
2025-09-08 16:22:17.634	continuous	7121	2	->	3	4	4	0.5027	True	0.904861	0.750	0.002461	
2025-09-08 16:22:17.635	continuous	7122	2	->	3	4	4	0.5049	True	0.864716	0.750	0.002461	
2025-09-08 16:22:17.635	continuous	7123	3	->	4	5	5	0.4387	True	0.803836	0.750	0.002461	
2025-09-08 16:22:17.635	continuous	7124	4	->	5	6	5	0.3867	True	1.663936	0.750	0.002461	
2025-09-08 16:22:17.635	continuous	7125	4	->	5	6	5	0.3853	True	1.644225	0.750	0.002460	
2025-09-08 16:22:17.635	continuous	7126	2	->	3	4	4	0.5040	True	0.846470	0.750	0.002460	
2025-09-08 16:22:17.635	continuous	7127	5	->		6	5	0.4106	True	1.688063	0.750	0.002460	
2025-09-08 16:22:17.636	continuous	7128	4	->	5	6	5	0.3804	True	1.604757	0.750	0.002460	
2025-09-08 16:22:17.636	continuous	7129	4	->	5	6	5	0.3792	True	1.585872	0.750	0.002459	
2025-09-08 16:22:17.636	continuous	7130	4	->		5	5	0.4062	True	0.828722	0.750	0.002459	
2025-09-08 16:22:17.636	continuous	7131	4	->		5	5	0.4085	True	0.816304	0.750	0.002459	
2025-09-08 16:22:17.637	continuous	7132	3	->	4	5	5	0.4358	True	0.820122	0.750	0.002459	
2025-09-08 16:22:17.637	continuous	7133	3	->		4	5	0.4541	True	1.195394	0.750	0.002458	
2025-09-08 16:22:17.637	continuous	7134	3	->	4	5	5	0.4369	True	0.820691	0.750	0.002458	
2025-09-08 16:22:17.637	continuous	7135	4	->		5	5	0.4143	True	0.790032	0.750	0.002458	
2025-09-08 16:22:17.637	continuous	7136	2	->	3	4	4	0.5059	True	0.855506	0.750	0.002458	
2025-09-08 16:22:17.638	continuous	7137	4	->	5	6	5	0.3861	True	1.612115	0.750	0.002457	
2025-09-08 16:22:17.638	continuous	7138	2	->	3	4	4	0.5069	True	0.819641	0.750	0.002457	
2025-09-08 16:22:17.638	continuous	7139	1	->	2	3	5	0.4845	True	2.430565	0.750	0.002457	
2025-09-08 16:22:17.638	continuous	7140	5	->		6	5	0.4082	True	1.653458	0.750	0.002457	
2025-09-08 16:22:17.638	continuous	7141	3	->	4	5	5	0.4318	True	0.853248	0.750	0.002456	
2025-09-08 16:22:17.638	continuous	7142	2	->		3	4	0.4898	True	2.446923	0.750	0.002456	
2025-09-08 16:22:17.639	continuous	7143	4	->	5	6	5	0.3783	True	1.581854	0.750	0.002456	
2025-09-08 16:22:17.639	continuous	7144	5	->		6	5	0.4049	True	1.616618	0.750	0.002456	
2025-09-08 16:22:17.639	continuous	7145	3	->	4	5	5	0.4280	True	0.862715	0.750	0.002455	
2025-09-08 16:22:17.639	continuous	7146	4	->		5	5	0.4060	True	0.827914	0.750	0.002455	
2025-09-08 16:22:17.639	continuous	7147	4	->		5	5	0.4084	True	0.815532	0.750	0.002455	
2025-09-08 16:22:17.640	continuous	7148	3	->	4	5	5	0.4349	True	0.818367	0.750	0.002455	
2025-09-08 16:22:17.640	continuous	7149	4	->		5	5	0.4135	True	0.789928	0.750	0.002454	
2025-09-08 16:22:17.640	continuous	7150	5	->		6	5	0.4151	True	1.638139	0.750	0.002454	
2025-09-08 16:22:17.640	continuous	7151	4	->		5	5	0.4144	True	0.787192	0.750	0.002454	
2025-09-08 16:22:17.640	continuous	7152	3	->		4	5	0.4536	True	1.253074	0.750	0.002454	
2025-09-08 16:22:17.640	continuous	7153	3	->	4	5	5	0.4386	True	0.802295	0.750	0.002453	
2025-09-08 16:22:17.641	continuous	7154	3	->		4	5	0.4550	True	1.232540	0.750	0.002453	
2025-09-08 16:22:17.641	continuous	7155	4	->	5	6	5	0.3874	True	1.583892	0.750	0.002453	
2025-09-08 16:22:17.641	continuous	7156	2	->		3	5	0.4885	True	2.454282	0.750	0.002453	
2025-09-08 16:22:17.641	continuous	7157	3	->	4	5	5	0.4345	True	0.821281	0.750	0.002452	
2025-09-08 16:22:17.641	continuous	7158	4	->		5	5	0.4134	True	0.791678	0.750	0.002452	
2025-09-08 16:22:17.642	continuous	7159	3	->		4	5	0.4530	True	1.235909	0.750	0.002452	
2025-09-08 16:22:17.642	continuous	7160	5	->		6	5	0.4130	True	1.639664	0.750	0.002452	
2025-09-08 16:22:17.642	continuous	7161	3	->	4	5	5	0.4360	True	0.818043	0.750	0.002452	
2025-09-08 16:22:17.642	continuous	7162	5	->		6	5	0.4139	True	1.624783	0.750	0.002451	
2025-09-08 16:22:17.642	continuous	7163	4	->	5	6	5	0.3860	True	1.550079	0.750	0.002451	
2025-09-08 16:22:17.642	continuous	7164	2	->	3	4	4	0.4937	True	0.885032	0.750	0.002451	
2025-09-08 16:22:17.643	continuous	7165	2	->	3	4	4	0.4967	True	0.846483	0.750	0.002451	
2025-09-08 16:22:17.643	continuous	7166	4	->		5	5	0.4079	True	0.831631	0.750	0.002450	
2025-09-08 16:22:17.643	continuous	7167	2	->	3	4	4	0.5004	True	0.822841	0.750	0.002450	
2025-09-08 16:22:17.643	continuous	7168	3	->	4	5	5	0.4329	True	0.856123	0.750	0.002450	
2025-09-08 16:22:17.643	continuous	7169	3	->		4	5	0.4518	True	1.150417	0.750	0.002450	
2025-09-08 16:22:17.644	continuous	7170	5	->		6	5	0.4091	True	1.614004	0.750	0.002449	
2025-09-08 16:22:17.644	continuous	7171	4	->		5	5	0.4079	True	0.839211	0.750	0.002449	
2025-09-08 16:22:17.644	continuous	7172	4	->		5	5	0.4102	True	0.826409	0.750	0.002449	
2025-09-08 16:22:17.645	continuous	7173	4	->		5	5	0.4125	True	0.813816	0.750	0.002449	
2025-09-08 16:22:17.645	continuous	7174	3	->		4	5	0.4547	True	1.159843	0.750	0.002448	
2025-09-08 16:22:17.645	continuous	7175	3	->		4	5	0.4548	True	1.125426	0.750	0.002448	
2025-09-08 16:22:17.645	continuous	7176	3	->	4	5	5	0.4365	True	0.855678	0.750	0.002448	
2025-09-08 16:22:17.645	continuous	7177	2	->	3	4	4	0.5127	True	0.764071	0.750	0.002448	
2025-09-08 16:22:17.646	continuous	7178	2	->	3	4	4	0.5168	True	0.731695	0.750	0.002447	
2025-09-08 16:22:17.646	continuous	7179	4	->	5	6	5	0.3832	True	1.580168	0.750	0.002447	
2025-09-08 16:22:17.646	continuous	7180	4	->		5	5	0.4094	True	0.846357	0.750	0.002447	
2025-09-08 16:22:17.646	continuous	7181	3	->		4	5	0.4572	True	1.063010	0.750	0.002447	
2025-09-08 16:22:17.646	continuous	7182	3	->		4	5	0.4582	True	1.031523	0.750	0.002446	
2025-09-08 16:22:17.647	continuous	7183	5	->		6	5	0.4097	True	1.640246	0.750	0.002446	
2025-09-08 16:22:17.647	continuous	7184	1	->	2	3	5	0.4825	True	2.479070	0.750	0.002446	
2025-09-08 16:22:17.647	continuous	7185	4	->		5	5	0.4046	True	0.875579	0.750	0.002446	
2025-09-08 16:22:17.647	continuous	7186	3	->	4	5	5	0.4330	True	0.900049	0.750	0.002445	
2025-09-08 16:22:17.647	continuous	7187	2	->		3	4	0.4985	True	2.519196	0.750	0.002445	
2025-09-08 16:22:17.648	continuous	7188	2	->	3	4	4	0.5148	True	0.710290	0.750	0.002445	
2025-09-08 16:22:17.648	continuous	7189	3	->	4	5	5	0.4312	True	0.904130	0.750	0.002445	
2025-09-08 16:22:17.648	continuous	7190	2	->	3	4	4	0.5185	True	0.697327	0.750	0.002444	
2025-09-08 16:22:17.648	continuous	7191	4	->		5	5	0.4060	True	0.862571	0.750	0.002444	
2025-09-08 16:22:17.649	continuous	7192	3	->		4	5	0.4562	True	1.028576	0.750	0.002444	
2025-09-08 16:22:17.649	continuous	7193	5	->		6	5	0.4078	True	1.662339	0.750	0.002444	
2025-09-08 16:22:17.649	continuous	7194	4	->		5	5	0.4056	True	0.870143	0.750	0.002443	
2025-09-08 16:22:17.649	continuous	7195	3	->		4	5	0.4565	True	1.016704	0.750	0.002443	
2025-09-08 16:22:17.649	continuous	7196	3	->	4	5	5	0.4338	True	0.913109	0.750	0.002443	
2025-09-08 16:22:17.649	continuous	7197	2	->	3	4	4	0.5279	True	0.658499	0.750	0.002443	
2025-09-08 16:22:17.650	continuous	7198	4	->		5	5	0.4078	True	0.865792	0.750	0.002442	
2025-09-08 16:22:17.650	continuous	7199	3	->		4	4	0.4607	True	0.989923	0.750	0.002442	
2025-09-08 16:22:17.650	continuous	7200	2	->	3	4	4	0.5374	True	0.617939	0.750	0.002442	
2025-09-08 16:22:17.650	continuous	7201	2	->	3	4	4	0.5428	True	0.593878	0.750	0.002442	
2025-09-08 16:22:17.650	continuous	7202	4	->		5	5	0.4070	True	0.888774	0.750	0.002441	
2025-09-08 16:22:17.651	continuous	7203	4	->		5	5	0.4090	True	0.874486	0.750	0.002441	
2025-09-08 16:22:17.651	continuous	7204	4	->		5	5	0.4111	True	0.860455	0.750	0.002441	
2025-09-08 16:22:17.651	continuous	7205	1	->	2	3	5	0.4924	True	2.489661	0.750	0.002441	
2025-09-08 16:22:17.651	continuous	7206	4	->		5	5	0.4101	True	0.854656	0.750	0.002440	
2025-09-08 16:22:17.651	continuous	7207	3	->	4	5	5	0.4396	True	0.885993	0.750	0.002440	
2025-09-08 16:22:17.652	continuous	7208	5	->		6	5	0.4151	True	1.724609	0.750	0.002440	
2025-09-08 16:22:17.652	continuous	7209	4	->	5	6	5	0.3859	True	1.626652	0.750	0.002440	
2025-09-08 16:22:17.652	continuous	7210	2	->	3	4	4	0.5317	True	0.648439	0.750	0.002440	
2025-09-08 16:22:17.652	continuous	7211	2	->		3	4	0.5102	True	2.547146	0.750	0.002439	
2025-09-08 16:22:17.652	continuous	7212	4	->		5	5	0.4076	True	0.859617	0.750	0.002439	
2025-09-08 16:22:17.652	continuous	7213	4	->		5	5	0.4098	True	0.846049	0.750	0.002439	
2025-09-08 16:22:17.653	continuous	7214	4	->	5	6	5	0.3851	True	1.624090	0.750	0.002439	
2025-09-08 16:22:17.653	continuous	7215	4	->		5	5	0.4106	True	0.840481	0.750	0.002438	
2025-09-08 16:22:17.653	continuous	7216	2	->		3	4	0.5032	True	2.490409	0.750	0.002438	
2025-09-08 16:22:17.653	continuous	7217	2	->	3	4	4	0.5210	True	0.686526	0.750	0.002438	
2025-09-08 16:22:17.654	continuous	7218	3	->	4	5	5	0.4345	True	0.890048	0.750	0.002438	
2025-09-08 16:22:17.654	continuous	7219	4	->		5	5	0.4112	True	0.831155	0.750	0.002437	
2025-09-08 16:22:17.654	continuous	7220	4	->	5	6	5	0.3868	True	1.629961	0.750	0.002437	
2025-09-08 16:22:17.654	continuous	7221	4	->		5	5	0.4120	True	0.826003	0.750	0.002437	
2025-09-08 16:22:17.654	continuous	7222	3	->	4	5	5	0.4390	True	0.849980	0.750	0.002437	
2025-09-08 16:22:17.655	continuous	7223	4	->	5	6	5	0.3904	True	1.626489	0.750	0.002436	
2025-09-08 16:22:17.655	continuous	7224	3	->		4	5	0.4580	True	1.076709	0.750	0.002436	
2025-09-08 16:22:17.655	continuous	7225	4	->		5	5	0.4139	True	0.819736	0.750	0.002436	
2025-09-08 16:22:17.655	continuous	7226	3	->	4	5	5	0.4408	True	0.843478	0.750	0.002436	
2025-09-08 16:22:17.655	continuous	7227	4	->		5	5	0.4189	True	0.792499	0.750	0.002435	
2025-09-08 16:22:17.656	continuous	7228	4	->		5	5	0.4214	True	0.780164	0.750	0.002435	
2025-09-08 16:22:17.656	continuous	7229	4	->	5	6	5	0.3971	True	1.641969	0.750	0.002435	
2025-09-08 16:22:17.656	continuous	7230	5	->		6	5	0.4210	True	1.689533	0.750	0.002435	
2025-09-08 16:22:17.656	continuous	7231	3	->		4	5	0.4603	True	1.107048	0.750	0.002434	
2025-09-08 16:22:17.656	continuous	7232	5	->		6	5	0.4177	True	1.668044	0.750	0.002434	
2025-09-08 16:22:17.656	continuous	7233	4	->	5	6	5	0.3907	True	1.579255	0.750	0.002434	
2025-09-08 16:22:17.657	continuous	7234	2	->	3	4	4	0.5171	True	0.721543	0.750	0.002434	
2025-09-08 16:22:17.657	continuous	7235	5	->		6	5	0.4134	True	1.624899	0.750	0.002433	
2025-09-08 16:22:17.657	continuous	7236	3	->	4	5	5	0.4367	True	0.876676	0.750	0.002433	
2025-09-08 16:22:17.657	continuous	7237	2	->		3	4	0.4974	True	2.521689	0.750	0.002433	
2025-09-08 16:22:17.657	continuous	7238	4	->	5	6	5	0.3864	True	1.549246	0.750	0.002433	
2025-09-08 16:22:17.658	continuous	7239	3	->	4	5	5	0.4344	True	0.874269	0.750	0.002432	
2025-09-08 16:22:17.658	continuous	7240	4	->	5	6	5	0.3878	True	1.539069	0.750	0.002432	
2025-09-08 16:22:17.658	continuous	7241	3	->	4	5	5	0.4353	True	0.865149	0.750	0.002432	
2025-09-08 16:22:17.658	continuous	7242	4	->	5	6	5	0.3893	True	1.529066	0.750	0.002432	
2025-09-08 16:22:17.658	continuous	7243	4	->		5	5	0.4138	True	0.823527	0.750	0.002431	
2025-09-08 16:22:17.658	continuous	7244	3	->		4	5	0.4534	True	1.139158	0.750	0.002431	
2025-09-08 16:22:17.659	continuous	7245	2	->	3	4	4	0.5109	True	0.741694	0.750	0.002431	
2025-09-08 16:22:17.659	continuous	7246	3	->	4	5	5	0.4361	True	0.874915	0.750	0.002431	
2025-09-08 16:22:17.659	continuous	7247	1	->		2	5	0.4536	True	4.533515	0.750	0.002431	
2025-09-08 16:22:17.659	continuous	7248	3	->	4	5	5	0.4355	True	0.862577	0.750	0.002430	
2025-09-08 16:22:17.659	continuous	7249	3	->	4	5	5	0.4379	True	0.844967	0.750	0.002430	
2025-09-08 16:22:17.660	continuous	7250	2	->		3	4	0.4935	True	2.501994	0.750	0.002430	
2025-09-08 16:22:17.660	continuous	7251	3	->	4	5	5	0.4371	True	0.835813	0.750	0.002430	
2025-09-08 16:22:17.660	continuous	7252	5	->		6	5	0.4153	True	1.613994	0.750	0.002429	
2025-09-08 16:22:17.661	continuous	7253	4	->		5	5	0.4154	True	0.800973	0.750	0.002429	
2025-09-08 16:22:17.661	continuous	7254	4	->		5	5	0.4179	True	0.788748	0.750	0.002429	
2025-09-08 16:22:17.661	continuous	7255	4	->		5	5	0.4204	True	0.776728	0.750	0.002429	
2025-09-08 16:22:17.662	continuous	7256	3	->	4	5	5	0.4449	True	0.787727	0.750	0.002428	
2025-09-08 16:22:17.662	continuous	7257	3	->	4	5	5	0.4477	True	0.772079	0.750	0.002428	
2025-09-08 16:22:17.662	continuous	7258	4	->		5	5	0.4287	True	0.738972	0.750	0.002428	
2025-09-08 16:22:17.662	continuous	7259	4	->	5	6	5	0.4049	True	1.587029	0.750	0.002428	
2025-09-08 16:22:17.663	continuous	7260	3	->	4	5	5	0.4513	True	0.753556	0.750	0.002427	
2025-09-08 16:22:17.663	continuous	7261	1	->	2	3	5	0.4949	True	2.445845	0.750	0.002427	
2025-09-08 16:22:17.663	continuous	7262	3	->		4	5	0.4597	True	1.262127	0.750	0.002427	
2025-09-08 16:22:17.663	continuous	7263	4	->		5	5	0.4261	True	0.748071	0.750	0.002427	
2025-09-08 16:22:17.663	continuous	7264	3	->	4	5	5	0.4505	True	0.754718	0.750	0.002426	
2025-09-08 16:22:17.663	continuous	7265	2	->		3	5	0.4955	True	2.457447	0.750	0.002426	
2025-09-08 16:22:17.664	continuous	7266	3	->		4	5	0.4590	True	1.259709	0.750	0.002426	
2025-09-08 16:22:17.664	continuous	7267	3	->	4	5	5	0.4474	True	0.766902	0.750	0.002426	
2025-09-08 16:22:17.664	continuous	7268	3	->		4	5	0.4603	True	1.237710	0.750	0.002425	
2025-09-08 16:22:17.664	continuous	7269	4	->		5	5	0.4259	True	0.747151	0.750	0.002425	
2025-09-08 16:22:17.664	continuous	7270	1	->		2	5	0.4639	True	4.512627	0.750	0.002425	
2025-09-08 16:22:17.665	continuous	7271	4	->		5	5	0.4249	True	0.743382	0.750	0.002425	
2025-09-08 16:22:17.665	continuous	7272	3	->	4	5	5	0.4498	True	0.750783	0.750	0.002424	
2025-09-08 16:22:17.665	continuous	7273	2	->	3	4	4	0.5062	True	0.873937	0.750	0.002424	
2025-09-08 16:22:17.665	continuous	7274	3	->		4	5	0.4616	True	1.204210	0.750	0.002424	
2025-09-08 16:22:17.665	continuous	7275	2	->		3	5	0.4973	True	2.441089	0.750	0.002424	
2025-09-08 16:22:17.665	continuous	7276	5	->		6	5	0.4197	True	1.693297	0.750	0.002423	
2025-09-08 16:22:17.666	continuous	7277	4	->	5	6	5	0.3941	True	1.604745	0.750	0.002423	
2025-09-08 16:22:17.666	continuous	7278	2	->	3	4	4	0.5032	True	0.810365	0.750	0.002423	
2025-09-08 16:22:17.666	continuous	7279	4	->		5	5	0.4164	True	0.784876	0.750	0.002423	
2025-09-08 16:22:17.666	continuous	7280	2	->	3	4	4	0.5071	True	0.787229	0.750	0.002423	
2025-09-08 16:22:17.666	continuous	7281	5	->		6	5	0.4149	True	1.660512	0.750	0.002422	
2025-09-08 16:22:17.667	continuous	7282	3	->	4	5	5	0.4380	True	0.826295	0.750	0.002422	
2025-09-08 16:22:17.667	continuous	7283	5	->		6	5	0.4159	True	1.644926	0.750	0.002422	
2025-09-08 16:22:17.667	continuous	7284	2	->	3	4	4	0.5062	True	0.775391	0.750	0.002422	
2025-09-08 16:22:17.667	continuous	7285	3	->	4	5	5	0.4373	True	0.835210	0.750	0.002421	
2025-09-08 16:22:17.667	continuous	7286	2	->	3	4	4	0.5100	True	0.757818	0.750	0.002421	
2025-09-08 16:22:17.668	continuous	7287	4	->	5	6	5	0.3894	True	1.573604	0.750	0.002421	
2025-09-08 16:22:17.668	continuous	7288	4	->	5	6	5	0.3881	True	1.554340	0.750	0.002421	
2025-09-08 16:22:17.668	continuous	7289	3	->		4	5	0.4516	True	1.106264	0.750	0.002420	
2025-09-08 16:22:17.668	continuous	7290	3	->		4	5	0.4523	True	1.072861	0.750	0.002420	
2025-09-08 16:22:17.668	continuous	7291	4	->		5	5	0.4091	True	0.841753	0.750	0.002420	
2025-09-08 16:22:17.669	continuous	7292	4	->	5	6	5	0.3858	True	1.549358	0.750	0.002420	
2025-09-08 16:22:17.669	continuous	7293	3	->	4	5	5	0.4340	True	0.879369	0.750	0.002419	
2025-09-08 16:22:17.669	continuous	7294	3	->	4	5	5	0.4363	True	0.861084	0.750	0.002419	
2025-09-08 16:22:17.669	continuous	7295	3	->		4	5	0.4553	True	1.090130	0.750	0.002419	
2025-09-08 16:22:17.669	continuous	7296	5	->		6	5	0.4124	True	1.613939	0.750	0.002419	
2025-09-08 16:22:17.670	continuous	7297	1	->	2	3	5	0.4780	True	2.405051	0.750	0.002418	
2025-09-08 16:22:17.670	continuous	7298	5	->		6	5	0.4080	True	1.589552	0.750	0.002418	
2025-09-08 16:22:17.670	continuous	7299	2	->	3	4	4	0.5129	True	0.698293	0.750	0.002418	
2025-09-08 16:22:17.670	continuous	7300	4	->		5	5	0.4065	True	0.857599	0.750	0.002418	
2025-09-08 16:22:17.670	continuous	7301	4	->		5	5	0.4087	True	0.844238	0.750	0.002417	
2025-09-08 16:22:17.671	continuous	7302	4	->	5	6	5	0.3858	True	1.527925	0.750	0.002417	
2025-09-08 16:22:17.671	continuous	7303	3	->	4	5	5	0.4331	True	0.881680	0.750	0.002417	
2025-09-08 16:22:17.671	continuous	7304	2	->	3	4	4	0.5136	True	0.710432	0.750	0.002417	
2025-09-08 16:22:17.671	continuous	7305	4	->		5	5	0.4108	True	0.836097	0.750	0.002416	
2025-09-08 16:22:17.672	continuous	7306	3	->		4	5	0.4539	True	1.071204	0.750	0.002416	
2025-09-08 16:22:17.672	continuous	7307	3	->	4	5	5	0.4355	True	0.881099	0.750	0.002416	
2025-09-08 16:22:17.672	continuous	7308	3	->		4	5	0.4559	True	1.055698	0.750	0.002416	
2025-09-08 16:22:17.672	continuous	7309	4	->	5	6	5	0.3871	True	1.543603	0.750	0.002415	
2025-09-08 16:22:17.672	continuous	7310	4	->	5	6	5	0.3860	True	1.524615	0.750	0.002415	
2025-09-08 16:22:17.672	continuous	7311	4	->		5	5	0.4100	True	0.849677	0.750	0.002415	
2025-09-08 16:22:17.673	continuous	7312	3	->		4	5	0.4552	True	1.042579	0.750	0.002415	
2025-09-08 16:22:17.673	continuous	7313	4	->		5	5	0.4107	True	0.848969	0.750	0.002415	
2025-09-08 16:22:17.673	continuous	7314	4	->		5	5	0.4130	True	0.835584	0.750	0.002414	
2025-09-08 16:22:17.673	continuous	7315	3	->		4	5	0.4583	True	1.036109	0.750	0.002414	
2025-09-08 16:22:17.673	continuous	7316	2	->		3	4	0.5040	True	2.549339	0.750	0.002414	
2025-09-08 16:22:17.673	continuous	7317	1	->		2	5	0.4500	True	4.481939	0.750	0.002414	
2025-09-08 16:22:17.674	continuous	7318	4	->	5	6	5	0.3825	True	1.533470	0.750	0.002413	
2025-09-08 16:22:17.674	continuous	7319	3	->		4	4	0.4519	True	1.025686	0.750	0.002413	
2025-09-08 16:22:17.674	continuous	7320	3	->	4	5	5	0.4307	True	0.921569	0.750	0.002413	
2025-09-08 16:22:17.674	continuous	7321	3	->	4	5	5	0.4327	True	0.902013	0.750	0.002413	
2025-09-08 16:22:17.674	continuous	7322	3	->		4	5	0.4549	True	1.028927	0.750	0.002412	
2025-09-08 16:22:17.675	continuous	7323	2	->	3	4	4	0.5306	True	0.626238	0.750	0.002412	
2025-09-08 16:22:17.675	continuous	7324	2	->	3	4	4	0.5363	True	0.601633	0.750	0.002412	
2025-09-08 16:22:17.675	continuous	7325	3	->		4	4	0.4593	True	0.946315	0.750	0.002412	
2025-09-08 16:22:17.675	continuous	7326	3	->		4	4	0.4614	True	0.917957	0.750	0.002411	
2025-09-08 16:22:17.675	continuous	7327	3	->		4	4	0.4638	True	0.890571	0.750	0.002411	
2025-09-08 16:22:17.675	continuous	7328	4	->		5	5	0.4037	True	0.907950	0.750	0.002411	
2025-09-08 16:22:17.676	continuous	7329	4	->	5	6	5	0.3794	True	1.562955	0.750	0.002411	
2025-09-08 16:22:17.676	continuous	7330	3	->		4	4	0.4650	True	0.880568	0.750	0.002410	
2025-09-08 16:22:17.676	continuous	7331	4	->		5	5	0.4038	True	0.913200	0.750	0.002410	
2025-09-08 16:22:17.676	continuous	7332	4	->	5	6	5	0.3795	True	1.555449	0.750	0.002410	
2025-09-08 16:22:17.676	continuous	7333	3	->	4	5	5	0.4344	True	0.980441	0.750	0.002410	
2025-09-08 16:22:17.677	continuous	7334	4	->	5	6	5	0.3808	True	1.544440	0.750	0.002409	
2025-09-08 16:22:17.677	continuous	7335	3	->		4	4	0.4644	True	0.892380	0.750	0.002409	
2025-09-08 16:22:17.677	continuous	7336	4	->		5	5	0.4049	True	0.908583	0.750	0.002409	
2025-09-08 16:22:17.678	continuous	7337	2	->	3	4	4	0.5596	True	0.521300	0.750	0.002409	
2025-09-08 16:22:17.678	continuous	7338	2	->	3	4	4	0.5656	True	0.502350	0.750	0.002408	
2025-09-08 16:22:17.679	continuous	7339	4	->		5	5	0.4055	True	0.914284	0.750	0.002408	
2025-09-08 16:22:17.679	continuous	7340	2	->		3	4	0.5293	True	2.651547	0.750	0.002408	
2025-09-08 16:22:17.679	continuous	7341	4	->		5	5	0.4047	True	0.902612	0.750	0.002408	
2025-09-08 16:22:17.679	continuous	7342	4	->		5	5	0.4066	True	0.887977	0.750	0.002408	
2025-09-08 16:22:17.679	continuous	7343	4	->		5	5	0.4086	True	0.873610	0.750	0.002407	
2025-09-08 16:22:17.679	continuous	7344	3	->		4	4	0.4671	True	0.903100	0.750	0.002407	
2025-09-08 16:22:17.680	continuous	7345	3	->		4	4	0.4695	True	0.875730	0.750	0.002407	
2025-09-08 16:22:17.680	continuous	7346	2	->		3	4	0.5295	True	2.616668	0.750	0.002407	
2025-09-08 16:22:17.680	continuous	7347	2	->	3	4	4	0.5621	True	0.511259	0.750	0.002406	
2025-09-08 16:22:17.680	continuous	7348	4	->	5	6	5	0.3793	True	1.582081	0.750	0.002406	
2025-09-08 16:22:17.680	continuous	7349	4	->	5	6	5	0.3783	True	1.562793	0.750	0.002406	
2025-09-08 16:22:17.680	continuous	7350	3	->	4	5	5	0.4334	True	0.995390	0.750	0.002406	
2025-09-08 16:22:17.681	continuous	7351	4	->		5	5	0.4054	True	0.895716	0.750	0.002405	
2025-09-08 16:22:17.681	continuous	7352	3	->	4	5	5	0.4360	True	0.955693	0.750	0.002405	
2025-09-08 16:22:17.681	continuous	7353	5	->		6	5	0.4100	True	1.645356	0.750	0.002405	
2025-09-08 16:22:17.681	continuous	7354	3	->	4	5	5	0.4360	True	0.942399	0.750	0.002405	
2025-09-08 16:22:17.682	continuous	7355	4	->		5	5	0.4108	True	0.855689	0.750	0.002404	
2025-09-08 16:22:17.682	continuous	7356	3	->		4	4	0.4649	True	0.937179	0.750	0.002404	
2025-09-08 16:22:17.682	continuous	7357	4	->	5	6	5	0.3862	True	1.564924	0.750	0.002404	
2025-09-08 16:22:17.682	continuous	7358	4	->		5	5	0.4105	True	0.862467	0.750	0.002404	
2025-09-08 16:22:17.682	continuous	7359	3	->		4	4	0.4659	True	0.924492	0.750	0.002403	
2025-09-08 16:22:17.682	continuous	7360	4	->	5	6	5	0.3860	True	1.556939	0.750	0.002403	
2025-09-08 16:22:17.683	continuous	7361	3	->	4	5	5	0.4379	True	0.940920	0.750	0.002403	
2025-09-08 16:22:17.683	continuous	7362	3	->		4	4	0.4666	True	0.917468	0.750	0.002403	
2025-09-08 16:22:17.683	continuous	7363	2	->	3	4	4	0.5598	True	0.527076	0.750	0.002402	
2025-09-08 16:22:17.683	continuous	7364	3	->		4	4	0.4710	True	0.867250	0.750	0.002402	
2025-09-08 16:22:17.683	continuous	7365	4	->		5	5	0.4098	True	0.888004	0.750	0.002402	
2025-09-08 16:22:17.683	continuous	7366	4	->		5	5	0.4117	True	0.873427	0.750	0.002402	
2025-09-08 16:22:17.684	continuous	7367	3	->	4	5	5	0.4427	True	0.935540	0.750	0.002402	
2025-09-08 16:22:17.684	continuous	7368	5	->		6	5	0.4163	True	1.661827	0.750	0.002401	
2025-09-08 16:22:17.684	continuous	7369	4	->	5	6	5	0.3894	True	1.557276	0.750	0.002401	
2025-09-08 16:22:17.684	continuous	7370	4	->	5	6	5	0.3883	True	1.537879	0.750	0.002401	
2025-09-08 16:22:17.684	continuous	7371	4	->		5	5	0.4124	True	0.866206	0.750	0.002401	
2025-09-08 16:22:17.685	continuous	7372	3	->		4	4	0.4687	True	0.909690	0.750	0.002400	
2025-09-08 16:22:17.685	continuous	7373	3	->	4	5	5	0.4414	True	0.940293	0.750	0.002400	
2025-09-08 16:22:17.685	continuous	7374	2	->	3	4	4	0.5602	True	0.533070	0.750	0.002400	
2025-09-08 16:22:17.685	continuous	7375	3	->		4	4	0.4730	True	0.876558	0.750	0.002400	
2025-09-08 16:22:17.685	continuous	7376	3	->	4	5	5	0.4432	True	0.951678	0.750	0.002399	
2025-09-08 16:22:17.685	continuous	7377	3	->	4	5	5	0.4447	True	0.929809	0.750	0.002399	
2025-09-08 16:22:17.686	continuous	7378	4	->		5	5	0.4184	True	0.837566	0.750	0.002399	
2025-09-08 16:22:17.686	continuous	7379	3	->	4	5	5	0.4479	True	0.892392	0.750	0.002399	
2025-09-08 16:22:17.686	continuous	7380	3	->	4	5	5	0.4498	True	0.872222	0.750	0.002398	
2025-09-08 16:22:17.686	continuous	7381	5	->		6	5	0.4248	True	1.667855	0.750	0.002398	
2025-09-08 16:22:17.686	continuous	7382	2	->	3	4	4	0.5564	True	0.564927	0.750	0.002398	
2025-09-08 16:22:17.687	continuous	7383	3	->		4	4	0.4755	True	0.914484	0.750	0.002398	
2025-09-08 16:22:17.687	continuous	7384	3	->		4	4	0.4776	True	0.885662	0.750	0.002397	
2025-09-08 16:22:17.687	continuous	7385	3	->		4	4	0.4801	True	0.857931	0.750	0.002397	
2025-09-08 16:22:17.687	continuous	7386	3	->		4	4	0.4827	True	0.831245	0.750	0.002397	
2025-09-08 16:22:17.687	continuous	7387	5	->		6	5	0.4196	True	1.669773	0.750	0.002397	
2025-09-08 16:22:17.687	continuous	7388	1	->	2	3	4	0.5025	True	2.650489	0.750	0.002396	
2025-09-08 16:22:17.688	continuous	7389	5	->		6	5	0.4150	True	1.641622	0.750	0.002396	
2025-09-08 16:22:17.688	continuous	7390	4	->		5	5	0.4126	True	0.884364	0.750	0.002396	
2025-09-08 16:22:17.688	continuous	7391	3	->		4	4	0.4771	True	0.841807	0.750	0.002396	
2025-09-08 16:22:17.688	continuous	7392	2	->	3	4	4	0.5832	True	0.463175	0.750	0.002396	
2025-09-08 16:22:17.688	continuous	7393	3	->	4	5	5	0.4452	True	0.984493	0.750	0.002395	
2025-09-08 16:22:17.689	continuous	7394	4	->	5	6	5	0.3896	True	1.556462	0.750	0.002395	
2025-09-08 16:22:17.689	continuous	7395	5	->		6	5	0.4152	True	1.620789	0.750	0.002395	
2025-09-08 16:22:17.689	continuous	7396	5	->		6	5	0.4138	True	1.595575	0.750	0.002395	
2025-09-08 16:22:17.689	continuous	7397	4	->		5	5	0.4117	True	0.897303	0.750	0.002394	
2025-09-08 16:22:17.689	continuous	7398	1	->	2	3	4	0.4938	True	2.611500	0.750	0.002394	
2025-09-08 16:22:17.689	continuous	7399	5	->		6	5	0.4112	True	1.577591	0.750	0.002394	
2025-09-08 16:22:17.690	continuous	7400	3	->	4	5	5	0.4383	True	0.980552	0.750	0.002394	
2025-09-08 16:22:17.690	continuous	7401	4	->	5	6	5	0.3873	True	1.488864	0.750	0.002393	
2025-09-08 16:22:17.690	continuous	7402	3	->	4	5	5	0.4385	True	0.966633	0.750	0.002393	
2025-09-08 16:22:17.690	continuous	7403	3	->	4	5	5	0.4400	True	0.944701	0.750	0.002393	
2025-09-08 16:22:17.690	continuous	7404	2	->	3	4	4	0.5556	True	0.542632	0.750	0.002393	
2025-09-08 16:22:17.691	continuous	7405	4	->		5	5	0.4145	True	0.863210	0.750	0.002392	
2025-09-08 16:22:17.691	continuous	7406	3	->		4	4	0.4701	True	0.907339	0.750	0.002392	
2025-09-08 16:22:17.691	continuous	7407	4	->		5	5	0.4154	True	0.861672	0.750	0.002392	
2025-09-08 16:22:17.691	continuous	7408	4	->		5	5	0.4175	True	0.847607	0.750	0.002392	
2025-09-08 16:22:17.691	continuous	7409	4	->		5	5	0.4197	True	0.833806	0.750	0.002391	
2025-09-08 16:22:17.691	continuous	7410	4	->	5	6	5	0.3975	True	1.526635	0.750	0.002391	
2025-09-08 16:22:17.692	continuous	7411	4	->	5	6	5	0.3964	True	1.507234	0.750	0.002391	
2025-09-08 16:22:17.692	continuous	7412	2	->	3	4	4	0.5571	True	0.544641	0.750	0.002391	
2025-09-08 16:22:17.692	continuous	7413	2	->	3	4	4	0.5633	True	0.523282	0.750	0.002390	
2025-09-08 16:22:17.692	continuous	7414	2	->	3	4	4	0.5694	True	0.503411	0.750	0.002390	
2025-09-08 16:22:17.692	continuous	7415	5	->		6	5	0.4164	True	1.573316	0.750	0.002390	
2025-09-08 16:22:17.692	continuous	7416	4	->		5	5	0.4152	True	0.875591	0.750	0.002390	
2025-09-08 16:22:17.693	continuous	7417	3	->		4	4	0.4743	True	0.873190	0.750	0.002390	
2025-09-08 16:22:17.693	continuous	7418	3	->	4	5	5	0.4447	True	0.960029	0.750	0.002389	
2025-09-08 16:22:17.693	continuous	7419	4	->		5	5	0.4184	True	0.856312	0.750	0.002389	
2025-09-08 16:22:17.693	continuous	7420	2	->	3	4	4	0.5718	True	0.501998	0.750	0.002389	
2025-09-08 16:22:17.693	continuous	7421	4	->	5	6	5	0.3950	True	1.506317	0.750	0.002389	
2025-09-08 16:22:17.694	continuous	7422	4	->	5	6	5	0.3940	True	1.487151	0.750	0.002388	
2025-09-08 16:22:17.694	continuous	7423	4	->		5	5	0.4173	True	0.868624	0.750	0.002388	
2025-09-08 16:22:17.694	continuous	7424	4	->	5	6	5	0.3953	True	1.476459	0.750	0.002388	
2025-09-08 16:22:17.695	continuous	7425	4	->		5	5	0.4183	True	0.862601	0.750	0.002388	
2025-09-08 16:22:17.695	continuous	7426	3	->	4	5	5	0.4465	True	0.927240	0.750	0.002387	
2025-09-08 16:22:17.695	continuous	7427	2	->		3	4	0.5258	True	2.810734	0.750	0.002387	
2025-09-08 16:22:17.696	continuous	7428	4	->		5	5	0.4202	True	0.835912	0.750	0.002387	
2025-09-08 16:22:17.696	continuous	7429	3	->	4	5	5	0.4466	True	0.892683	0.750	0.002387	
2025-09-08 16:22:17.696	continuous	7430	5	->		6	5	0.4231	True	1.562570	0.750	0.002386	
2025-09-08 16:22:17.696	continuous	7431	3	->	4	5	5	0.4471	True	0.881940	0.750	0.002386	
2025-09-08 16:22:17.696	continuous	7432	3	->	4	5	5	0.4493	True	0.862265	0.750	0.002386	
2025-09-08 16:22:17.697	continuous	7433	4	->	5	6	5	0.4057	True	1.489197	0.750	0.002386	
2025-09-08 16:22:17.697	continuous	7434	3	->	4	5	5	0.4501	True	0.852581	0.750	0.002385	
2025-09-08 16:22:17.697	continuous	7435	5	->		6	5	0.4278	True	1.545203	0.750	0.002385	
2025-09-08 16:22:17.697	continuous	7436	3	->	4	5	5	0.4508	True	0.843710	0.750	0.002385	
2025-09-08 16:22:17.697	continuous	7437	4	->		5	5	0.4321	True	0.773409	0.750	0.002385	
2025-09-08 16:22:17.698	continuous	7438	5	->		6	5	0.4311	True	1.540057	0.750	0.002385	
2025-09-08 16:22:17.698	continuous	7439	5	->		6	5	0.4297	True	1.515434	0.750	0.002384	
2025-09-08 16:22:17.698	continuous	7440	3	->		4	5	0.4666	True	1.060385	0.750	0.002384	
2025-09-08 16:22:17.698	continuous	7441	4	->		5	5	0.4296	True	0.792648	0.750	0.002384	
2025-09-08 16:22:17.698	continuous	7442	4	->	5	6	5	0.4090	True	1.445627	0.750	0.002384	
2025-09-08 16:22:17.699	continuous	7443	2	->	3	4	4	0.5365	True	0.636943	0.750	0.002383	
2025-09-08 16:22:17.699	continuous	7444	4	->	5	6	5	0.4061	True	1.429107	0.750	0.002383	
2025-09-08 16:22:17.699	continuous	7445	4	->		5	5	0.4279	True	0.808937	0.750	0.002383	
2025-09-08 16:22:17.699	continuous	7446	5	->		6	5	0.4271	True	1.477824	0.750	0.002383	
2025-09-08 16:22:17.699	continuous	7447	5	->		6	5	0.4260	True	1.454170	0.750	0.002382	
2025-09-08 16:22:17.699	continuous	7448	3	->		4	5	0.4646	True	1.038070	0.750	0.002382	
2025-09-08 16:22:17.700	continuous	7449	3	->		4	4	0.4659	True	1.004343	0.750	0.002382	
2025-09-08 16:22:17.700	continuous	7450	5	->		6	5	0.4221	True	1.443166	0.750	0.002382	
2025-09-08 16:22:17.700	continuous	7451	4	->		5	5	0.4235	True	0.848672	0.750	0.002381	
2025-09-08 16:22:17.700	continuous	7452	3	->	4	5	5	0.4471	True	0.902460	0.750	0.002381	
2025-09-08 16:22:17.700	continuous	7453	3	->		4	4	0.4672	True	1.007620	0.750	0.002381	
2025-09-08 16:22:17.700	continuous	7454	4	->		5	5	0.4263	True	0.831139	0.750	0.002381	
2025-09-08 16:22:17.701	continuous	7455	3	->	4	5	5	0.4500	True	0.883819	0.750	0.002380	
2025-09-08 16:22:17.701	continuous	7456	3	->		4	4	0.4700	True	1.004543	0.750	0.002380	
2025-09-08 16:22:17.701	continuous	7457	4	->		5	5	0.4293	True	0.814343	0.750	0.002380	
2025-09-08 16:22:17.701	continuous	7458	5	->		6	5	0.4287	True	1.480526	0.750	0.002380	
2025-09-08 16:22:17.701	continuous	7459	4	->		5	5	0.4304	True	0.810587	0.750	0.002380	
2025-09-08 16:22:17.702	continuous	7460	2	->		3	4	0.5137	True	2.866960	0.750	0.002379	
2025-09-08 16:22:17.702	continuous	7461	4	->	5	6	5	0.4076	True	1.407558	0.750	0.002379	
2025-09-08 16:22:17.702	continuous	7462	2	->	3	4	4	0.5393	True	0.614886	0.750	0.002379	
2025-09-08 16:22:17.702	continuous	7463	4	->		5	5	0.4272	True	0.822098	0.750	0.002379	
2025-09-08 16:22:17.702	continuous	7464	4	->		5	5	0.4295	True	0.808803	0.750	0.002378	
2025-09-08 16:22:17.702	continuous	7465	3	->		4	4	0.4689	True	1.013981	0.750	0.002378	
2025-09-08 16:22:17.703	continuous	7466	4	->	5	6	5	0.4074	True	1.413307	0.750	0.002378	
2025-09-08 16:22:17.703	continuous	7467	5	->		6	5	0.4259	True	1.453442	0.750	0.002378	
2025-09-08 16:22:17.703	continuous	7468	5	->		6	5	0.4249	True	1.430052	0.750	0.002377	
2025-09-08 16:22:17.703	continuous	7469	4	->		5	5	0.4269	True	0.836148	0.750	0.002377	
2025-09-08 16:22:17.703	continuous	7470	4	->	5	6	5	0.4072	True	1.363394	0.750	0.002377	
2025-09-08 16:22:17.704	continuous	7471	4	->		5	5	0.4283	True	0.831862	0.750	0.002377	
2025-09-08 16:22:17.704	continuous	7472	4	->		5	5	0.4305	True	0.818374	0.750	0.002376	
2025-09-08 16:22:17.704	continuous	7473	5	->		6	5	0.4291	True	1.416137	0.750	0.002376	
2025-09-08 16:22:17.704	continuous	7474	4	->		5	5	0.4318	True	0.815009	0.750	0.002376	
2025-09-08 16:22:17.704	continuous	7475	4	->		5	5	0.4341	True	0.801839	0.750	0.002376	
2025-09-08 16:22:17.704	continuous	7476	2	->	3	4	4	0.5332	True	0.653323	0.750	0.002375	
2025-09-08 16:22:17.705	continuous	7477	4	->	5	6	5	0.4128	True	1.365613	0.750	0.002375	
2025-09-08 16:22:17.705	continuous	7478	4	->	5	6	5	0.4120	True	1.347431	0.750	0.002375	
2025-09-08 16:22:17.705	continuous	7479	5	->		6	5	0.4289	True	1.377582	0.750	0.002375	
2025-09-08 16:22:17.705	continuous	7480	3	->	4	5	5	0.4500	True	0.895502	0.750	0.002375	
2025-09-08 16:22:17.705	continuous	7481	5	->		6	5	0.4304	True	1.366102	0.750	0.002374	
2025-09-08 16:22:17.705	continuous	7482	3	->	4	5	5	0.4512	True	0.886608	0.750	0.002374	
2025-09-08 16:22:17.706	continuous	7483	3	->		4	5	0.4654	True	1.087964	0.750	0.002374	
2025-09-08 16:22:17.706	continuous	7484	4	->		5	5	0.4340	True	0.818923	0.750	0.002374	
2025-09-08 16:22:17.706	continuous	7485	3	->		4	5	0.4672	True	1.063631	0.750	0.002373	
2025-09-08 16:22:17.706	continuous	7486	3	->	4	5	5	0.4525	True	0.885555	0.750	0.002373	
2025-09-08 16:22:17.706	continuous	7487	5	->		6	5	0.4326	True	1.388103	0.750	0.002373	
2025-09-08 16:22:17.707	continuous	7488	4	->	5	6	5	0.4147	True	1.318628	0.750	0.002373	
2025-09-08 16:22:17.707	continuous	7489	3	->	4	5	5	0.4527	True	0.887253	0.750	0.002372	
2025-09-08 16:22:17.707	continuous	7490	1	->	2	3	5	0.4864	True	2.803564	0.750	0.002372	
2025-09-08 16:22:17.707	continuous	7491	4	->	5	6	5	0.4134	True	1.312901	0.750	0.002372	
2025-09-08 16:22:17.707	continuous	7492	2	->	3	4	4	0.5278	True	0.662603	0.750	0.002372	
2025-09-08 16:22:17.707	continuous	7493	4	->	5	6	5	0.4109	True	1.298665	0.750	0.002371	
2025-09-08 16:22:17.708	continuous	7494	3	->	4	5	5	0.4489	True	0.911069	0.750	0.002371	
2025-09-08 16:22:17.708	continuous	7495	3	->	4	5	5	0.4509	True	0.890760	0.750	0.002371	
2025-09-08 16:22:17.708	continuous	7496	3	->	4	5	5	0.4531	True	0.871027	0.750	0.002371	
2025-09-08 16:22:17.708	continuous	7497	3	->	4	5	5	0.4555	True	0.851829	0.750	0.002370	
2025-09-08 16:22:17.708	continuous	7498	4	->	5	6	5	0.4205	True	1.324195	0.750	0.002370	
2025-09-08 16:22:17.708	continuous	7499	3	->	4	5	5	0.4569	True	0.843972	0.750	0.002370	
2025-09-08 16:22:17.709	continuous	7500	5	->		6	5	0.4381	True	1.360845	0.750	0.002370	
2025-09-08 16:22:17.709	continuous	7501	5	->		6	5	0.4373	True	1.338318	0.750	0.002370	
2025-09-08 16:22:17.709	continuous	7502	3	->	4	5	5	0.4572	True	0.848728	0.750	0.002369	
2025-09-08 16:22:17.709	continuous	7503	4	->		5	5	0.4441	True	0.781931	0.750	0.002369	
2025-09-08 16:22:17.709	continuous	7504	5	->		6	5	0.4410	True	1.338607	0.750	0.002369	
2025-09-08 16:22:17.709	continuous	7505	4	->	5	6	5	0.4250	True	1.279076	0.750	0.002369	
2025-09-08 16:22:17.710	continuous	7506	5	->		6	5	0.4394	True	1.296906	0.750	0.002368	
2025-09-08 16:22:17.710	continuous	7507	5	->		6	5	0.4388	True	1.275335	0.750	0.002368	
2025-09-08 16:22:17.710	continuous	7508	4	->	5	6	5	0.4234	True	1.223625	0.750	0.002368	
2025-09-08 16:22:17.710	continuous	7509	3	->		4	5	0.4630	True	1.203581	0.750	0.002368	
2025-09-08 16:22:17.710	continuous	7510	2	->	3	4	4	0.5163	True	0.732551	0.750	0.002367	
2025-09-08 16:22:17.711	continuous	7511	3	->	4	5	5	0.4540	True	0.904161	0.750	0.002367	
2025-09-08 16:22:17.711	continuous	7512	4	->	5	6	5	0.4206	True	1.226113	0.750	0.002367	
2025-09-08 16:22:17.711	continuous	7513	5	->		6	5	0.4354	True	1.241642	0.750	0.002367	
2025-09-08 16:22:17.712	continuous	7514	4	->	5	6	5	0.4201	True	1.191164	0.750	0.002366	
2025-09-08 16:22:17.712	continuous	7515	3	->	4	5	5	0.4548	True	0.918832	0.750	0.002366	
2025-09-08 16:22:17.712	continuous	7516	4	->		5	5	0.4419	True	0.842103	0.750	0.002366	
2025-09-08 16:22:17.713	continuous	7517	3	->	4	5	5	0.4584	True	0.882379	0.750	0.002366	
2025-09-08 16:22:17.713	continuous	7518	2	->		3	4	0.4931	True	2.938125	0.750	0.002366	
2025-09-08 16:22:17.713	continuous	7519	4	->		5	5	0.4433	True	0.818020	0.750	0.002365	
2025-09-08 16:22:17.713	continuous	7520	5	->		6	5	0.4398	True	1.251723	0.750	0.002365	
2025-09-08 16:22:17.713	continuous	7521	3	->		4	5	0.4626	True	1.227577	0.750	0.002365	
2025-09-08 16:22:17.714	continuous	7522	5	->		6	5	0.4370	True	1.237171	0.750	0.002365	
2025-09-08 16:22:17.714	continuous	7523	5	->		6	5	0.4367	True	1.216608	0.750	0.002364	
2025-09-08 16:22:17.714	continuous	7524	4	->		5	5	0.4417	True	0.848908	0.750	0.002364	
2025-09-08 16:22:17.714	continuous	7525	5	->		6	5	0.4382	True	1.207496	0.750	0.002364	
2025-09-08 16:22:17.715	continuous	7526	2	->		3	4	0.4881	True	2.887217	0.750	0.002364	
2025-09-08 16:22:17.715	continuous	7527	5	->		6	5	0.4352	True	1.190637	0.750	0.002363	
2025-09-08 16:22:17.715	continuous	7528	3	->		4	5	0.4583	True	1.232109	0.750	0.002363	
2025-09-08 16:22:17.715	continuous	7529	3	->		4	5	0.4583	True	1.191142	0.750	0.002363	
2025-09-08 16:22:17.715	continuous	7530	4	->		5	5	0.4355	True	0.883273	0.750	0.002363	
2025-09-08 16:22:17.716	continuous	7531	3	->	4	5	5	0.4516	True	0.932790	0.750	0.002362	
2025-09-08 16:22:17.716	continuous	7532	2	->		3	4	0.4885	True	2.838340	0.750	0.002362	
2025-09-08 16:22:17.716	continuous	7533	4	->	5	6	5	0.4175	True	1.183391	0.750	0.002362	
2025-09-08 16:22:17.716	continuous	7534	3	->		4	5	0.4566	True	1.191486	0.750	0.002362	
2025-09-08 16:22:17.716	continuous	7535	2	->	3	4	4	0.5124	True	0.720687	0.750	0.002362	
2025-09-08 16:22:17.717	continuous	7536	2	->	3	4	4	0.5181	True	0.688430	0.750	0.002361	
2025-09-08 16:22:17.717	continuous	7537	2	->	3	4	4	0.5241	True	0.658098	0.750	0.002361	
2025-09-08 16:22:17.717	continuous	7538	3	->		4	4	0.4594	True	1.054700	0.750	0.002361	
2025-09-08 16:22:17.717	continuous	7539	3	->	4	5	5	0.4438	True	0.999788	0.750	0.002361	
2025-09-08 16:22:17.717	continuous	7540	2	->	3	4	4	0.5347	True	0.613382	0.750	0.002360	
2025-09-08 16:22:17.718	continuous	7541	4	->		5	5	0.4270	True	0.906529	0.750	0.002360	
2025-09-08 16:22:17.718	continuous	7542	5	->		6	5	0.4250	True	1.257815	0.750	0.002360	
2025-09-08 16:22:17.718	continuous	7543	3	->		4	4	0.4619	True	1.026047	0.750	0.002360	
2025-09-08 16:22:17.718	continuous	7544	4	->	5	6	5	0.4075	True	1.202649	0.750	0.002359	
2025-09-08 16:22:17.719	continuous	7545	3	->	4	5	5	0.4445	True	1.010448	0.750	0.002359	
2025-09-08 16:22:17.719	continuous	7546	4	->		5	5	0.4288	True	0.904001	0.750	0.002359	
2025-09-08 16:22:17.719	continuous	7547	2	->	3	4	4	0.5390	True	0.601045	0.750	0.002359	
2025-09-08 16:22:17.719	continuous	7548	3	->	4	5	5	0.4466	True	0.982535	0.750	0.002358	
2025-09-08 16:22:17.719	continuous	7549	3	->	4	5	5	0.4482	True	0.959935	0.750	0.002358	
2025-09-08 16:22:17.720	continuous	7550	4	->		5	5	0.4335	True	0.862648	0.750	0.002358	
2025-09-08 16:22:17.720	continuous	7551	5	->		6	5	0.4310	True	1.287656	0.750	0.002358	
2025-09-08 16:22:17.720	continuous	7552	3	->	4	5	5	0.4510	True	0.932413	0.750	0.002357	
2025-09-08 16:22:17.720	continuous	7553	4	->		5	5	0.4375	True	0.841998	0.750	0.002357	
2025-09-08 16:22:17.720	continuous	7554	1	->	2	3	5	0.4826	True	2.788696	0.750	0.002357	
2025-09-08 16:22:17.721	continuous	7555	4	->		5	5	0.4364	True	0.835079	0.750	0.002357	
2025-09-08 16:22:17.721	continuous	7556	4	->	5	6	5	0.4195	True	1.257573	0.750	0.002357	
2025-09-08 16:22:17.721	continuous	7557	4	->	5	6	5	0.4191	True	1.240348	0.750	0.002356	
2025-09-08 16:22:17.721	continuous	7558	2	->		3	4	0.4959	True	2.824963	0.750	0.002356	
2025-09-08 16:22:17.721	continuous	7559	5	->		6	5	0.4297	True	1.264877	0.750	0.002356	
2025-09-08 16:22:17.722	continuous	7560	4	->		5	5	0.4346	True	0.856901	0.750	0.002356	
2025-09-08 16:22:17.722	continuous	7561	3	->	4	5	5	0.4503	True	0.907924	0.750	0.002355	
2025-09-08 16:22:17.722	continuous	7562	3	->		4	5	0.4596	True	1.144397	0.750	0.002355	
2025-09-08 16:22:17.722	continuous	7563	4	->	5	6	5	0.4179	True	1.232699	0.750	0.002355	
2025-09-08 16:22:17.723	continuous	7564	4	->		5	5	0.4361	True	0.847968	0.750	0.002355	
2025-09-08 16:22:17.723	continuous	7565	2	->	3	4	4	0.5215	True	0.679903	0.750	0.002354	
2025-09-08 16:22:17.723	continuous	7566	4	->	5	6	5	0.4176	True	1.229640	0.750	0.002354	
2025-09-08 16:22:17.723	continuous	7567	4	->	5	6	5	0.4173	True	1.212822	0.750	0.002354	
2025-09-08 16:22:17.723	continuous	7568	4	->	5	6	5	0.4171	True	1.196236	0.750	0.002354	
2025-09-08 16:22:17.724	continuous	7569	3	->	4	5	5	0.4492	True	0.946323	0.750	0.002353	
2025-09-08 16:22:17.724	continuous	7570	4	->		5	5	0.4375	True	0.856984	0.750	0.002353	
2025-09-08 16:22:17.724	continuous	7571	3	->	4	5	5	0.4527	True	0.908442	0.750	0.002353	
2025-09-08 16:22:17.724	continuous	7572	5	->		6	5	0.4361	True	1.250487	0.750	0.002353	
2025-09-08 16:22:17.725	continuous	7573	4	->		5	5	0.4415	True	0.837527	0.750	0.002353	
2025-09-08 16:22:17.725	continuous	7574	4	->	5	6	5	0.4254	True	1.204840	0.750	0.002352	
2025-09-08 16:22:17.725	continuous	7575	3	->		4	5	0.4612	True	1.165678	0.750	0.002352	
2025-09-08 16:22:17.725	continuous	7576	4	->		5	5	0.4406	True	0.845066	0.750	0.002352	
2025-09-08 16:22:17.725	continuous	7577	2	->	3	4	4	0.5213	True	0.690464	0.750	0.002352	
2025-09-08 16:22:17.726	continuous	7578	3	->		4	5	0.4629	True	1.103173	0.750	0.002351	
2025-09-08 16:22:17.726	continuous	7579	2	->	3	4	4	0.5340	True	0.627397	0.750	0.002351	
2025-09-08 16:22:17.726	continuous	7580	3	->	4	5	5	0.4511	True	0.938823	0.750	0.002351	
2025-09-08 16:22:17.726	continuous	7581	4	->		5	5	0.4386	True	0.843502	0.750	0.002351	
2025-09-08 16:22:17.726	continuous	7582	3	->	4	5	5	0.4547	True	0.900713	0.750	0.002350	
2025-09-08 16:22:17.727	continuous	7583	1	->	2	3	5	0.4835	True	2.778048	0.750	0.002350	
2025-09-08 16:22:17.727	continuous	7584	3	->	4	5	5	0.4536	True	0.887919	0.750	0.002350	
2025-09-08 16:22:17.727	continuous	7585	2	->	3	4	4	0.5293	True	0.653918	0.750	0.002350	
2025-09-08 16:22:17.727	continuous	7586	4	->	5	6	5	0.4223	True	1.263210	0.750	0.002349	
2025-09-08 16:22:17.728	continuous	7587	4	->		5	5	0.4398	True	0.824260	0.750	0.002349	
2025-09-08 16:22:17.728	continuous	7588	5	->		6	5	0.4363	True	1.302809	0.750	0.002349	
2025-09-08 16:22:17.728	continuous	7589	5	->		6	5	0.4357	True	1.280889	0.750	0.002349	
2025-09-08 16:22:17.728	continuous	7590	4	->	5	6	5	0.4232	True	1.217522	0.750	0.002349	
2025-09-08 16:22:17.729	continuous	7591	2	->	3	4	4	0.5283	True	0.651732	0.750	0.002348	
2025-09-08 16:22:17.729	continuous	7592	2	->	3	4	4	0.5346	True	0.622785	0.750	0.002348	
2025-09-08 16:22:17.729	continuous	7593	3	->		4	4	0.4645	True	1.038540	0.750	0.002348	
2025-09-08 16:22:17.729	continuous	7594	4	->	5	6	5	0.4168	True	1.212647	0.750	0.002348	
2025-09-08 16:22:17.730	continuous	7595	3	->		4	4	0.4655	True	1.007932	0.750	0.002347	
2025-09-08 16:22:17.730	continuous	7596	4	->	5	6	5	0.4146	True	1.200787	0.750	0.002347	
2025-09-08 16:22:17.730	continuous	7597	3	->	4	5	5	0.4483	True	0.993842	0.750	0.002347	
2025-09-08 16:22:17.730	continuous	7598	2	->	3	4	4	0.5503	True	0.561033	0.750	0.002347	
2025-09-08 16:22:17.730	continuous	7599	5	->		6	5	0.4287	True	1.248896	0.750	0.002346	
2025-09-08 16:22:17.730	continuous	7600	1	->	2	3	4	0.4803	True	2.775601	0.750	0.002346	
2025-09-08 16:22:17.731	continuous	7601	5	->		6	5	0.4258	True	1.230940	0.750	0.002346	
2025-09-08 16:22:17.731	continuous	7602	2	->	3	4	4	0.5490	True	0.557227	0.750	0.002346	
2025-09-08 16:22:17.731	continuous	7603	4	->		5	5	0.4286	True	0.926438	0.750	0.002346	
2025-09-08 16:22:17.731	continuous	7604	2	->	3	4	4	0.5537	True	0.542683	0.750	0.002345	
2025-09-08 16:22:17.731	continuous	7605	4	->	5	6	5	0.4113	True	1.184645	0.750	0.002345	
2025-09-08 16:22:17.732	continuous	7606	3	->	4	5	5	0.4456	True	1.027221	0.750	0.002345	
2025-09-08 16:22:17.732	continuous	7607	5	->		6	5	0.4268	True	1.227122	0.750	0.002345	
2025-09-08 16:22:17.732	continuous	7608	3	->	4	5	5	0.4468	True	1.014178	0.750	0.002344	
2025-09-08 16:22:17.732	continuous	7609	2	->	3	4	4	0.5506	True	0.556222	0.750	0.002344	
2025-09-08 16:22:17.732	continuous	7610	3	->	4	5	5	0.4475	True	1.002813	0.750	0.002344	
2025-09-08 16:22:17.733	continuous	7611	5	->		6	5	0.4292	True	1.235649	0.750	0.002344	
2025-09-08 16:22:17.733	continuous	7612	4	->	5	6	5	0.4165	True	1.169522	0.750	0.002343	
2025-09-08 16:22:17.733	continuous	7613	4	->		5	5	0.4337	True	0.911861	0.750	0.002343	
2025-09-08 16:22:17.733	continuous	7614	5	->		6	5	0.4306	True	1.207601	0.750	0.002343	
2025-09-08 16:22:17.733	continuous	7615	5	->		6	5	0.4307	True	1.187333	0.750	0.002343	
2025-09-08 16:22:17.734	continuous	7616	4	->	5	6	5	0.4188	True	1.128273	0.750	0.002342	
2025-09-08 16:22:17.734	continuous	7617	2	->	3	4	4	0.5442	True	0.582886	0.750	0.002342	
2025-09-08 16:22:17.734	continuous	7618	4	->		5	5	0.4342	True	0.935866	0.750	0.002342	
2025-09-08 16:22:17.734	continuous	7619	3	->		4	4	0.4656	True	1.013730	0.750	0.002342	
2025-09-08 16:22:17.734	continuous	7620	3	->	4	5	5	0.4490	True	1.027029	0.750	0.002342	
2025-09-08 16:22:17.735	continuous	7621	3	->		4	4	0.4672	True	0.995285	0.750	0.002341	
2025-09-08 16:22:17.735	continuous	7622	2	->	3	4	4	0.5615	True	0.524431	0.750	0.002341	
2025-09-08 16:22:17.735	continuous	7623	3	->		4	4	0.4711	True	0.936414	0.750	0.002341	
2025-09-08 16:22:17.735	continuous	7624	2	->	3	4	4	0.5762	True	0.480200	0.750	0.002341	
2025-09-08 16:22:17.735	continuous	7625	4	->		5	5	0.4296	True	0.947351	0.750	0.002340	
2025-09-08 16:22:17.735	continuous	7626	5	->		6	5	0.4278	True	1.228713	0.750	0.002340	
2025-09-08 16:22:17.736	continuous	7627	4	->		5	5	0.4313	True	0.940976	0.750	0.002340	
2025-09-08 16:22:17.736	continuous	7628	4	->		5	5	0.4329	True	0.924688	0.750	0.002340	
2025-09-08 16:22:17.736	continuous	7629	3	->	4	5	5	0.4511	True	1.011341	0.750	0.002339	
2025-09-08 16:22:17.736	continuous	7630	5	->		6	5	0.4323	True	1.239326	0.750	0.002339	
2025-09-08 16:22:17.737	continuous	7631	4	->	5	6	5	0.4199	True	1.168410	0.750	0.002339	
2025-09-08 16:22:17.737	continuous	7632	4	->	5	6	5	0.4199	True	1.152115	0.750	0.002339	
2025-09-08 16:22:17.737	continuous	7633	1	->		2	5	0.4609	True	4.796084	0.750	0.002338	
2025-09-08 16:22:17.737	continuous	7634	5	->		6	5	0.4297	True	1.182377	0.750	0.002338	
2025-09-08 16:22:17.737	continuous	7635	3	->		4	4	0.4690	True	0.971360	0.750	0.002338	
2025-09-08 16:22:17.737	continuous	7636	5	->		6	5	0.4286	True	1.171334	0.750	0.002338	
2025-09-08 16:22:17.738	continuous	7637	4	->	5	6	5	0.4159	True	1.108116	0.750	0.002338	
2025-09-08 16:22:17.738	continuous	7638	2	->		3	4	0.5181	True	2.995260	0.750	0.002337	
2025-09-08 16:22:17.738	continuous	7639	5	->		6	5	0.4267	True	1.137445	0.750	0.002337	
2025-09-08 16:22:17.738	continuous	7640	2	->	3	4	4	0.5577	True	0.534607	0.750	0.002337	
2025-09-08 16:22:17.738	continuous	7641	3	->		4	4	0.4681	True	0.951614	0.750	0.002337	
2025-09-08 16:22:17.738	continuous	7642	3	->	4	5	5	0.4458	True	1.109872	0.750	0.002336	
2025-09-08 16:22:17.739	continuous	7643	4	->	5	6	5	0.4131	True	1.101778	0.750	0.002336	
2025-09-08 16:22:17.739	continuous	7644	5	->		6	5	0.4265	True	1.129724	0.750	0.002336	
2025-09-08 16:22:17.739	continuous	7645	4	->	5	6	5	0.4143	True	1.070249	0.750	0.002336	
2025-09-08 16:22:17.739	continuous	7646	4	->		5	5	0.4316	True	1.003461	0.750	0.002335	
2025-09-08 16:22:17.739	continuous	7647	3	->	4	5	5	0.4482	True	1.096125	0.750	0.002335	
2025-09-08 16:22:17.740	continuous	7648	3	->	4	5	5	0.4490	True	1.070160	0.750	0.002335	
2025-09-08 16:22:17.740	continuous	7649	4	->		5	5	0.4360	True	0.946087	0.750	0.002335	
2025-09-08 16:22:17.740	continuous	7650	3	->	4	5	5	0.4510	True	1.025651	0.750	0.002335	
2025-09-08 16:22:17.740	continuous	7651	4	->		5	5	0.4394	True	0.911006	0.750	0.002334	
2025-09-08 16:22:17.740	continuous	7652	3	->	4	5	5	0.4536	True	0.983237	0.750	0.002334	
2025-09-08 16:22:17.740	continuous	7653	2	->	3	4	4	0.5458	True	0.585136	0.750	0.002334	
2025-09-08 16:22:17.741	continuous	7654	3	->	4	5	5	0.4540	True	0.972658	0.750	0.002334	
2025-09-08 16:22:17.741	continuous	7655	3	->		4	4	0.4681	True	1.035606	0.750	0.002333	
2025-09-08 16:22:17.741	continuous	7656	4	->	5	6	5	0.4248	True	1.153398	0.750	0.002333	
2025-09-08 16:22:17.741	continuous	7657	3	->	4	5	5	0.4542	True	0.977779	0.750	0.002333	
2025-09-08 16:22:17.741	continuous	7658	4	->	5	6	5	0.4270	True	1.148770	0.750	0.002333	
2025-09-08 16:22:17.741	continuous	7659	4	->	5	6	5	0.4271	True	1.132601	0.750	0.002332	
2025-09-08 16:22:17.742	continuous	7660	4	->		5	5	0.4432	True	0.891790	0.750	0.002332	
2025-09-08 16:22:17.742	continuous	7661	1	->	2	3	5	0.4821	True	2.876594	0.750	0.002332	
2025-09-08 16:22:17.742	continuous	7662	1	->	2	3	5	0.4789	True	2.805268	0.750	0.002332	
2025-09-08 16:22:17.742	continuous	7663	3	->	4	5	5	0.4509	True	0.971346	0.750	0.002331	
2025-09-08 16:22:17.742	continuous	7664	2	->	3	4	4	0.5401	True	0.596479	0.750	0.002331	
2025-09-08 16:22:17.743	continuous	7665	3	->	4	5	5	0.4515	True	0.961310	0.750	0.002331	
2025-09-08 16:22:17.743	continuous	7666	3	->	4	5	5	0.4533	True	0.939162	0.750	0.002331	
2025-09-08 16:22:17.743	continuous	7667	2	->	3	4	4	0.5417	True	0.595177	0.750	0.002331	
2025-09-08 16:22:17.743	continuous	7668	2	->	3	4	4	0.5484	True	0.569104	0.750	0.002330	
2025-09-08 16:22:17.743	continuous	7669	4	->	5	6	5	0.4241	True	1.179722	0.750	0.002330	
2025-09-08 16:22:17.744	continuous	7670	5	->		6	5	0.4340	True	1.211710	0.750	0.002330	
2025-09-08 16:22:17.744	continuous	7671	3	->	4	5	5	0.4522	True	0.965762	0.750	0.002330	
2025-09-08 16:22:17.744	continuous	7672	4	->	5	6	5	0.4263	True	1.156680	0.750	0.002329	
2025-09-08 16:22:17.744	continuous	7673	4	->	5	6	5	0.4263	True	1.140418	0.750	0.002329	
2025-09-08 16:22:17.745	continuous	7674	2	->	3	4	4	0.5470	True	0.574201	0.750	0.002329	
2025-09-08 16:22:17.745	continuous	7675	4	->		5	5	0.4401	True	0.892142	0.750	0.002329	
2025-09-08 16:22:17.745	continuous	7676	4	->		5	5	0.4418	True	0.877019	0.750	0.002328	
2025-09-08 16:22:17.746	continuous	7677	4	->	5	6	5	0.4281	True	1.149555	0.750	0.002328	
2025-09-08 16:22:17.746	continuous	7678	4	->	5	6	5	0.4281	True	1.133313	0.750	0.002328	
2025-09-08 16:22:17.746	continuous	7679	4	->		5	5	0.4435	True	0.883460	0.750	0.002328	
2025-09-08 16:22:17.746	continuous	7680	4	->		5	5	0.4453	True	0.868467	0.750	0.002328	
2025-09-08 16:22:17.746	continuous	7681	3	->	4	5	5	0.4576	True	0.931289	0.750	0.002327	
2025-09-08 16:22:17.746	continuous	7682	3	->		4	4	0.4670	True	1.085110	0.750	0.002327	
2025-09-08 16:22:17.747	continuous	7683	4	->	5	6	5	0.4315	True	1.154870	0.750	0.002327	
2025-09-08 16:22:17.747	continuous	7684	4	->	5	6	5	0.4314	True	1.138416	0.750	0.002327	
2025-09-08 16:22:17.747	continuous	7685	3	->	4	5	5	0.4572	True	0.949559	0.750	0.002326	
2025-09-08 16:22:17.747	continuous	7686	2	->		3	4	0.5051	True	2.953384	0.750	0.002326	
2025-09-08 16:22:17.747	continuous	7687	1	->	2	3	5	0.4781	True	2.765943	0.750	0.002326	
2025-09-08 16:22:17.748	continuous	7688	3	->	4	5	5	0.4533	True	0.936711	0.750	0.002326	
2025-09-08 16:22:17.748	continuous	7689	2	->	3	4	4	0.5346	True	0.616839	0.750	0.002325	
2025-09-08 16:22:17.748	continuous	7690	3	->	4	5	5	0.4538	True	0.927740	0.750	0.002325	
2025-09-08 16:22:17.748	continuous	7691	3	->	4	5	5	0.4558	True	0.906556	0.750	0.002325	
2025-09-08 16:22:17.748	continuous	7692	1	->	2	3	5	0.4788	True	2.720910	0.750	0.002325	
2025-09-08 16:22:17.748	continuous	7693	2	->	3	4	4	0.5335	True	0.617764	0.750	0.002324	
2025-09-08 16:22:17.749	continuous	7694	3	->		4	4	0.4614	True	1.077640	0.750	0.002324	
2025-09-08 16:22:17.749	continuous	7695	4	->		5	5	0.4405	True	0.844513	0.750	0.002324	
2025-09-08 16:22:17.749	continuous	7696	5	->		6	5	0.4357	True	1.251940	0.750	0.002324	
2025-09-08 16:22:17.749	continuous	7697	4	->		5	5	0.4423	True	0.841332	0.750	0.002324	
2025-09-08 16:22:17.749	continuous	7698	4	->	5	6	5	0.4293	True	1.190619	0.750	0.002323	
2025-09-08 16:22:17.749	continuous	7699	3	->		4	4	0.4624	True	1.071824	0.750	0.002323	
2025-09-08 16:22:17.750	continuous	7700	3	->	4	5	5	0.4523	True	0.928851	0.750	0.002323	
2025-09-08 16:22:17.750	continuous	7701	3	->		4	4	0.4641	True	1.050577	0.750	0.002323	
2025-09-08 16:22:17.750	continuous	7702	2	->	3	4	4	0.5553	True	0.539988	0.750	0.002322	
2025-09-08 16:22:17.750	continuous	7703	3	->		4	4	0.4671	True	0.986829	0.750	0.002322	
2025-09-08 16:22:17.750	continuous	7704	4	->		5	5	0.4376	True	0.860743	0.750	0.002322	
2025-09-08 16:22:17.750	continuous	7705	3	->	4	5	5	0.4521	True	0.935565	0.750	0.002322	
2025-09-08 16:22:17.751	continuous	7706	4	->		5	5	0.4421	True	0.829261	0.750	0.002321	
2025-09-08 16:22:17.751	continuous	7707	4	->		5	5	0.4442	True	0.815388	0.750	0.002321	
2025-09-08 16:22:17.751	continuous	7708	2	->	3	4	4	0.5618	True	0.528143	0.750	0.002321	
2025-09-08 16:22:17.751	continuous	7709	5	->		6	5	0.4379	True	1.309510	0.750	0.002321	
2025-09-08 16:22:17.751	continuous	7710	4	->	5	6	5	0.4291	True	1.225582	0.750	0.002321	
2025-09-08 16:22:17.752	continuous	7711	3	->	4	5	5	0.4550	True	0.915989	0.750	0.002320	
2025-09-08 16:22:17.752	continuous	7712	3	->		4	4	0.4699	True	1.002453	0.750	0.002320	
2025-09-08 16:22:17.752	continuous	7713	3	->	4	5	5	0.4557	True	0.911633	0.750	0.002320	
2025-09-08 16:22:17.752	continuous	7714	2	->	3	4	4	0.5672	True	0.512244	0.750	0.002320	
2025-09-08 16:22:17.752	continuous	7715	3	->	4	5	5	0.4568	True	0.902406	0.750	0.002319	
2025-09-08 16:22:17.753	continuous	7716	4	->		5	5	0.4472	True	0.800163	0.750	0.002319	
2025-09-08 16:22:17.753	continuous	7717	3	->	4	5	5	0.4608	True	0.865185	0.750	0.002319	
2025-09-08 16:22:17.753	continuous	7718	2	->		3	4	0.5190	True	2.909771	0.750	0.002319	
2025-09-08 16:22:17.753	continuous	7719	3	->	4	5	5	0.4603	True	0.848367	0.750	0.002318	
2025-09-08 16:22:17.753	continuous	7720	5	->		6	5	0.4448	True	1.346995	0.750	0.002318	
2025-09-08 16:22:17.754	continuous	7721	4	->	5	6	5	0.4368	True	1.261226	0.750	0.002318	
2025-09-08 16:22:17.754	continuous	7722	4	->	5	6	5	0.4361	True	1.242991	0.750	0.002318	
2025-09-08 16:22:17.754	continuous	7723	3	->		4	4	0.4682	True	1.047753	0.750	0.002318	
2025-09-08 16:22:17.754	continuous	7724	4	->	5	6	5	0.4329	True	1.228414	0.750	0.002317	
2025-09-08 16:22:17.754	continuous	7725	2	->	3	4	4	0.5595	True	0.532565	0.750	0.002317	
2025-09-08 16:22:17.754	continuous	7726	3	->	4	5	5	0.4561	True	0.904185	0.750	0.002317	
2025-09-08 16:22:17.755	continuous	7727	3	->	4	5	5	0.4583	True	0.883041	0.750	0.002317	
2025-09-08 16:22:17.755	continuous	7728	5	->		6	5	0.4428	True	1.298793	0.750	0.002316	
2025-09-08 16:22:17.755	continuous	7729	5	->		6	5	0.4422	True	1.276298	0.750	0.002316	
2025-09-08 16:22:17.755	continuous	7730	1	->	2	3	5	0.4825	True	2.750851	0.750	0.002316	
2025-09-08 16:22:17.755	continuous	7731	3	->	4	5	5	0.4559	True	0.893109	0.750	0.002316	
2025-09-08 16:22:17.756	continuous	7732	1	->	2	3	5	0.4804	True	2.688081	0.750	0.002315	
2025-09-08 16:22:17.756	continuous	7733	3	->	4	5	5	0.4551	True	0.880081	0.750	0.002315	
2025-09-08 16:22:17.756	continuous	7734	5	->		6	5	0.4404	True	1.282005	0.750	0.002315	
2025-09-08 16:22:17.757	continuous	7735	4	->		5	5	0.4478	True	0.803684	0.750	0.002315	
2025-09-08 16:22:17.757	continuous	7736	2	->	3	4	4	0.5412	True	0.591371	0.750	0.002315	
2025-09-08 16:22:17.757	continuous	7737	4	->		5	5	0.4478	True	0.798736	0.750	0.002314	
2025-09-08 16:22:17.757	continuous	7738	3	->		4	5	0.4650	True	1.073329	0.750	0.002314	
2025-09-08 16:22:17.757	continuous	7739	5	->		6	5	0.4396	True	1.292905	0.750	0.002314	
2025-09-08 16:22:17.758	continuous	7740	3	->	4	5	5	0.4562	True	0.881995	0.750	0.002314	
2025-09-08 16:22:17.758	continuous	7741	5	->		6	5	0.4415	True	1.282511	0.750	0.002313	
2025-09-08 16:22:17.758	continuous	7742	4	->		5	5	0.4490	True	0.802477	0.750	0.002313	
2025-09-08 16:22:17.758	continuous	7743	2	->		3	4	0.5037	True	2.772096	0.750	0.002313	
2025-09-08 16:22:17.758	continuous	7744	5	->		6	5	0.4404	True	1.272605	0.750	0.002313	
2025-09-08 16:22:17.759	continuous	7745	3	->		4	5	0.4611	True	1.094510	0.750	0.002312	
2025-09-08 16:22:17.759	continuous	7746	3	->	4	5	5	0.4542	True	0.890616	0.750	0.002312	
2025-09-08 16:22:17.759	continuous	7747	4	->	5	6	5	0.4342	True	1.212097	0.750	0.002312	
2025-09-08 16:22:17.759	continuous	7748	4	->	5	6	5	0.4338	True	1.194655	0.750	0.002312	
2025-09-08 16:22:17.759	continuous	7749	4	->	5	6	5	0.4335	True	1.177479	0.750	0.002312	
2025-09-08 16:22:17.759	continuous	7750	4	->		5	5	0.4467	True	0.831434	0.750	0.002311	
2025-09-08 16:22:17.760	continuous	7751	3	->		4	5	0.4614	True	1.092964	0.750	0.002311	
2025-09-08 16:22:17.760	continuous	7752	3	->		4	4	0.4626	True	1.053885	0.750	0.002311	
2025-09-08 16:22:17.760	continuous	7753	3	->	4	5	5	0.4528	True	0.921636	0.750	0.002311	
2025-09-08 16:22:17.760	continuous	7754	5	->		6	5	0.4382	True	1.248903	0.750	0.002310	
2025-09-08 16:22:17.760	continuous	7755	4	->		5	5	0.4457	True	0.832729	0.750	0.002310	
2025-09-08 16:22:17.761	continuous	7756	3	->	4	5	5	0.4561	True	0.895573	0.750	0.002310	
2025-09-08 16:22:17.761	continuous	7757	2	->	3	4	4	0.5477	True	0.566917	0.750	0.002310	
2025-09-08 16:22:17.761	continuous	7758	3	->	4	5	5	0.4569	True	0.887260	0.750	0.002309	
2025-09-08 16:22:17.762	continuous	7759	4	->		5	5	0.4509	True	0.794578	0.750	0.002309	
2025-09-08 16:22:17.762	continuous	7760	3	->	4	5	5	0.4612	True	0.851175	0.750	0.002309	
2025-09-08 16:22:17.762	continuous	7761	2	->	3	4	4	0.5482	True	0.574982	0.750	0.002309	
2025-09-08 16:22:17.762	continuous	7762	4	->		5	5	0.4537	True	0.774429	0.750	0.002309	
2025-09-08 16:22:17.763	continuous	7763	3	->	4	5	5	0.4640	True	0.829244	0.750	0.002308	
2025-09-08 16:22:17.763	continuous	7764	3	->	4	5	5	0.4667	True	0.810304	0.750	0.002308	
2025-09-08 16:22:17.763	continuous	7765	4	->		5	5	0.4618	True	0.732368	0.750	0.002308	
2025-09-08 16:22:17.763	continuous	7766	2	->	3	4	4	0.5481	True	0.591735	0.750	0.002308	
2025-09-08 16:22:17.763	continuous	7767	4	->	5	6	5	0.4481	True	1.278829	0.750	0.002307	
2025-09-08 16:22:17.763	continuous	7768	4	->		5	5	0.4607	True	0.739845	0.750	0.002307	
2025-09-08 16:22:17.764	continuous	7769	4	->		5	5	0.4632	True	0.727705	0.750	0.002307	
2025-09-08 16:22:17.764	continuous	7770	3	->	4	5	5	0.4728	True	0.774319	0.750	0.002307	
2025-09-08 16:22:17.764	continuous	7771	4	->		5	5	0.4687	True	0.702094	0.750	0.002306	
2025-09-08 16:22:17.764	continuous	7772	5	->		6	5	0.4612	True	1.369894	0.750	0.002306	
2025-09-08 16:22:17.764	continuous	7773	5	->		6	5	0.4599	True	1.345443	0.750	0.002306	
2025-09-08 16:22:17.765	continuous	7774	1	->	2	3	5	0.4914	True	2.758022	0.750	0.002306	
2025-09-08 16:22:17.765	continuous	7775	2	->	3	4	4	0.5412	True	0.613169	0.750	0.002306	
2025-09-08 16:22:17.765	continuous	7776	3	->	4	5	5	0.4693	True	0.790475	0.750	0.002305	
2025-09-08 16:22:17.765	continuous	7777	2	->	3	4	4	0.5459	True	0.597578	0.750	0.002305	
2025-09-08 16:22:17.765	continuous	7778	4	->		5	5	0.4630	True	0.725013	0.750	0.002305	
2025-09-08 16:22:17.765	continuous	7779	3	->	4	5	5	0.4724	True	0.771733	0.750	0.002305	
2025-09-08 16:22:17.766	continuous	7780	3	->	4	5	5	0.4754	True	0.754371	0.750	0.002304	
2025-09-08 16:22:17.766	continuous	7781	3	->		4	5	0.4759	True	1.133997	0.750	0.002304	
2025-09-08 16:22:17.766	continuous	7782	2	->	3	4	4	0.5554	True	0.571835	0.750	0.002304	
2025-09-08 16:22:17.766	continuous	7783	3	->		4	5	0.4766	True	1.060162	0.750	0.002304	
2025-09-08 16:22:17.766	continuous	7784	2	->	3	4	4	0.5703	True	0.517234	0.750	0.002303	
2025-09-08 16:22:17.767	continuous	7785	3	->	4	5	5	0.4692	True	0.798074	0.750	0.002303	
2025-09-08 16:22:17.767	continuous	7786	3	->	4	5	5	0.4720	True	0.779456	0.750	0.002303	
2025-09-08 16:22:17.767	continuous	7787	3	->	4	5	5	0.4750	True	0.761417	0.750	0.002303	
2025-09-08 16:22:17.767	continuous	7788	3	->	4	5	5	0.4780	True	0.743945	0.750	0.002303	
2025-09-08 16:22:17.767	continuous	7789	5	->		6	5	0.4629	True	1.438253	0.750	0.002302	
2025-09-08 16:22:17.767	continuous	7790	4	->		5	5	0.4715	True	0.682227	0.750	0.002302	
2025-09-08 16:22:17.768	continuous	7791	2	->	3	4	4	0.5636	True	0.557179	0.750	0.002302	
2025-09-08 16:22:17.768	continuous	7792	4	->		5	5	0.4716	True	0.679961	0.750	0.002302	
2025-09-08 16:22:17.768	continuous	7793	4	->	5	6	5	0.4607	True	1.359897	0.750	0.002301	
2025-09-08 16:22:17.768	continuous	7794	3	->	4	5	5	0.4801	True	0.737552	0.750	0.002301	
2025-09-08 16:22:17.768	continuous	7795	2	->	3	4	4	0.5654	True	0.553788	0.750	0.002301	
2025-09-08 16:22:17.769	continuous	7796	3	->	4	5	5	0.4810	True	0.733990	0.750	0.002301	
2025-09-08 16:22:17.769	continuous	7797	3	->		4	5	0.4848	True	1.065343	0.750	0.002300	
2025-09-08 16:22:17.769	continuous	7798	4	->		5	5	0.4730	True	0.674093	0.750	0.002300	
2025-09-08 16:22:17.769	continuous	7799	4	->	5	6	5	0.4622	True	1.374127	0.750	0.002300	
2025-09-08 16:22:17.769	continuous	7800	2	->	3	4	4	0.5751	True	0.520775	0.750	0.002300	
2025-09-08 16:22:17.770	continuous	7801	3	->		4	5	0.4856	True	1.008655	0.750	0.002300	
2025-09-08 16:22:17.770	continuous	7802	5	->		6	5	0.4588	True	1.438800	0.750	0.002299	
2025-09-08 16:22:17.770	continuous	7803	4	->	5	6	5	0.4538	True	1.332309	0.750	0.002299	
2025-09-08 16:22:17.770	continuous	7804	3	->	4	5	5	0.4740	True	0.787415	0.750	0.002299	
2025-09-08 16:22:17.770	continuous	7805	4	->		5	5	0.4686	True	0.701048	0.750	0.002299	
2025-09-08 16:22:17.771	continuous	7806	4	->	5	6	5	0.4582	True	1.334365	0.750	0.002298	
2025-09-08 16:22:17.771	continuous	7807	4	->		5	5	0.4697	True	0.700217	0.750	0.002298	
2025-09-08 16:22:17.771	continuous	7808	2	->	3	4	4	0.5792	True	0.504265	0.750	0.002298	
2025-09-08 16:22:17.771	continuous	7809	3	->	4	5	5	0.4780	True	0.765371	0.750	0.002298	
2025-09-08 16:22:17.771	continuous	7810	5	->		6	5	0.4631	True	1.416814	0.750	0.002297	
2025-09-08 16:22:17.772	continuous	7811	5	->		6	5	0.4616	True	1.391285	0.750	0.002297	
2025-09-08 16:22:17.772	continuous	7812	5	->		6	5	0.4603	True	1.366248	0.750	0.002297	
2025-09-08 16:22:17.772	continuous	7813	3	->	4	5	5	0.4761	True	0.783356	0.750	0.002297	
2025-09-08 16:22:17.772	continuous	7814	5	->		6	5	0.4619	True	1.353847	0.750	0.002297	
2025-09-08 16:22:17.772	continuous	7815	4	->		5	5	0.4710	True	0.713871	0.750	0.002296	
2025-09-08 16:22:17.772	continuous	7816	1	->	2	3	5	0.4980	True	2.873118	0.750	0.002296	
2025-09-08 16:22:17.773	continuous	7817	5	->		6	5	0.4596	True	1.340453	0.750	0.002296	
2025-09-08 16:22:17.773	continuous	7818	4	->		5	5	0.4688	True	0.721095	0.750	0.002296	
2025-09-08 16:22:17.773	continuous	7819	4	->		5	5	0.4713	True	0.709188	0.750	0.002295	
2025-09-08 16:22:17.773	continuous	7820	3	->		4	5	0.4787	True	1.086267	0.750	0.002295	
2025-09-08 16:22:17.773	continuous	7821	2	->	3	4	4	0.5712	True	0.519382	0.750	0.002295	
2025-09-08 16:22:17.773	continuous	7822	3	->	4	5	5	0.4747	True	0.786006	0.750	0.002295	
2025-09-08 16:22:17.774	continuous	7823	4	->	5	6	5	0.4590	True	1.287495	0.750	0.002294	
2025-09-08 16:22:17.774	continuous	7824	4	->	5	6	5	0.4578	True	1.267877	0.750	0.002294	
2025-09-08 16:22:17.774	continuous	7825	4	->		5	5	0.4688	True	0.724527	0.750	0.002294	
2025-09-08 16:22:17.774	continuous	7826	5	->		6	5	0.4607	True	1.327876	0.750	0.002294	
2025-09-08 16:22:17.774	continuous	7827	4	->	5	6	5	0.4583	True	1.238507	0.750	0.002294	
2025-09-08 16:22:17.774	continuous	7828	3	->	4	5	5	0.4744	True	0.801705	0.750	0.002293	
2025-09-08 16:22:17.775	continuous	7829	3	->		4	5	0.4778	True	1.072090	0.750	0.002293	
2025-09-08 16:22:17.775	continuous	7830	4	->	5	6	5	0.4570	True	1.233924	0.750	0.002293	
2025-09-08 16:22:17.775	continuous	7831	5	->		6	5	0.4575	True	1.280326	0.750	0.002293	
2025-09-08 16:22:17.775	continuous	7832	3	->		4	4	0.4764	True	1.039248	0.750	0.002292	
2025-09-08 16:22:17.775	continuous	7833	3	->	4	5	5	0.4701	True	0.841833	0.750	0.002292	
2025-09-08 16:22:17.776	continuous	7834	3	->	4	5	5	0.4727	True	0.821859	0.750	0.002292	
2025-09-08 16:22:17.776	continuous	7835	5	->		6	5	0.4593	True	1.288021	0.750	0.002292	
2025-09-08 16:22:17.776	continuous	7836	3	->	4	5	5	0.4742	True	0.814997	0.750	0.002291	
2025-09-08 16:22:17.776	continuous	7837	2	->	3	4	4	0.5695	True	0.523175	0.750	0.002291	
2025-09-08 16:22:17.776	continuous	7838	4	->	5	6	5	0.4579	True	1.215212	0.750	0.002291	
2025-09-08 16:22:17.776	continuous	7839	4	->		5	5	0.4685	True	0.750005	0.750	0.002291	
2025-09-08 16:22:17.777	continuous	7840	5	->		6	5	0.4603	True	1.272404	0.750	0.002291	
2025-09-08 16:22:17.777	continuous	7841	3	->	4	5	5	0.4750	True	0.817801	0.750	0.002290	
2025-09-08 16:22:17.777	continuous	7842	4	->	5	6	5	0.4615	True	1.199948	0.750	0.002290	
2025-09-08 16:22:17.777	continuous	7843	4	->		5	5	0.4719	True	0.745416	0.750	0.002290	
2025-09-08 16:22:17.778	continuous	7844	3	->	4	5	5	0.4787	True	0.796175	0.750	0.002290	
2025-09-08 16:22:17.778	continuous	7845	5	->		6	5	0.4660	True	1.266570	0.750	0.002289	
2025-09-08 16:22:17.779	continuous	7846	2	->	3	4	4	0.5622	True	0.549695	0.750	0.002289	
2025-09-08 16:22:17.779	continuous	7847	3	->		4	5	0.4788	True	1.066200	0.750	0.002289	
2025-09-08 16:22:17.779	continuous	7848	5	->		6	5	0.4601	True	1.253015	0.750	0.002289	
2025-09-08 16:22:17.779	continuous	7849	4	->	5	6	5	0.4590	True	1.169043	0.750	0.002289	
2025-09-08 16:22:17.779	continuous	7850	4	->		5	5	0.4692	True	0.771674	0.750	0.002288	
2025-09-08 16:22:17.780	continuous	7851	3	->	4	5	5	0.4758	True	0.829022	0.750	0.002288	
2025-09-08 16:22:17.780	continuous	7852	4	->		5	5	0.4741	True	0.743228	0.750	0.002288	
2025-09-08 16:22:17.780	continuous	7853	3	->	4	5	5	0.4805	True	0.794579	0.750	0.002288	
2025-09-08 16:22:17.780	continuous	7854	4	->		5	5	0.4793	True	0.716119	0.750	0.002287	
2025-09-08 16:22:17.780	continuous	7855	4	->		5	5	0.4817	True	0.704107	0.750	0.002287	
2025-09-08 16:22:17.780	continuous	7856	1	->	2	3	5	0.5002	True	2.962509	0.750	0.002287	
2025-09-08 16:22:17.781	continuous	7857	3	->		4	5	0.4800	True	1.111099	0.750	0.002287	
2025-09-08 16:22:17.781	continuous	7858	3	->		4	5	0.4805	True	1.068017	0.750	0.002286	
2025-09-08 16:22:17.781	continuous	7859	3	->	4	5	5	0.4783	True	0.790722	0.750	0.002286	
2025-09-08 16:22:17.781	continuous	7860	5	->		6	5	0.4655	True	1.306322	0.750	0.002286	
2025-09-08 16:22:17.781	continuous	7861	4	->		5	5	0.4756	True	0.718943	0.750	0.002286	
2025-09-08 16:22:17.782	continuous	7862	4	->	5	6	5	0.4671	True	1.228125	0.750	0.002286	
2025-09-08 16:22:17.782	continuous	7863	3	->		4	5	0.4807	True	1.061527	0.750	0.002285	
2025-09-08 16:22:17.782	continuous	7864	4	->	5	6	5	0.4629	True	1.211134	0.750	0.002285	
2025-09-08 16:22:17.782	continuous	7865	4	->	5	6	5	0.4621	True	1.192412	0.750	0.002285	
2025-09-08 16:22:17.782	continuous	7866	3	->		4	4	0.4797	True	1.025324	0.750	0.002285	
2025-09-08 16:22:17.782	continuous	7867	4	->		5	5	0.4688	True	0.762139	0.750	0.002284	
2025-09-08 16:22:17.783	continuous	7868	4	->		5	5	0.4711	True	0.749133	0.750	0.002284	
2025-09-08 16:22:17.783	continuous	7869	4	->	5	6	5	0.4629	True	1.199419	0.750	0.002284	
2025-09-08 16:22:17.783	continuous	7870	4	->		5	5	0.4725	True	0.747766	0.750	0.002284	
2025-09-08 16:22:17.783	continuous	7871	2	->	3	4	4	0.5812	True	0.489958	0.750	0.002283	
2025-09-08 16:22:17.783	continuous	7872	3	->	4	5	5	0.4768	True	0.819667	0.750	0.002283	
2025-09-08 16:22:17.783	continuous	7873	3	->		4	4	0.4837	True	1.009953	0.750	0.002283	
2025-09-08 16:22:17.784	continuous	7874	3	->		4	4	0.4853	True	0.970823	0.750	0.002283	
2025-09-08 16:22:17.784	continuous	7875	2	->		3	4	0.5404	True	3.116041	0.750	0.002283	
2025-09-08 16:22:17.784	continuous	7876	3	->		4	4	0.4833	True	0.950374	0.750	0.002282	
2025-09-08 16:22:17.784	continuous	7877	4	->		5	5	0.4644	True	0.761920	0.750	0.002282	
2025-09-08 16:22:17.785	continuous	7878	4	->	5	6	5	0.4565	True	1.224875	0.750	0.002282	
2025-09-08 16:22:17.785	continuous	7879	2	->	3	4	4	0.6024	True	0.427258	0.750	0.002282	
2025-09-08 16:22:17.785	continuous	7880	4	->		5	5	0.4641	True	0.766737	0.750	0.002281	
2025-09-08 16:22:17.785	continuous	7881	4	->		5	5	0.4665	True	0.753578	0.750	0.002281	
2025-09-08 16:22:17.785	continuous	7882	3	->	4	5	5	0.4740	True	0.829532	0.750	0.002281	
2025-09-08 16:22:17.785	continuous	7883	4	->	5	6	5	0.4615	True	1.241995	0.750	0.002281	
2025-09-08 16:22:17.786	continuous	7884	3	->	4	5	5	0.4754	True	0.821325	0.750	0.002281	
2025-09-08 16:22:17.786	continuous	7885	3	->	4	5	5	0.4780	True	0.801373	0.750	0.002280	
2025-09-08 16:22:17.786	continuous	7886	3	->		4	4	0.4869	True	0.980692	0.750	0.002280	
2025-09-08 16:22:17.786	continuous	7887	4	->		5	5	0.4737	True	0.717801	0.750	0.002280	
2025-09-08 16:22:17.787	continuous	7888	5	->		6	5	0.4648	True	1.340223	0.750	0.002280	
2025-09-08 16:22:17.787	continuous	7889	3	->	4	5	5	0.4792	True	0.797438	0.750	0.002279	
2025-09-08 16:22:17.787	continuous	7890	2	->		3	4	0.5362	True	3.088619	0.750	0.002279	
2025-09-08 16:22:17.787	continuous	7891	5	->		6	5	0.4639	True	1.326321	0.750	0.002279	
2025-09-08 16:22:17.787	continuous	7892	3	->	4	5	5	0.4778	True	0.793319	0.750	0.002279	
2025-09-08 16:22:17.787	continuous	7893	3	->	4	5	5	0.4807	True	0.774467	0.750	0.002278	
2025-09-08 16:22:17.788	continuous	7894	3	->	4	5	5	0.4836	True	0.756201	0.750	0.002278	
2025-09-08 16:22:17.788	continuous	7895	5	->		6	5	0.4714	True	1.339671	0.750	0.002278	
2025-09-08 16:22:17.788	continuous	7896	5	->		6	5	0.4701	True	1.314904	0.750	0.002278	
2025-09-08 16:22:17.788	continuous	7897	2	->	3	4	4	0.5747	True	0.511908	0.750	0.002278	
2025-09-08 16:22:17.788	continuous	7898	5	->		6	5	0.4668	True	1.293802	0.750	0.002277	
2025-09-08 16:22:17.789	continuous	7899	4	->		5	5	0.4778	True	0.718880	0.750	0.002277	
2025-09-08 16:22:17.789	continuous	7900	3	->	4	5	5	0.4825	True	0.774257	0.750	0.002277	
2025-09-08 16:22:17.789	continuous	7901	2	->	3	4	4	0.5757	True	0.511261	0.750	0.002277	
2025-09-08 16:22:17.789	continuous	7902	5	->		6	5	0.4686	True	1.297761	0.750	0.002276	
2025-09-08 16:22:17.789	continuous	7903	3	->	4	5	5	0.4820	True	0.780783	0.750	0.002276	
2025-09-08 16:22:17.789	continuous	7904	4	->	5	6	5	0.4728	True	1.218445	0.750	0.002276	
2025-09-08 16:22:17.790	continuous	7905	4	->		5	5	0.4815	True	0.709383	0.750	0.002276	
2025-09-08 16:22:17.790	continuous	7906	5	->		6	5	0.4714	True	1.277599	0.750	0.002275	
2025-09-08 16:22:17.790	continuous	7907	3	->		4	5	0.4817	True	1.069986	0.750	0.002275	
2025-09-08 16:22:17.790	continuous	7908	3	->	4	5	5	0.4815	True	0.790810	0.750	0.002275	
2025-09-08 16:22:17.790	continuous	7909	1	->	2	3	5	0.4978	True	2.935039	0.750	0.002275	
2025-09-08 16:22:17.790	continuous	7910	4	->		5	5	0.4790	True	0.712592	0.750	0.002275	
2025-09-08 16:22:17.791	continuous	7911	4	->		5	5	0.4814	True	0.700648	0.750	0.002274	
2025-09-08 16:22:17.791	continuous	7912	3	->		4	5	0.4822	True	1.068871	0.750	0.002274	
2025-09-08 16:22:17.791	continuous	7913	4	->		5	5	0.4805	True	0.699614	0.750	0.002274	
2025-09-08 16:22:17.791	continuous	7914	4	->	5	6	5	0.4732	True	1.240336	0.750	0.002274	
2025-09-08 16:22:17.791	continuous	7915	2	->		3	4	0.5248	True	3.006906	0.750	0.002273	
2025-09-08 16:22:17.791	continuous	7916	5	->		6	5	0.4664	True	1.289939	0.750	0.002273	
2025-09-08 16:22:17.792	continuous	7917	4	->		5	5	0.4780	True	0.715572	0.750	0.002273	
2025-09-08 16:22:17.792	continuous	7918	4	->	5	6	5	0.4710	True	1.211255	0.750	0.002273	
2025-09-08 16:22:17.792	continuous	7919	3	->	4	5	5	0.4801	True	0.782497	0.750	0.002273	
2025-09-08 16:22:17.792	continuous	7920	4	->		5	5	0.4823	True	0.700923	0.750	0.002272	
2025-09-08 16:22:17.792	continuous	7921	2	->	3	4	4	0.5663	True	0.534688	0.750	0.002272	
2025-09-08 16:22:17.792	continuous	7922	5	->		6	5	0.4693	True	1.285308	0.750	0.002272	
2025-09-08 16:22:17.793	continuous	7923	4	->		5	5	0.4811	True	0.708698	0.750	0.002272	
2025-09-08 16:22:17.793	continuous	7924	3	->		4	5	0.4796	True	1.080898	0.750	0.002271	
2025-09-08 16:22:17.793	continuous	7925	5	->		6	5	0.4673	True	1.278313	0.750	0.002271	
2025-09-08 16:22:17.793	continuous	7926	3	->		4	5	0.4791	True	1.043225	0.750	0.002271	
2025-09-08 16:22:17.793	continuous	7927	2	->	3	4	4	0.5869	True	0.466597	0.750	0.002271	
2025-09-08 16:22:17.794	continuous	7928	2	->	3	4	4	0.5939	True	0.447382	0.750	0.002270	
2025-09-08 16:22:17.794	continuous	7929	4	->		5	5	0.4719	True	0.742811	0.750	0.002270	
2025-09-08 16:22:17.794	continuous	7930	3	->	4	5	5	0.4760	True	0.814856	0.750	0.002270	
2025-09-08 16:22:17.795	continuous	7931	3	->		4	4	0.4838	True	0.979223	0.750	0.002270	
2025-09-08 16:22:17.795	continuous	7932	5	->		6	5	0.4620	True	1.296578	0.750	0.002270	
2025-09-08 16:22:17.795	continuous	7933	4	->	5	6	5	0.4645	True	1.198209	0.750	0.002269	
2025-09-08 16:22:17.796	continuous	7934	4	->		5	5	0.4723	True	0.748714	0.750	0.002269	
2025-09-08 16:22:17.796	continuous	7935	4	->	5	6	5	0.4660	True	1.190930	0.750	0.002269	
2025-09-08 16:22:17.796	continuous	7936	4	->	5	6	5	0.4652	True	1.172269	0.750	0.002269	
2025-09-08 16:22:17.796	continuous	7937	2	->	3	4	4	0.5978	True	0.436376	0.750	0.002268	
2025-09-08 16:22:17.796	continuous	7938	4	->	5	6	5	0.4628	True	1.155659	0.750	0.002268	
2025-09-08 16:22:17.796	continuous	7939	3	->		4	4	0.4824	True	0.942628	0.750	0.002268	
2025-09-08 16:22:17.797	continuous	7940	3	->		4	4	0.4850	True	0.906223	0.750	0.002268	
2025-09-08 16:22:17.797	continuous	7941	3	->	4	5	5	0.4685	True	0.904365	0.750	0.002268	
2025-09-08 16:22:17.797	continuous	7942	4	->		5	5	0.4677	True	0.779577	0.750	0.002267	
2025-09-08 16:22:17.797	continuous	7943	5	->		6	5	0.4582	True	1.244764	0.750	0.002267	
2025-09-08 16:22:17.797	continuous	7944	2	->	3	4	4	0.6145	True	0.396762	0.750	0.002267	
2025-09-08 16:22:17.797	continuous	7945	3	->		4	4	0.4880	True	0.883570	0.750	0.002267	
2025-09-08 16:22:17.798	continuous	7946	2	->	3	4	4	0.6310	True	0.361460	0.750	0.002266	
2025-09-08 16:22:17.798	continuous	7947	5	->		6	5	0.4530	True	1.236877	0.750	0.002266	
2025-09-08 16:22:17.798	continuous	7948	4	->		5	5	0.4634	True	0.810598	0.750	0.002266	
2025-09-08 16:22:17.798	continuous	7949	3	->	4	5	5	0.4693	True	0.909250	0.750	0.002266	
2025-09-08 16:22:17.798	continuous	7950	3	->		4	4	0.4908	True	0.864632	0.750	0.002266	
2025-09-08 16:22:17.798	continuous	7951	3	->	4	5	5	0.4700	True	0.903560	0.750	0.002265	
2025-09-08 16:22:17.799	continuous	7952	4	->	5	6	5	0.4604	True	1.173874	0.750	0.002265	
2025-09-08 16:22:17.799	continuous	7953	2	->	3	4	4	0.6324	True	0.360330	0.750	0.002265	
2025-09-08 16:22:17.799	continuous	7954	3	->		4	4	0.4944	True	0.832638	0.750	0.002265	
2025-09-08 16:22:17.799	continuous	7955	4	->		5	5	0.4638	True	0.799226	0.750	0.002264	
2025-09-08 16:22:17.799	continuous	7956	3	->		4	4	0.4977	True	0.810822	0.750	0.002264	
2025-09-08 16:22:17.799	continuous	7957	2	->	3	4	4	0.6555	True	0.317252	0.750	0.002264	
2025-09-08 16:22:17.800	continuous	7958	5	->		6	5	0.4523	True	1.269162	0.750	0.002264	
2025-09-08 16:22:17.800	continuous	7959	3	->		4	4	0.5021	True	0.770637	0.750	0.002263	
2025-09-08 16:22:17.800	continuous	7960	2	->	3	4	4	0.6681	True	0.294806	0.750	0.002263	
2025-09-08 16:22:17.800	continuous	7961	4	->		5	5	0.4586	True	0.826601	0.750	0.002263	
2025-09-08 16:22:17.800	continuous	7962	4	->		5	5	0.4608	True	0.811748	0.750	0.002263	
2025-09-08 16:22:17.801	continuous	7963	4	->	5	6	5	0.4550	True	1.183937	0.750	0.002263	
2025-09-08 16:22:17.801	continuous	7964	5	->		6	5	0.4523	True	1.258450	0.750	0.002262	
2025-09-08 16:22:17.801	continuous	7965	5	->		6	5	0.4520	True	1.235256	0.750	0.002262	
2025-09-08 16:22:17.801	continuous	7966	3	->		4	4	0.5028	True	0.764396	0.750	0.002262	
2025-09-08 16:22:17.801	continuous	7967	5	->		6	5	0.4502	True	1.220196	0.750	0.002262	
2025-09-08 16:22:17.802	continuous	7968	4	->	5	6	5	0.4521	True	1.110455	0.750	0.002261	
2025-09-08 16:22:17.802	continuous	7969	2	->	3	4	4	0.6667	True	0.296545	0.750	0.002261	
2025-09-08 16:22:17.802	continuous	7970	3	->	4	5	5	0.4666	True	1.015893	0.750	0.002261	
2025-09-08 16:22:17.802	continuous	7971	3	->	4	5	5	0.4679	True	0.988554	0.750	0.002261	
2025-09-08 16:22:17.802	continuous	7972	2	->		3	4	0.5780	True	3.257854	0.750	0.002261	
2025-09-08 16:22:17.803	continuous	7973	5	->		6	5	0.4511	True	1.204427	0.750	0.002260	
2025-09-08 16:22:17.803	continuous	7974	4	->		5	5	0.4617	True	0.839450	0.750	0.002260	
2025-09-08 16:22:17.803	continuous	7975	1	->	2	3	4	0.5008	True	2.957078	0.750	0.002260	
2025-09-08 16:22:17.803	continuous	7976	3	->	4	5	5	0.4647	True	0.954503	0.750	0.002260	
2025-09-08 16:22:17.803	continuous	7977	3	->	4	5	5	0.4666	True	0.929832	0.750	0.002259	
2025-09-08 16:22:17.803	continuous	7978	4	->	5	6	5	0.4592	True	1.138861	0.750	0.002259	
2025-09-08 16:22:17.804	continuous	7979	5	->		6	5	0.4542	True	1.199381	0.750	0.002259	
2025-09-08 16:22:17.804	continuous	7980	4	->	5	6	5	0.4588	True	1.102101	0.750	0.002259	
2025-09-08 16:22:17.804	continuous	7981	4	->	5	6	5	0.4587	True	1.085061	0.750	0.002258	
2025-09-08 16:22:17.805	continuous	7982	3	->		4	4	0.4866	True	0.866804	0.750	0.002258	
2025-09-08 16:22:17.805	continuous	7983	5	->		6	5	0.4516	True	1.148034	0.750	0.002258	
2025-09-08 16:22:17.805	continuous	7984	4	->	5	6	5	0.4564	True	1.054083	0.750	0.002258	
2025-09-08 16:22:17.805	continuous	7985	3	->	4	5	5	0.4651	True	0.997061	0.750	0.002258	
2025-09-08 16:22:17.805	continuous	7986	3	->	4	5	5	0.4667	True	0.971455	0.750	0.002257	
2025-09-08 16:22:17.805	continuous	7987	5	->		6	5	0.4558	True	1.134252	0.750	0.002257	
2025-09-08 16:22:17.806	continuous	7988	2	->	3	4	4	0.6235	True	0.374080	0.750	0.002257	
2025-09-08 16:22:17.806	continuous	7989	4	->		5	5	0.4664	True	0.850735	0.750	0.002257	
2025-09-08 16:22:17.806	continuous	7990	2	->	3	4	4	0.6280	True	0.365312	0.750	0.002256	
2025-09-08 16:22:17.806	continuous	7991	4	->		5	5	0.4666	True	0.840594	0.750	0.002256	
2025-09-08 16:22:17.806	continuous	7992	3	->	4	5	5	0.4692	True	0.940932	0.750	0.002256	
2025-09-08 16:22:17.806	continuous	7993	5	->		6	5	0.4587	True	1.159002	0.750	0.002256	
2025-09-08 16:22:17.807	continuous	7994	4	->	5	6	5	0.4646	True	1.067504	0.750	0.002256	
2025-09-08 16:22:17.807	continuous	7995	3	->	4	5	5	0.4705	True	0.942451	0.750	0.002255	
2025-09-08 16:22:17.807	continuous	7996	3	->	4	5	5	0.4724	True	0.918571	0.750	0.002255	
2025-09-08 16:22:17.807	continuous	7997	4	->	5	6	5	0.4692	True	1.076723	0.750	0.002255	
2025-09-08 16:22:17.807	continuous	7998	3	->	4	5	5	0.4740	True	0.908432	0.750	0.002255	
2025-09-08 16:22:17.807	continuous	7999	4	->	5	6	5	0.4714	True	1.072809	0.750	0.002254	
2025-09-08 16:22:17.808	continuous	8000	3	->		4	4	0.4838	True	0.946704	0.750	0.002254	
2025-09-08 16:22:17.808	continuous	8001	3	->	4	5	5	0.4737	True	0.915104	0.750	0.002254	
2025-09-08 16:22:17.808	continuous	8002	2	->		3	4	0.5417	True	3.138062	0.750	0.002254	
2025-09-08 16:22:17.808	continuous	8003	3	->	4	5	5	0.4734	True	0.891925	0.750	0.002254	
2025-09-08 16:22:17.808	continuous	8004	3	->	4	5	5	0.4756	True	0.869840	0.750	0.002253	
2025-09-08 16:22:17.809	continuous	8005	3	->	4	5	5	0.4780	True	0.848445	0.750	0.002253	
2025-09-08 16:22:17.809	continuous	8006	1	->	2	3	5	0.4924	True	2.911718	0.750	0.002253	
2025-09-08 16:22:17.809	continuous	8007	4	->	5	6	5	0.4732	True	1.114118	0.750	0.002253	
2025-09-08 16:22:17.809	continuous	8008	3	->	4	5	5	0.4766	True	0.847208	0.750	0.002252	
2025-09-08 16:22:17.809	continuous	8009	5	->		6	5	0.4679	True	1.176769	0.750	0.002252	
2025-09-08 16:22:17.809	continuous	8010	3	->	4	5	5	0.4785	True	0.840057	0.750	0.002252	
2025-09-08 16:22:17.810	continuous	8011	4	->	5	6	5	0.4774	True	1.103230	0.750	0.002252	
2025-09-08 16:22:17.810	continuous	8012	3	->	4	5	5	0.4803	True	0.832928	0.750	0.002252	
2025-09-08 16:22:17.810	continuous	8013	3	->		4	4	0.4779	True	1.056547	0.750	0.002251	
2025-09-08 16:22:17.810	continuous	8014	4	->		5	5	0.4828	True	0.752134	0.750	0.002251	
2025-09-08 16:22:17.811	continuous	8015	2	->	3	4	4	0.5909	True	0.454209	0.750	0.002251	
2025-09-08 16:22:17.811	continuous	8016	2	->	3	4	4	0.5984	True	0.434529	0.750	0.002251	
2025-09-08 16:22:17.811	continuous	8017	4	->		5	5	0.4808	True	0.751230	0.750	0.002250	
2025-09-08 16:22:17.812	continuous	8018	2	->	3	4	4	0.6040	True	0.422097	0.750	0.002250	
2025-09-08 16:22:17.812	continuous	8019	3	->		4	4	0.4840	True	0.954974	0.750	0.002250	
2025-09-08 16:22:17.812	continuous	8020	4	->		5	5	0.4779	True	0.753837	0.750	0.002250	
2025-09-08 16:22:17.813	continuous	8021	5	->		6	5	0.4663	True	1.221884	0.750	0.002249	
2025-09-08 16:22:17.813	continuous	8022	2	->		3	4	0.5410	True	3.058277	0.750	0.002249	
2025-09-08 16:22:17.813	continuous	8023	3	->		4	4	0.4813	True	0.950428	0.750	0.002249	
2025-09-08 16:22:17.813	continuous	8024	5	->		6	5	0.4609	True	1.204990	0.750	0.002249	
2025-09-08 16:22:17.813	continuous	8025	5	->		6	5	0.4606	True	1.182733	0.750	0.002249	
2025-09-08 16:22:17.813	continuous	8026	3	->	4	5	5	0.4716	True	0.886063	0.750	0.002248	
2025-09-08 16:22:17.814	continuous	8027	4	->	5	6	5	0.4707	True	1.101246	0.750	0.002248	
2025-09-08 16:22:17.814	continuous	8028	4	->	5	6	5	0.4703	True	1.083807	0.750	0.002248	
2025-09-08 16:22:17.814	continuous	8029	5	->		6	5	0.4621	True	1.136070	0.750	0.002248	
2025-09-08 16:22:17.814	continuous	8030	4	->	5	6	5	0.4701	True	1.048294	0.750	0.002247	
2025-09-08 16:22:17.814	continuous	8031	3	->	4	5	5	0.4723	True	0.916157	0.750	0.002247	
2025-09-08 16:22:17.815	continuous	8032	4	->	5	6	5	0.4724	True	1.044943	0.750	0.002247	
2025-09-08 16:22:17.815	continuous	8033	4	->	5	6	5	0.4723	True	1.028429	0.750	0.002247	
2025-09-08 16:22:17.815	continuous	8034	4	->	5	6	5	0.4724	True	1.012209	0.750	0.002247	
2025-09-08 16:22:17.815	continuous	8035	4	->	5	6	5	0.4725	True	0.996277	0.750	0.002246	
2025-09-08 16:22:17.815	continuous	8036	5	->		6	5	0.4643	True	1.040238	0.750	0.002246	
2025-09-08 16:22:17.815	continuous	8037	4	->	5	6	5	0.4734	True	0.963860	0.750	0.002246	
2025-09-08 16:22:17.816	continuous	8038	5	->		6	5	0.4653	True	1.004762	0.750	0.002246	
2025-09-08 16:22:17.816	continuous	8039	3	->	4	5	5	0.4750	True	0.987394	0.750	0.002245	
2025-09-08 16:22:17.816	continuous	8040	3	->	4	5	5	0.4765	True	0.962727	0.750	0.002245	
2025-09-08 16:22:17.816	continuous	8041	3	->		4	4	0.4758	True	1.037974	0.750	0.002245	
2025-09-08 16:22:17.816	continuous	8042	5	->		6	5	0.4663	True	1.022110	0.750	0.002245	
